# Blender 3.4.1
# www.blender.org
mtllib Crate_2x.mtl
o Crate_02_GEO
v -0.111744 -0.000000 0.207118
v -0.111744 0.006111 0.213229
v -0.116660 0.006111 0.207118
v -0.111744 0.026759 0.213229
v -0.111744 0.032870 0.207118
v -0.116660 0.026759 0.207118
v -0.111744 0.018386 -0.405575
v -0.116660 0.024497 -0.405575
v -0.111744 0.024497 -0.411686
v -0.111744 0.051256 -0.405575
v -0.111744 0.045145 -0.411686
v -0.116660 0.045145 -0.405575
v 0.101238 -0.000000 0.207118
v 0.106154 0.006111 0.207118
v 0.101238 0.006111 0.213229
v 0.101238 0.032870 0.207118
v 0.101238 0.026759 0.213229
v 0.106154 0.026759 0.207118
v 0.101238 0.000000 -0.405575
v 0.101238 0.006111 -0.411686
v 0.106154 0.006111 -0.405575
v 0.101238 0.032870 -0.405575
v 0.106154 0.026759 -0.405575
v 0.101238 0.026759 -0.411686
v 0.086632 0.015673 -0.250156
v -0.111744 0.000000 -0.221464
v 0.091549 0.042432 -0.250156
v 0.091549 0.021784 -0.250156
v -0.111744 0.032870 -0.221464
v 0.086632 0.048543 -0.250156
v -0.116660 0.026759 -0.221464
v -0.116660 0.006111 -0.221464
v 0.082875 0.000000 -0.192772
v 0.087792 0.026759 -0.192772
v 0.087792 0.006111 -0.192772
v 0.082875 0.032870 -0.192772
v -0.092057 0.018386 -0.405575
v -0.092057 -0.000000 0.207118
v -0.092057 0.026759 0.213229
v -0.092057 0.006111 0.213229
v -0.092057 0.051256 -0.405575
v -0.092057 0.032870 0.207118
v -0.092057 0.045145 -0.411686
v -0.092057 0.024497 -0.411686
v -0.092057 0.032870 -0.221464
v -0.092057 0.000000 -0.221464
v -0.658806 0.000301 0.226770
v -0.658834 0.006412 0.232880
v -0.664916 0.006412 0.226724
v -0.682610 0.096070 0.232880
v -0.682581 0.102181 0.226770
v -0.688692 0.096109 0.226724
v -0.658703 0.000301 0.204881
v -0.664813 0.006412 0.204836
v -0.658674 0.006412 0.198771
v -0.682478 0.102181 0.204881
v -0.682450 0.096070 0.198771
v -0.688589 0.096109 0.204836
v 0.461357 0.044428 0.235332
v 0.467468 0.050539 0.235377
v 0.461328 0.050539 0.241442
v 0.421913 0.139046 0.235332
v 0.421884 0.132935 0.241442
v 0.428023 0.132897 0.235377
v 0.461460 0.044428 0.213443
v 0.461489 0.050539 0.207332
v 0.467571 0.050539 0.213489
v 0.422016 0.139046 0.213443
v 0.428126 0.132897 0.213489
v 0.422045 0.132935 0.207332
v 0.419442 0.332855 0.205669
v 0.425552 0.338967 0.205768
v 0.419266 0.339079 0.211777
v 0.425552 0.404764 0.205768
v 0.419442 0.410875 0.205668
v 0.419266 0.404764 0.211777
v 0.395620 0.332855 0.205281
v 0.395444 0.339079 0.211389
v 0.389510 0.338967 0.205181
v 0.395620 0.410875 0.205280
v 0.389510 0.404764 0.205181
v 0.395444 0.404764 0.211389
v 0.436769 0.321775 -0.395047
v 0.436946 0.327773 -0.401155
v 0.442880 0.327887 -0.394947
v 0.436769 0.410875 -0.395046
v 0.442880 0.404764 -0.394947
v 0.436946 0.404764 -0.401155
v 0.412948 0.321775 -0.395435
v 0.406838 0.327887 -0.395534
v 0.413124 0.327773 -0.401543
v 0.412948 0.410875 -0.395434
v 0.413124 0.404764 -0.401543
v 0.406838 0.404764 -0.395534
v 0.436080 0.000301 0.203570
v 0.442191 0.006412 0.203478
v 0.436242 0.006412 0.209679
v 0.442191 0.081935 0.203478
v 0.436080 0.088045 0.203570
v 0.436242 0.081935 0.209679
v 0.412258 0.000301 0.203933
v 0.412419 0.006412 0.210042
v 0.406148 0.006412 0.204026
v 0.412258 0.088045 0.203933
v 0.406148 0.081935 0.204026
v 0.412419 0.081935 0.210042
v 0.420132 0.000301 -0.400336
v 0.419971 0.006412 -0.406445
v 0.426242 0.006412 -0.400429
v 0.420132 0.088046 -0.400336
v 0.426242 0.081935 -0.400429
v 0.419971 0.081935 -0.406445
v 0.396309 0.000301 -0.399973
v 0.390199 0.006412 -0.399880
v 0.396148 0.006412 -0.406082
v 0.396309 0.088046 -0.399973
v 0.396148 0.081935 -0.406082
v 0.390199 0.081935 -0.399880
v -0.659205 0.213100 0.202062
v -0.659140 0.219211 0.208172
v -0.665316 0.219211 0.202097
v -0.699992 0.300097 0.202097
v -0.693817 0.300097 0.208172
v -0.693882 0.306208 0.202062
v -0.635359 0.213100 0.201925
v -0.629248 0.219211 0.201890
v -0.635294 0.219211 0.208036
v -0.670036 0.306208 0.201925
v -0.669971 0.300097 0.208036
v -0.663925 0.300097 0.201890
v -0.665700 0.144101 -0.407634
v -0.671811 0.150212 -0.407599
v -0.665765 0.150212 -0.413744
v -0.665700 0.247255 -0.407634
v -0.665765 0.241144 -0.413744
v -0.671811 0.241144 -0.407599
v -0.641854 0.144101 -0.407770
v -0.641919 0.150212 -0.413881
v -0.635743 0.150212 -0.407805
v -0.641854 0.247255 -0.407770
v -0.635743 0.241144 -0.407805
v -0.641919 0.241144 -0.413881
v -0.617394 0.032372 -0.355819
v -0.617423 0.038483 -0.349704
v -0.623534 0.038483 -0.355815
v -0.619211 0.386105 -0.361694
v -0.619241 0.392217 -0.367801
v -0.625322 0.386204 -0.367776
v -0.617394 0.032372 -0.394521
v -0.623534 0.038483 -0.394516
v -0.617423 0.038483 -0.400627
v -0.619241 0.406187 -0.394271
v -0.619211 0.400075 -0.400386
v -0.625322 0.400174 -0.394247
v -0.572581 0.032372 -0.355819
v -0.566471 0.038483 -0.355819
v -0.572581 0.038483 -0.349709
v -0.572581 0.380261 -0.368021
v -0.572581 0.374149 -0.361911
v -0.566471 0.374052 -0.368050
v -0.572581 0.032372 -0.394521
v -0.572581 0.038483 -0.400632
v -0.566471 0.038483 -0.394521
v -0.572581 0.405442 -0.394492
v -0.566471 0.399234 -0.394521
v -0.572581 0.399331 -0.400603
v 0.352727 0.032358 -0.328366
v 0.359108 0.038463 -0.328366
v 0.352991 0.038469 -0.322256
v 0.399361 0.399234 -0.343247
v 0.405478 0.399240 -0.349357
v 0.399637 0.405345 -0.349357
v 0.352727 0.032358 -0.367068
v 0.352991 0.038469 -0.373179
v 0.359108 0.038463 -0.367068
v 0.399637 0.405345 -0.388059
v 0.405478 0.399240 -0.388059
v 0.399361 0.399234 -0.394170
v 0.324912 0.032358 -0.328366
v 0.324912 0.038469 -0.322256
v 0.318801 0.038469 -0.328366
v 0.354825 0.405345 -0.349357
v 0.348714 0.399234 -0.349357
v 0.354825 0.399234 -0.343247
v 0.324912 0.032358 -0.367068
v 0.318801 0.038469 -0.367068
v 0.324912 0.038469 -0.373179
v 0.354825 0.405345 -0.388059
v 0.354825 0.399234 -0.394170
v 0.348714 0.399234 -0.388059
v -0.608181 0.032139 0.143336
v -0.614505 0.038246 0.143300
v -0.608391 0.038250 0.137189
v -0.629639 0.336103 0.149376
v -0.635371 0.335086 0.155750
v -0.630813 0.342688 0.155629
v -0.608181 0.032139 0.182038
v -0.608388 0.038249 0.188031
v -0.614502 0.038247 0.181919
v -0.629939 0.346115 0.189396
v -0.634501 0.338513 0.189518
v -0.628450 0.340762 0.195380
v -0.563369 0.032139 0.143336
v -0.563293 0.038250 0.137189
v -0.557182 0.038250 0.143300
v -0.569999 0.359183 0.153028
v -0.563057 0.354722 0.152657
v -0.569136 0.352514 0.146788
v -0.563369 0.032139 0.182038
v -0.557183 0.038250 0.181921
v -0.563295 0.038249 0.188033
v -0.569125 0.362610 0.186795
v -0.567943 0.357174 0.192791
v -0.562182 0.358149 0.186424
v 0.373777 0.038396 0.140450
v 0.373530 0.044507 0.134340
v 0.379646 0.044502 0.140450
v 0.385214 0.399234 0.150467
v 0.384977 0.405345 0.156578
v 0.391330 0.399239 0.156578
v 0.373777 0.038396 0.187896
v 0.379646 0.044502 0.187913
v 0.373530 0.044507 0.194024
v 0.384977 0.405345 0.205058
v 0.385214 0.399234 0.211153
v 0.391330 0.399239 0.205042
v 0.309336 0.038396 0.140450
v 0.303225 0.044507 0.140450
v 0.309336 0.044507 0.134340
v 0.335758 0.405345 0.156578
v 0.335758 0.399234 0.150467
v 0.329647 0.399234 0.156578
v 0.309336 0.038396 0.187896
v 0.309336 0.044507 0.194024
v 0.303225 0.044507 0.187913
v 0.335758 0.405345 0.205058
v 0.329647 0.399234 0.205042
v 0.335758 0.399234 0.211153
v 0.417524 0.300571 -0.095077
v 0.441346 0.300571 -0.094689
v 0.447456 0.356819 -0.094589
v 0.447456 0.306683 -0.094589
v 0.417524 0.362930 -0.095077
v 0.441346 0.362930 -0.094689
v 0.411414 0.356819 -0.095177
v 0.411414 0.306683 -0.095177
v 0.440109 0.311111 0.055490
v 0.446219 0.370292 0.055589
v 0.416288 0.376402 0.055102
v 0.410177 0.317223 0.055002
v 0.416288 0.311111 0.055102
v 0.446220 0.317223 0.055589
v 0.440109 0.376402 0.055490
v 0.410177 0.370292 0.055002
v 0.423937 0.014474 -0.288792
v 0.447759 0.014474 -0.289155
v 0.453869 0.096107 -0.289248
v 0.453869 0.020585 -0.289248
v 0.423937 0.102218 -0.288792
v 0.447759 0.102218 -0.289155
v 0.417826 0.096107 -0.288700
v 0.417826 0.020585 -0.288700
v 0.121244 0.019369 0.232139
v 0.121141 0.019369 0.254028
v 0.121113 0.084339 0.264082
v 0.121113 0.025480 0.260138
v 0.121244 0.090450 0.236083
v 0.121141 0.090450 0.257971
v 0.121273 0.084339 0.229972
v 0.121273 0.025480 0.226029
v -0.687712 0.178601 -0.102786
v -0.663866 0.178601 -0.102922
v -0.693823 0.184711 -0.102751
v -0.711162 0.270621 -0.102751
v -0.705051 0.276732 -0.102786
v -0.681205 0.276732 -0.102922
v -0.657756 0.184711 -0.102957
v -0.675094 0.270621 -0.102957
v 0.335758 0.213017 0.131684
v 0.392583 0.213017 0.131684
v 0.329647 0.213017 0.185758
v 0.329647 0.213017 0.137795
v 0.398699 0.213017 0.137795
v 0.398699 0.213017 0.185758
v 0.392583 0.213017 0.191869
v 0.335758 0.213017 0.191869
v -0.651407 -0.002124 0.309459
v -0.653319 0.003681 0.315569
v -0.659097 0.001881 0.309366
v -0.674356 0.069665 0.315569
v -0.676156 0.075505 0.309459
v -0.680116 0.067810 0.309366
v -0.651207 -0.002060 0.287572
v -0.658897 0.001945 0.287479
v -0.653007 0.003780 0.281461
v -0.675956 0.075569 0.287572
v -0.674044 0.069764 0.281461
v -0.679916 0.067874 0.287479
v 0.423964 0.332908 0.239600
v 0.427941 0.340547 0.239693
v 0.422052 0.338712 0.245710
v 0.395961 0.420743 0.239600
v 0.397762 0.414903 0.245711
v 0.403633 0.416793 0.239693
v 0.424164 0.332971 0.217713
v 0.422364 0.338811 0.211603
v 0.428142 0.340611 0.217806
v 0.396162 0.420806 0.217713
v 0.403834 0.416857 0.217806
v 0.398074 0.415002 0.211603
v -0.683218 0.148674 0.235798
v -0.683185 0.154785 0.241909
v -0.689329 0.154753 0.235850
v -0.683185 0.236628 0.241909
v -0.683218 0.242739 0.235798
v -0.689329 0.236603 0.235850
v -0.683337 0.148674 0.213910
v -0.689447 0.154753 0.213962
v -0.683370 0.154785 0.207799
v -0.683337 0.242739 0.213910
v -0.683370 0.236628 0.207799
v -0.689447 0.236603 0.213962
v 0.426936 0.154417 0.226303
v 0.433046 0.160560 0.226251
v 0.426969 0.160528 0.232414
v 0.426936 0.247150 0.226303
v 0.426969 0.241039 0.232414
v 0.433046 0.241063 0.226251
v 0.426817 0.154417 0.204415
v 0.426784 0.160528 0.198304
v 0.432928 0.160560 0.204363
v 0.426817 0.247150 0.204415
v 0.432928 0.241063 0.204363
v 0.426784 0.241039 0.198304
v 0.389021 0.026793 -0.349358
v -0.128260 0.151546 0.191468
v -0.128141 0.151546 0.213356
v -0.128108 0.238833 0.219467
v -0.128108 0.157656 0.219467
v -0.128260 0.244944 0.191468
v -0.128141 0.244944 0.213356
v -0.128293 0.238833 0.185357
v -0.128293 0.157656 0.185357
v -0.679560 0.112597 -0.433405
v -0.685670 0.118668 -0.433495
v -0.679494 0.118708 -0.439516
v -0.643045 0.200869 -0.439516
v -0.649221 0.200940 -0.433494
v -0.643111 0.206981 -0.433405
v -0.679759 0.112597 -0.415027
v -0.679825 0.118708 -0.408917
v -0.685869 0.118668 -0.415117
v -0.643311 0.206981 -0.415027
v -0.649420 0.200940 -0.415116
v -0.643376 0.200869 -0.408917
v 0.367180 0.004561 -0.616882
v 0.367246 0.010672 -0.622992
v 0.373290 0.010712 -0.616793
v 0.338194 0.103704 -0.616882
v 0.344304 0.097523 -0.616793
v 0.338260 0.097593 -0.622992
v 0.366981 0.004561 -0.598504
v 0.373091 0.010712 -0.598415
v 0.366914 0.010672 -0.592393
v 0.337995 0.103704 -0.598504
v 0.337928 0.097593 -0.592393
v 0.344104 0.097523 -0.598415
v 0.072580 0.022358 -0.496157
v 0.072381 0.022358 -0.477779
v 0.072647 0.028469 -0.502267
v 0.072647 0.122238 -0.502267
v 0.072580 0.128349 -0.496157
v 0.072381 0.128349 -0.477779
v 0.072315 0.028469 -0.471668
v 0.072315 0.122238 -0.471668
v -0.196066 0.016943 0.207067
v -0.191637 0.023054 0.207067
v -0.196066 0.023054 0.213178
v -0.196066 0.043702 0.213178
v -0.191637 0.043702 0.207067
v -0.196066 0.049813 0.207067
v -0.196066 0.000000 -0.405524
v -0.196066 0.006111 -0.411634
v -0.191637 0.006111 -0.405524
v -0.196066 0.032870 -0.405524
v -0.191637 0.026759 -0.405524
v -0.196066 0.026759 -0.411634
v -0.369915 -0.000000 0.174488
v -0.369915 0.006111 0.180598
v -0.374344 0.006111 0.174488
v -0.369915 0.032870 0.174488
v -0.374344 0.026759 0.174488
v -0.369915 0.026759 0.180598
v -0.369915 0.007554 -0.405524
v -0.374344 0.013665 -0.405524
v -0.369915 0.013665 -0.411634
v -0.369915 0.040424 -0.405524
v -0.369915 0.034314 -0.411634
v -0.374344 0.034314 -0.405524
v -0.324038 -0.000000 0.174488
v -0.304599 0.000000 -0.405524
v -0.304599 0.032870 -0.405524
v -0.304599 0.006111 -0.411634
v -0.304599 0.026759 -0.411634
v -0.218682 0.023054 0.213178
v -0.218682 0.049813 0.207067
v -0.374344 0.026759 -0.219013
v -0.369915 0.032870 -0.219013
v -0.196066 0.032870 -0.219013
v -0.191637 0.026759 -0.219013
v -0.304599 0.032870 -0.219013
v -0.196066 0.000000 -0.217939
v -0.369915 0.000000 -0.217939
v -0.374344 0.006111 -0.217939
v -0.191637 0.006111 -0.217939
v 0.185973 0.000319 0.206829
v 0.185973 0.006430 0.212940
v 0.179862 0.006430 0.206829
v 0.185973 0.026440 0.212940
v 0.185973 0.032551 0.206829
v 0.179862 0.026440 0.206829
v 0.248154 0.000319 -0.364273
v 0.242043 0.006430 -0.364273
v 0.248154 0.006430 -0.370384
v 0.248154 0.032551 -0.364273
v 0.248154 0.026440 -0.370384
v 0.242043 0.026440 -0.364273
v 0.383784 0.000319 0.206829
v 0.389895 0.006430 0.206829
v 0.383784 0.006430 0.212940
v 0.383784 0.032551 0.206829
v 0.383784 0.026440 0.212940
v 0.389895 0.026440 0.206829
v 0.383784 0.000319 -0.405286
v 0.383784 0.006430 -0.411397
v 0.389895 0.006430 -0.405286
v 0.383784 0.032551 -0.405286
v 0.389895 0.026440 -0.405286
v 0.383784 0.026440 -0.411397
v 0.358647 0.031432 -0.099228
v 0.217064 0.000319 -0.078722
v 0.364758 0.057552 -0.099228
v 0.364758 0.037542 -0.099228
v 0.217064 0.032551 -0.078722
v 0.358647 0.063663 -0.099228
v 0.210953 0.026440 -0.078722
v 0.210953 0.006430 -0.078722
v -0.536558 0.000319 0.193666
v -0.530447 0.006430 0.193666
v -0.536558 0.006430 0.199777
v -0.536558 0.026440 0.199777
v -0.530447 0.026440 0.193666
v -0.536558 0.032551 0.193666
v -0.459383 0.000319 -0.405286
v -0.459383 0.006430 -0.411397
v -0.453273 0.006430 -0.405286
v -0.459383 0.032551 -0.405286
v -0.453273 0.026440 -0.405286
v -0.459383 0.026440 -0.411397
v -0.619011 0.000319 0.193666
v -0.619011 0.006430 0.199777
v -0.625122 0.006430 0.193666
v -0.619011 0.032551 0.193666
v -0.625122 0.026440 0.193666
v -0.619011 0.026440 0.199777
v -0.619011 0.000319 -0.405286
v -0.625122 0.006430 -0.405286
v -0.619011 0.006430 -0.411397
v -0.619011 0.032551 -0.405286
v -0.619011 0.026440 -0.411397
v -0.625122 0.026440 -0.405286
v -0.490968 0.000319 -0.301244
v -0.619011 0.000319 -0.171149
v -0.625122 0.006430 -0.171149
v -0.625122 0.026440 -0.171149
v -0.619011 0.032551 -0.171149
v -0.490968 0.032551 -0.301244
v -0.484858 0.006430 -0.301244
v -0.484858 0.026440 -0.301244
v 0.465327 0.319040 -0.425142
v 0.463780 0.324951 -0.431252
v 0.469692 0.326498 -0.425142
v 0.442749 0.405348 -0.425142
v 0.450207 0.400982 -0.425142
v 0.444296 0.399436 -0.431252
v 0.465327 0.319039 -0.406762
v 0.469692 0.326498 -0.406762
v 0.463780 0.324951 -0.400651
v 0.442749 0.405348 -0.406762
v 0.444296 0.399436 -0.400651
v 0.450207 0.400982 -0.406762
v -0.002854 0.197532 -0.439816
v -0.002854 0.197532 -0.421436
v -0.000708 0.203444 -0.445927
v 0.039526 0.277929 -0.445927
v 0.043210 0.283841 -0.439816
v 0.043210 0.283841 -0.421436
v -0.000708 0.203444 -0.415326
v 0.039526 0.277929 -0.415326
v -0.664576 0.265746 -0.425142
v -0.668868 0.273247 -0.425142
v -0.662971 0.271642 -0.431252
v -0.642754 0.345931 -0.431252
v -0.648651 0.347536 -0.425142
v -0.641150 0.351828 -0.425142
v -0.664576 0.265746 -0.406762
v -0.662971 0.271642 -0.400651
v -0.668868 0.273247 -0.406762
v -0.641150 0.351828 -0.406762
v -0.648651 0.347536 -0.406762
v -0.642754 0.345931 -0.400651
v -0.042470 0.097174 -0.442368
v -0.042470 0.097174 -0.423988
v -0.043536 0.103071 -0.448479
v -0.061906 0.177360 -0.448479
v -0.064041 0.183256 -0.442368
v -0.064041 0.183256 -0.423988
v -0.043536 0.103071 -0.417878
v -0.061906 0.177360 -0.417878
v -0.655270 0.000301 -0.421516
v -0.661380 0.006412 -0.421476
v -0.655297 0.006412 -0.427627
v -0.661073 0.095891 -0.427627
v -0.667157 0.095930 -0.421476
v -0.661046 0.102002 -0.421516
v -0.655188 0.000301 -0.403137
v -0.655161 0.006412 -0.397026
v -0.661299 0.006412 -0.403097
v -0.660964 0.102002 -0.403137
v -0.667075 0.095930 -0.403097
v -0.660937 0.095891 -0.397026
v 0.447625 0.000301 -0.428767
v 0.447598 0.006412 -0.434877
v 0.453735 0.006412 -0.428807
v 0.422878 0.094920 -0.428767
v 0.428989 0.088770 -0.428807
v 0.422851 0.088809 -0.434877
v 0.447706 0.000301 -0.410387
v 0.453817 0.006412 -0.410427
v 0.447733 0.006412 -0.404277
v 0.422960 0.094920 -0.410387
v 0.422987 0.088809 -0.404277
v 0.429071 0.088770 -0.410427
v 0.278105 0.000301 -0.458867
v 0.278187 0.000301 -0.440487
v 0.278078 0.006412 -0.464977
v 0.256247 0.089898 -0.464977
v 0.256275 0.096008 -0.458867
v 0.256356 0.096008 -0.440487
v 0.278214 0.006412 -0.434377
v 0.256383 0.089898 -0.434377
v 0.437019 0.154920 -0.403797
v 0.437200 0.161031 -0.409906
v 0.443130 0.161031 -0.403691
v 0.437019 0.236437 -0.403797
v 0.443130 0.230326 -0.403691
v 0.437200 0.230326 -0.409906
v 0.413199 0.154920 -0.404211
v 0.407089 0.161031 -0.404318
v 0.413379 0.161031 -0.410320
v 0.413199 0.236437 -0.404211
v 0.413379 0.230326 -0.410320
v 0.407089 0.230326 -0.404318
v 0.429883 0.097719 0.061315
v 0.429883 0.167014 0.061315
v 0.459814 0.173125 0.061835
v 0.435993 0.173125 0.061421
v 0.465924 0.097719 0.061941
v 0.465924 0.167014 0.061941
v 0.459814 0.091609 0.061835
v 0.435993 0.091609 0.061421
v -0.813659 0.000964 0.197165
v -0.817264 0.005902 0.203273
v -0.822150 0.002571 0.197077
v -0.867272 0.068768 0.197077
v -0.862373 0.072079 0.203273
v -0.865664 0.077259 0.197165
v -0.791966 0.015750 0.197547
v -0.790359 0.024241 0.197636
v -0.795570 0.020689 0.203655
v -0.843971 0.092045 0.197547
v -0.840679 0.086867 0.203655
v -0.835480 0.090438 0.197636
v -0.654046 0.000301 -0.399770
v -0.660157 0.006412 -0.399860
v -0.653850 0.006412 -0.405879
v -0.654046 0.094858 -0.399770
v -0.653850 0.088770 -0.405879
v -0.660157 0.088747 -0.399860
v -0.627794 0.000301 -0.399388
v -0.627596 0.006412 -0.405497
v -0.621682 0.006412 -0.399300
v -0.627794 0.094858 -0.399388
v -0.621682 0.088747 -0.399300
v -0.627596 0.088770 -0.405497
v -0.727033 0.000301 -0.242092
v -0.700780 0.000301 -0.241710
v -0.733144 0.006412 -0.242182
v -0.733144 0.088160 -0.242182
v -0.727033 0.094271 -0.242092
v -0.700780 0.094271 -0.241710
v -0.694669 0.006412 -0.241622
v -0.694669 0.088160 -0.241622
v -0.324038 0.032870 0.174488
v -0.324038 0.006111 0.180598
v -0.324038 0.026759 0.180598
v -0.218682 0.016943 0.207067
v -0.218682 0.043702 0.213178
v -0.304599 0.000000 -0.217939
vn 0.0801 -0.9959 -0.0422
vn 0.3849 -0.7238 -0.5727
vn 0.3921 -0.8602 0.3261
vn -0.0000 -0.9239 0.3827
vn 0.7114 -0.2533 -0.6555
vn 0.7114 0.2533 -0.6555
vn 0.9102 0.3030 0.2822
vn 0.9102 -0.3030 0.2822
vn -0.0000 -0.3827 0.9239
vn -0.0000 0.3827 0.9239
vn -0.3849 0.3355 0.8598
vn -0.3849 -0.3355 0.8598
vn 0.0884 0.9952 0.0425
vn -0.4371 0.8983 0.0452
vn -0.3849 0.8598 0.3355
vn -0.0000 0.9239 0.3827
vn -0.9397 -0.3415 -0.0174
vn -0.9463 0.3228 0.0157
vn -0.9050 0.3147 -0.2862
vn -0.9026 -0.2907 -0.3175
vn -0.0173 -0.3726 -0.9278
vn 0.0190 0.3923 -0.9197
vn 0.4005 0.3212 -0.8582
vn 0.3675 -0.3496 -0.8618
vn -0.3849 -0.8598 0.3355
vn -0.9037 -0.3028 0.3028
vn -0.9037 0.3028 0.3028
vn -0.3851 -0.8423 -0.3772
vn -0.3849 -0.3355 -0.8598
vn -0.3841 0.8754 -0.2936
vn -0.3849 0.3355 -0.8598
vn 0.3849 -0.3355 0.8598
vn 0.3921 0.8602 0.3261
vn 0.3849 0.3355 0.8598
vn 0.3783 -0.8749 -0.3023
vn 0.9171 -0.3146 -0.2450
vn 0.4212 0.8446 -0.3305
vn 0.9162 0.2914 -0.2751
vn -0.4264 -0.9034 -0.0446
vn -0.0207 -0.9111 -0.4116
vn 0.0200 0.9352 -0.3536
vn 0.3727 -0.7049 0.6035
vn 0.6914 -0.2328 0.6839
vn 0.3849 0.7238 -0.5727
vn 0.3854 0.7122 0.5867
vn 0.7028 0.2691 0.6586
vn 0.0421 -0.9277 -0.3709
vn 0.3637 -0.8639 -0.3483
vn 0.3820 -0.8617 0.3339
vn 0.0484 -0.9197 0.3896
vn 0.0298 -0.3930 0.9191
vn -0.0099 0.3498 0.9368
vn -0.3932 0.2825 0.8750
vn -0.3177 -0.3942 0.8624
vn 0.9311 -0.1474 -0.3336
vn 0.7821 0.5312 -0.3258
vn 0.7786 0.5304 0.3353
vn 0.9275 -0.1482 0.3432
vn -0.0759 0.9229 -0.3775
vn -0.3261 0.8789 -0.3481
vn -0.3417 0.8779 0.3355
vn -0.0594 0.9138 0.4017
vn -0.8272 -0.4526 0.3330
vn -0.9130 0.2309 0.3362
vn -0.9093 0.2315 -0.3458
vn -0.8235 -0.4523 -0.3426
vn 0.0083 -0.3818 -0.9242
vn -0.0414 0.3786 -0.9247
vn 0.2123 0.4290 -0.8780
vn 0.3954 -0.2243 -0.8907
vn -0.3744 -0.9273 0.0008
vn -0.3409 -0.8648 -0.3687
vn 0.3426 -0.8646 -0.3676
vn 0.3792 -0.9253 -0.0013
vn 0.9181 -0.3820 0.1060
vn 0.9316 0.3633 0.0135
vn 0.8539 0.3738 0.3621
vn 0.8420 -0.3190 0.4351
vn -0.3249 -0.3457 -0.8803
vn -0.3242 0.3412 -0.8823
vn 0.3588 0.3420 -0.8685
vn 0.3594 -0.3465 -0.8665
vn -0.3671 0.9136 -0.1749
vn -0.3589 0.9075 0.2183
vn 0.3221 0.9081 0.2676
vn 0.4025 0.9083 -0.1141
vn 0.3236 -0.3367 0.8842
vn 0.3242 0.3412 0.8823
vn -0.3588 0.3420 0.8685
vn -0.3583 -0.3375 0.8705
vn -0.9173 -0.3981 0.0029
vn -0.9340 0.3570 0.0154
vn -0.8768 0.3634 -0.3148
vn -0.8742 -0.3306 -0.3556
vn -0.3576 -0.9300 0.0853
vn -0.3744 -0.8961 -0.2385
vn 0.3060 -0.8945 -0.3259
vn 0.4168 -0.9090 -0.0060
vn 0.9304 -0.3561 -0.0866
vn 0.9158 0.3848 -0.1154
vn 0.8747 0.3375 0.3479
vn 0.8755 -0.3459 0.3375
vn -0.3576 -0.3420 -0.8690
vn -0.3576 0.3420 -0.8690
vn 0.3255 0.3412 -0.8818
vn 0.3255 -0.3412 -0.8818
vn -0.3488 0.9371 -0.0108
vn -0.3422 0.8709 0.3527
vn 0.3407 0.8706 0.3550
vn 0.3992 0.9127 -0.0873
vn 0.3576 -0.3420 0.8690
vn 0.3576 0.3420 0.8690
vn -0.3255 0.3412 0.8818
vn -0.3255 -0.3412 0.8818
vn -0.9185 -0.3757 0.1230
vn -0.9084 0.4105 0.0800
vn -0.9134 0.3254 -0.2447
vn -0.9111 -0.3568 -0.2063
vn 0.3645 -0.9255 0.1024
vn -0.3974 -0.9115 0.1057
vn -0.3326 -0.8930 -0.3032
vn 0.3507 -0.8931 -0.2818
vn -0.8850 -0.4636 0.0436
vn -0.7865 -0.4749 0.3948
vn -0.9117 0.2160 0.3495
vn -0.9591 0.2782 -0.0526
vn 0.3354 -0.3414 -0.8780
vn -0.3478 -0.3417 -0.8731
vn -0.3478 0.3417 -0.8731
vn 0.3354 0.3414 -0.8780
vn 0.3647 0.9281 -0.0749
vn -0.3977 0.9114 -0.1057
vn -0.3359 0.8903 0.3074
vn 0.3474 0.8910 0.2925
vn -0.2763 -0.3979 0.8748
vn 0.4031 -0.2504 0.8802
vn 0.2882 0.4008 0.8697
vn -0.3905 0.2524 0.8853
vn 0.9532 -0.2994 0.0423
vn 0.8968 -0.3320 -0.2924
vn 0.8803 0.3564 -0.3133
vn 0.8754 0.4830 -0.0210
vn -0.3404 -0.8760 -0.3416
vn 0.3416 -0.8756 -0.3416
vn 0.3416 -0.8756 0.3415
vn -0.3404 -0.8762 0.3413
vn 0.3440 -0.3261 0.8805
vn 0.3843 0.3222 0.8652
vn -0.2872 0.3884 0.8756
vn -0.3388 -0.3280 0.8818
vn 0.8754 -0.3416 -0.3419
vn 0.8932 0.4293 -0.1342
vn 0.8750 0.2331 0.4243
vn 0.8762 -0.3350 0.3464
vn 0.3309 -0.8802 -0.3403
vn 0.3309 -0.8802 0.3403
vn -0.3416 -0.8756 0.3416
vn -0.3416 -0.8756 -0.3416
vn 0.3675 0.9286 -0.0513
vn -0.3080 0.9473 -0.0878
vn -0.2574 0.7641 0.5915
vn 0.3819 0.6817 0.6240
vn -0.8748 -0.3386 0.3465
vn -0.8716 0.2764 0.4049
vn -0.8840 0.4085 -0.2272
vn -0.8745 -0.3445 -0.3415
vn -0.3421 -0.3424 -0.8751
vn -0.3403 0.3422 -0.8758
vn 0.3433 0.3402 -0.8755
vn 0.3406 -0.3415 -0.8760
vn -0.3531 -0.3017 0.8856
vn 0.3252 -0.3397 0.8825
vn 0.3578 0.3389 0.8701
vn -0.3290 0.3809 0.8641
vn -0.8883 -0.3155 -0.3337
vn -0.8890 -0.2958 0.3497
vn -0.8599 0.3874 0.3323
vn -0.8624 0.3661 -0.3496
vn -0.3338 -0.8771 0.3452
vn -0.3330 -0.8799 -0.3391
vn 0.3384 -0.8775 -0.3397
vn 0.3392 -0.8748 0.3458
vn -0.3416 0.8756 -0.3416
vn -0.3416 0.8756 0.3416
vn 0.3523 0.8707 0.3432
vn 0.3523 0.8707 -0.3432
vn 0.8506 -0.3940 0.3482
vn 0.8474 -0.4155 -0.3304
vn 0.8975 0.2674 -0.3506
vn 0.8975 0.2866 0.3352
vn 0.3236 -0.3908 -0.8617
vn -0.3534 -0.3508 -0.8672
vn -0.3301 0.3302 -0.8843
vn 0.3571 0.2903 -0.8878
vn 0.3330 -0.3267 -0.8845
vn -0.3473 -0.3413 -0.8734
vn -0.4228 0.2785 -0.8624
vn 0.2550 0.3642 -0.8957
vn 0.8821 -0.3377 0.3285
vn 0.8750 -0.3315 -0.3527
vn 0.8112 0.4372 -0.3884
vn 0.8388 0.4559 0.2976
vn 0.3511 -0.8715 0.3423
vn -0.3415 -0.8759 0.3409
vn 0.3512 -0.8712 -0.3430
vn 0.1374 0.9515 0.2752
vn 0.1099 0.9050 -0.4109
vn -0.5580 0.7405 -0.3746
vn -0.5454 0.7819 0.3020
vn -0.8658 -0.3711 -0.3357
vn -0.8581 -0.3810 0.3441
vn -0.9166 0.2015 0.3454
vn -0.9229 0.1997 -0.3291
vn -0.3219 -0.3605 0.8755
vn 0.3585 -0.3429 0.8683
vn 0.3067 0.3908 0.8679
vn -0.3818 0.2915 0.8771
vn -0.3603 0.0661 -0.9305
vn -0.3408 0.3847 -0.8578
vn 0.3361 0.3942 -0.8554
vn 0.3930 0.0235 -0.9192
vn -0.9245 0.0566 0.3770
vn -0.8772 0.3221 0.3562
vn -0.8744 0.3585 -0.3271
vn -0.9121 0.0895 -0.4000
vn -0.3417 0.8753 0.3422
vn 0.3321 0.8794 0.3411
vn 0.3320 0.8797 -0.3404
vn 0.9214 -0.0165 -0.3883
vn 0.8642 0.3836 -0.3255
vn 0.8680 0.3467 0.3554
vn 0.9301 -0.0494 0.3639
vn 0.4026 -0.0569 0.9136
vn 0.3378 0.3054 0.8903
vn -0.3418 0.2965 0.8918
vn -0.3712 -0.0144 0.9284
vn -0.3380 -0.8792 0.3359
vn -0.3239 -0.8800 -0.3474
vn -0.2810 -0.3755 -0.8832
vn -0.3568 0.2980 -0.8854
vn 0.4332 -0.2327 0.8707
vn 0.2843 0.8994 0.3320
vn 0.2774 0.4220 0.8631
vn 0.2622 0.8991 -0.3506
vn 0.3146 -0.8444 0.4336
vn -0.3637 -0.8522 0.3761
vn -0.8990 -0.3232 0.2956
vn -0.8994 0.3712 0.2306
vn 0.8766 -0.3307 -0.3495
vn 0.3413 0.8998 -0.2719
vn 0.8791 0.3645 -0.3072
vn -0.3417 0.8988 -0.2745
vn 0.3407 -0.8803 0.3300
vn -0.3427 -0.8803 0.3282
vn -0.8764 -0.3455 0.3354
vn -0.8757 0.3373 0.3454
vn 0.8296 -0.3580 -0.4284
vn 0.2995 0.8475 -0.4383
vn 0.8197 0.3186 -0.4761
vn -0.3794 0.8602 -0.3408
vn -0.3253 -0.8533 0.4075
vn 0.3557 -0.8580 0.3706
vn 0.9355 -0.1740 0.3075
vn 0.8160 0.5026 0.2854
vn -0.8561 -0.3818 -0.3484
vn -0.3228 0.8560 -0.4038
vn -0.8643 0.2996 -0.4041
vn 0.3589 0.8617 -0.3587
vn 0.3234 -0.3649 -0.8731
vn 0.8581 -0.3850 -0.3398
vn 0.8587 -0.3798 0.3441
vn 0.3236 -0.3529 0.8779
vn -0.8989 -0.2770 -0.3395
vn -0.3637 -0.3181 -0.8755
vn -0.3634 -0.3068 0.8797
vn -0.8988 -0.2725 0.3433
vn -0.3674 -0.9271 0.0742
vn -0.9180 -0.3960 -0.0226
vn -0.3915 0.9195 0.0342
vn 0.9182 -0.3960 -0.0030
vn 0.3957 0.9179 0.0306
vn 0.9347 0.3555 0.0080
vn 0.3877 -0.9133 0.1244
vn -0.9204 0.3699 -0.1264
vn 0.4481 -0.2161 0.8675
vn 0.2413 0.4355 0.8672
vn -0.4096 0.2277 0.8834
vn -0.2032 -0.4226 0.8833
vn 0.9414 -0.0599 -0.3320
vn 0.7336 0.5930 -0.3319
vn 0.7261 0.5910 0.3514
vn 0.9341 -0.0626 0.3515
vn 0.0483 0.9359 -0.3489
vn -0.6010 0.7260 -0.3343
vn -0.5841 0.7329 0.3487
vn 0.0660 0.9401 0.3345
vn -0.7353 -0.5911 0.3316
vn -0.9416 0.0574 0.3317
vn -0.9344 0.0601 -0.3512
vn -0.7278 -0.5891 -0.3511
vn -0.2438 -0.4352 -0.8667
vn -0.4500 0.2144 -0.8669
vn 0.2008 0.4228 -0.8837
vn 0.4078 -0.2292 -0.8839
vn -0.0546 -0.9357 0.3486
vn -0.0725 -0.9397 -0.3342
vn 0.5959 -0.7300 0.3346
vn 0.5791 -0.7368 -0.3490
vn 0.0014 -0.9211 -0.3893
vn 0.3479 -0.8741 -0.3390
vn 0.3417 -0.8746 0.3438
vn 0.0080 -0.9266 0.3760
vn 0.0099 -0.3854 0.9227
vn 0.0063 0.3855 0.9227
vn -0.3220 0.3414 0.8830
vn -0.3199 -0.3423 0.8835
vn 0.8739 -0.3404 -0.3469
vn 0.8729 0.3426 -0.3472
vn 0.8773 0.3424 0.3362
vn 0.8783 -0.3402 0.3359
vn -0.0070 0.9211 -0.3892
vn -0.3522 0.8741 -0.3346
vn -0.3357 0.8753 0.3482
vn -0.0005 0.9266 0.3760
vn -0.8728 -0.3429 0.3472
vn -0.8738 0.3407 0.3470
vn -0.8782 0.3405 -0.3360
vn -0.8772 -0.3427 -0.3363
vn -0.0060 -0.3800 -0.9250
vn -0.0094 0.3800 -0.9250
vn 0.3476 0.3420 -0.8731
vn 0.3498 -0.3410 -0.8726
vn -0.3299 -0.8774 0.3484
vn -0.3464 -0.8762 -0.3350
vn -0.3607 -0.3419 -0.8678
vn -0.3629 0.3409 -0.8672
vn 0.3358 -0.3411 0.8780
vn 0.3360 0.8768 0.3441
vn 0.3337 0.3420 0.8785
vn 0.3421 0.8763 -0.3393
vn 0.0264 -0.9118 0.4097
vn -0.1606 -0.9265 -0.3404
vn 0.2361 -0.8892 -0.3918
vn 0.3692 -0.8835 0.2883
vn -0.2615 -0.4004 -0.8782
vn -0.4422 -0.2279 -0.8675
vn -0.2954 0.4187 -0.8587
vn -0.2004 0.3807 -0.9027
vn 0.9149 -0.2009 0.3502
vn 0.9229 -0.1995 -0.3293
vn 0.8161 0.4776 -0.3254
vn 0.8083 0.4763 0.3460
vn 0.2036 0.8915 0.4047
vn 0.0128 0.9377 -0.3473
vn -0.3037 0.8931 -0.3318
vn -0.2788 0.8934 0.3522
vn -0.9224 -0.1635 -0.3499
vn -0.9303 -0.1619 0.3291
vn -0.7893 0.5224 0.3225
vn -0.7818 0.5207 -0.3429
vn 0.1869 -0.3633 0.9127
vn 0.5227 -0.2679 0.8093
vn 0.5044 0.3813 0.7747
vn 0.2557 0.3637 0.8957
vn -0.4043 -0.8527 -0.3308
vn -0.3772 -0.8570 0.3510
vn -0.3919 -0.2309 0.8905
vn -0.2214 0.4117 0.8840
vn 0.2327 -0.2820 -0.9308
vn 0.2841 0.8712 -0.4003
vn 0.1075 0.3633 -0.9255
vn 0.4435 0.8517 0.2790
vn -0.0037 -0.9977 0.0682
vn 0.6150 -0.7230 0.3147
vn -0.4047 -0.8518 0.3327
vn -0.4651 -0.8852 -0.0121
vn -0.6303 -0.2971 0.7173
vn 0.4047 -0.3327 0.8518
vn 0.4047 0.3327 0.8518
vn -0.6303 0.2971 0.7173
vn 0.0133 0.9981 0.0604
vn -0.5782 0.7396 0.3445
vn 0.4043 0.8583 0.3161
vn 0.4568 0.8894 -0.0177
vn -0.0233 -0.3943 -0.9187
vn -0.4232 -0.3149 -0.8495
vn -0.3836 0.3502 -0.8545
vn 0.0208 0.3704 -0.9287
vn 0.4051 -0.8450 0.3492
vn 0.9155 -0.2794 0.2895
vn 0.9164 0.2882 0.2779
vn 0.4047 -0.8518 -0.3327
vn 0.4047 -0.3327 -0.8518
vn 0.9159 -0.2838 -0.2838
vn 0.4047 0.8518 -0.3327
vn 0.9159 0.2838 -0.2838
vn 0.4047 0.3327 -0.8518
vn -0.4047 -0.3327 0.8518
vn -0.9159 -0.2838 0.2838
vn -0.4047 0.8518 0.3327
vn -0.9159 0.2838 0.2838
vn -0.4047 0.3327 0.8518
vn -0.4385 -0.8304 -0.3438
vn -0.9155 -0.2794 -0.2896
vn -0.3713 0.8717 -0.3198
vn -0.9164 0.2883 -0.2777
vn 0.9501 -0.3120 0.0063
vn 0.4522 -0.8918 0.0177
vn 0.9524 0.3049 -0.0060
vn -0.0370 -0.9234 -0.3820
vn 0.0384 0.9231 -0.3825
vn -0.9501 -0.3120 -0.0063
vn -0.9524 0.3048 0.0061
vn -0.4441 0.8959 0.0125
vn 0.6303 -0.2971 0.7173
vn 0.6303 0.2971 0.7173
vn 0.6147 0.7233 0.3146
vn -0.5913 -0.7177 0.3677
vn -0.3335 -0.9417 -0.0441
vn 0.4269 -0.9043 0.0061
vn 0.3746 -0.8791 0.2948
vn -0.3361 -0.8891 0.3107
vn 0.3416 -0.3416 0.8756
vn 0.3416 0.3416 0.8756
vn -0.3416 0.3416 0.8756
vn -0.3416 -0.3416 0.8756
vn 0.9298 -0.3681 -0.0000
vn 0.9117 0.4109 -0.0000
vn 0.8880 0.3277 0.3225
vn 0.8891 -0.3555 0.2882
vn 0.3046 0.9524 -0.0066
vn -0.4297 0.9021 -0.0393
vn -0.3781 0.8642 0.3320
vn 0.3321 0.8719 0.3598
vn -0.4671 -0.3370 -0.8175
vn -0.4671 0.3370 -0.8175
vn 0.2145 0.3405 -0.9155
vn 0.2145 -0.3405 -0.9155
vn -0.8924 -0.3417 0.2948
vn -0.8924 0.3417 0.2948
vn -0.3327 -0.8935 -0.3015
vn -0.8563 -0.3407 -0.3881
vn -0.4086 0.8495 -0.3337
vn -0.8563 0.3407 -0.3881
vn 0.3181 -0.8866 -0.3356
vn 0.8891 -0.3555 -0.2882
vn 0.2668 0.8762 -0.4014
vn 0.8880 0.3277 -0.3225
vn -0.9190 -0.3813 -0.1001
vn -0.9190 0.3813 -0.1001
vn 0.3588 -0.9310 0.0672
vn 0.3283 -0.8745 0.3571
vn -0.3827 -0.9239 -0.0000
vn -0.9239 -0.3827 -0.0000
vn -0.8756 -0.3416 0.3416
vn -0.8756 0.3416 0.3416
vn -0.9239 0.3827 -0.0000
vn -0.3827 0.9239 -0.0000
vn 0.3283 0.8745 0.3571
vn 0.3588 0.9310 0.0672
vn 0.3416 -0.3416 -0.8756
vn -0.3416 -0.3416 -0.8756
vn -0.3416 0.3416 -0.8756
vn 0.3416 0.3416 -0.8756
vn 0.7514 -0.3587 0.5538
vn 0.7557 0.5158 0.4036
vn 0.3825 -0.8805 -0.2800
vn 0.8159 -0.5307 -0.2295
vn 0.3825 0.8805 -0.2800
vn 0.8320 0.3742 -0.4095
vn -0.8756 -0.3416 -0.3416
vn -0.8756 0.3416 -0.3416
vn 0.8561 -0.3733 0.3574
vn 0.9275 0.3738 -0.0008
vn -0.6808 -0.6565 0.3249
vn -0.6749 -0.6545 -0.3407
vn 0.5559 -0.7647 -0.3259
vn 0.5462 -0.7671 0.3365
vn 0.9335 -0.1089 0.3416
vn 0.9335 -0.1089 -0.3416
vn 0.7606 0.5521 -0.3416
vn 0.7606 0.5521 0.3416
vn -0.6346 -0.1428 0.7595
vn 0.4069 -0.2523 0.8779
vn 0.2189 0.4393 0.8713
vn -0.5621 0.4459 0.6965
vn 0.4349 -0.2548 -0.8637
vn 0.0925 0.9423 -0.3217
vn 0.2491 0.4360 -0.8648
vn 0.0805 0.9416 0.3269
vn -0.5444 0.7974 0.2603
vn -0.6149 -0.1367 -0.7767
vn -0.5309 0.4495 -0.7184
vn -0.5296 0.8025 -0.2748
vn 0.6052 -0.2533 -0.7547
vn -0.4341 -0.2465 -0.8665
vn -0.2471 0.4328 -0.8670
vn 0.6046 0.3595 -0.7108
vn 0.6159 0.7420 0.2648
vn 0.6051 0.7468 -0.2761
vn -0.0932 0.9404 -0.3271
vn -0.0832 0.9394 0.3326
vn -0.9346 -0.0997 -0.3416
vn -0.9346 -0.0997 0.3416
vn -0.7552 0.5595 0.3416
vn -0.7552 0.5595 -0.3416
vn -0.5632 -0.7578 -0.3294
vn -0.5546 -0.7603 0.3383
vn -0.4106 -0.2475 0.8776
vn -0.2225 0.4323 0.8738
vn 0.6222 -0.2570 0.7395
vn 0.6148 -0.7249 0.3107
vn 0.6092 -0.7241 -0.3234
vn 0.6273 0.3539 0.6937
vn -0.0233 -0.9328 0.3596
vn 0.0290 -0.9142 -0.4043
vn 0.3690 -0.8737 -0.3170
vn 0.3081 -0.8783 0.3657
vn 0.0721 -0.3610 -0.9298
vn -0.3522 -0.3541 -0.8664
vn -0.3689 0.3285 -0.8695
vn 0.0548 0.3808 -0.9230
vn 0.9170 -0.2149 0.3360
vn 0.9136 -0.2155 -0.3448
vn 0.8171 0.4648 -0.3411
vn 0.8204 0.4653 0.3324
vn -0.0174 0.9331 0.3593
vn 0.0354 0.9138 -0.4046
vn -0.3454 0.8766 -0.3352
vn -0.3293 0.8776 0.3483
vn -0.8662 -0.3693 -0.3368
vn -0.8627 -0.3693 0.3455
vn -0.8835 0.3155 0.3463
vn -0.8869 0.3153 -0.3375
vn -0.0731 -0.4035 0.9120
vn 0.3167 -0.2887 0.9035
vn 0.2176 0.3719 0.9024
vn -0.0529 0.3840 0.9218
vn -0.3494 -0.8750 -0.3350
vn -0.3335 -0.8761 0.3481
vn -0.3124 -0.3510 0.8827
vn -0.3296 0.3322 0.8837
vn 0.4485 -0.2706 -0.8518
vn 0.3736 0.8720 -0.3163
vn 0.3821 0.3956 -0.8352
vn 0.3114 0.8769 0.3661
vn -0.3001 -0.7545 0.5836
vn -0.3441 -0.8525 -0.3936
vn 0.3369 -0.8500 -0.4050
vn 0.3023 -0.7572 0.5791
vn -0.3233 -0.3412 -0.8826
vn -0.3233 0.3412 -0.8826
vn 0.3597 0.3420 -0.8681
vn 0.3597 -0.3420 -0.8681
vn -0.7162 -0.3214 0.6195
vn -0.7041 0.2668 0.6581
vn -0.8813 0.3599 -0.3061
vn -0.8786 -0.3224 -0.3524
vn -0.3461 0.8958 -0.2788
vn -0.2864 0.6737 0.6813
vn 0.2936 0.6826 0.6692
vn 0.3372 0.8966 -0.2871
vn 0.8693 -0.3214 -0.3755
vn 0.8737 0.3613 -0.3258
vn 0.7216 0.2729 0.6362
vn 0.7303 -0.3278 0.5994
vn 0.4762 -0.8669 0.1475
vn -0.2527 -0.9619 -0.1046
vn -0.2749 -0.8716 -0.4060
vn 0.4012 -0.8838 -0.2406
vn -0.8146 -0.5034 -0.2880
vn -0.6986 -0.6741 0.2400
vn -0.9759 -0.0476 0.2129
vn -0.9190 0.2188 -0.3278
vn 0.2250 0.9692 0.0999
vn -0.5143 0.8383 -0.1812
vn -0.7056 0.6600 0.2581
vn -0.0865 0.9281 0.3620
vn -0.1035 -0.4847 0.8685
vn 0.4602 -0.0990 0.8823
vn 0.0765 0.4638 0.8827
vn -0.4884 0.0801 0.8689
vn 0.9113 -0.2541 0.3239
vn 0.9298 -0.3393 -0.1426
vn 0.9298 0.3395 -0.1419
vn 0.8123 0.4929 0.3118
vn 0.0112 -0.9434 0.3315
vn 0.6309 -0.6554 0.4153
vn 0.8818 0.0412 0.4698
vn 0.6059 0.6564 0.4494
vn -0.7772 -0.3316 -0.5348
vn -0.3245 -0.3410 -0.8823
vn -0.2752 0.8726 -0.4036
vn -0.3246 0.3419 -0.8819
vn -0.7776 0.3321 -0.5339
vn 0.3585 -0.3422 -0.8685
vn 0.4011 0.8844 -0.2385
vn 0.3587 0.3431 -0.8681
vt 0.907241 0.009434
vt 0.282147 0.944528
vt 0.147377 0.540017
vt 0.908621 0.008153
vt 0.282147 0.946260
vt 0.908793 0.009718
vt 0.913002 0.008220
vt 0.282147 0.950399
vt 0.102935 0.527944
vt 0.282147 0.952131
vt 0.914370 0.009628
vt 0.912774 0.009863
vt 0.538865 0.944493
vt 0.907320 0.131335
vt 0.147377 0.417041
vt 0.908901 0.131096
vt 0.908676 0.132723
vt 0.538984 0.946217
vt 0.914370 0.131523
vt 0.102935 0.404968
vt 0.539406 0.952066
vt 0.912999 0.132796
vt 0.539284 0.950340
vt 0.912826 0.131248
vt 0.190062 0.540017
vt 0.324832 0.944528
vt 0.679223 0.875370
vt 0.677624 0.875619
vt 0.677825 0.873966
vt 0.324832 0.946260
vt 0.672100 0.875353
vt 0.324832 0.952131
vt 0.060251 0.527944
vt 0.673433 0.874016
vt 0.324832 0.950399
vt 0.673658 0.875571
vt 0.020709 0.951700
vt 0.190236 0.416791
vt 0.495992 0.944493
vt 0.019298 0.952949
vt 0.496096 0.946223
vt 0.019174 0.951401
vt 0.496561 0.952067
vt 0.013706 0.951161
vt 0.060077 0.404718
vt 0.015296 0.951052
vt 0.496458 0.950331
vt 0.014966 0.952667
vt 0.020709 0.920446
vt 0.187226 0.448089
vt 0.043770 0.317450
vt 0.335771 0.454006
vt 0.904895 0.094605
vt 0.147377 0.454123
vt 0.042785 0.312087
vt 0.014597 0.920026
vt 0.042785 0.316225
vt 0.019024 0.920417
vt 0.102935 0.442050
vt 0.912500 0.094821
vt 0.013042 0.919846
vt 0.043770 0.310862
vt 0.329208 0.454575
vt 0.063087 0.436016
vt 0.910836 0.094781
vt 0.906454 0.094635
vt 0.186382 0.459873
vt 0.679467 0.955144
vt 0.042785 0.294556
vt 0.781205 0.941347
vt 0.673482 0.955102
vt 0.043770 0.289193
vt 0.677905 0.955104
vt 0.043770 0.293331
vt 0.671919 0.955144
vt 0.042785 0.287968
vt 0.063931 0.447800
vt 0.787793 0.941347
vt 0.151323 0.417041
vt 0.534928 0.944761
vt 0.286093 0.944528
vt 0.151323 0.540017
vt 0.286093 0.950399
vt 0.286093 0.946260
vt 0.098989 0.404968
vt 0.535473 0.952345
vt 0.286093 0.952131
vt 0.098989 0.527944
vt 0.535359 0.950619
vt 0.535039 0.946493
vt 0.329208 0.418169
vt 0.098989 0.442050
vt 0.787793 0.905820
vt 0.335771 0.417600
vt 0.151323 0.454123
vt 0.781205 0.905820
vt 0.125178 0.418651
vt 0.428953 0.233033
vt 0.947792 0.959569
vt 0.123402 0.418259
vt 0.124898 0.416791
vt 0.948104 0.961275
vt 0.447062 0.237232
vt 0.966381 0.959569
vt 0.730931 0.230061
vt 0.732656 0.229674
vt 0.966702 0.961273
vt 0.732389 0.231478
vt 0.129355 0.418575
vt 0.129672 0.416857
vt 0.948099 0.965661
vt 0.947784 0.967362
vt 0.131071 0.418236
vt 0.393455 0.251436
vt 0.736724 0.229741
vt 0.966374 0.967359
vt 0.738418 0.230078
vt 0.411564 0.247237
vt 0.737032 0.231421
vt 0.966697 0.965660
vt 0.125206 0.639735
vt 0.124935 0.641429
vt 0.251981 0.961631
vt 0.251450 0.959985
vt 0.123542 0.640147
vt 0.430250 0.008153
vt 0.732599 0.009957
vt 0.233142 0.959985
vt 0.730911 0.009715
vt 0.447062 0.015403
vt 0.732230 0.008281
vt 0.233680 0.961628
vt 0.129338 0.639694
vt 0.394753 0.476316
vt 0.251463 0.967670
vt 0.131071 0.640139
vt 0.251990 0.966017
vt 0.129578 0.641508
vt 0.736641 0.010001
vt 0.233689 0.966015
vt 0.736959 0.008153
vt 0.411564 0.469066
vt 0.738418 0.009706
vt 0.233155 0.967665
vt 0.500674 0.783366
vt 0.786887 0.370533
vt 0.977791 0.088313
vt 0.498987 0.782873
vt 0.500453 0.781559
vt 0.977813 0.090056
vt 0.800073 0.370533
vt 0.990977 0.088313
vt 0.818887 0.894201
vt 0.820559 0.893979
vt 0.990977 0.090056
vt 0.820218 0.895721
vt 0.505158 0.783255
vt 0.505416 0.781547
vt 0.977813 0.094831
vt 0.977791 0.096552
vt 0.506825 0.782802
vt 0.794392 0.615499
vt 0.824690 0.894121
vt 0.990977 0.096552
vt 0.781205 0.615499
vt 0.826328 0.894307
vt 0.825064 0.895710
vt 0.990977 0.094831
vt 0.500604 0.902573
vt 0.500334 0.904244
vt 0.961234 0.419874
vt 0.961257 0.421596
vt 0.498947 0.902983
vt 0.784666 0.249850
vt 0.820264 0.772170
vt 0.976664 0.421596
vt 0.818604 0.771925
vt 0.800073 0.249850
vt 0.819901 0.770529
vt 0.976664 0.419874
vt 0.505105 0.902502
vt 0.796613 0.494816
vt 0.961257 0.413357
vt 0.506825 0.902927
vt 0.961234 0.415100
vt 0.505343 0.904289
vt 0.824588 0.772251
vt 0.976664 0.415100
vt 0.824908 0.770448
vt 0.781205 0.494816
vt 0.826328 0.771977
vt 0.976664 0.413357
vt 0.884277 0.633559
vt 0.092068 0.680595
vt 0.614425 0.983051
vt 0.882586 0.633218
vt 0.883956 0.631871
vt 0.614425 0.981328
vt 0.076932 0.680595
vt 0.599289 0.983051
vt 0.853232 0.889052
vt 0.854961 0.888657
vt 0.599289 0.981328
vt 0.854659 0.890392
vt 0.888725 0.633634
vt 0.889011 0.631805
vt 0.614425 0.976553
vt 0.614425 0.974812
vt 0.890492 0.633266
vt 0.799727 0.129889
vt 0.859535 0.888580
vt 0.599289 0.974812
vt 0.861298 0.888986
vt 0.784591 0.129889
vt 0.859803 0.890427
vt 0.599289 0.976553
vt 0.884650 0.753466
vt 0.884343 0.755213
vt 0.687055 0.973192
vt 0.687055 0.971450
vt 0.882974 0.753770
vt 0.092068 0.802331
vt 0.855024 0.769322
vt 0.671919 0.971450
vt 0.853271 0.768824
vt 0.076932 0.802331
vt 0.854788 0.767475
vt 0.671919 0.973192
vt 0.888825 0.753610
vt 0.799727 0.008153
vt 0.687055 0.979689
vt 0.890492 0.753860
vt 0.687055 0.977967
vt 0.889170 0.755224
vt 0.859585 0.769185
vt 0.671919 0.977967
vt 0.859859 0.767460
vt 0.784591 0.008153
vt 0.861298 0.768758
vt 0.671919 0.979689
vt 0.734283 0.856690
vt 0.734061 0.858478
vt 0.426783 0.961472
vt 0.131071 0.781186
vt 0.427271 0.963138
vt 0.732593 0.857165
vt 0.113508 0.782802
vt 0.444909 0.963138
vt 0.852066 0.009610
vt 0.444421 0.961472
vt 0.853596 0.008153
vt 0.853832 0.010018
vt 0.738746 0.856753
vt 0.424423 0.955419
vt 0.740416 0.857168
vt 0.026803 0.667705
vt 0.739015 0.858436
vt 0.424900 0.957079
vt 0.858319 0.010108
vt 0.858736 0.008424
vt 0.442538 0.957079
vt 0.442061 0.955419
vt 0.860045 0.009896
vt 0.009240 0.666088
vt 0.734089 0.735308
vt 0.833935 0.967939
vt 0.732362 0.735028
vt 0.131071 0.657815
vt 0.733728 0.733596
vt 0.833935 0.966212
vt 0.853799 0.131428
vt 0.853458 0.133119
vt 0.815711 0.966212
vt 0.815711 0.967939
vt 0.852108 0.131790
vt 0.112926 0.659508
vt 0.738610 0.735353
vt 0.833935 0.961433
vt 0.738925 0.733482
vt 0.026803 0.791076
vt 0.833935 0.959696
vt 0.740416 0.735030
vt 0.858316 0.131588
vt 0.008658 0.789383
vt 0.860045 0.132109
vt 0.815711 0.959696
vt 0.815711 0.961432
vt 0.858483 0.133416
vt 0.935524 0.227344
vt 0.988413 0.114591
vt 0.965544 0.550733
vt 0.934046 0.225872
vt 0.988419 0.112858
vt 0.935816 0.225474
vt 0.965544 0.481023
vt 0.935916 0.157086
vt 0.988352 0.668817
vt 0.937383 0.155541
vt 0.988415 0.667087
vt 0.937790 0.157423
vt 0.943787 0.227212
vt 0.988413 0.122347
vt 0.943457 0.225481
vt 0.728421 0.947252
vt 0.945164 0.225827
vt 0.988419 0.124079
vt 0.943575 0.153164
vt 0.988415 0.661089
vt 0.728062 0.874785
vt 0.945164 0.154622
vt 0.988378 0.659356
vt 0.943309 0.155022
vt 0.943519 0.462735
vt 0.979432 0.114591
vt 0.943209 0.460986
vt 0.956558 0.550779
vt 0.944928 0.461348
vt 0.979432 0.112859
vt 0.942318 0.393553
vt 0.978856 0.668438
vt 0.956211 0.483464
vt 0.943678 0.395066
vt 0.978800 0.670169
vt 0.941828 0.395369
vt 0.979432 0.122347
vt 0.935148 0.462735
vt 0.737408 0.947252
vt 0.979432 0.124079
vt 0.933584 0.461170
vt 0.935512 0.460792
vt 0.979062 0.661119
vt 0.936216 0.389210
vt 0.936304 0.391018
vt 0.737408 0.874934
vt 0.979031 0.659387
vt 0.934614 0.390514
vt 0.887948 0.464429
vt 0.494154 0.497954
vt 0.887746 0.462604
vt 0.764899 0.879320
vt 0.889444 0.463134
vt 0.494101 0.496222
vt 0.764899 0.952339
vt 0.889444 0.391253
vt 0.989430 0.771530
vt 0.887566 0.391460
vt 0.888016 0.389584
vt 0.989486 0.773262
vt 0.879507 0.464058
vt 0.494154 0.505710
vt 0.964198 0.844549
vt 0.878086 0.462571
vt 0.494101 0.507442
vt 0.879854 0.462149
vt 0.879512 0.389210
vt 0.989486 0.781019
vt 0.879808 0.390978
vt 0.964198 0.771530
vt 0.877994 0.390647
vt 0.989430 0.782751
vt 0.907360 0.464141
vt 0.499729 0.497954
vt 0.759317 0.878604
vt 0.905751 0.462599
vt 0.499729 0.496222
vt 0.907626 0.462171
vt 0.907308 0.389706
vt 0.980505 0.773262
vt 0.907676 0.391449
vt 0.756046 0.951203
vt 0.905955 0.391109
vt 0.980505 0.771530
vt 0.499729 0.505710
vt 0.915915 0.463604
vt 0.915451 0.461825
vt 0.958616 0.845265
vt 0.499729 0.507442
vt 0.917277 0.462041
vt 0.980505 0.781019
vt 0.915706 0.389210
vt 0.955345 0.772666
vt 0.980505 0.782751
vt 0.917277 0.390568
vt 0.915529 0.391103
vt 0.958465 0.249850
vt 0.978842 0.702517
vt 0.958700 0.251766
vt 0.958508 0.924429
vt 0.956940 0.251279
vt 0.978800 0.700780
vt 0.955345 0.864617
vt 0.957776 0.310327
vt 0.961470 0.192922
vt 0.959635 0.309926
vt 0.959345 0.311888
vt 0.961537 0.191088
vt 0.966829 0.250131
vt 0.978842 0.710273
vt 0.640516 0.874361
vt 0.968237 0.251566
vt 0.978801 0.711989
vt 0.966438 0.251941
vt 0.966782 0.312581
vt 0.961606 0.184284
vt 0.966551 0.310730
vt 0.637366 0.935058
vt 0.968237 0.311397
vt 0.961564 0.182648
vt 0.700762 0.941010
vt 0.987823 0.702517
vt 0.967545 0.924594
vt 0.699254 0.939510
vt 0.987838 0.700780
vt 0.701030 0.939096
vt 0.701538 0.875646
vt 0.974176 0.191088
vt 0.701970 0.877493
vt 0.967545 0.861571
vt 0.700085 0.877475
vt 0.974045 0.192922
vt 0.987823 0.710273
vt 0.709247 0.940752
vt 0.708862 0.938995
vt 0.649552 0.874232
vt 0.987838 0.711989
vt 0.710586 0.939314
vt 0.974245 0.184284
vt 0.709127 0.874991
vt 0.649552 0.938162
vt 0.974139 0.182648
vt 0.710586 0.876426
vt 0.708743 0.876736
vt 0.784264 0.460872
vt 0.650281 0.956201
vt 0.650231 0.954469
vt 0.782820 0.459688
vt 0.847480 0.154117
vt 0.784470 0.459209
vt 0.850426 0.225380
vt 0.782532 0.388731
vt 0.961470 0.153164
vt 0.783932 0.387238
vt 0.961518 0.154896
vt 0.784316 0.389096
vt 0.793849 0.460727
vt 0.650281 0.965710
vt 0.793560 0.458973
vt 0.795298 0.459375
vt 0.650231 0.967444
vt 0.817686 0.466133
vt 0.793857 0.386839
vt 0.961518 0.164612
vt 0.820631 0.394861
vt 0.961470 0.166342
vt 0.795298 0.388148
vt 0.793604 0.388591
vt 0.785754 0.146207
vt 0.637366 0.956201
vt 0.786090 0.147843
vt 0.784427 0.147561
vt 0.637366 0.954469
vt 0.860311 0.153164
vt 0.785602 0.220250
vt 0.971382 0.154896
vt 0.860311 0.224646
vt 0.971382 0.153164
vt 0.784261 0.218829
vt 0.785970 0.218510
vt 0.637366 0.965710
vt 0.795108 0.146196
vt 0.637366 0.967444
vt 0.796477 0.147733
vt 0.830516 0.467086
vt 0.794724 0.147972
vt 0.971382 0.164612
vt 0.795063 0.220669
vt 0.794824 0.219014
vt 0.830516 0.395595
vt 0.971382 0.166342
vt 0.796477 0.219423
vt 0.503331 0.844344
vt 0.498359 0.844368
vt 0.816026 0.832726
vt 0.790464 0.310053
vt 0.496543 0.844394
vt 0.780416 0.310053
vt 0.822930 0.832751
vt 0.817787 0.832702
vt 0.824694 0.832807
vt 0.790814 0.555018
vt 0.800862 0.555018
vt 0.505140 0.844326
vt 0.497794 0.813091
vt 0.815711 0.864031
vt 0.793164 0.340151
vt 0.822479 0.864313
vt 0.798750 0.585117
vt 0.504625 0.812830
vt 0.502819 0.812984
vt 0.495992 0.812955
vt 0.782529 0.340151
vt 0.817417 0.864214
vt 0.788114 0.585117
vt 0.824189 0.864142
vt 0.885350 0.731547
vt 0.880131 0.731415
vt 0.849056 0.791697
vt 0.074092 0.779371
vt 0.878418 0.731376
vt 0.089228 0.779371
vt 0.855849 0.791631
vt 0.850780 0.791766
vt 0.857698 0.791556
vt 0.781751 0.031113
vt 0.887240 0.731498
vt 0.796887 0.031113
vt 0.126231 0.573179
vt 0.121547 0.573188
vt 0.726535 0.071358
vt 0.439687 0.076185
vt 0.119777 0.573263
vt 0.427871 0.076583
vt 0.733082 0.071281
vt 0.728255 0.071278
vt 0.734890 0.071375
vt 0.404189 0.408283
vt 0.128084 0.573238
vt 0.392373 0.407886
vt 0.729836 0.796974
vt 0.734991 0.797003
vt 0.728062 0.797116
vt 0.129878 0.719447
vt 0.847770 0.070891
vt 0.112421 0.721391
vt 0.849490 0.070837
vt 0.854647 0.071109
vt 0.736771 0.797147
vt 0.025610 0.729444
vt 0.856429 0.071292
vt 0.008153 0.727500
vt 0.781751 0.181739
vt 0.857532 0.187239
vt 0.780416 0.426273
vt 0.846175 0.188083
vt 0.794208 0.182310
vt 0.783477 0.181705
vt 0.782192 0.426157
vt 0.792428 0.425587
vt 0.794281 0.425572
vt 0.816379 0.432168
vt 0.796017 0.182469
vt 0.827737 0.433012
vt 0.153653 0.778331
vt 0.600689 0.234318
vt 0.991671 0.040538
vt 0.155417 0.778857
vt 0.153805 0.780270
vt 0.991663 0.038801
vt 0.614569 0.234318
vt 0.977791 0.040538
vt 0.190236 0.557736
vt 0.188472 0.558258
vt 0.977794 0.038801
vt 0.188624 0.556323
vt 0.149216 0.778121
vt 0.148789 0.779930
vt 0.991663 0.034414
vt 0.603016 0.253538
vt 0.991671 0.032687
vt 0.147377 0.778412
vt 0.184037 0.558468
vt 0.616896 0.253538
vt 0.977791 0.032687
vt 0.182198 0.558181
vt 0.183609 0.556664
vt 0.977794 0.034414
vt 0.153580 0.558457
vt 0.154007 0.556664
vt 0.463647 0.974775
vt 0.599199 0.008153
vt 0.463655 0.976502
vt 0.155417 0.558180
vt 0.188398 0.778128
vt 0.615226 0.008153
vt 0.479682 0.976502
vt 0.190236 0.778409
vt 0.188825 0.779926
vt 0.479686 0.974775
vt 0.149151 0.558248
vt 0.601525 0.479703
vt 0.147386 0.557735
vt 0.463655 0.968652
vt 0.463647 0.970388
vt 0.148997 0.556323
vt 0.183967 0.778338
vt 0.479686 0.970388
vt 0.183814 0.780267
vt 0.617552 0.479703
vt 0.182202 0.778854
vt 0.479682 0.968652
vt 0.737870 0.474559
vt 0.631532 0.230831
vt 0.973343 0.360885
vt 0.739575 0.474909
vt 0.738176 0.476263
vt 0.973349 0.359156
vt 0.647935 0.230766
vt 0.956940 0.360885
vt 0.765445 0.009566
vt 0.763739 0.009925
vt 0.956945 0.359156
vt 0.764045 0.008211
vt 0.733723 0.474485
vt 0.733454 0.476320
vt 0.973349 0.354769
vt 0.973343 0.353034
vt 0.731968 0.474885
vt 0.633858 0.253538
vt 0.759587 0.009999
vt 0.956940 0.353034
vt 0.757831 0.009590
vt 0.650261 0.253603
vt 0.759318 0.008153
vt 0.956945 0.354769
vt 0.737815 0.255386
vt 0.738082 0.253538
vt 0.405815 0.970286
vt 0.405822 0.968551
vt 0.739575 0.254978
vt 0.631799 0.008217
vt 0.763684 0.229096
vt 0.389686 0.968551
vt 0.765445 0.229495
vt 0.647935 0.008153
vt 0.763951 0.230934
vt 0.389681 0.970286
vt 0.733659 0.255332
vt 0.634125 0.476152
vt 0.405822 0.976402
vt 0.731956 0.254968
vt 0.405815 0.974673
vt 0.733352 0.253617
vt 0.759533 0.229150
vt 0.389681 0.974673
vt 0.759226 0.230855
vt 0.650261 0.476216
vt 0.757831 0.229505
vt 0.389686 0.976402
vt 0.730567 0.364939
vt 0.735291 0.364956
vt 0.763027 0.119571
vt 0.647934 0.119429
vt 0.737157 0.364954
vt 0.631666 0.119494
vt 0.756436 0.119599
vt 0.761160 0.119581
vt 0.754724 0.119598
vt 0.650260 0.364940
vt 0.728855 0.364929
vt 0.633992 0.364875
vt 0.583490 0.255873
vt 0.583988 0.254200
vt 0.039264 0.968922
vt 0.430467 0.253538
vt 0.039772 0.970574
vt 0.585219 0.255668
vt 0.447599 0.259104
vt 0.057786 0.970586
vt 0.445899 0.687560
vt 0.057298 0.968928
vt 0.444778 0.689166
vt 0.444186 0.687537
vt 0.579954 0.255393
vt 0.039747 0.963577
vt 0.578289 0.254657
vt 0.466502 0.469702
vt 0.580012 0.253538
vt 0.039249 0.965239
vt 0.440704 0.688010
vt 0.440705 0.689916
vt 0.057283 0.965245
vt 0.057761 0.963577
vt 0.438950 0.688626
vt 0.483634 0.464136
vt 0.583449 0.466721
vt 0.737031 0.970622
vt 0.585219 0.467294
vt 0.430658 0.469702
vt 0.583488 0.468597
vt 0.737408 0.968928
vt 0.444193 0.487834
vt 0.444184 0.486008
vt 0.719065 0.968923
vt 0.718668 0.970612
vt 0.445899 0.487186
vt 0.447599 0.462617
vt 0.580096 0.466258
vt 0.737396 0.965244
vt 0.579540 0.467881
vt 0.466693 0.253538
vt 0.737012 0.963559
vt 0.578407 0.466351
vt 0.440872 0.488345
vt 0.483634 0.260623
vt 0.439196 0.488150
vt 0.718649 0.963559
vt 0.719054 0.965240
vt 0.440363 0.486718
vt 0.572835 0.405098
vt 0.569024 0.404338
vt 0.574695 0.405205
vt 0.427871 0.405856
vt 0.435179 0.543390
vt 0.446566 0.403945
vt 0.433412 0.543735
vt 0.429584 0.544580
vt 0.567271 0.404013
vt 0.463906 0.317384
vt 0.427871 0.544676
vt 0.482601 0.319295
vt 0.757883 0.860851
vt 0.376067 0.615375
vt 0.329208 0.470881
vt 0.759414 0.860660
vt 0.759219 0.862228
vt 0.330940 0.470881
vt 0.763546 0.862298
vt 0.335078 0.470881
vt 0.763405 0.860796
vt 0.550964 0.496222
vt 0.336810 0.470881
vt 0.764899 0.861034
vt 0.920181 0.967177
vt 0.376067 0.492536
vt 0.757920 0.738870
vt 0.759262 0.737611
vt 0.920121 0.965447
vt 0.759409 0.739106
vt 0.764899 0.739012
vt 0.919917 0.959569
vt 0.550964 0.619061
vt 0.763375 0.739208
vt 0.763560 0.737648
vt 0.919977 0.961292
vt 0.341225 0.608778
vt 0.989699 0.834171
vt 0.932881 0.482303
vt 0.934218 0.481023
vt 0.989699 0.832439
vt 0.934378 0.482524
vt 0.939904 0.482397
vt 0.989699 0.826569
vt 0.516123 0.502819
vt 0.938375 0.482607
vt 0.938550 0.481036
vt 0.989699 0.828301
vt 0.932928 0.597780
vt 0.885316 0.967153
vt 0.341138 0.492505
vt 0.934452 0.597569
vt 0.934277 0.599132
vt 0.885277 0.965415
vt 0.885002 0.959569
vt 0.516035 0.619091
vt 0.939904 0.597880
vt 0.885043 0.961301
vt 0.938573 0.599151
vt 0.938416 0.597660
vt 0.350420 0.608778
vt 0.980505 0.834171
vt 0.955906 0.710764
vt 0.898455 0.967920
vt 0.354315 0.492536
vt 0.898165 0.960326
vt 0.529213 0.619061
vt 0.898406 0.966191
vt 0.898216 0.962059
vt 0.330940 0.475414
vt 0.956078 0.008314
vt 0.546432 0.496222
vt 0.336810 0.475414
vt 0.961484 0.009329
vt 0.937686 0.560711
vt 0.516123 0.581681
vt 0.939275 0.560729
vt 0.764275 0.776164
vt 0.550964 0.581681
vt 0.762686 0.776130
vt 0.529213 0.581681
vt 0.962493 0.631805
vt 0.961484 0.096506
vt 0.376067 0.530130
vt 0.756824 0.776198
vt 0.931831 0.560410
vt 0.341225 0.530130
vt 0.933333 0.560423
vt 0.758325 0.776235
vt 0.273258 0.541072
vt 0.933297 0.251337
vt 0.152065 0.966826
vt 0.934696 0.249904
vt 0.152065 0.965094
vt 0.935032 0.251630
vt 0.939149 0.249850
vt 0.152065 0.961084
vt 0.208941 0.417950
vt 0.152065 0.959352
vt 0.940634 0.251395
vt 0.938835 0.251728
vt 0.344623 0.952245
vt 0.932874 0.365473
vt 0.284854 0.426528
vt 0.934580 0.365000
vt 0.934358 0.366800
vt 0.344977 0.950549
vt 0.939997 0.365477
vt 0.344623 0.944844
vt 0.221548 0.532388
vt 0.938591 0.366736
vt 0.344977 0.946539
vt 0.938338 0.365046
vt 0.312901 0.541072
vt 0.112421 0.966826
vt 0.711756 0.734961
vt 0.709987 0.735307
vt 0.710277 0.733482
vt 0.112421 0.965094
vt 0.248583 0.417600
vt 0.704640 0.734962
vt 0.112421 0.959352
vt 0.705984 0.733594
vt 0.112421 0.961084
vt 0.706309 0.735263
vt 0.373020 0.952245
vt 0.711756 0.857223
vt 0.311812 0.417600
vt 0.373375 0.950549
vt 0.710384 0.858618
vt 0.710049 0.856940
vt 0.373021 0.944844
vt 0.704654 0.857228
vt 0.248583 0.541077
vt 0.706379 0.856871
vt 0.373375 0.946539
vt 0.706097 0.858685
vt 0.707246 0.796110
vt 0.308487 0.479371
vt 0.932752 0.309421
vt 0.279489 0.483844
vt 0.700967 0.796105
vt 0.705346 0.796109
vt 0.940634 0.309468
vt 0.215677 0.475121
vt 0.699254 0.796105
vt 0.244714 0.479339
vt 0.938860 0.309322
vt 0.934527 0.309291
vt 0.075543 0.544250
vt 0.349162 0.806643
vt 0.528417 0.976126
vt 0.347436 0.807104
vt 0.347671 0.805294
vt 0.528417 0.974394
vt 0.343423 0.805353
vt 0.528417 0.970384
vt 0.343684 0.807051
vt 0.024678 0.529744
vt 0.528417 0.968652
vt 0.342009 0.806629
vt 0.085781 0.931101
vt 0.348525 0.926571
vt 0.060077 0.664288
vt 0.347272 0.928051
vt 0.084049 0.931101
vt 0.346861 0.926432
vt 0.341591 0.926630
vt 0.078307 0.931101
vt 0.040145 0.649782
vt 0.343331 0.926413
vt 0.342998 0.928222
vt 0.080039 0.931101
vt 0.092068 0.544250
vt 0.544942 0.976126
vt 0.931336 0.009571
vt 0.932743 0.008221
vt 0.544942 0.974394
vt 0.933041 0.009934
vt 0.008153 0.529744
vt 0.938587 0.009588
vt 0.544942 0.968652
vt 0.936833 0.009995
vt 0.937097 0.008153
vt 0.544942 0.970384
vt 0.085781 0.963092
vt 0.930786 0.128422
vt 0.092068 0.664288
vt 0.932533 0.128015
vt 0.084049 0.963092
vt 0.932272 0.129849
vt 0.078307 0.963092
vt 0.938005 0.128433
vt 0.008153 0.649782
vt 0.080039 0.963092
vt 0.936602 0.129777
vt 0.936305 0.128071
vt 0.349162 0.904512
vt 0.066407 0.643437
vt 0.930677 0.081941
vt 0.092068 0.617364
vt 0.932466 0.081945
vt 0.936797 0.081953
vt 0.938587 0.081963
vt 0.008153 0.602858
vt 0.341138 0.904460
vt 0.033815 0.628931
vt 0.347379 0.904737
vt 0.342923 0.904701
vt 0.573189 0.960130
vt 0.127851 0.990280
vt 0.574965 0.960490
vt 0.162807 0.796578
vt 0.573523 0.962001
vt 0.127851 0.988548
vt 0.612590 0.875058
vt 0.612915 0.873141
vt 0.112421 0.988548
vt 0.112421 0.990280
vt 0.614425 0.874698
vt 0.147377 0.796577
vt 0.569091 0.960160
vt 0.127851 0.984865
vt 0.568901 0.962192
vt 0.127851 0.895376
vt 0.127851 0.983133
vt 0.567271 0.960658
vt 0.608976 0.874898
vt 0.112421 0.895377
vt 0.607203 0.874514
vt 0.112421 0.983133
vt 0.112421 0.984865
vt 0.608694 0.873109
vt 0.573138 0.866424
vt 0.570064 0.866802
vt 0.162807 0.892845
vt 0.424423 0.985577
vt 0.574965 0.865429
vt 0.150401 0.881271
vt 0.441389 0.985577
vt 0.614425 0.958505
vt 0.612929 0.957034
vt 0.609103 0.956839
vt 0.127851 0.799109
vt 0.424423 0.979445
vt 0.568234 0.865682
vt 0.115445 0.810682
vt 0.441389 0.979445
vt 0.607553 0.958296
vt 0.304219 0.795557
vt 0.304488 0.793577
vt 0.781205 0.987216
vt 0.831463 0.136857
vt 0.781205 0.988948
vt 0.306022 0.795137
vt 0.816033 0.136858
vt 0.796635 0.988948
vt 0.939599 0.750990
vt 0.796635 0.987216
vt 0.938155 0.752466
vt 0.937794 0.750663
vt 0.300243 0.795416
vt 0.781205 0.981800
vt 0.298493 0.794994
vt 0.831809 0.249850
vt 0.299984 0.793566
vt 0.781205 0.983532
vt 0.934106 0.750690
vt 0.933876 0.752651
vt 0.796635 0.983532
vt 0.796635 0.981800
vt 0.932255 0.751155
vt 0.816379 0.249850
vt 0.304191 0.919952
vt 0.300840 0.920114
vt 0.831463 0.008153
vt 0.930533 0.990360
vt 0.306022 0.921253
vt 0.818063 0.015613
vt 0.915196 0.990360
vt 0.939599 0.631805
vt 0.938042 0.633193
vt 0.934244 0.633144
vt 0.831809 0.378554
vt 0.930533 0.984227
vt 0.299023 0.921054
vt 0.818409 0.371095
vt 0.915196 0.984227
vt 0.932652 0.631887
vt 0.608434 0.715769
vt 0.608179 0.717622
vt 0.193181 0.966707
vt 0.549801 0.229869
vt 0.193260 0.964975
vt 0.606669 0.716186
vt 0.531869 0.231025
vt 0.175290 0.964975
vt 0.733598 0.496251
vt 0.175203 0.966706
vt 0.735107 0.494816
vt 0.735364 0.496662
vt 0.611916 0.715835
vt 0.193261 0.972119
vt 0.613627 0.716192
vt 0.517873 0.254695
vt 0.612217 0.717552
vt 0.193182 0.970390
vt 0.738842 0.496595
vt 0.739144 0.494885
vt 0.175204 0.970390
vt 0.175291 0.972118
vt 0.740554 0.496244
vt 0.499940 0.253538
vt 0.608439 0.497809
vt 0.956569 0.590530
vt 0.606761 0.497436
vt 0.549670 0.008153
vt 0.608146 0.496115
vt 0.956215 0.592224
vt 0.735363 0.710875
vt 0.735071 0.712576
vt 0.973450 0.592222
vt 0.973811 0.590530
vt 0.733685 0.711255
vt 0.533153 0.013099
vt 0.611860 0.497837
vt 0.956211 0.595907
vt 0.612118 0.496009
vt 0.517742 0.476411
vt 0.956562 0.597605
vt 0.613627 0.497441
vt 0.738786 0.710848
vt 0.501225 0.471465
vt 0.740554 0.711249
vt 0.973804 0.597602
vt 0.973445 0.595906
vt 0.739044 0.712682
vt 0.603240 0.531271
vt 0.607191 0.531226
vt 0.601525 0.531250
vt 0.549801 0.042658
vt 0.728448 0.677995
vt 0.533069 0.047030
vt 0.730164 0.677965
vt 0.734115 0.678011
vt 0.609062 0.531236
vt 0.517873 0.441905
vt 0.735987 0.678009
vt 0.501141 0.437534
vt 0.056037 0.854727
vt 0.056397 0.852918
vt 0.158045 0.984854
vt 0.158045 0.983133
vt 0.057786 0.854337
vt 0.092068 0.912925
vt 0.443024 0.936862
vt 0.444909 0.937048
vt 0.144157 0.983133
vt 0.078307 0.914794
vt 0.443529 0.938704
vt 0.144157 0.984854
vt 0.050959 0.854510
vt 0.013042 0.901671
vt 0.049196 0.853898
vt 0.158045 0.991371
vt 0.158045 0.989629
vt 0.050856 0.852554
vt 0.438056 0.937048
vt 0.144157 0.989629
vt 0.437819 0.939112
vt 0.026803 0.903540
vt 0.436115 0.937480
vt 0.144157 0.991371
vt 0.013042 0.807382
vt 0.898889 0.984227
vt 0.049539 0.946864
vt 0.026803 0.809251
vt 0.885002 0.984227
vt 0.436781 0.845201
vt 0.443216 0.846277
vt 0.438502 0.846302
vt 0.092068 0.818637
vt 0.898889 0.991451
vt 0.057786 0.947270
vt 0.078307 0.820506
vt 0.885002 0.991451
vt 0.444909 0.844865
vt 0.055936 0.945821
vt 0.051405 0.945816
vt 0.470370 0.852711
vt 0.470349 0.854468
vt 0.024324 0.137398
vt 0.024353 0.135682
vt 0.468736 0.853398
vt 0.008300 0.135412
vt 0.881355 0.482149
vt 0.008275 0.137129
vt 0.882997 0.481023
vt 0.883002 0.482757
vt 0.475386 0.851842
vt 0.477167 0.852076
vt 0.024206 0.144406
vt 0.475877 0.853627
vt 0.024236 0.142660
vt 0.887707 0.483964
vt 0.888431 0.482269
vt 0.008187 0.142390
vt 0.889424 0.484085
vt 0.008153 0.144137
vt 0.470908 0.730280
vt 0.469187 0.730197
vt 0.043491 0.012513
vt 0.470327 0.728585
vt 0.043770 0.010788
vt 0.883209 0.607795
vt 0.882491 0.609464
vt 0.027476 0.008153
vt 0.881461 0.607744
vt 0.027202 0.009879
vt 0.475535 0.729281
vt 0.043770 0.269574
vt 0.475584 0.727595
vt 0.043553 0.267871
vt 0.477167 0.728700
vt 0.887816 0.609162
vt 0.889424 0.609874
vt 0.027185 0.269958
vt 0.027397 0.271662
vt 0.887736 0.610869
vt 0.465673 0.763962
vt 0.471075 0.762495
vt 0.463906 0.764254
vt 0.037932 0.046888
vt 0.878723 0.572805
vt 0.021759 0.044273
vt 0.880502 0.573241
vt 0.885897 0.575186
vt 0.472853 0.762211
vt 0.039148 0.233329
vt 0.887656 0.575604
vt 0.022896 0.235401
vt 0.980505 0.826569
vt 0.525317 0.502819
vt 0.962493 0.710764
vt 0.980505 0.832439
vt 0.957130 0.711989
vt 0.980505 0.828301
vt 0.961269 0.711989
vt 0.371534 0.615375
vt 0.329208 0.475414
vt 0.954902 0.009586
vt 0.335078 0.475414
vt 0.960213 0.008153
vt 0.354315 0.530130
vt 0.955906 0.632020
vt 0.954893 0.096552
s 1
usemtl Crate_2x
f 46/95/1 33/67/2 13/25/3 38/82/4
f 35/73/5 34/71/6 18/36/7 14/28/8
f 40/84/9 39/83/10 4/8/11 2/5/12
f 45/92/13 29/59/14 5/9/15 42/88/16
f 32/66/17 31/65/18 12/24/19 8/16/20
f 44/90/21 43/89/22 24/47/23 20/41/24
f 1/1/25 2/4/12 3/6/26
f 4/7/11 5/11/15 6/12/27
f 7/14/28 8/16/20 9/17/29
f 10/19/30 11/22/31 12/24/19
f 13/27/3 14/28/8 15/29/32
f 16/31/33 17/34/34 18/36/7
f 19/37/35 20/40/24 21/42/36
f 22/44/37 23/46/38 24/48/23
f 26/53/39 1/1/25 3/6/26 32/66/17
f 2/4/12 4/7/11 6/12/27 3/6/26
f 29/60/14 10/19/30 12/24/19 31/65/18
f 11/22/31 9/17/29 8/16/20 12/24/19
f 37/80/40 7/13/28 9/18/29 44/90/21
f 41/86/41 22/43/37 24/47/23 43/89/22
f 23/46/38 21/42/36 20/40/24 24/48/23
f 25/49/42 19/37/35 21/42/36 28/58/43
f 36/75/44 16/31/33 18/36/7 34/71/6
f 17/34/34 15/29/32 14/28/8 18/36/7
f 38/81/4 13/26/3 15/30/32 40/84/9
f 42/87/16 5/10/15 4/8/11 39/83/10
f 22/44/37 30/61/45 27/56/46 23/46/38
f 7/14/28 26/53/39 32/66/17 8/16/20
f 41/85/41 10/20/30 29/59/14 45/92/13
f 37/79/40 19/38/35 25/50/42 46/95/1
f 3/6/26 6/12/27 31/65/18 32/66/17
f 5/11/15 29/60/14 31/65/18 6/12/27
f 13/27/3 33/68/2 35/73/5 14/28/8
f 28/57/43 27/55/46 30/62/45 25/51/42
f 30/63/45 45/91/13 46/94/1 25/52/42
f 34/72/6 35/74/5 33/69/2 36/76/44
f 7/15/28 37/79/40 46/95/1 26/54/39
f 22/45/37 41/85/41 45/92/13 30/64/45
f 16/32/33 42/87/16 39/83/10 17/35/34
f 1/2/25 38/81/4 40/84/9 2/5/12
f 10/21/30 41/86/41 43/89/22 11/23/31
f 19/39/35 37/80/40 44/90/21 20/41/24
f 9/18/29 11/23/31 43/89/22 44/90/21
f 36/77/44 45/92/13 42/88/16 16/33/33
f 15/30/32 17/35/34 39/83/10 40/84/9
f 26/54/39 46/95/1 38/82/4 1/3/25
f 45/93/13 36/78/44 33/70/2 46/96/1
f 27/56/46 28/58/43 21/42/36 23/46/38
f 263/517/47 65/133/48 59/121/49 264/518/50
f 266/522/51 265/520/52 50/103/53 48/98/54
f 67/137/55 69/140/56 64/132/57 60/123/58
f 267/523/59 56/115/60 51/106/61 268/524/62
f 49/102/63 52/107/64 58/120/65 54/111/66
f 270/528/67 269/526/68 70/142/69 66/134/70
f 239/481/71 89/181/72 83/169/73 240/482/74
f 252/501/75 248/495/76 74/151/77 72/146/78
f 91/185/79 93/188/80 88/180/81 84/171/82
f 249/496/83 80/163/84 75/154/85 253/502/86
f 73/150/87 76/155/88 82/168/89 78/159/90
f 246/491/91 245/490/92 94/190/93 90/182/94
f 255/505/95 113/229/96 107/217/97 256/506/98
f 258/510/99 257/508/100 98/199/101 96/194/102
f 115/233/103 117/236/104 112/228/105 108/219/106
f 259/511/107 104/211/108 99/202/109 260/512/110
f 97/198/111 100/203/112 106/216/113 102/207/114
f 262/516/115 261/514/116 118/238/117 114/230/118
f 272/530/119 271/529/120 131/265/121 137/277/122
f 273/532/123 121/244/124 122/247/125 274/534/126
f 138/278/127 133/270/128 135/273/129 142/287/130
f 276/536/131 275/535/132 124/252/133 128/259/134
f 120/243/135 127/258/136 129/261/137 123/250/138
f 277/538/139 139/280/140 141/284/141 278/540/142
f 149/302/143 161/325/144 155/314/145 143/290/146
f 157/316/147 159/321/148 146/295/149 144/291/150
f 163/330/151 165/333/152 160/324/153 156/315/154
f 173/350/155 167/338/156 179/362/157 185/373/158
f 164/331/159 152/308/160 147/299/161 158/320/162
f 145/294/163 148/300/164 154/312/165 150/303/166
f 151/304/167 153/309/168 166/334/169 162/327/170
f 180/363/171 169/340/172 170/343/173 184/370/174
f 186/375/175 181/366/176 183/369/177 190/384/178
f 197/398/179 191/386/180 203/410/181 209/421/182
f 188/379/183 182/368/184 172/348/185 176/356/186
f 168/339/187 175/354/188 177/357/189 171/346/190
f 174/351/191 187/376/192 189/381/193 178/358/194
f 204/411/195 193/388/196 194/391/197 208/418/198
f 210/423/199 205/414/200 207/417/201 214/432/202
f 221/446/203 233/469/204 227/458/158 215/434/205
f 212/427/206 206/416/207 196/396/208 200/404/209
f 192/387/210 199/402/211 201/405/212 195/394/213
f 198/399/214 211/424/215 213/429/216 202/406/217
f 279/542/218 231/465/219 218/439/220 280/544/221
f 281/545/222 237/477/223 232/468/224 282/546/225
f 236/475/226 224/452/227 219/443/228 230/464/183
f 283/547/229 220/444/230 226/456/231 284/548/232
f 285/550/233 225/453/234 238/478/235 286/552/236
f 47/97/237 48/100/54 49/101/63
f 50/105/53 51/106/61 52/108/64
f 53/109/238 54/110/66 55/113/239
f 56/115/60 57/117/240 58/119/65
f 59/121/49 60/122/58 61/125/241
f 62/127/242 63/129/243 64/131/57
f 65/133/48 66/136/70 67/138/55
f 68/139/244 69/141/56 70/143/69
f 71/145/245 72/148/78 73/149/87
f 74/153/77 75/154/85 76/156/88
f 77/157/246 78/158/90 79/161/247
f 80/163/84 81/166/248 82/167/89
f 83/169/73 84/170/82 85/173/249
f 86/175/250 87/177/251 88/179/81
f 89/181/72 90/184/94 91/186/79
f 92/187/252 93/189/80 94/191/93
f 95/193/253 96/196/102 97/197/111
f 98/201/101 99/202/109 100/204/112
f 101/205/254 102/206/114 103/209/255
f 104/211/108 105/213/256 106/215/113
f 107/217/97 108/218/106 109/221/257
f 110/223/258 111/225/259 112/227/105
f 113/229/96 114/232/118 115/234/103
f 116/235/260 117/237/104 118/239/117
f 119/241/261 120/242/135 121/246/124
f 122/249/125 123/251/138 124/252/133
f 125/253/262 126/255/263 127/257/136
f 128/259/134 129/260/137 130/263/264
f 131/265/121 132/267/265 133/269/128
f 134/271/266 135/272/129 136/275/267
f 137/277/122 138/279/127 139/282/140
f 140/283/268 141/285/141 142/288/130
f 143/289/146 144/292/150 145/294/163
f 146/296/149 147/298/161 148/300/164
f 149/301/143 150/303/166 151/305/167
f 152/307/160 153/310/168 154/312/165
f 155/313/145 156/315/154 157/317/147
f 158/319/162 159/322/148 160/324/153
f 161/326/144 162/329/170 163/330/151
f 164/332/159 165/333/152 166/336/169
f 167/337/156 168/339/187 169/341/172
f 170/344/173 171/346/190 172/347/185
f 173/349/155 174/352/191 175/354/188
f 176/355/186 177/357/189 178/359/194
f 179/361/157 180/364/171 181/366/176
f 182/367/184 183/369/177 184/371/174
f 185/374/158 186/375/175 187/378/192
f 188/380/183 189/383/193 190/384/178
f 191/385/180 192/387/210 193/389/196
f 194/392/197 195/394/213 196/395/208
f 197/397/179 198/400/214 199/402/211
f 200/403/209 201/405/212 202/407/217
f 203/409/181 204/412/195 205/414/200
f 206/415/207 207/417/201 208/419/198
f 209/422/182 210/423/199 211/426/215
f 212/428/206 213/431/216 214/432/202
f 215/433/205 216/436/269 217/438/270
f 218/440/220 219/442/228 220/444/230
f 221/445/203 222/447/271 223/448/272
f 224/451/227 225/455/234 226/456/231
f 227/457/158 228/459/273 229/460/274
f 230/463/183 231/467/219 232/468/224
f 233/470/204 234/472/275 235/474/276
f 236/476/226 237/477/223 238/480/235
f 53/109/238 47/97/237 49/101/63 54/110/66
f 48/99/54 50/104/53 52/107/64 49/102/63
f 51/106/61 56/115/60 58/119/65 52/108/64
f 57/116/240 55/112/239 54/111/66 58/120/65
f 263/517/47 53/109/238 55/113/239 270/527/67
f 267/523/59 68/139/244 70/143/69 269/525/68
f 69/140/56 67/137/55 66/135/70 70/144/69
f 59/121/49 65/133/48 67/138/55 60/122/58
f 68/139/244 62/127/242 64/131/57 69/141/56
f 63/128/243 61/124/241 60/123/58 64/132/57
f 264/518/50 59/121/49 61/125/241 266/521/51
f 268/524/62 51/106/61 50/105/53 265/519/52
f 77/157/246 71/145/245 73/149/87 78/158/90
f 72/147/78 74/152/77 76/155/88 73/150/87
f 75/154/85 80/163/84 82/167/89 76/156/88
f 81/164/248 79/160/247 78/159/90 82/168/89
f 251/499/277 77/157/246 79/161/247 250/498/278
f 243/487/279 92/187/252 94/191/93 245/489/92
f 93/188/80 91/185/79 90/183/94 94/192/93
f 83/169/73 89/181/72 91/186/79 84/170/82
f 92/187/252 86/175/250 88/179/81 93/189/80
f 87/176/251 85/172/249 84/171/82 88/180/81
f 240/482/74 83/169/73 85/173/249 242/485/280
f 253/502/86 75/154/85 74/153/77 248/494/76
f 101/205/254 95/193/253 97/197/111 102/206/114
f 96/195/102 98/200/101 100/203/112 97/198/111
f 99/202/109 104/211/108 106/215/113 100/204/112
f 105/212/256 103/208/255 102/207/114 106/216/113
f 255/505/95 101/205/254 103/209/255 262/515/115
f 259/511/107 116/235/260 118/239/117 261/513/116
f 117/236/104 115/233/103 114/231/118 118/240/117
f 107/217/97 113/229/96 115/234/103 108/218/106
f 116/235/260 110/223/258 112/227/105 117/237/104
f 111/224/259 109/220/257 108/219/106 112/228/105
f 256/506/98 107/217/97 109/221/257 258/509/99
f 260/512/110 99/202/109 98/201/101 257/507/100
f 127/257/136 120/242/135 119/241/261 125/253/262
f 120/243/135 123/250/138 122/248/125 121/245/124
f 123/251/138 129/260/137 128/259/134 124/252/133
f 129/261/137 127/258/136 126/254/263 130/262/264
f 277/537/139 126/255/263 125/253/262 272/530/119
f 278/539/142 141/285/141 140/283/268 276/536/131
f 141/286/141 139/281/140 138/278/127 142/287/130
f 133/269/128 138/279/127 137/277/122 131/265/121
f 142/288/130 135/272/129 134/271/266 140/283/268
f 135/273/129 133/270/128 132/266/265 136/274/267
f 273/531/123 132/267/265 131/265/121 271/529/120
f 274/533/126 122/249/125 124/252/133 275/535/132
f 149/301/143 143/289/146 145/294/163 150/303/166
f 144/292/150 146/296/149 148/300/164 145/294/163
f 147/298/161 152/307/160 154/312/165 148/300/164
f 153/310/168 151/305/167 150/303/166 154/312/165
f 161/325/144 149/302/143 151/306/167 162/328/170
f 152/308/160 164/331/159 166/335/169 153/311/168
f 165/333/152 163/330/151 162/329/170 166/336/169
f 155/313/145 161/326/144 163/330/151 156/315/154
f 164/332/159 158/319/162 160/324/153 165/333/152
f 159/322/148 157/317/147 156/315/154 160/324/153
f 143/290/146 155/314/145 157/318/147 144/293/150
f 158/320/162 147/299/161 146/297/149 159/323/148
f 175/354/188 168/339/187 167/337/156 173/349/155
f 168/339/187 171/346/190 170/344/173 169/341/172
f 171/346/190 177/357/189 176/355/186 172/347/185
f 177/357/189 175/354/188 174/352/191 178/359/194
f 187/377/192 174/353/191 173/350/155 185/373/158
f 178/360/194 189/382/193 188/379/183 176/356/186
f 189/383/193 187/378/192 186/375/175 190/384/178
f 181/366/176 186/375/175 185/374/158 179/361/157
f 190/384/178 183/369/177 182/367/184 188/380/183
f 183/369/177 181/366/176 180/364/171 184/371/174
f 169/342/172 180/365/171 179/362/157 167/338/156
f 184/372/174 170/345/173 172/348/185 182/368/184
f 199/402/211 192/387/210 191/385/180 197/397/179
f 192/387/210 195/394/213 194/392/197 193/389/196
f 195/394/213 201/405/212 200/403/209 196/395/208
f 201/405/212 199/402/211 198/400/214 202/407/217
f 211/425/215 198/401/214 197/398/179 209/421/182
f 202/408/217 213/430/216 212/427/206 200/404/209
f 213/431/216 211/426/215 210/423/199 214/432/202
f 205/414/200 210/423/199 209/422/182 203/409/181
f 214/432/202 207/417/201 206/415/207 212/428/206
f 207/417/201 205/414/200 204/412/195 208/419/198
f 193/390/196 204/413/195 203/410/181 191/386/180
f 208/420/198 194/393/197 196/396/208 206/416/207
f 221/445/203 215/433/205 217/438/270 222/447/271
f 280/543/221 218/440/220 220/444/230 283/547/229
f 219/442/228 224/451/227 226/456/231 220/444/230
f 285/549/233 223/448/272 222/447/271 284/548/232
f 233/469/204 221/446/203 223/449/272 234/471/275
f 224/452/227 236/475/226 238/479/235 225/454/234
f 281/545/222 235/474/276 234/472/275 286/551/236
f 227/457/158 233/470/204 235/474/276 228/459/273
f 236/476/226 230/463/183 232/468/224 237/477/223
f 279/541/218 229/460/274 228/459/273 282/546/225
f 215/434/205 227/458/158 229/461/274 216/435/269
f 230/464/183 219/443/228 218/441/220 231/466/219
f 86/175/250 244/488/281 241/483/282 87/177/251
f 247/493/283 240/482/74 242/485/280 252/500/75
f 249/496/83 243/487/279 245/489/92 254/504/284
f 89/181/72 239/481/71 246/492/91 90/184/94
f 250/497/278 254/503/284 245/490/92 246/491/91
f 92/187/252 243/487/279 244/488/281 86/175/250
f 85/174/249 87/178/251 241/484/282 242/486/280
f 251/499/277 239/481/71 240/482/74 247/493/283
f 77/157/246 251/499/277 247/493/283 71/145/245
f 79/162/247 81/165/248 254/503/284 250/497/278
f 80/163/84 249/496/83 254/504/284 81/166/248
f 71/145/245 247/493/283 252/500/75 72/148/78
f 244/488/281 253/502/86 248/494/76 241/483/282
f 239/481/71 251/499/277 250/498/278 246/492/91
f 243/487/279 249/496/83 253/502/86 244/488/281
f 242/486/280 241/484/282 248/495/76 252/501/75
f 110/223/258 260/512/110 257/507/100 111/225/259
f 95/193/253 256/506/98 258/509/99 96/196/102
f 104/211/108 259/511/107 261/513/116 105/213/256
f 113/229/96 255/505/95 262/515/115 114/232/118
f 103/210/255 105/214/256 261/514/116 262/516/115
f 116/235/260 259/511/107 260/512/110 110/223/258
f 109/222/257 111/226/259 257/508/100 258/510/99
f 101/205/254 255/505/95 256/506/98 95/193/253
f 62/127/242 268/524/62 265/519/52 63/129/243
f 47/97/237 264/518/50 266/521/51 48/100/54
f 56/115/60 267/523/59 269/525/68 57/117/240
f 65/133/48 263/517/47 270/527/67 66/136/70
f 55/114/239 57/118/240 269/526/68 270/528/67
f 68/139/244 267/523/59 268/524/62 62/127/242
f 61/126/241 63/130/243 265/520/52 266/522/51
f 53/109/238 263/517/47 264/518/50 47/97/237
f 136/275/267 274/533/126 275/535/132 134/271/266
f 121/246/124 273/531/123 271/529/120 119/241/261
f 130/263/264 278/539/142 276/536/131 128/259/134
f 139/282/140 277/537/139 272/530/119 137/277/122
f 126/256/263 277/538/139 278/540/142 130/264/264
f 140/283/268 134/271/266 275/535/132 276/536/131
f 132/268/265 273/532/123 274/534/126 136/276/267
f 125/253/262 119/241/261 271/529/120 272/530/119
f 231/467/219 279/541/218 282/546/225 232/468/224
f 237/477/223 281/545/222 286/551/236 238/480/235
f 225/455/234 285/549/233 284/548/232 226/456/231
f 216/436/269 280/543/221 283/547/229 217/438/270
f 223/450/272 285/550/233 286/552/236 234/473/275
f 217/438/270 283/547/229 284/548/232 222/447/271
f 235/474/276 281/545/222 282/546/225 228/459/273
f 229/462/274 279/542/218 280/544/221 216/437/269
f 301/580/285 303/584/286 290/559/287 288/554/288
f 307/593/289 309/596/290 304/588/291 300/579/292
f 308/595/293 296/571/294 291/562/295 302/583/296
f 289/558/297 292/563/298 298/576/299 294/567/300
f 295/568/301 297/572/302 310/598/303 306/590/304
f 287/553/305 288/556/288 289/557/297
f 290/561/287 291/562/295 292/564/298
f 293/565/306 294/566/300 295/570/301
f 296/571/294 297/574/302 298/575/299
f 299/577/307 300/578/292 301/582/285
f 302/583/296 303/586/286 304/587/291
f 305/589/308 306/591/304 307/594/289
f 308/595/293 309/597/290 310/599/303
f 293/565/306 287/553/305 289/557/297 294/566/300
f 288/555/288 290/560/287 292/563/298 289/558/297
f 291/562/295 296/571/294 298/575/299 292/564/298
f 297/573/302 295/569/301 294/567/300 298/576/299
f 305/589/308 293/565/306 295/570/301 306/591/304
f 296/571/294 308/595/293 310/599/303 297/574/302
f 309/596/290 307/593/289 306/592/304 310/600/303
f 299/577/307 305/589/308 307/594/289 300/578/292
f 308/595/293 302/583/296 304/587/291 309/597/290
f 303/585/286 301/581/285 300/579/292 304/588/291
f 287/553/305 299/577/307 301/582/285 288/556/288
f 302/583/296 291/562/295 290/561/287 303/586/286
f 293/565/306 305/589/308 299/577/307 287/553/305
f 336/649/309 329/637/310 323/625/311 337/650/312
f 339/654/313 338/652/314 314/607/315 312/602/316
f 331/641/317 333/644/318 328/636/319 324/627/320
f 340/655/321 320/619/322 315/610/323 341/656/324
f 313/606/325 316/611/326 322/624/327 318/615/328
f 343/660/329 342/658/330 334/646/331 330/638/332
f 311/601/333 312/604/316 313/605/325
f 314/609/315 315/610/323 316/612/326
f 317/613/334 318/614/328 319/617/335
f 320/619/322 321/621/336 322/623/327
f 323/625/311 324/626/320 325/629/337
f 326/631/338 327/633/339 328/635/319
f 329/637/310 330/640/332 331/642/317
f 332/643/340 333/645/318 334/647/331
f 317/613/334 311/601/333 313/605/325 318/614/328
f 312/603/316 314/608/315 316/611/326 313/606/325
f 315/610/323 320/619/322 322/623/327 316/612/326
f 321/620/336 319/616/335 318/615/328 322/624/327
f 336/649/309 317/613/334 319/617/335 343/659/329
f 340/655/321 332/643/340 334/647/331 342/657/330
f 333/644/318 331/641/317 330/639/332 334/648/331
f 323/625/311 329/637/310 331/642/317 324/626/320
f 332/643/340 326/631/338 328/635/319 333/645/318
f 327/632/339 325/628/337 324/627/320 328/636/319
f 337/650/312 323/625/311 325/629/337 339/653/313
f 341/656/324 315/610/323 314/609/315 338/651/314
f 326/631/338 341/656/324 338/651/314 327/633/339
f 311/601/333 337/650/312 339/653/313 312/604/316
f 320/619/322 340/655/321 342/657/330 321/621/336
f 329/637/310 336/649/309 343/659/329 330/640/332
f 319/618/335 321/622/336 342/658/330 343/660/329
f 332/643/340 340/655/321 341/656/324 326/631/338
f 325/630/337 327/634/339 338/652/314 339/654/313
f 317/613/334 336/649/309 337/650/312 311/601/333
f 369/710/341 368/709/342 356/685/343 362/697/344
f 370/712/345 346/664/346 347/667/347 371/714/348
f 363/698/349 358/690/350 360/693/351 367/707/352
f 373/716/353 372/715/354 349/672/355 353/679/356
f 345/663/357 352/678/358 354/681/359 348/670/360
f 374/718/361 364/700/362 366/704/363 375/720/364
f 344/661/365 345/662/357 346/666/346
f 347/669/347 348/671/360 349/672/355
f 350/673/366 351/675/367 352/677/358
f 353/679/356 354/680/359 355/683/368
f 356/685/343 357/687/369 358/689/350
f 359/691/370 360/692/351 361/695/371
f 362/697/344 363/699/349 364/702/362
f 365/703/372 366/705/363 367/708/352
f 352/677/358 345/662/357 344/661/365 350/673/366
f 345/663/357 348/670/360 347/668/347 346/665/346
f 348/671/360 354/680/359 353/679/356 349/672/355
f 354/681/359 352/678/358 351/674/367 355/682/368
f 374/717/361 351/675/367 350/673/366 369/710/341
f 375/719/364 366/705/363 365/703/372 373/716/353
f 366/706/363 364/701/362 363/698/349 367/707/352
f 358/689/350 363/699/349 362/697/344 356/685/343
f 367/708/352 360/692/351 359/691/370 365/703/372
f 360/693/351 358/690/350 357/686/369 361/694/371
f 370/711/345 357/687/369 356/685/343 368/709/342
f 371/713/348 347/669/347 349/672/355 372/715/354
f 361/695/371 371/713/348 372/715/354 359/691/370
f 346/666/346 370/711/345 368/709/342 344/661/365
f 355/683/368 375/719/364 373/716/353 353/679/356
f 364/702/362 374/717/361 369/710/341 362/697/344
f 351/676/367 374/718/361 375/720/364 355/684/368
f 365/703/372 359/691/370 372/715/354 373/716/353
f 357/688/369 370/712/345 371/714/348 361/696/371
f 350/673/366 344/661/365 368/709/342 369/710/341
f 609/1162/373 400/769/374 388/745/375 413/795/376
f 405/778/377 378/726/378 379/728/379 608/1160/380
f 411/789/381 406/780/382 381/730/383 409/787/384
f 403/776/385 396/762/386 398/766/387 404/777/388
f 376/721/389 377/724/390 378/725/378
f 379/727/379 380/729/391 381/732/383
f 382/735/392 383/736/393 384/738/394
f 385/739/395 386/742/396 387/743/397
f 388/747/375 389/748/398 390/750/399
f 391/751/400 392/754/401 393/755/402
f 394/757/403 395/760/404 396/761/386
f 397/765/405 398/767/387 399/768/406
f 415/797/407 377/724/390 376/721/389 412/793/408
f 377/724/390 380/729/391 379/727/379 378/725/378
f 410/788/409 386/742/396 385/739/395 409/786/384
f 386/742/396 384/738/394 383/736/393 387/743/397
f 403/776/385 383/737/393 382/733/392 401/772/410
f 404/777/388 398/766/387 397/763/405 402/774/411
f 398/767/387 396/761/386 395/760/404 399/768/406
f 414/796/412 395/760/404 394/757/403 413/794/376
f 407/783/413 392/754/401 391/751/400 408/785/414
f 392/754/401 390/750/399 389/748/398 393/755/402
f 605/1153/415 389/749/398 388/746/375 400/770/374
f 608/1160/380 379/728/379 381/731/383 406/781/382
f 393/756/402 606/1155/416 604/1150/417 391/752/400
f 396/762/386 403/776/385 401/772/410 394/758/403
f 408/784/414 391/753/400 604/1151/417 411/789/381
f 389/749/398 605/1153/415 606/1155/416 393/756/402
f 412/792/408 376/722/389 607/1157/418 609/1162/373
f 383/737/393 403/776/385 404/777/388 387/744/397
f 387/744/397 404/777/388 402/774/411 385/740/395
f 378/726/378 405/778/377 607/1158/418 376/723/389
f 397/764/405 408/784/414 411/789/381 402/775/411
f 399/768/406 407/783/413 408/785/414 397/765/405
f 380/729/391 410/788/409 409/786/384 381/732/383
f 402/775/411 411/789/381 409/787/384 385/741/395
f 382/734/392 412/792/408 609/1162/373 401/773/410
f 390/750/399 414/796/412 413/794/376 388/747/375
f 384/738/394 415/797/407 412/793/408 382/735/392
f 401/773/410 609/1162/373 413/795/376 394/759/403
f 411/790/381 604/1152/417 400/771/374 609/1163/373
f 411/791/381 609/1164/373 607/1159/418 406/782/382
f 604/1152/417 606/1156/416 605/1154/415 400/771/374
f 607/1159/418 405/779/377 608/1161/380 406/782/382
f 410/788/409 380/729/391 377/724/390 415/797/407
f 415/797/407 384/738/394 386/742/396 410/788/409
f 407/783/413 399/768/406 395/760/404 414/796/412
f 414/796/412 390/750/399 392/754/401 407/783/413
f 441/849/419 440/847/420 428/822/421 416/798/422
f 430/827/423 432/832/424 419/805/425 417/802/426
f 443/851/427 442/850/428 433/833/429 429/825/430
f 445/855/431 444/853/432 420/806/433 431/828/434
f 424/815/435 426/820/436 439/844/437 435/837/438
f 416/799/422 417/801/426 418/803/439
f 419/804/425 420/808/433 421/809/440
f 422/811/441 423/813/442 424/814/435
f 425/816/443 426/819/436 427/821/444
f 428/824/421 429/825/430 430/826/423
f 431/829/434 432/831/424 433/833/429
f 434/835/445 435/838/438 436/839/446
f 437/841/447 438/843/448 439/845/437
f 441/848/419 416/799/422 418/803/439 447/857/449
f 417/801/426 419/804/425 421/809/440 418/803/439
f 444/852/432 425/816/443 427/821/444 446/856/450
f 426/819/436 424/814/435 423/813/442 427/821/444
f 434/834/445 422/810/441 424/815/435 435/837/438
f 425/817/443 437/840/447 439/844/437 426/820/436
f 438/843/448 436/839/446 435/838/438 439/845/437
f 440/846/420 434/835/445 436/839/446 443/851/427
f 445/854/431 431/829/434 433/833/429 442/850/428
f 432/831/424 430/826/423 429/825/430 433/833/429
f 416/800/422 428/823/421 430/827/423 417/802/426
f 431/830/434 420/807/433 419/805/425 432/832/424
f 437/841/447 445/854/431 442/850/428 438/843/448
f 428/824/421 440/846/420 443/851/427 429/825/430
f 420/808/433 444/852/432 446/856/450 421/809/440
f 422/811/441 441/848/419 447/857/449 423/813/442
f 437/842/447 425/818/443 444/853/432 445/855/431
f 436/839/446 438/843/448 442/850/428 443/851/427
f 422/812/441 434/836/445 440/847/420 441/849/419
f 446/856/450 427/821/444 423/813/442 447/857/449
f 418/803/439 421/809/440 446/856/450 447/857/449
f 472/907/451 448/858/452 460/882/157 473/909/453
f 461/886/426 450/863/423 451/865/424 465/893/425
f 474/910/454 462/887/455 464/891/456 475/911/457
f 476/913/458 463/888/184 453/867/459 477/915/460
f 455/874/461 468/898/462 470/903/463 459/881/464
f 448/859/452 449/861/465 450/862/423
f 451/864/424 452/866/466 453/869/459
f 454/871/467 455/873/461 456/875/468
f 457/876/469 458/879/470 459/880/464
f 460/884/157 461/885/426 462/887/455
f 463/889/184 464/891/456 465/892/425
f 466/895/158 467/897/471 468/899/462
f 469/901/183 470/904/463 471/905/472
f 478/916/473 449/861/465 448/859/452 472/906/451
f 449/861/465 452/866/466 451/864/424 450/862/423
f 479/917/474 458/879/470 457/876/469 477/914/460
f 458/879/470 456/875/468 455/873/461 459/880/464
f 468/898/462 455/874/461 454/870/467 466/894/158
f 459/881/464 470/903/463 469/900/183 457/877/469
f 470/904/463 468/899/462 467/897/471 471/905/472
f 474/910/454 467/897/471 466/895/158 473/908/453
f 475/911/457 464/891/456 463/889/184 476/912/458
f 464/891/456 462/887/455 461/885/426 465/892/425
f 450/863/423 461/886/426 460/883/157 448/860/452
f 465/893/425 451/865/424 453/868/459 463/890/184
f 478/916/473 456/875/468 458/879/470 479/917/474
f 449/861/465 478/916/473 479/917/474 452/866/466
f 471/905/472 475/911/457 476/912/458 469/901/183
f 462/887/455 474/910/454 473/908/453 460/884/157
f 452/866/466 479/917/474 477/914/460 453/869/459
f 456/875/468 478/916/473 472/906/451 454/871/467
f 469/902/183 476/913/458 477/915/460 457/878/469
f 467/897/471 474/910/454 475/911/457 471/905/472
f 454/872/467 472/907/451 473/909/453 466/896/158
f 493/943/475 492/942/476 480/918/477 486/930/478
f 487/931/479 482/923/480 484/926/481 491/940/482
f 498/952/483 488/933/484 490/937/485 499/955/486
f 480/918/477 481/920/487 482/922/480
f 483/924/488 484/925/481 485/928/489
f 486/930/478 487/932/479 488/935/484
f 489/936/490 490/938/485 491/941/482
f 499/957/486 490/938/485 489/936/490 497/951/491
f 490/939/485 488/934/484 487/931/479 491/940/482
f 482/922/480 487/932/479 486/930/478 480/918/477
f 491/941/482 484/925/481 483/924/488 489/936/490
f 484/926/481 482/923/480 481/919/487 485/927/489
f 494/946/492 481/920/487 480/918/477 492/942/476
f 485/928/489 495/949/493 496/950/494 483/924/488
f 488/935/484 498/954/483 493/943/475 486/930/478
f 489/936/490 483/924/488 496/950/494 497/951/491
f 481/921/487 494/944/492 495/947/493 485/929/489
f 499/956/486 495/948/493 494/945/492 498/953/483
f 496/950/494 495/949/493 499/957/486 497/951/491
f 492/942/476 493/943/475 498/954/483 494/946/492
f 514/984/495 502/961/496 503/964/497 515/987/498
f 517/991/499 516/990/500 505/969/501 509/976/502
f 501/960/503 508/975/504 510/978/505 504/967/506
f 500/958/507 501/959/503 502/963/496
f 503/966/497 504/968/506 505/969/501
f 506/970/508 507/972/509 508/974/504
f 509/976/502 510/977/505 511/980/510
f 508/974/504 501/959/503 500/958/507 506/970/508
f 501/960/503 504/967/506 503/965/497 502/962/496
f 504/968/506 510/977/505 509/976/502 505/969/501
f 510/978/505 508/975/504 507/971/509 511/979/510
f 518/994/511 507/972/509 506/970/508 513/983/512
f 515/989/498 503/966/497 505/969/501 516/990/500
f 502/963/496 514/986/495 512/982/513 500/958/507
f 511/980/510 519/997/514 517/991/499 509/976/502
f 507/973/509 518/992/511 519/995/514 511/981/510
f 506/970/508 500/958/507 512/982/513 513/983/512
f 519/996/514 518/993/511 514/985/495 515/988/498
f 512/982/513 514/986/495 518/994/511 513/983/512
f 516/990/500 517/991/499 519/997/514 515/989/498
f 545/1047/515 544/1046/516 532/1022/517 538/1034/518
f 546/1049/519 522/1001/520 523/1004/521 547/1051/522
f 539/1035/523 534/1027/524 536/1030/525 543/1044/526
f 549/1053/527 548/1052/528 525/1009/529 529/1016/530
f 521/1000/531 528/1015/532 530/1018/533 524/1007/534
f 550/1055/535 540/1037/536 542/1041/537 551/1057/538
f 520/998/539 521/999/531 522/1003/520
f 523/1006/521 524/1008/534 525/1009/529
f 526/1010/540 527/1012/541 528/1014/532
f 529/1016/530 530/1017/533 531/1020/542
f 532/1022/517 533/1024/543 534/1026/524
f 535/1028/544 536/1029/525 537/1032/545
f 538/1034/518 539/1036/523 540/1039/536
f 541/1040/546 542/1042/537 543/1045/526
f 528/1014/532 521/999/531 520/998/539 526/1010/540
f 521/1000/531 524/1007/534 523/1005/521 522/1002/520
f 524/1008/534 530/1017/533 529/1016/530 525/1009/529
f 530/1018/533 528/1015/532 527/1011/541 531/1019/542
f 550/1054/535 527/1012/541 526/1010/540 545/1047/515
f 551/1056/538 542/1042/537 541/1040/546 549/1053/527
f 542/1043/537 540/1038/536 539/1035/523 543/1044/526
f 534/1026/524 539/1036/523 538/1034/518 532/1022/517
f 543/1045/526 536/1029/525 535/1028/544 541/1040/546
f 536/1030/525 534/1027/524 533/1023/543 537/1031/545
f 546/1048/519 533/1024/543 532/1022/517 544/1046/516
f 547/1050/522 523/1006/521 525/1009/529 548/1052/528
f 537/1032/545 547/1050/522 548/1052/528 535/1028/544
f 522/1003/520 546/1048/519 544/1046/516 520/998/539
f 531/1020/542 551/1056/538 549/1053/527 529/1016/530
f 540/1039/536 550/1054/535 545/1047/515 538/1034/518
f 527/1013/541 550/1055/535 551/1057/538 531/1021/542
f 541/1040/546 535/1028/544 548/1052/528 549/1053/527
f 533/1025/543 546/1049/519 547/1051/522 537/1033/545
f 526/1010/540 520/998/539 544/1046/516 545/1047/515
f 571/1097/547 558/1070/548 552/1058/549 570/1096/550
f 560/1074/551 562/1077/552 557/1069/553 553/1060/554
f 564/1082/555 565/1085/556 563/1079/557 559/1071/558
f 561/1076/559 567/1089/560 566/1088/561 555/1064/562
f 552/1058/549 553/1059/554 554/1062/563
f 555/1064/562 556/1065/564 557/1068/553
f 558/1070/548 559/1072/558 560/1075/551
f 561/1076/559 562/1078/552 563/1080/557
f 558/1070/548 571/1097/547 564/1084/555 559/1072/558
f 555/1064/562 566/1088/561 569/1095/565 556/1065/564
f 567/1089/560 561/1076/559 563/1080/557 565/1087/556
f 562/1077/552 560/1074/551 559/1073/558 563/1081/557
f 552/1058/549 558/1070/548 560/1075/551 553/1059/554
f 561/1076/559 555/1064/562 557/1068/553 562/1078/552
f 556/1066/564 554/1061/563 553/1060/554 557/1069/553
f 570/1096/550 552/1058/549 554/1062/563 568/1092/566
f 554/1063/563 556/1067/564 569/1093/565 568/1090/566
f 568/1091/566 569/1094/565 565/1086/556 564/1083/555
f 567/1089/560 565/1087/556 569/1095/565 566/1088/561
f 568/1092/566 564/1084/555 571/1097/547 570/1096/550
f 597/1139/567 596/1138/568 584/1118/569 590/1128/570
f 598/1141/571 574/1101/572 575/1103/573 599/1143/574
f 601/1145/575 600/1144/576 577/1107/577 581/1113/578
f 573/1100/579 580/1112/580 582/1115/581 576/1105/582
f 602/1147/583 592/1131/584 594/1135/585 603/1149/586
f 572/1098/587 573/1099/579 574/1102/572
f 575/1104/573 576/1106/582 577/1107/577
f 578/1108/588 579/1109/589 580/1111/580
f 581/1113/578 582/1114/581 583/1116/590
f 584/1118/569 585/1119/591 586/1121/592
f 587/1123/593 588/1124/594 589/1126/595
f 590/1128/570 591/1130/596 592/1132/584
f 593/1133/597 594/1134/585 595/1137/598
f 580/1111/580 573/1099/579 572/1098/587 578/1108/588
f 573/1100/579 576/1105/582 575/1103/573 574/1101/572
f 576/1106/582 582/1114/581 581/1113/578 577/1107/577
f 582/1115/581 580/1112/580 579/1110/589 583/1117/590
f 602/1146/583 579/1109/589 578/1108/588 597/1139/567
f 603/1148/586 594/1134/585 593/1133/597 601/1145/575
f 594/1135/585 592/1131/584 591/1129/596 595/1136/598
f 586/1121/592 591/1130/596 590/1128/570 584/1118/569
f 595/1137/598 588/1124/594 587/1123/593 593/1133/597
f 588/1125/594 586/1122/592 585/1120/591 589/1127/595
f 598/1140/571 585/1119/591 584/1118/569 596/1138/568
f 599/1142/574 575/1104/573 577/1107/577 600/1144/576
f 589/1126/595 599/1142/574 600/1144/576 587/1123/593
f 574/1102/572 598/1140/571 596/1138/568 572/1098/587
f 583/1116/590 603/1148/586 601/1145/575 581/1113/578
f 592/1132/584 602/1146/583 597/1139/567 590/1128/570
f 579/1110/589 602/1147/583 603/1149/586 583/1117/590
f 593/1133/597 587/1123/593 600/1144/576 601/1145/575
f 585/1120/591 598/1141/571 599/1143/574 589/1127/595
f 578/1108/588 572/1098/587 596/1138/568 597/1139/567
o Crate_01_GEO
v -2.663400 0.306137 0.321728
v -2.663459 0.312248 0.327839
v -2.669510 0.312288 0.321635
v -2.663459 0.381505 0.327839
v -2.663400 0.387615 0.321728
v -2.669510 0.381487 0.321635
v -2.663190 0.306137 0.299841
v -2.669300 0.312288 0.299748
v -2.663131 0.312248 0.293731
v -2.663190 0.387615 0.299841
v -2.663131 0.381505 0.293731
v -2.669300 0.381487 0.299748
v -1.537072 0.321977 0.338828
v -1.530962 0.328048 0.338921
v -1.537131 0.328088 0.344939
v -1.537073 0.414168 0.338828
v -1.537131 0.408057 0.344939
v -1.530962 0.408075 0.338921
v -1.536862 0.321977 0.316941
v -1.536804 0.328088 0.310831
v -1.530752 0.328048 0.317034
v -1.536862 0.414168 0.316941
v -1.530752 0.408075 0.317034
v -1.536804 0.408057 0.310831
v -2.656540 0.148674 0.335026
v -2.656507 0.154785 0.341137
v -2.662651 0.154753 0.335079
v -2.656507 0.236628 0.341137
v -2.656540 0.242738 0.335026
v -2.662651 0.236603 0.335079
v -2.656659 0.148674 0.313138
v -2.662769 0.154753 0.313190
v -2.656692 0.154785 0.307027
v -2.656659 0.242738 0.313138
v -2.656692 0.236628 0.307027
v -2.662769 0.236603 0.313190
v -1.546386 0.154417 0.325531
v -1.540276 0.160560 0.325479
v -1.546353 0.160528 0.331642
v -1.546386 0.247150 0.325532
v -1.546353 0.241039 0.331642
v -1.540276 0.241063 0.325479
v -1.546505 0.154417 0.303643
v -1.546538 0.160528 0.297532
v -1.540394 0.160560 0.303591
v -1.546505 0.247150 0.303643
v -1.540394 0.241063 0.303591
v -1.546538 0.241039 0.297532
v -2.655903 0.000301 0.325998
v -2.655932 0.006412 0.332109
v -2.662014 0.006412 0.325952
v -2.655932 0.096070 0.332109
v -2.655903 0.102181 0.325998
v -2.662014 0.096109 0.325952
v -2.655800 0.000301 0.304110
v -2.661911 0.006412 0.304064
v -2.655771 0.006412 0.297999
v -2.655800 0.102181 0.304110
v -2.655771 0.096070 0.297999
v -2.661911 0.096109 0.304064
v -1.511965 0.000301 0.334560
v -1.505854 0.006412 0.334606
v -1.511994 0.006412 0.340671
v -1.511965 0.094919 0.334560
v -1.511994 0.088809 0.340671
v -1.505854 0.088770 0.334606
v -1.511862 0.000301 0.312671
v -1.511833 0.006412 0.306561
v -1.505751 0.006412 0.312717
v -1.511862 0.094919 0.312671
v -1.505751 0.088770 0.312717
v -1.511833 0.088809 0.306561
v -2.635153 0.321662 -0.325913
v -2.641263 0.327773 -0.325913
v -2.635153 0.327773 -0.332024
v -2.635153 0.404764 -0.332024
v -2.641263 0.404764 -0.325913
v -2.635153 0.410875 -0.325913
v -2.635153 0.321662 -0.307534
v -2.635153 0.327773 -0.301423
v -2.641263 0.327773 -0.307534
v -2.635153 0.410875 -0.307534
v -2.641263 0.404764 -0.307534
v -2.635153 0.404764 -0.301423
v -1.513072 0.302937 -0.325913
v -1.513072 0.309048 -0.332024
v -1.506961 0.309048 -0.325913
v -1.513072 0.392150 -0.325913
v -1.506961 0.386039 -0.325913
v -1.513072 0.386039 -0.332024
v -1.513072 0.302937 -0.307534
v -1.506961 0.309048 -0.307534
v -1.513072 0.309048 -0.301423
v -1.513072 0.392150 -0.307534
v -1.513072 0.386039 -0.301423
v -1.506961 0.386039 -0.307534
v -2.652882 0.170494 -0.334177
v -2.658992 0.176565 -0.334266
v -2.652815 0.176605 -0.340288
v -2.652815 0.265488 -0.340288
v -2.658992 0.265558 -0.334266
v -2.652882 0.271599 -0.334177
v -2.653081 0.170494 -0.315799
v -2.653147 0.176605 -0.309689
v -2.659191 0.176565 -0.315888
v -2.653081 0.271599 -0.315799
v -2.659191 0.265558 -0.315888
v -2.653147 0.265488 -0.309689
v -1.519183 0.148602 -0.317648
v -1.519117 0.154713 -0.323758
v -1.513073 0.154753 -0.317559
v -1.519183 0.247745 -0.317648
v -1.513073 0.241564 -0.317559
v -1.519117 0.241634 -0.323758
v -1.519382 0.148602 -0.299270
v -1.513272 0.154753 -0.299181
v -1.519449 0.154713 -0.293160
v -1.519382 0.247745 -0.299270
v -1.519449 0.241634 -0.293159
v -1.513272 0.241564 -0.299181
v -2.634368 0.000301 -0.322288
v -2.640478 0.006412 -0.322248
v -2.634395 0.006412 -0.328399
v -2.634395 0.095891 -0.328399
v -2.640478 0.095930 -0.322248
v -2.634368 0.102002 -0.322288
v -2.634286 0.000301 -0.303909
v -2.634259 0.006412 -0.297798
v -2.640397 0.006412 -0.303869
v -2.634286 0.102002 -0.303909
v -2.640397 0.095930 -0.303869
v -2.634259 0.095891 -0.297798
v -1.525697 0.015767 -0.329538
v -1.525724 0.021878 -0.335649
v -1.519587 0.021878 -0.329578
v -1.525697 0.110386 -0.329538
v -1.519587 0.104236 -0.329578
v -1.525724 0.104275 -0.335649
v -1.525616 0.015767 -0.311159
v -1.519505 0.021878 -0.311199
v -1.525589 0.021878 -0.305048
v -1.525615 0.110386 -0.311159
v -1.525589 0.104275 -0.305048
v -1.519505 0.104236 -0.311199
v -1.553880 0.332855 0.305351
v -1.547770 0.338967 0.305450
v -1.554056 0.339079 0.311459
v -1.547770 0.404764 0.305450
v -1.553880 0.410875 0.305351
v -1.554056 0.404764 0.311459
v -1.577701 0.332855 0.304963
v -1.577878 0.339079 0.311071
v -1.583812 0.338967 0.304863
v -1.577701 0.410875 0.304962
v -1.583812 0.404764 0.304863
v -1.577878 0.404764 0.311071
v -1.536552 0.293336 -0.295819
v -1.536376 0.299334 -0.301927
v -1.530442 0.299447 -0.295719
v -1.536552 0.382436 -0.295818
v -1.530442 0.376325 -0.295719
v -1.536376 0.376325 -0.301927
v -1.560374 0.293336 -0.296207
v -1.566484 0.299447 -0.296306
v -1.560198 0.299334 -0.302315
v -1.560374 0.382436 -0.296206
v -1.560198 0.376325 -0.302315
v -1.566484 0.376325 -0.296306
v -1.554131 0.154920 0.291564
v -1.548020 0.161031 0.291670
v -1.554311 0.161031 0.297672
v -1.548020 0.230326 0.291670
v -1.554131 0.236436 0.291564
v -1.554311 0.230326 0.297672
v -1.577951 0.154920 0.291149
v -1.578132 0.161031 0.297258
v -1.584062 0.161031 0.291044
v -1.577951 0.236436 0.291149
v -1.584062 0.230326 0.291044
v -1.578132 0.230326 0.297258
v -1.536302 0.196604 -0.288033
v -1.536122 0.202715 -0.294142
v -1.530192 0.202715 -0.287927
v -1.536302 0.278121 -0.288033
v -1.530192 0.272010 -0.287927
v -1.536122 0.272010 -0.294142
v -1.560123 0.196604 -0.288447
v -1.566233 0.202715 -0.288554
v -1.559943 0.202715 -0.294556
v -1.560123 0.278121 -0.288447
v -1.559943 0.272010 -0.294556
v -1.566233 0.272010 -0.288554
v -1.537241 0.000301 0.300974
v -1.531131 0.006412 0.300882
v -1.537080 0.006412 0.307083
v -1.531131 0.081935 0.300882
v -1.537241 0.088045 0.300974
v -1.537080 0.081935 0.307083
v -1.561064 0.000301 0.301337
v -1.560903 0.006412 0.307446
v -1.567174 0.006412 0.301430
v -1.561064 0.088045 0.301337
v -1.567174 0.081935 0.301430
v -1.560903 0.081935 0.307446
v -1.553190 0.030234 -0.302325
v -1.553351 0.036345 -0.308434
v -1.547080 0.036345 -0.302419
v -1.553190 0.117978 -0.302325
v -1.547080 0.111868 -0.302419
v -1.553351 0.111868 -0.308434
v -1.577012 0.030234 -0.301963
v -1.583123 0.036345 -0.301870
v -1.577174 0.036345 -0.308072
v -1.577012 0.117978 -0.301963
v -1.577174 0.111868 -0.308072
v -1.583123 0.111868 -0.301870
v -2.642820 0.326253 0.289469
v -2.642986 0.332364 0.295577
v -2.648931 0.332364 0.289370
v -2.648931 0.400174 0.289370
v -2.642986 0.400174 0.295577
v -2.642820 0.406284 0.289469
v -2.620783 0.326253 0.289827
v -2.614673 0.332364 0.289927
v -2.620948 0.332364 0.295936
v -2.620783 0.406284 0.289827
v -2.620948 0.400174 0.295936
v -2.614673 0.400174 0.289927
v -2.626920 0.326253 -0.295952
v -2.633030 0.332364 -0.296051
v -2.626755 0.332364 -0.302061
v -2.626920 0.406285 -0.295952
v -2.626755 0.400174 -0.302061
v -2.633030 0.400174 -0.296051
v -2.604882 0.326253 -0.295593
v -2.604717 0.332364 -0.301702
v -2.598772 0.332364 -0.295494
v -2.604882 0.406285 -0.295593
v -2.598772 0.400174 -0.295494
v -2.604717 0.400174 -0.301702
v -2.632527 0.144101 0.300438
v -2.632462 0.150212 0.306549
v -2.638638 0.150212 0.300473
v -2.638638 0.241144 0.300473
v -2.632462 0.241144 0.306549
v -2.632527 0.247255 0.300438
v -2.608681 0.144101 0.300302
v -2.602570 0.150212 0.300267
v -2.608616 0.150212 0.306412
v -2.608681 0.247255 0.300302
v -2.608616 0.241144 0.306413
v -2.602570 0.241144 0.300267
v -2.639022 0.160090 -0.305097
v -2.645133 0.166201 -0.305062
v -2.639087 0.166201 -0.311207
v -2.639022 0.247255 -0.305097
v -2.639087 0.241144 -0.311207
v -2.645133 0.241144 -0.305062
v -2.615176 0.160090 -0.305233
v -2.615241 0.166201 -0.311344
v -2.609065 0.166201 -0.305268
v -2.615176 0.247255 -0.305233
v -2.609065 0.241144 -0.305268
v -2.615241 0.241144 -0.311344
v -2.646587 0.000301 0.292080
v -2.646785 0.006412 0.298188
v -2.652699 0.006412 0.291992
v -2.652699 0.086524 0.291992
v -2.646785 0.086501 0.298188
v -2.646587 0.092635 0.292080
v -2.620335 0.000301 0.292462
v -2.614224 0.006412 0.292552
v -2.620531 0.006412 0.298570
v -2.620335 0.092635 0.292462
v -2.620531 0.086501 0.298570
v -2.614224 0.086524 0.292552
v -2.627368 0.043739 -0.292326
v -2.633479 0.049850 -0.292416
v -2.627172 0.049850 -0.298435
v -2.627368 0.138296 -0.292326
v -2.627172 0.132208 -0.298435
v -2.633479 0.132185 -0.292416
v -2.601115 0.043739 -0.291944
v -2.600918 0.049850 -0.298053
v -2.595004 0.049850 -0.291856
v -2.601115 0.138296 -0.291944
v -2.595004 0.132185 -0.291856
v -2.600918 0.132208 -0.298053
v -1.821747 0.000319 0.292068
v -1.821747 0.006430 0.298179
v -1.827857 0.006430 0.292068
v -1.821747 0.026440 0.298179
v -1.821747 0.032551 0.292068
v -1.827857 0.026440 0.292068
v -1.821747 0.000319 -0.306058
v -1.827857 0.006430 -0.306058
v -1.821747 0.006430 -0.312169
v -1.821747 0.032551 -0.306058
v -1.821747 0.026440 -0.312169
v -1.827857 0.026440 -0.306058
v -1.589538 0.000319 0.292068
v -1.583427 0.006430 0.292068
v -1.589538 0.006430 0.298179
v -1.589538 0.032551 0.292068
v -1.589538 0.026440 0.298179
v -1.583427 0.026440 0.292068
v -1.589538 0.000319 -0.306058
v -1.589538 0.006430 -0.312169
v -1.583427 0.006430 -0.306058
v -1.589538 0.032551 -0.306058
v -1.583427 0.026440 -0.306058
v -1.589538 0.026440 -0.312169
v -2.097071 -0.000000 0.292357
v -2.097071 0.006111 0.298467
v -2.103182 0.006111 0.292357
v -2.097071 0.026759 0.298467
v -2.097071 0.032870 0.292357
v -2.103182 0.026759 0.292357
v -2.097071 0.000000 -0.306347
v -2.103182 0.006111 -0.306347
v -2.097071 0.006111 -0.312457
v -2.097071 0.032870 -0.306347
v -2.097071 0.026759 -0.312457
v -2.103182 0.026759 -0.306347
v -1.832345 -0.000000 0.292357
v -1.826234 0.006111 0.292357
v -1.832345 0.006111 0.298467
v -1.832345 0.032870 0.292357
v -1.832345 0.026759 0.298467
v -1.826234 0.026759 0.292357
v -1.832345 0.000000 -0.306347
v -1.832345 0.006111 -0.312457
v -1.826234 0.006111 -0.306347
v -1.832345 0.032870 -0.306347
v -1.826234 0.026759 -0.306347
v -1.832345 0.026759 -0.312457
v -2.360124 0.000319 0.292068
v -2.354013 0.006430 0.292068
v -2.360124 0.006430 0.298179
v -2.360124 0.026440 0.298179
v -2.354013 0.026440 0.292068
v -2.360124 0.032551 0.292068
v -2.360124 0.000319 -0.306058
v -2.360124 0.006430 -0.312169
v -2.354013 0.006430 -0.306058
v -2.360124 0.032551 -0.306058
v -2.354013 0.026440 -0.306058
v -2.360124 0.026440 -0.312169
v -2.592333 0.000319 0.292068
v -2.592333 0.006430 0.298179
v -2.598444 0.006430 0.292068
v -2.592333 0.032551 0.292068
v -2.598444 0.026440 0.292068
v -2.592333 0.026440 0.298179
v -2.592333 0.000319 -0.306058
v -2.598444 0.006430 -0.306058
v -2.592333 0.006430 -0.312169
v -2.592333 0.032551 -0.306058
v -2.592333 0.026440 -0.312169
v -2.598444 0.026440 -0.306058
v -2.108999 -0.000000 0.292305
v -2.102888 0.006111 0.292305
v -2.108999 0.006111 0.298416
v -2.108999 0.026759 0.298416
v -2.102888 0.026759 0.292305
v -2.108999 0.032870 0.292305
v -2.108999 0.000000 -0.306295
v -2.108999 0.006111 -0.312406
v -2.102888 0.006111 -0.306295
v -2.108999 0.032870 -0.306295
v -2.102888 0.026759 -0.306295
v -2.108999 0.026759 -0.312406
v -2.348874 -0.000000 0.292305
v -2.348874 0.006111 0.298416
v -2.354985 0.006111 0.292305
v -2.348874 0.032870 0.292305
v -2.354985 0.026759 0.292305
v -2.348874 0.026759 0.298416
v -2.348874 0.000000 -0.306295
v -2.354985 0.006111 -0.306295
v -2.348874 0.006111 -0.312406
v -2.348874 0.032870 -0.306295
v -2.348874 0.026759 -0.312406
v -2.354985 0.026759 -0.306295
v -2.560792 0.032305 -0.232973
v -2.560822 0.038415 -0.226858
v -2.566932 0.038415 -0.232968
v -2.592533 0.400075 -0.250235
v -2.592563 0.406187 -0.256342
v -2.598644 0.400174 -0.256317
v -2.560792 0.032305 -0.271674
v -2.566932 0.038415 -0.271670
v -2.560822 0.038415 -0.277781
v -2.592563 0.406187 -0.295043
v -2.592533 0.400075 -0.301158
v -2.598644 0.400174 -0.295019
v -2.515980 0.032305 -0.232973
v -2.509869 0.038415 -0.232973
v -2.515980 0.038415 -0.226862
v -2.545903 0.405442 -0.256562
v -2.545903 0.399331 -0.250451
v -2.539793 0.399234 -0.256591
v -2.515980 0.032305 -0.271674
v -2.515980 0.038415 -0.277785
v -2.509869 0.038415 -0.271674
v -2.545903 0.405442 -0.295264
v -2.539793 0.399234 -0.295292
v -2.545903 0.399331 -0.301374
v -1.590682 0.032268 -0.250129
v -1.584301 0.038373 -0.250129
v -1.590418 0.038379 -0.244019
v -1.573961 0.399234 -0.244018
v -1.567844 0.399240 -0.250129
v -1.573685 0.405345 -0.250129
v -1.590682 0.032268 -0.288831
v -1.590418 0.038379 -0.294942
v -1.584301 0.038373 -0.288831
v -1.573685 0.405345 -0.288831
v -1.567844 0.399240 -0.288831
v -1.573961 0.399234 -0.294941
v -1.618497 0.032268 -0.250129
v -1.618497 0.038379 -0.244019
v -1.624608 0.038379 -0.250129
v -1.618497 0.405345 -0.250129
v -1.624608 0.399234 -0.250129
v -1.618497 0.399234 -0.244018
v -1.618497 0.032268 -0.288831
v -1.624608 0.038379 -0.288831
v -1.618497 0.038379 -0.294942
v -1.618497 0.405345 -0.288831
v -1.618497 0.399234 -0.294941
v -1.624608 0.399234 -0.288831
v -2.590715 0.031629 0.255806
v -2.597040 0.037736 0.255769
v -2.590926 0.037739 0.249658
v -2.603755 0.393695 0.247441
v -2.609852 0.393951 0.253547
v -2.603975 0.400587 0.253465
v -2.590715 0.031629 0.294508
v -2.590922 0.037738 0.300501
v -2.597036 0.037736 0.294389
v -2.603975 0.404915 0.287140
v -2.609855 0.398279 0.287223
v -2.603759 0.399582 0.293320
v -2.545903 0.031629 0.255806
v -2.545828 0.037739 0.249659
v -2.539717 0.037739 0.255770
v -2.528628 0.405635 0.239079
v -2.522613 0.399974 0.239161
v -2.528730 0.398717 0.233054
v -2.545903 0.031629 0.294508
v -2.539718 0.037739 0.294391
v -2.545829 0.037738 0.300502
v -2.541112 0.409962 0.287140
v -2.541213 0.404604 0.293318
v -2.535096 0.404301 0.287221
v -1.594904 0.032865 0.240464
v -1.595151 0.038975 0.234353
v -1.589035 0.038971 0.240464
v -1.588107 0.399234 0.249696
v -1.588344 0.405345 0.255806
v -1.581992 0.399239 0.255806
v -1.594904 0.032865 0.287910
v -1.589035 0.038971 0.287926
v -1.595151 0.038975 0.294037
v -1.588344 0.405345 0.304287
v -1.588107 0.399234 0.310381
v -1.581992 0.399239 0.304270
v -1.659346 0.032865 0.240464
v -1.665456 0.038975 0.240464
v -1.659346 0.038975 0.234353
v -1.637564 0.405345 0.255806
v -1.637564 0.399234 0.249696
v -1.643675 0.399234 0.255806
v -1.659346 0.032865 0.287910
v -1.659346 0.038975 0.294037
v -1.665456 0.038975 0.287926
v -1.637564 0.405345 0.304287
v -1.643675 0.399234 0.304270
v -1.637564 0.399234 0.310381
v -2.357189 0.377050 0.366990
v -2.357189 0.304881 0.366990
v -2.356920 0.383161 0.338992
v -2.357130 0.383161 0.360879
v -2.356861 0.377050 0.332882
v -2.356862 0.304881 0.332882
v -2.356920 0.298770 0.338992
v -2.357131 0.298770 0.360879
v -1.874854 0.321662 -0.364328
v -1.874854 0.321662 -0.345948
v -1.874854 0.327773 -0.370439
v -1.874854 0.404764 -0.370439
v -1.874854 0.410875 -0.364328
v -1.874854 0.410875 -0.345948
v -1.874854 0.327773 -0.339838
v -1.874854 0.404764 -0.339838
v -2.216424 0.144046 -0.362788
v -2.216623 0.144046 -0.344410
v -2.216358 0.150156 -0.368899
v -2.216358 0.249591 -0.368899
v -2.216424 0.255702 -0.362788
v -2.216623 0.255702 -0.344410
v -2.216689 0.150156 -0.338300
v -2.216689 0.249591 -0.338300
v -1.532328 0.307800 -0.076345
v -1.508507 0.307800 -0.075957
v -1.502396 0.386734 -0.075857
v -1.502396 0.313912 -0.075857
v -1.532328 0.392844 -0.076345
v -1.508507 0.392844 -0.075957
v -1.538438 0.386734 -0.076444
v -1.538438 0.313912 -0.076444
v -2.108999 0.033184 -0.090344
v -2.348874 0.033184 -0.090344
v -2.354985 0.039294 -0.090344
v -2.354985 0.059943 -0.090344
v -2.348874 0.066054 -0.090344
v -2.108999 0.066054 -0.090344
v -2.102888 0.039294 -0.090344
v -2.102888 0.059943 -0.090344
v -1.832345 0.021997 0.112631
v -2.097071 0.021997 0.112631
v -1.826234 0.048756 0.112631
v -1.826234 0.028107 0.112631
v -2.097071 0.054867 0.112631
v -1.832345 0.054867 0.112631
v -2.103182 0.048756 0.112631
v -2.103182 0.028107 0.112631
v -2.651002 0.326253 -0.068389
v -2.628965 0.326253 -0.068031
v -2.657113 0.332364 -0.068489
v -2.657113 0.400174 -0.068489
v -2.651002 0.406285 -0.068389
v -2.628965 0.406285 -0.068031
v -2.622855 0.332364 -0.067931
v -2.622855 0.400174 -0.067931
v -1.800935 0.031461 -0.363735
v -1.800853 0.031461 -0.345356
v -1.800962 0.037572 -0.369846
v -1.800962 0.121727 -0.369846
v -1.800935 0.127838 -0.363735
v -1.800853 0.127838 -0.345356
v -1.800826 0.037572 -0.339245
v -1.800826 0.121727 -0.339245
v -1.536807 0.000301 0.106051
v -1.512985 0.000301 0.105689
v -1.506875 0.081935 0.105596
v -1.506875 0.006412 0.105596
v -1.536807 0.088045 0.106051
v -1.512985 0.088045 0.105689
v -1.542918 0.081935 0.106144
v -1.542918 0.006412 0.106144
v -1.571125 0.010002 0.133341
v -1.803333 0.010002 0.133341
v -1.565014 0.036123 0.133341
v -1.565014 0.016113 0.133341
v -1.803333 0.042233 0.133341
v -1.571125 0.042233 0.133341
v -1.809444 0.036123 0.133341
v -1.809444 0.016113 0.133341
v -2.610905 0.144101 -0.003558
v -2.587059 0.144101 -0.003694
v -2.617015 0.150212 -0.003523
v -2.617015 0.241144 -0.003523
v -2.610905 0.247255 -0.003558
v -2.587059 0.247255 -0.003694
v -2.580948 0.150212 -0.003729
v -2.580948 0.241144 -0.003729
v -1.579608 0.184707 0.027508
v -1.555787 0.184707 0.027922
v -1.549677 0.260113 0.028028
v -1.549677 0.190818 0.028028
v -1.579608 0.266224 0.027508
v -1.555787 0.266224 0.027922
v -1.585718 0.260113 0.027401
v -1.585718 0.190818 0.027401
v -2.390524 0.000319 0.109557
v -2.622733 0.000319 0.109557
v -2.628844 0.006430 0.109557
v -2.628844 0.026440 0.109557
v -2.622733 0.032551 0.109557
v -2.390524 0.032551 0.109557
v -2.384413 0.006430 0.109557
v -2.384413 0.026440 0.109557
v -2.668863 0.024190 0.160724
v -2.642610 0.024190 0.161105
v -2.674974 0.030301 0.160635
v -2.674974 0.110919 0.160635
v -2.668863 0.117029 0.160724
v -2.642610 0.117029 0.161105
v -2.636499 0.030301 0.161195
v -2.636499 0.110919 0.161195
vn -0.0448 -0.3814 0.9233
vn -0.0503 0.3706 0.9274
vn -0.3988 0.3428 0.8506
vn -0.4061 -0.3370 0.8494
vn 0.8787 -0.3430 -0.3320
vn 0.8791 0.3421 -0.3319
vn 0.8713 0.3425 0.3514
vn 0.8709 -0.3434 0.3515
vn -0.3409 -0.8766 -0.3396
vn 0.3423 -0.8745 -0.3436
vn 0.3474 -0.8742 0.3392
vn -0.3357 -0.8769 0.3439
vn 0.0071 0.9296 -0.3685
vn -0.3101 0.8795 -0.3609
vn -0.3588 0.8763 0.3214
vn -0.0314 0.9159 0.4003
vn -0.8801 -0.3398 0.3316
vn -0.8797 0.3407 0.3317
vn -0.8720 0.3411 -0.3512
vn -0.8724 -0.3402 -0.3511
vn 0.0473 -0.3947 -0.9176
vn 0.0424 0.3838 -0.9224
vn 0.3286 0.3467 -0.8785
vn 0.3399 -0.3373 -0.8779
vn 0.3495 -0.3409 0.8727
vn 0.3474 0.3419 0.8732
vn -0.3358 0.3413 0.8779
vn -0.3336 -0.3422 0.8784
vn 0.8739 -0.3404 -0.3469
vn 0.8729 0.3427 -0.3472
vn 0.8773 0.3424 0.3362
vn 0.8783 -0.3402 0.3359
vn -0.3393 -0.8757 -0.3435
vn 0.3438 -0.8754 -0.3397
vn 0.3393 -0.8757 0.3435
vn -0.3438 -0.8754 0.3397
vn 0.3365 0.8767 -0.3439
vn -0.3467 0.8745 -0.3393
vn -0.3415 0.8748 0.3436
vn 0.3417 0.8763 0.3395
vn -0.8728 -0.3429 0.3472
vn -0.8738 0.3407 0.3470
vn -0.8782 0.3405 -0.3360
vn -0.8772 -0.3427 -0.3363
vn -0.3471 -0.3420 -0.8732
vn -0.3492 0.3411 -0.8728
vn 0.3339 0.3421 -0.8783
vn 0.3361 -0.3411 -0.8779
vn 0.3357 -0.3417 0.8778
vn 0.3372 0.3410 0.8775
vn -0.3460 0.3422 0.8736
vn -0.3475 -0.3415 0.8733
vn 0.8775 -0.3415 -0.3368
vn 0.8781 0.3400 -0.3366
vn 0.8743 0.3401 0.3462
vn 0.8737 -0.3417 0.3464
vn -0.0344 -0.9292 0.3681
vn -0.0118 -0.9160 -0.4010
vn 0.3366 -0.8831 -0.3268
vn 0.3000 -0.8849 0.3563
vn 0.3479 0.8739 -0.3395
vn -0.3353 0.8772 -0.3437
vn -0.3398 0.8769 0.3399
vn 0.3433 0.8742 0.3433
vn -0.8775 -0.3415 0.3368
vn -0.8768 0.3430 0.3370
vn -0.8730 0.3432 -0.3466
vn -0.8737 -0.3417 -0.3464
vn -0.3357 -0.3417 -0.8778
vn -0.3342 0.3423 -0.8781
vn 0.3490 0.3408 -0.8730
vn 0.3475 -0.3415 -0.8733
vn 0.0164 -0.3709 -0.9285
vn -0.3633 -0.3413 -0.8669
vn -0.3633 0.3413 -0.8669
vn 0.0346 0.3811 -0.9239
vn 0.8756 -0.3416 0.3416
vn 0.8756 -0.3416 -0.3416
vn 0.8756 0.3416 -0.3416
vn 0.8756 0.3416 0.3416
vn -0.0253 -0.9303 0.3660
vn -0.0246 -0.9191 -0.3932
vn 0.3588 -0.8732 -0.3299
vn 0.3318 -0.8750 0.3526
vn 0.0147 0.9312 0.3641
vn 0.0344 0.9176 -0.3961
vn -0.3503 0.8749 -0.3343
vn -0.3324 0.8763 0.3488
vn -0.8756 -0.3416 -0.3416
vn -0.8756 -0.3416 0.3416
vn -0.8756 0.3416 0.3416
vn -0.8756 0.3416 -0.3416
vn -0.0361 -0.3838 0.9227
vn 0.2871 -0.3487 0.8922
vn 0.3044 0.3347 0.8918
vn -0.0150 0.3950 0.9186
vn -0.0104 -0.3839 -0.9233
vn -0.3746 -0.3319 -0.8658
vn -0.3567 0.3461 -0.8677
vn 0.0083 0.3746 -0.9271
vn 0.8721 -0.3401 0.3518
vn 0.8803 -0.3399 -0.3309
vn 0.8808 0.3387 -0.3308
vn 0.8726 0.3389 0.3516
vn -0.0226 -0.9295 0.3682
vn 0.0071 -0.9144 -0.4047
vn 0.3360 -0.8840 -0.3251
vn 0.2952 -0.8858 0.3581
vn 0.0226 0.9287 0.3702
vn 0.0214 0.9176 -0.3970
vn -0.3325 0.8817 -0.3347
vn -0.3138 0.8829 0.3494
vn -0.8707 -0.3433 -0.3522
vn -0.8789 -0.3431 0.3314
vn -0.8784 0.3442 0.3316
vn -0.8702 0.3445 -0.3523
vn -0.0107 -0.3954 0.9184
vn 0.3096 -0.3412 0.8876
vn 0.3107 0.3407 0.8874
vn 0.0099 0.3856 0.9226
vn 0.0308 -0.3657 -0.9302
vn -0.3584 -0.3467 -0.8668
vn -0.3704 0.3365 -0.8658
vn 0.0392 0.3846 -0.9223
vn 0.8773 -0.3415 0.3372
vn 0.8738 -0.3417 -0.3460
vn 0.8745 0.3401 -0.3458
vn 0.8780 0.3400 0.3370
vn -0.3570 -0.9320 0.0636
vn -0.3576 -0.8878 -0.2896
vn 0.3271 -0.8869 -0.3261
vn 0.4066 -0.9119 0.0561
vn 0.0027 0.9327 0.3606
vn 0.0293 0.9178 -0.3960
vn -0.3632 0.8700 -0.3335
vn -0.3436 0.8716 0.3496
vn -0.8773 -0.3415 -0.3372
vn -0.8738 -0.3417 0.3460
vn -0.8731 0.3432 0.3462
vn -0.8766 0.3431 -0.3374
vn -0.0388 -0.3800 0.9242
vn 0.2811 -0.3491 0.8939
vn 0.3012 0.3333 0.8934
vn -0.0274 0.4001 0.9160
vn 0.9278 -0.3725 0.0194
vn 0.9280 0.3721 -0.0200
vn 0.8514 0.3475 0.3929
vn 0.8477 -0.3312 0.4145
vn -0.3249 -0.3457 -0.8803
vn -0.3242 0.3412 -0.8823
vn 0.3588 0.3420 -0.8685
vn 0.3594 -0.3465 -0.8665
vn -0.3908 -0.9170 -0.0800
vn -0.3289 -0.8680 -0.3720
vn 0.3533 -0.8704 -0.3428
vn 0.3794 -0.9233 -0.0599
vn -0.3559 0.9335 -0.0439
vn -0.3602 0.8847 0.2960
vn 0.3222 0.8819 0.3441
vn 0.4078 0.9120 -0.0442
vn 0.3236 -0.3367 0.8842
vn 0.3242 0.3412 0.8823
vn -0.3588 0.3420 0.8685
vn -0.3583 -0.3375 0.8705
vn -0.9190 -0.3929 0.0313
vn -0.9191 0.3937 -0.0151
vn -0.8917 0.3350 -0.3045
vn -0.8928 -0.3491 -0.2848
vn 0.9260 -0.3775 -0.0026
vn 0.9179 0.3928 0.0559
vn 0.8713 0.3252 0.3676
vn 0.8745 -0.3572 0.3282
vn -0.3233 -0.3412 -0.8826
vn -0.3233 0.3412 -0.8826
vn 0.3597 0.3420 -0.8681
vn 0.3597 -0.3420 -0.8681
vn -0.3565 -0.9335 -0.0385
vn -0.3583 -0.8651 -0.3510
vn 0.3232 -0.8608 -0.3931
vn 0.4016 -0.9154 -0.0269
vn -0.3870 0.9203 0.0576
vn -0.3434 0.8555 0.3876
vn 0.3379 0.8556 0.3921
vn 0.3703 0.9255 0.0797
vn 0.3233 -0.3412 0.8826
vn 0.3233 0.3412 0.8826
vn -0.3597 0.3420 0.8681
vn -0.3597 -0.3420 0.8681
vn -0.9270 -0.3714 -0.0527
vn -0.9220 0.3872 0.0038
vn -0.8615 0.3465 -0.3711
vn -0.8599 -0.3355 -0.3847
vn 0.9246 -0.3809 -0.0023
vn 0.9304 0.3656 0.0239
vn 0.8573 0.3407 0.3859
vn 0.8573 -0.3407 0.3859
vn -0.3576 -0.3420 -0.8690
vn -0.3576 0.3420 -0.8690
vn 0.3255 0.3412 -0.8818
vn 0.3255 -0.3412 -0.8818
vn 0.3689 -0.9293 0.0150
vn -0.3956 -0.9183 -0.0166
vn -0.3233 -0.8741 -0.3626
vn 0.3591 -0.8773 -0.3185
vn -0.3617 0.9318 0.0306
vn -0.3569 0.8772 0.3212
vn 0.3265 0.8744 0.3588
vn 0.4088 0.9118 0.0389
vn 0.3576 -0.3420 0.8690
vn 0.3576 0.3420 0.8690
vn -0.3255 0.3412 0.8818
vn -0.3255 -0.3412 0.8818
vn -0.9162 -0.3998 -0.0276
vn -0.9230 0.3848 0.0020
vn -0.8941 0.3520 -0.2771
vn -0.8937 -0.3319 -0.3019
vn -0.9253 -0.3772 -0.0380
vn -0.8754 -0.3417 0.3420
vn -0.8754 0.3417 0.3420
vn -0.9253 0.3772 -0.0380
vn 0.3584 -0.3419 -0.8687
vn -0.3247 -0.3412 -0.8821
vn -0.3247 0.3412 -0.8821
vn 0.3584 0.3419 -0.8687
vn 0.3968 -0.9175 -0.0282
vn -0.3633 -0.9314 -0.0210
vn -0.3558 -0.8684 -0.3454
vn 0.3264 -0.8648 -0.3816
vn 0.3689 0.9293 0.0150
vn -0.3956 0.9183 -0.0166
vn -0.3411 0.8755 0.3422
vn 0.3421 0.8757 0.3408
vn -0.3584 -0.3419 0.8687
vn 0.3247 -0.3412 0.8821
vn 0.3247 0.3412 0.8821
vn -0.3584 0.3419 0.8687
vn 0.9208 -0.3883 0.0383
vn 0.8950 -0.3420 -0.2864
vn 0.8950 0.3420 -0.2864
vn 0.9208 0.3883 0.0383
vn -0.9185 -0.3955 -0.0008
vn -0.8856 -0.3416 0.3146
vn -0.8856 0.3416 0.3146
vn -0.9208 0.3899 0.0102
vn 0.3354 -0.3414 -0.8780
vn -0.3478 -0.3417 -0.8731
vn -0.3478 0.3417 -0.8731
vn 0.3354 0.3414 -0.8780
vn 0.3597 -0.9253 -0.1200
vn -0.4137 -0.9067 -0.0827
vn -0.3252 -0.8663 -0.3792
vn 0.3568 -0.8704 -0.3394
vn 0.3994 0.9167 -0.0045
vn -0.3654 0.9309 0.0039
vn -0.3508 0.8765 0.3297
vn 0.3323 0.8748 0.3524
vn -0.3354 -0.3414 0.8780
vn 0.3478 -0.3418 0.8731
vn 0.3478 0.3417 0.8731
vn -0.3354 0.3414 0.8780
vn 0.9243 -0.3811 -0.0198
vn 0.8565 -0.3329 -0.3944
vn 0.8577 0.3408 -0.3850
vn 0.9266 0.3758 -0.0101
vn -0.9335 -0.3585 -0.0009
vn -0.8548 -0.3678 0.3661
vn -0.8444 0.3120 0.4355
vn -0.9207 0.3827 0.0759
vn 0.3585 -0.3422 -0.8685
vn -0.3245 -0.3410 -0.8823
vn -0.3246 0.3419 -0.8819
vn 0.3587 0.3431 -0.8681
vn -0.3693 -0.9288 -0.0318
vn 0.4026 -0.9154 -0.0020
vn 0.3255 -0.8846 0.3340
vn -0.3576 -0.8863 0.2943
vn 0.3483 0.9323 0.0975
vn -0.4013 0.9085 0.1165
vn -0.3171 0.8367 0.4464
vn 0.3624 0.8468 0.3893
vn -0.3585 -0.3422 0.8685
vn 0.3245 -0.3410 0.8823
vn 0.3244 0.3401 0.8827
vn -0.3584 0.3413 0.8689
vn 0.9227 -0.3771 -0.0798
vn 0.8930 -0.3363 -0.2991
vn 0.8934 0.3485 -0.2835
vn 0.9126 0.4085 0.0154
vn 0.3416 -0.3416 0.8756
vn 0.3416 0.3416 0.8756
vn -0.3416 0.3416 0.8756
vn -0.3416 -0.3416 0.8756
vn 0.9296 -0.3676 0.0273
vn 0.9224 0.3841 0.0405
vn 0.8535 0.3314 0.4020
vn 0.8565 -0.3498 0.3795
vn -0.3902 -0.9201 -0.0325
vn 0.3902 -0.9201 -0.0325
vn 0.3416 -0.8943 0.2890
vn -0.3416 -0.8943 0.2890
vn 0.3948 0.9182 0.0322
vn -0.3628 0.9319 0.0056
vn -0.3581 0.8675 0.3453
vn 0.3241 0.8631 0.3875
vn -0.9238 -0.3804 -0.0422
vn -0.9169 0.3983 -0.0259
vn -0.8822 0.3386 -0.3273
vn -0.8826 -0.3448 -0.3197
vn -0.3416 -0.3416 -0.8756
vn -0.3416 0.3416 -0.8756
vn 0.3416 0.3416 -0.8756
vn 0.3416 -0.3416 -0.8756
vn 0.9312 -0.3642 -0.0122
vn 0.9162 0.4004 0.0145
vn 0.8742 0.3240 0.3618
vn 0.8774 -0.3589 0.3185
vn 0.3573 -0.9339 -0.0156
vn 0.3649 -0.8781 0.3095
vn -0.3176 -0.8737 0.3683
vn -0.4067 -0.9134 0.0198
vn 0.3753 0.9264 0.0316
vn -0.3753 0.9264 0.0316
vn -0.3406 0.8538 0.3938
vn 0.3406 0.8538 0.3938
vn -0.9312 -0.3642 -0.0122
vn -0.9162 0.4004 0.0145
vn -0.8749 0.3340 -0.3506
vn -0.8763 -0.3491 -0.3320
vn -0.9270 -0.3726 0.0418
vn -0.8452 -0.3399 0.4123
vn -0.8452 0.3399 0.4123
vn -0.9270 0.3726 0.0418
vn 0.3932 -0.9189 0.0311
vn 0.3417 -0.8892 0.3043
vn -0.3417 -0.8892 0.3043
vn -0.3932 -0.9189 0.0311
vn -0.4067 0.9134 0.0198
vn -0.3176 0.8737 0.3683
vn 0.3649 0.8781 0.3095
vn 0.3573 0.9339 -0.0156
vn 0.9185 -0.3930 -0.0433
vn 0.8872 -0.3417 -0.3101
vn 0.8872 0.3417 -0.3101
vn 0.9185 0.3930 -0.0433
vn -0.9339 -0.3572 0.0112
vn -0.8768 -0.3539 0.3255
vn -0.8745 0.3291 0.3562
vn -0.9134 0.4069 -0.0142
vn -0.3405 -0.8760 -0.3416
vn 0.3416 -0.8756 -0.3416
vn 0.3416 -0.8756 0.3415
vn -0.3404 -0.8761 0.3413
vn -0.3727 0.9275 -0.0300
vn -0.3410 0.8604 0.3787
vn 0.3410 0.8604 0.3787
vn 0.3727 0.9275 -0.0300
vn 0.9339 -0.3572 0.0112
vn 0.8779 -0.3632 -0.3122
vn 0.8739 0.3195 -0.3665
vn 0.9134 0.4069 -0.0142
vn 0.3544 -0.2987 0.8861
vn 0.3350 0.3821 0.8613
vn -0.3480 0.3539 0.8681
vn -0.3285 -0.3283 0.8856
vn 0.8882 -0.3167 -0.3330
vn 0.8640 0.3610 -0.3511
vn 0.8620 0.3849 0.3298
vn 0.8892 -0.2944 0.3502
vn 0.3309 -0.8802 -0.3403
vn 0.3309 -0.8802 0.3403
vn -0.3416 -0.8756 0.3416
vn -0.3416 -0.8756 -0.3416
vn 0.3506 0.8720 -0.3415
vn -0.3337 0.8786 -0.3417
vn -0.3315 0.8789 0.3429
vn 0.3528 0.8715 0.3406
vn -0.8612 -0.3679 0.3508
vn -0.8874 0.3175 0.3343
vn -0.8887 0.2957 -0.3503
vn -0.8588 -0.3914 -0.3307
vn -0.3297 -0.3848 -0.8621
vn -0.3519 0.2993 -0.8869
vn 0.3318 0.3253 -0.8855
vn 0.3523 -0.3539 -0.8664
vn 0.3364 -0.3521 0.8734
vn 0.3460 0.3306 0.8781
vn -0.3338 -0.8771 0.3452
vn -0.3330 -0.8799 -0.3391
vn 0.3384 -0.8775 -0.3397
vn 0.3392 -0.8748 0.3458
vn -0.3416 0.8756 -0.3416
vn -0.3416 0.8756 0.3416
vn 0.3523 0.8707 0.3432
vn 0.3523 0.8707 -0.3432
vn 0.8645 -0.3700 0.3403
vn 0.8645 -0.3700 -0.3403
vn 0.8856 0.3129 -0.3432
vn 0.8856 0.3129 0.3432
vn 0.3364 -0.3521 -0.8734
vn 0.3460 0.3306 -0.8781
vn 0.3033 -0.3712 -0.8776
vn -0.3702 -0.3552 -0.8584
vn -0.4222 0.2850 -0.8605
vn 0.2676 0.2844 -0.9206
vn 0.8578 -0.3436 0.3822
vn 0.8802 -0.3728 -0.2936
vn 0.8994 0.3208 -0.2970
vn 0.8426 0.3626 0.3982
vn 0.3511 -0.8715 0.3423
vn -0.3415 -0.8759 0.3409
vn 0.3512 -0.8712 -0.3430
vn 0.2594 0.9166 0.3041
vn 0.2966 0.8719 -0.3896
vn -0.4276 0.8155 -0.3900
vn -0.4064 0.8765 0.2581
vn -0.8669 -0.3655 -0.3390
vn -0.8678 -0.3591 0.3435
vn -0.8977 0.3140 0.3092
vn -0.8863 0.2828 -0.3666
vn -0.3385 -0.3373 0.8784
vn 0.3405 -0.3322 0.8796
vn 0.3251 0.3896 0.8617
vn -0.3698 0.3662 0.8539
vn -0.3501 -0.3124 -0.8831
vn -0.3325 0.3704 -0.8673
vn 0.3455 0.3587 -0.8672
vn 0.3371 -0.3242 -0.8839
vn -0.8848 -0.3233 0.3355
vn -0.8662 0.3589 0.3478
vn -0.8644 0.3751 -0.3349
vn -0.8856 -0.3081 -0.3476
vn -0.3417 0.8753 0.3422
vn 0.3321 0.8794 0.3411
vn 0.3320 0.8797 -0.3404
vn 0.8755 -0.3342 -0.3489
vn 0.8755 0.3485 -0.3346
vn 0.8767 0.3329 0.3471
vn 0.8742 -0.3501 0.3364
vn 0.3366 -0.3627 0.8690
vn 0.3459 0.3205 0.8818
vn -0.3333 0.3316 0.8826
vn -0.3501 -0.3503 0.8687
vn -0.3764 -0.8692 0.3207
vn -0.3270 -0.8733 -0.3611
vn -0.2855 -0.3388 -0.8965
vn -0.2789 0.3439 -0.8966
vn 0.3553 -0.8709 0.3395
vn 0.3524 -0.3372 0.8730
vn 0.3273 0.8818 0.3396
vn 0.3406 0.3469 0.8738
vn 0.3494 -0.8716 -0.3438
vn 0.3219 0.8820 -0.3440
vn -0.3503 -0.8749 -0.3343
vn -0.3324 -0.8763 0.3488
vn -0.3198 -0.3417 0.8837
vn -0.3198 0.3417 0.8837
vn 0.3772 -0.3485 -0.8581
vn 0.3819 0.8649 -0.3256
vn 0.3963 0.3330 -0.8556
vn 0.3435 0.8688 0.3567
vn -0.3758 -0.8644 -0.3341
vn -0.3558 -0.8670 0.3489
vn -0.3286 -0.3330 0.8838
vn -0.3121 0.3461 0.8848
vn 0.3764 -0.3404 -0.8616
vn 0.3619 0.8720 -0.3297
vn 0.3776 0.3399 -0.8614
vn 0.3349 0.8738 0.3525
vn -0.3348 -0.8811 -0.3339
vn -0.3158 -0.8822 0.3494
vn -0.3112 -0.3470 0.8848
vn -0.3226 0.3371 0.8844
vn 0.3814 -0.3492 -0.8559
vn 0.3902 0.8620 -0.3236
vn 0.4041 0.3312 -0.8527
vn 0.3467 0.8668 0.3583
vn 0.3194 -0.8605 0.3969
vn -0.3609 -0.8656 0.3472
vn -0.8962 -0.3338 0.2921
vn -0.8969 0.3484 0.2723
vn 0.8595 -0.3499 -0.3727
vn 0.3259 0.8657 -0.3799
vn 0.8559 0.3335 -0.3952
vn -0.3571 0.8698 -0.3405
vn 0.3403 -0.8926 0.2958
vn -0.3430 -0.8934 0.2903
vn -0.8799 -0.3580 0.3126
vn -0.8772 0.3254 0.3531
vn 0.8887 -0.3368 -0.3110
vn 0.3528 0.8826 -0.3107
vn 0.8891 0.3473 -0.2980
vn -0.3301 0.8808 -0.3394
vn 0.3265 -0.8744 0.3588
vn -0.3569 -0.8772 0.3212
vn -0.8916 -0.3413 0.2976
vn -0.8916 0.3413 0.2976
vn 0.8526 -0.3297 -0.4053
vn 0.3256 0.8863 -0.3293
vn 0.8562 0.3516 -0.3786
vn -0.3570 0.8882 -0.2892
vn -0.3411 -0.8755 0.3422
vn 0.3421 -0.8757 0.3408
vn 0.8758 -0.3414 0.3412
vn 0.8758 0.3414 0.3412
vn -0.8528 -0.3406 -0.3959
vn -0.3233 0.8741 -0.3626
vn -0.8528 0.3406 -0.3959
vn 0.3591 0.8773 -0.3185
vn -0.3508 -0.8765 0.3297
vn 0.3323 -0.8748 0.3524
vn 0.8647 -0.3412 0.3686
vn 0.8647 0.3412 0.3686
vn -0.8911 -0.3346 -0.3066
vn -0.3557 0.8770 -0.3230
vn -0.8913 0.3418 -0.2979
vn 0.3271 0.8743 -0.3585
vn -0.3208 -0.9035 0.2843
vn 0.3617 -0.9013 0.2385
vn 0.8977 -0.3638 0.2485
vn 0.8977 0.3169 0.3062
vn -0.8543 -0.3341 -0.3982
vn -0.3268 0.8821 -0.3393
vn -0.8566 0.3474 -0.3816
vn 0.3561 0.8848 -0.3006
vn -0.8936 -0.3498 0.2814
vn -0.8933 0.3334 0.3016
vn -0.3476 -0.8797 -0.3246
vn -0.3475 0.8725 -0.3434
vn 0.3357 -0.8787 -0.3393
vn 0.8688 -0.3446 -0.3556
vn 0.3354 0.8712 -0.3584
vn 0.8681 0.3381 -0.3635
vn -0.8774 -0.3589 0.3185
vn -0.8742 0.3240 0.3618
vn -0.3417 -0.8840 -0.3190
vn -0.3413 0.8666 -0.3641
vn 0.3417 -0.8840 -0.3190
vn 0.8763 -0.3491 -0.3320
vn 0.3413 0.8666 -0.3641
vn 0.8749 0.3340 -0.3506
vn 0.9002 -0.3415 0.2703
vn 0.9002 0.3415 0.2703
vn 0.3520 -0.8766 -0.3281
vn 0.3520 0.8766 -0.3281
vn -0.3310 -0.8747 -0.3540
vn -0.8629 -0.3411 -0.3730
vn -0.3310 0.8747 -0.3540
vn -0.8629 0.3411 -0.3730
vn 0.8768 -0.3539 0.3255
vn 0.8745 0.3291 0.3562
vn 0.3415 -0.8985 -0.2758
vn 0.3401 0.8478 -0.4070
vn -0.3415 -0.8985 -0.2758
vn -0.8779 -0.3632 -0.3122
vn -0.3401 0.8478 -0.4070
vn -0.8739 0.3195 -0.3665
vn 0.0196 -0.9312 -0.3640
vn -0.0183 -0.9181 0.3959
vt 0.574785 0.486746
vt 0.537107 0.479916
vt 0.977791 0.056844
vt 0.573041 0.486318
vt 0.574526 0.484904
vt 0.977799 0.058579
vt 0.550964 0.479590
vt 0.991652 0.056844
vt 0.702839 0.233961
vt 0.704540 0.233567
vt 0.991649 0.058579
vt 0.704280 0.235360
vt 0.578919 0.486661
vt 0.579225 0.484948
vt 0.977799 0.062959
vt 0.977791 0.064684
vt 0.580628 0.486299
vt 0.569035 0.008153
vt 0.708550 0.233639
vt 0.991652 0.064684
vt 0.710228 0.233962
vt 0.582893 0.008479
vt 0.708867 0.235304
vt 0.991649 0.062959
vt 0.574683 0.708967
vt 0.574388 0.710684
vt 0.977251 0.390935
vt 0.977243 0.389210
vt 0.572971 0.709351
vt 0.534963 0.253915
vt 0.704292 0.009941
vt 0.961238 0.389210
vt 0.702575 0.009605
vt 0.550964 0.253538
vt 0.703969 0.008227
vt 0.961234 0.390935
vt 0.578865 0.708904
vt 0.566891 0.234154
vt 0.977243 0.397050
vt 0.580628 0.709320
vt 0.977251 0.395316
vt 0.579125 0.710744
vt 0.708453 0.010005
vt 0.961234 0.395316
vt 0.708735 0.008153
vt 0.582893 0.234530
vt 0.710228 0.009631
vt 0.961238 0.397050
vt 0.304185 0.775358
vt 0.664241 0.230422
vt 0.344629 0.968551
vt 0.306022 0.775739
vt 0.304512 0.777200
vt 0.344623 0.970278
vt 0.680621 0.230357
vt 0.361010 0.968551
vt 0.273641 0.775818
vt 0.275352 0.775443
vt 0.361005 0.970278
vt 0.275053 0.777201
vt 0.299685 0.775277
vt 0.299393 0.777259
vt 0.344623 0.974659
vt 0.666567 0.253538
vt 0.344629 0.976391
vt 0.297794 0.775703
vt 0.279724 0.775363
vt 0.682947 0.253603
vt 0.361010 0.976391
vt 0.281487 0.775782
vt 0.279985 0.777255
vt 0.361005 0.974659
vt 0.304259 0.559272
vt 0.304520 0.557379
vt 0.495998 0.974760
vt 0.664508 0.008217
vt 0.495992 0.976492
vt 0.306022 0.558852
vt 0.275149 0.559363
vt 0.680621 0.008153
vt 0.512106 0.976492
vt 0.273258 0.558935
vt 0.274857 0.557379
vt 0.512111 0.974760
vt 0.299886 0.559192
vt 0.666834 0.475743
vt 0.298176 0.558817
vt 0.495992 0.968652
vt 0.495998 0.970379
vt 0.299588 0.557434
vt 0.279650 0.559282
vt 0.512111 0.970379
vt 0.279977 0.557438
vt 0.682947 0.475807
vt 0.281487 0.558899
vt 0.512106 0.968652
vt 0.758740 0.496778
vt 0.376067 0.247237
vt 0.799158 0.965494
vt 0.756860 0.496346
vt 0.758457 0.494816
vt 0.799158 0.963762
vt 0.358122 0.247237
vt 0.781213 0.965494
vt 0.755882 0.474765
vt 0.757773 0.474339
vt 0.781205 0.963762
vt 0.757481 0.476321
vt 0.763177 0.496689
vt 0.763486 0.494913
vt 0.799158 0.959381
vt 0.481313 0.237115
vt 0.799158 0.957654
vt 0.764899 0.496320
vt 0.762272 0.474419
vt 0.463368 0.237115
vt 0.781213 0.957654
vt 0.764110 0.474798
vt 0.762600 0.476260
vt 0.781205 0.959381
vt 0.758582 0.719431
vt 0.758273 0.721207
vt 0.973432 0.330615
vt 0.376067 0.476199
vt 0.973432 0.328888
vt 0.756860 0.719800
vt 0.757972 0.251666
vt 0.359576 0.476199
vt 0.956940 0.328888
vt 0.756262 0.251290
vt 0.757674 0.249906
vt 0.956948 0.330615
vt 0.763019 0.719342
vt 0.481313 0.008153
vt 0.764899 0.719774
vt 0.973432 0.336728
vt 0.973432 0.334996
vt 0.763302 0.721304
vt 0.762347 0.251745
vt 0.956948 0.334996
vt 0.762607 0.249850
vt 0.464822 0.008153
vt 0.764110 0.251323
vt 0.956940 0.336728
vt 0.472002 0.709445
vt 0.471750 0.711288
vt 0.963194 0.985398
vt 0.026096 0.513181
vt 0.963194 0.983668
vt 0.470252 0.709865
vt 0.010689 0.513438
vt 0.947784 0.983668
vt 0.705586 0.254975
vt 0.947784 0.985398
vt 0.706998 0.253620
vt 0.707296 0.255340
vt 0.475469 0.709504
vt 0.963194 0.990806
vt 0.477180 0.709856
vt 0.515562 0.008410
vt 0.475771 0.711216
vt 0.963194 0.989077
vt 0.710785 0.255388
vt 0.711040 0.253538
vt 0.947784 0.989077
vt 0.947784 0.990806
vt 0.712548 0.254975
vt 0.500155 0.008153
vt 0.472000 0.487794
vt 0.652775 0.990888
vt 0.470323 0.487466
vt 0.026096 0.287968
vt 0.471690 0.486108
vt 0.652775 0.989159
vt 0.707330 0.476659
vt 0.707096 0.478509
vt 0.637366 0.989159
vt 0.637366 0.990888
vt 0.705580 0.477121
vt 0.010689 0.288224
vt 0.475414 0.487841
vt 0.652775 0.985480
vt 0.475687 0.486008
vt 0.515562 0.233623
vt 0.652775 0.983750
vt 0.477180 0.487471
vt 0.710831 0.476717
vt 0.500155 0.233366
vt 0.712548 0.477098
vt 0.637366 0.983750
vt 0.637366 0.985480
vt 0.711121 0.478441
vt 0.644970 0.717981
vt 0.644696 0.719710
vt 0.956211 0.572497
vt 0.319657 0.008527
vt 0.956219 0.574224
vt 0.643260 0.718396
vt 0.337443 0.008153
vt 0.974009 0.574224
vt 0.672405 0.493543
vt 0.974023 0.572497
vt 0.673790 0.492195
vt 0.674093 0.493883
vt 0.648494 0.717934
vt 0.956219 0.567086
vt 0.650261 0.718379
vt 0.282110 0.235581
vt 0.648731 0.719780
vt 0.956211 0.568819
vt 0.677534 0.493940
vt 0.677799 0.492113
vt 0.974023 0.568819
vt 0.974009 0.567086
vt 0.679299 0.493564
vt 0.299896 0.235954
vt 0.645062 0.494381
vt 0.282147 0.968437
vt 0.643302 0.493957
vt 0.320050 0.235954
vt 0.644810 0.492522
vt 0.282155 0.970170
vt 0.674111 0.717674
vt 0.673859 0.719530
vt 0.299530 0.970170
vt 0.299544 0.968437
vt 0.672360 0.718101
vt 0.337443 0.235589
vt 0.648552 0.494312
vt 0.282155 0.973848
vt 0.648854 0.492588
vt 0.282503 0.008153
vt 0.282147 0.975575
vt 0.650261 0.493949
vt 0.677588 0.717743
vt 0.299896 0.008518
vt 0.679299 0.718110
vt 0.299544 0.975575
vt 0.299530 0.973848
vt 0.677889 0.719469
vt 0.400119 0.713623
vt 0.399855 0.715460
vt 0.973822 0.730026
vt 0.374504 0.230931
vt 0.973822 0.728295
vt 0.398372 0.714012
vt 0.356596 0.230682
vt 0.955914 0.728295
vt 0.705149 0.496229
vt 0.955906 0.730026
vt 0.706674 0.494816
vt 0.706917 0.496669
vt 0.403556 0.713689
vt 0.973822 0.735433
vt 0.405265 0.714018
vt 0.411564 0.008153
vt 0.403870 0.715392
vt 0.973822 0.733705
vt 0.710431 0.496606
vt 0.710721 0.494886
vt 0.955906 0.733705
vt 0.955914 0.735433
vt 0.712142 0.496229
vt 0.393657 0.008402
vt 0.400109 0.494399
vt 0.078307 0.979399
vt 0.398442 0.494072
vt 0.374504 0.008383
vt 0.399799 0.492723
vt 0.078307 0.981126
vt 0.706862 0.715356
vt 0.706587 0.717093
vt 0.094791 0.981126
vt 0.094798 0.979399
vt 0.705159 0.715779
vt 0.358014 0.008153
vt 0.403499 0.494448
vt 0.078307 0.984805
vt 0.403774 0.492622
vt 0.411564 0.230701
vt 0.078307 0.986537
vt 0.405265 0.494087
vt 0.710373 0.715321
vt 0.395075 0.230931
vt 0.712142 0.715767
vt 0.094798 0.986537
vt 0.094791 0.984805
vt 0.710614 0.717175
vt 0.216392 0.732517
vt 0.819383 0.614881
vt 0.756046 0.981814
vt 0.214639 0.732074
vt 0.216130 0.730661
vt 0.757786 0.981792
vt 0.832538 0.615499
vt 0.756046 0.968645
vt 0.246366 0.851003
vt 0.248114 0.850644
vt 0.757786 0.968645
vt 0.247823 0.852471
vt 0.220925 0.732401
vt 0.221220 0.730666
vt 0.762555 0.981792
vt 0.764274 0.981814
vt 0.222636 0.731994
vt 0.569485 0.727668
vt 0.252560 0.850761
vt 0.764274 0.968645
vt 0.254267 0.851081
vt 0.582640 0.727050
vt 0.252890 0.852452
vt 0.762555 0.968645
vt 0.216476 0.851597
vt 0.216157 0.853251
vt 0.976644 0.439621
vt 0.976621 0.437902
vt 0.214805 0.851921
vt 0.817168 0.493426
vt 0.247987 0.731742
vt 0.961234 0.437902
vt 0.246297 0.731329
vt 0.832538 0.494148
vt 0.247698 0.730033
vt 0.961234 0.439621
vt 0.220874 0.851527
vt 0.567271 0.849123
vt 0.976621 0.446130
vt 0.222636 0.851848
vt 0.976644 0.444389
vt 0.221169 0.853321
vt 0.252495 0.731798
vt 0.961234 0.444389
vt 0.252760 0.729967
vt 0.582641 0.848401
vt 0.254267 0.731391
vt 0.961234 0.446130
vt 0.913750 0.597753
vt 0.123768 0.132507
vt 0.915524 0.598068
vt 0.914057 0.599596
vt 0.123768 0.130767
vt 0.109899 0.132507
vt 0.916446 0.251205
vt 0.914716 0.251666
vt 0.109899 0.130767
vt 0.914948 0.249850
vt 0.909299 0.597819
vt 0.908940 0.599508
vt 0.123768 0.125998
vt 0.907594 0.598101
vt 0.123768 0.124279
vt 0.910175 0.251597
vt 0.908506 0.251148
vt 0.109899 0.124279
vt 0.909914 0.249891
vt 0.109899 0.125998
vt 0.913844 0.482717
vt 0.914132 0.481029
vt 0.991660 0.009872
vt 0.991660 0.008153
vt 0.915524 0.482329
vt 0.115425 0.248633
vt 0.914740 0.366068
vt 0.977791 0.008153
vt 0.916446 0.366408
vt 0.101556 0.248633
vt 0.915060 0.367775
vt 0.977791 0.009872
vt 0.909392 0.482828
vt 0.115425 0.008153
vt 0.991660 0.016381
vt 0.907666 0.482420
vt 0.991660 0.014641
vt 0.909129 0.481023
vt 0.910226 0.365947
vt 0.977791 0.014641
vt 0.909932 0.367794
vt 0.101556 0.008153
vt 0.908454 0.366312
vt 0.977791 0.016381
vt 0.608199 0.735695
vt 0.817652 0.754142
vt 0.316604 0.983553
vt 0.606514 0.735318
vt 0.607895 0.734000
vt 0.318324 0.983553
vt 0.832749 0.753397
vt 0.316604 0.968437
vt 0.397452 0.853401
vt 0.399126 0.853027
vt 0.318324 0.968437
vt 0.398821 0.854711
vt 0.612665 0.735749
vt 0.612941 0.733928
vt 0.323092 0.983553
vt 0.324832 0.983553
vt 0.614425 0.735373
vt 0.429811 0.706222
vt 0.403562 0.852977
vt 0.324832 0.968437
vt 0.405327 0.853354
vt 0.444909 0.706967
vt 0.403838 0.854794
vt 0.323092 0.968437
vt 0.608148 0.854955
vt 0.607893 0.856802
vt 0.567271 0.984987
vt 0.567271 0.986727
vt 0.606385 0.855401
vt 0.817652 0.632550
vt 0.399206 0.733585
vt 0.582386 0.986727
vt 0.397463 0.733248
vt 0.832749 0.631805
vt 0.398906 0.731766
vt 0.582386 0.984987
vt 0.612715 0.855065
vt 0.429811 0.827814
vt 0.567271 0.978499
vt 0.614425 0.855475
vt 0.567271 0.980219
vt 0.613001 0.856790
vt 0.403623 0.733470
vt 0.582386 0.980219
vt 0.403959 0.731787
vt 0.444909 0.828559
vt 0.405327 0.733168
vt 0.582386 0.978499
vt 0.275563 0.910811
vt 0.275256 0.912518
vt 0.238418 0.990127
vt 0.848116 0.249850
vt 0.238418 0.991847
vt 0.273863 0.911180
vt 0.861688 0.249850
vt 0.251990 0.991847
vt 0.182612 0.797969
vt 0.251990 0.990127
vt 0.184005 0.796631
vt 0.184312 0.798338
vt 0.279727 0.910740
vt 0.238418 0.983976
vt 0.281487 0.911132
vt 0.862417 0.493426
vt 0.279996 0.912576
vt 0.238418 0.985715
vt 0.188476 0.798409
vt 0.188744 0.796573
vt 0.251990 0.985715
vt 0.251990 0.983976
vt 0.190236 0.798018
vt 0.848845 0.493426
vt 0.275659 0.795387
vt 0.012838 0.982828
vt 0.273915 0.794991
vt 0.848116 0.367293
vt 0.275388 0.793562
vt 0.014577 0.982828
vt 0.184407 0.913762
vt 0.184137 0.915588
vt 0.014577 0.969256
vt 0.012838 0.969256
vt 0.182664 0.914158
vt 0.861688 0.367293
vt 0.279788 0.795277
vt 0.018988 0.982828
vt 0.280093 0.793580
vt 0.862417 0.610869
vt 0.020709 0.982828
vt 0.281487 0.794919
vt 0.188536 0.913872
vt 0.848845 0.610869
vt 0.190236 0.914230
vt 0.020709 0.969256
vt 0.018988 0.969256
vt 0.188841 0.915569
vt 0.886828 0.009986
vt 0.887103 0.008153
vt 0.961392 0.131058
vt 0.534235 0.765241
vt 0.963125 0.131058
vt 0.888588 0.009594
vt 0.516035 0.765241
vt 0.963125 0.112858
vt 0.890231 0.371465
vt 0.961392 0.112858
vt 0.888743 0.372904
vt 0.888469 0.371072
vt 0.882323 0.009938
vt 0.954893 0.131058
vt 0.880625 0.009574
vt 0.781205 0.753416
vt 0.882015 0.008235
vt 0.956619 0.131058
vt 0.883974 0.371118
vt 0.883666 0.372818
vt 0.956619 0.112858
vt 0.954893 0.112858
vt 0.882280 0.371481
vt 0.799405 0.753416
vt 0.886880 0.129465
vt 0.888588 0.129852
vt 0.531035 0.643630
vt 0.887172 0.131181
vt 0.531035 0.641904
vt 0.888526 0.251588
vt 0.888837 0.249889
vt 0.516035 0.641904
vt 0.890231 0.251241
vt 0.516035 0.643630
vt 0.882335 0.129376
vt 0.531035 0.637131
vt 0.882077 0.131217
vt 0.784405 0.631805
vt 0.531035 0.635397
vt 0.880580 0.129817
vt 0.884041 0.251679
vt 0.799405 0.631805
vt 0.882295 0.251277
vt 0.516035 0.635397
vt 0.516035 0.637131
vt 0.883767 0.249850
vt 0.787703 0.887821
vt 0.787343 0.889411
vt 0.060077 0.132876
vt 0.060077 0.134590
vt 0.786091 0.888068
vt 0.076111 0.134590
vt 0.853674 0.633058
vt 0.076106 0.132876
vt 0.855088 0.631861
vt 0.855321 0.633578
vt 0.792303 0.887758
vt 0.794032 0.887998
vt 0.060077 0.125875
vt 0.792633 0.889514
vt 0.060077 0.127620
vt 0.860368 0.633622
vt 0.860589 0.631805
vt 0.076106 0.127620
vt 0.862112 0.633138
vt 0.076111 0.125875
vt 0.787382 0.771581
vt 0.866725 0.968411
vt 0.785638 0.771179
vt 0.068771 0.252312
vt 0.787106 0.769763
vt 0.866725 0.966666
vt 0.855426 0.749305
vt 0.855121 0.751151
vt 0.850242 0.966666
vt 0.850246 0.968411
vt 0.853647 0.749653
vt 0.085250 0.252312
vt 0.792327 0.771429
vt 0.866725 0.961411
vt 0.792620 0.769723
vt 0.068771 0.008153
vt 0.866726 0.959696
vt 0.794032 0.771031
vt 0.860402 0.749452
vt 0.085250 0.008153
vt 0.862112 0.749782
vt 0.850246 0.959696
vt 0.850242 0.961411
vt 0.860733 0.751154
vt 0.110238 0.268619
vt 0.914853 0.892775
vt 0.885002 0.935798
vt 0.913514 0.894163
vt 0.885002 0.937528
vt 0.913178 0.892513
vt 0.909267 0.894229
vt 0.885002 0.941533
vt 0.190236 0.400485
vt 0.885002 0.943262
vt 0.907840 0.892761
vt 0.909561 0.892431
vt 0.815711 0.943390
vt 0.914853 0.772979
vt 0.110238 0.388412
vt 0.913104 0.773361
vt 0.913373 0.771530
vt 0.815711 0.941660
vt 0.907675 0.772996
vt 0.815711 0.935926
vt 0.190236 0.280691
vt 0.909049 0.771629
vt 0.815711 0.937655
vt 0.909367 0.773319
vt 0.063762 0.268619
vt 0.931478 0.935798
vt 0.915949 0.633152
vt 0.914205 0.633644
vt 0.914419 0.631805
vt 0.931478 0.937528
vt 0.143760 0.400485
vt 0.908669 0.633184
vt 0.931478 0.943262
vt 0.910093 0.631905
vt 0.931478 0.941533
vt 0.910352 0.633630
vt 0.862187 0.943390
vt 0.915949 0.751583
vt 0.063762 0.388412
vt 0.862187 0.941660
vt 0.914540 0.752910
vt 0.914256 0.751199
vt 0.862187 0.935926
vt 0.908707 0.751585
vt 0.143760 0.280691
vt 0.910441 0.751142
vt 0.862187 0.937655
vt 0.910200 0.752977
vt 0.193059 0.008153
vt 0.889533 0.891803
vt 0.277808 0.256793
vt 0.888138 0.893154
vt 0.277808 0.258522
vt 0.887831 0.891463
vt 0.883727 0.893212
vt 0.277808 0.262655
vt 0.209365 0.008153
vt 0.277808 0.264385
vt 0.882253 0.891807
vt 0.883986 0.891390
vt 0.815711 0.919619
vt 0.889533 0.772964
vt 0.193059 0.128366
vt 0.887771 0.773372
vt 0.888033 0.771530
vt 0.815711 0.917890
vt 0.882164 0.772976
vt 0.815711 0.912027
vt 0.209365 0.128366
vt 0.883563 0.771625
vt 0.815711 0.913757
vt 0.883868 0.773334
vt 0.140074 0.008153
vt 0.330792 0.256793
vt 0.534235 0.782970
vt 0.532478 0.783373
vt 0.532738 0.781547
vt 0.330792 0.258522
vt 0.262349 0.008153
vt 0.526936 0.782994
vt 0.330792 0.264385
vt 0.528319 0.781664
vt 0.330792 0.262655
vt 0.528621 0.783356
vt 0.868695 0.919619
vt 0.534235 0.901825
vt 0.140074 0.128366
vt 0.868695 0.917890
vt 0.532833 0.903182
vt 0.532528 0.901475
vt 0.868695 0.912027
vt 0.526875 0.901822
vt 0.262349 0.128366
vt 0.528630 0.901408
vt 0.868695 0.913757
vt 0.528366 0.903250
vt 0.261501 0.264385
vt 0.365796 0.927038
vt 0.931478 0.912027
vt 0.367517 0.926744
vt 0.367217 0.928538
vt 0.931478 0.913757
vt 0.371458 0.928420
vt 0.931478 0.917762
vt 0.371103 0.926788
vt 0.140074 0.264385
vt 0.931478 0.919492
vt 0.372758 0.927020
vt 0.158897 0.943046
vt 0.366260 0.806744
vt 0.261501 0.144672
vt 0.367618 0.805374
vt 0.158897 0.941316
vt 0.367938 0.807048
vt 0.373375 0.806760
vt 0.158897 0.935582
vt 0.140074 0.144672
vt 0.371636 0.807112
vt 0.371920 0.805294
vt 0.158897 0.937311
vt 0.215025 0.264385
vt 0.885002 0.912027
vt 0.938626 0.891671
vt 0.937171 0.892935
vt 0.885002 0.913757
vt 0.936931 0.891188
vt 0.186550 0.264385
vt 0.931273 0.891684
vt 0.885002 0.919492
vt 0.933011 0.891156
vt 0.932809 0.893006
vt 0.885002 0.917762
vt 0.112421 0.943046
vt 0.939039 0.772910
vt 0.215025 0.144672
vt 0.937303 0.773369
vt 0.112421 0.941316
vt 0.937536 0.771530
vt 0.112421 0.935582
vt 0.931764 0.772905
vt 0.186550 0.144672
vt 0.112421 0.937311
vt 0.933182 0.771598
vt 0.933450 0.773319
vt 0.321268 0.401294
vt 0.679467 0.737274
vt 0.544002 0.920595
vt 0.677700 0.737677
vt 0.677966 0.735837
vt 0.544002 0.922325
vt 0.673503 0.735933
vt 0.544002 0.926458
vt 0.673805 0.737640
vt 0.208941 0.401294
vt 0.544002 0.928187
vt 0.672105 0.737278
vt 0.160431 0.919275
vt 0.679467 0.856236
vt 0.321268 0.280691
vt 0.678070 0.857598
vt 0.160431 0.917545
vt 0.677756 0.855903
vt 0.672174 0.856254
vt 0.160431 0.911683
vt 0.208941 0.280691
vt 0.673907 0.855834
vt 0.673649 0.857660
vt 0.160431 0.913413
vt 0.273258 0.401294
vt 0.495992 0.920595
vt 0.650261 0.856495
vt 0.648858 0.857857
vt 0.495992 0.922325
vt 0.648549 0.856151
vt 0.256951 0.401294
vt 0.642911 0.856502
vt 0.495992 0.928187
vt 0.644662 0.856085
vt 0.644400 0.857925
vt 0.495992 0.926458
vt 0.112421 0.919275
vt 0.650261 0.737521
vt 0.273258 0.280691
vt 0.648492 0.737916
vt 0.112421 0.917545
vt 0.648760 0.736086
vt 0.112421 0.911683
vt 0.642945 0.737526
vt 0.256951 0.280691
vt 0.112421 0.913413
vt 0.644330 0.736197
vt 0.644630 0.737892
vt 0.916157 0.153164
vt 0.249481 0.631650
vt 0.917739 0.154513
vt 0.249487 0.629920
vt 0.915995 0.155063
vt 0.255834 0.557384
vt 0.917739 0.226160
vt 0.978827 0.631805
vt 0.916316 0.227835
vt 0.978800 0.633534
vt 0.915863 0.225934
vt 0.907758 0.153725
vt 0.249481 0.639396
vt 0.908138 0.155470
vt 0.906417 0.155137
vt 0.249486 0.641125
vt 0.907792 0.228238
vt 0.978803 0.641280
vt 0.255833 0.713661
vt 0.906266 0.226804
vt 0.978827 0.643010
vt 0.908085 0.226442
vt 0.242036 0.868777
vt 0.240512 0.631649
vt 0.242324 0.870595
vt 0.240512 0.870213
vt 0.240512 0.629920
vt 0.242016 0.943119
vt 0.988140 0.633574
vt 0.246501 0.557530
vt 0.240676 0.941708
vt 0.988161 0.631845
vt 0.242399 0.941364
vt 0.240512 0.639395
vt 0.250565 0.869176
vt 0.240512 0.641125
vt 0.251990 0.870850
vt 0.250108 0.871098
vt 0.988143 0.641320
vt 0.250410 0.943678
vt 0.250252 0.941770
vt 0.246501 0.713515
vt 0.988161 0.643050
vt 0.251990 0.942330
vt 0.212755 0.869627
vt 0.054439 0.762294
vt 0.213060 0.871415
vt 0.211353 0.871012
vt 0.054492 0.764024
vt 0.057786 0.836248
vt 0.210997 0.942060
vt 0.980560 0.810262
vt 0.212887 0.941710
vt 0.212544 0.943622
vt 0.980505 0.808533
vt 0.221134 0.869633
vt 0.054439 0.754548
vt 0.222592 0.871114
vt 0.054492 0.752818
vt 0.220831 0.871546
vt 0.221142 0.943622
vt 0.980505 0.800787
vt 0.220803 0.941842
vt 0.057786 0.680594
vt 0.222636 0.942166
vt 0.980560 0.799057
vt 0.475704 0.870799
vt 0.048872 0.762294
vt 0.477167 0.872299
vt 0.048872 0.764024
vt 0.475394 0.872689
vt 0.475674 0.944671
vt 0.989474 0.808533
vt 0.475340 0.942859
vt 0.048872 0.836248
vt 0.477167 0.943228
vt 0.989474 0.810262
vt 0.048872 0.754548
vt 0.467212 0.870775
vt 0.467546 0.872587
vt 0.048872 0.752818
vt 0.465720 0.872218
vt 0.989474 0.800787
vt 0.467182 0.944647
vt 0.048872 0.680594
vt 0.989474 0.799057
vt 0.465720 0.943147
vt 0.467492 0.942756
vt 0.395372 0.871141
vt 0.212838 0.631642
vt 0.395687 0.873062
vt 0.393912 0.872658
vt 0.212765 0.629908
vt 0.208941 0.558720
vt 0.394891 0.942742
vt 0.175203 0.946074
vt 0.396760 0.942426
vt 0.396439 0.944399
vt 0.175335 0.944246
vt 0.403852 0.871100
vt 0.212975 0.639387
vt 0.405327 0.872529
vt 0.212964 0.641100
vt 0.403506 0.872946
vt 0.403928 0.944957
vt 0.175276 0.937451
vt 0.403608 0.943125
vt 0.211671 0.713571
vt 0.405327 0.943662
vt 0.175203 0.935819
vt 0.818768 0.228124
vt 0.221806 0.631484
vt 0.817298 0.226639
vt 0.221790 0.629749
vt 0.819055 0.226223
vt 0.817644 0.154466
vt 0.190501 0.946843
vt 0.817882 0.156249
vt 0.224205 0.557384
vt 0.816033 0.156055
vt 0.190305 0.948669
vt 0.221942 0.639229
vt 0.827287 0.228124
vt 0.826972 0.226344
vt 0.221987 0.640941
vt 0.828688 0.226747
vt 0.187896 0.937213
vt 0.828487 0.153164
vt 0.224205 0.714355
vt 0.187759 0.935582
vt 0.829868 0.154582
vt 0.828009 0.154914
vt 0.888487 0.153164
vt 0.354036 0.705581
vt 0.889959 0.154491
vt 0.353986 0.703851
vt 0.888243 0.154906
vt 0.355396 0.631681
vt 0.889959 0.225477
vt 0.971369 0.222388
vt 0.888503 0.227102
vt 0.971321 0.220659
vt 0.888077 0.225147
vt 0.878179 0.153494
vt 0.354036 0.715077
vt 0.878557 0.155383
vt 0.876664 0.155042
vt 0.353986 0.716809
vt 0.878042 0.227431
vt 0.971321 0.210955
vt 0.355396 0.788988
vt 0.876617 0.226035
vt 0.971369 0.209228
vt 0.878330 0.225635
vt 0.848336 0.394861
vt 0.341138 0.705581
vt 0.848644 0.396681
vt 0.846822 0.396307
vt 0.341138 0.703851
vt 0.848329 0.468985
vt 0.961470 0.220659
vt 0.345497 0.631681
vt 0.846913 0.467501
vt 0.961470 0.222388
vt 0.848680 0.467129
vt 0.341138 0.715077
vt 0.858710 0.395230
vt 0.341138 0.716809
vt 0.860168 0.396874
vt 0.858281 0.397160
vt 0.961470 0.210956
vt 0.858702 0.469363
vt 0.858464 0.467598
vt 0.345497 0.788988
vt 0.961470 0.209228
vt 0.860168 0.468051
vt 0.696928 0.174082
vt 0.548620 0.417830
vt 0.567271 0.547157
vt 0.534180 0.418170
vt 0.703354 0.174131
vt 0.698635 0.174064
vt 0.705146 0.174144
vt 0.580548 0.070239
vt 0.575526 0.547096
vt 0.566108 0.069899
vt 0.573667 0.547097
vt 0.568981 0.547157
vt 0.465615 0.559107
vt 0.469579 0.559089
vt 0.463906 0.559132
vt 0.023561 0.360837
vt 0.699254 0.405077
vt 0.008153 0.361093
vt 0.700965 0.405039
vt 0.704900 0.405063
vt 0.471454 0.559127
vt 0.513027 0.160754
vt 0.706761 0.405094
vt 0.497619 0.160498
vt 0.639230 0.631580
vt 0.643161 0.631575
vt 0.637520 0.631620
vt 0.316202 0.096162
vt 0.666567 0.579811
vt 0.336099 0.095744
vt 0.668276 0.579790
vt 0.672235 0.579796
vt 0.645018 0.631605
vt 0.278655 0.147946
vt 0.674106 0.579835
vt 0.298552 0.148364
vt 0.215776 0.808492
vt 0.210655 0.808536
vt 0.240512 0.775230
vt 0.832538 0.538558
vt 0.208941 0.808483
vt 0.817979 0.537874
vt 0.247360 0.775345
vt 0.242228 0.775309
vt 0.249236 0.775301
vt 0.582641 0.803991
vt 0.217645 0.808384
vt 0.568081 0.804674
vt 0.674596 0.813263
vt 0.321268 0.324421
vt 0.645395 0.780542
vt 0.273258 0.324421
vt 0.643521 0.780539
vt 0.639082 0.780562
vt 0.637366 0.780553
vt 0.256951 0.324421
vt 0.666567 0.813244
vt 0.208941 0.324421
vt 0.672723 0.813266
vt 0.668283 0.813235
vt 0.531165 0.818738
vt 0.140074 0.044393
vt 0.886452 0.856080
vt 0.193059 0.044393
vt 0.524847 0.818758
vt 0.529296 0.818736
vt 0.878418 0.856062
vt 0.209365 0.044393
vt 0.523132 0.818747
vt 0.262349 0.044393
vt 0.880133 0.856050
vt 0.884583 0.856081
vt 0.272444 0.840275
vt 0.277201 0.840207
vt 0.270730 0.840283
vt 0.848116 0.321493
vt 0.179479 0.868866
vt 0.861688 0.321493
vt 0.181193 0.868874
vt 0.185949 0.868942
vt 0.279069 0.840192
vt 0.862417 0.565069
vt 0.187818 0.868957
vt 0.848845 0.565069
vt 0.394083 0.548721
vt 0.398062 0.548699
vt 0.392373 0.548720
vt 0.370591 0.063845
vt 0.699254 0.660938
vt 0.353749 0.063611
vt 0.700966 0.660906
vt 0.704884 0.660929
vt 0.399944 0.548720
vt 0.407652 0.175239
vt 0.706738 0.660943
vt 0.390810 0.175473
vt 0.608328 0.773907
vt 0.603239 0.773878
vt 0.392373 0.814510
vt 0.830809 0.714059
vt 0.601525 0.773895
vt 0.815711 0.714804
vt 0.399263 0.814414
vt 0.394088 0.814441
vt 0.401149 0.814446
vt 0.442968 0.746305
vt 0.610183 0.773973
vt 0.427871 0.745560
vt 0.914729 0.665099
vt 0.060077 0.300446
vt 0.913704 0.860949
vt 0.106552 0.300446
vt 0.908637 0.665163
vt 0.912890 0.665149
vt 0.905839 0.860942
vt 0.186550 0.368657
vt 0.906798 0.665107
vt 0.140074 0.368657
vt 0.907562 0.860976
vt 0.911976 0.860991
vt 0.883182 0.069699
vt 0.878066 0.069667
vt 0.885043 0.069741
vt 0.534235 0.704243
vt 0.886723 0.311142
vt 0.516035 0.704243
vt 0.884852 0.311148
vt 0.879709 0.311180
vt 0.876352 0.069692
vt 0.781205 0.692419
vt 0.877994 0.311186
vt 0.799405 0.692419
vt 0.907448 0.544880
vt 0.912655 0.544799
vt 0.915261 0.303538
vt 0.103937 0.185275
vt 0.914448 0.544688
vt 0.117806 0.185275
vt 0.908305 0.303533
vt 0.913411 0.303618
vt 0.906537 0.303417
vt 0.103937 0.071511
vt 0.905730 0.544805
vt 0.117806 0.071511
vt 0.365469 0.890151
vt 0.255417 0.227856
vt 0.939039 0.854698
vt 0.208941 0.227856
vt 0.937214 0.854628
vt 0.932985 0.854618
vt 0.931159 0.854673
vt 0.192635 0.227856
vt 0.373375 0.890201
vt 0.146159 0.227856
vt 0.367194 0.890210
vt 0.371650 0.890245
vt 0.782912 0.862017
vt 0.788637 0.861952
vt 0.781205 0.861932
vt 0.064858 0.161256
vt 0.849056 0.659773
vt 0.080993 0.161256
vt 0.850816 0.659967
vt 0.856402 0.660015
vt 0.790514 0.861779
vt 0.064858 0.099210
vt 0.858249 0.659888
vt 0.080993 0.099210
s 1
usemtl Crate_2x
f 1091/2102/599 1090/2100/600 613/1171/601 611/1166/602
f 630/1205/603 632/1208/604 627/1200/605 623/1191/606
f 640/1225/607 652/1249/608 646/1237/609 634/1213/610
f 1092/2103/611 619/1183/612 614/1174/613 1093/2104/614
f 612/1170/615 615/1175/616 621/1188/617 617/1179/618
f 1095/2108/619 1094/2106/620 633/1210/621 629/1202/622
f 648/1240/623 650/1244/624 637/1219/625 635/1214/626
f 654/1253/627 656/1256/628 651/1248/629 647/1239/630
f 664/1273/631 676/1297/632 670/1285/633 658/1261/634
f 655/1255/635 643/1231/636 638/1222/637 649/1243/638
f 636/1218/639 639/1223/640 645/1236/641 641/1227/642
f 642/1228/643 644/1232/644 657/1258/645 653/1250/646
f 672/1288/647 674/1292/648 661/1267/649 659/1262/650
f 678/1301/651 680/1304/652 675/1296/653 671/1287/654
f 1099/2112/655 1098/2111/656 694/1333/657 700/1345/658
f 679/1303/659 667/1279/660 662/1270/661 673/1291/662
f 660/1266/663 663/1271/664 669/1284/665 665/1275/666
f 666/1276/667 668/1280/668 681/1306/669 677/1298/670
f 1100/2114/671 684/1312/672 685/1315/673 1101/2116/674
f 701/1346/675 696/1338/676 698/1341/677 705/1355/678
f 1107/2124/679 1106/2123/680 718/1381/681 724/1393/682
f 1103/2118/683 1102/2117/684 687/1320/685 691/1327/686
f 683/1311/687 690/1326/688 692/1329/689 686/1318/690
f 1104/2120/691 702/1348/692 704/1352/693 1105/2122/694
f 1108/2126/695 708/1360/696 709/1363/697 1109/2128/698
f 725/1394/699 720/1386/700 722/1389/701 729/1403/702
f 1147/2184/703 1146/2183/704 742/1429/705 748/1441/706
f 1111/2130/707 1110/2129/708 711/1368/709 715/1375/710
f 707/1359/711 714/1374/712 716/1377/713 710/1366/714
f 1112/2132/715 726/1396/716 728/1400/717 1113/2134/718
f 1148/2186/719 732/1408/720 733/1411/721 1149/2188/722
f 749/1442/723 744/1434/724 746/1437/725 753/1451/726
f 1114/2135/727 772/1489/728 766/1477/729 1115/2136/730
f 1151/2190/731 1150/2189/732 735/1416/733 739/1423/734
f 731/1407/735 738/1422/736 740/1425/737 734/1414/738
f 1152/2192/739 750/1444/740 752/1448/741 1153/2194/742
f 1117/2140/743 1116/2138/744 757/1459/745 755/1454/746
f 774/1493/747 776/1496/748 771/1488/749 767/1479/750
f 1178/2231/751 796/1533/752 790/1521/753 1179/2232/754
f 1118/2141/755 763/1471/756 758/1462/757 1119/2142/758
f 756/1458/759 759/1463/760 765/1476/761 761/1467/762
f 1121/2146/763 1120/2144/764 777/1498/765 773/1490/766
f 1181/2236/767 1180/2234/768 781/1506/769 779/1502/770
f 798/1537/771 800/1540/772 795/1532/773 791/1523/774
f 1154/2195/775 820/1581/776 814/1569/777 1155/2196/778
f 1182/2237/779 787/1516/780 782/1508/781 1183/2238/782
f 780/1505/783 783/1509/784 789/1520/785 785/1513/786
f 1185/2242/787 1184/2240/788 801/1542/789 797/1534/790
f 1157/2200/791 1156/2198/792 805/1551/793 803/1546/794
f 822/1585/795 824/1588/796 819/1580/797 815/1571/798
f 1139/2172/799 1138/2171/800 838/1617/801 844/1629/802
f 1158/2201/803 811/1563/804 806/1554/805 1159/2202/806
f 804/1550/807 807/1555/808 813/1568/809 809/1559/810
f 1161/2206/811 1160/2204/812 825/1590/813 821/1582/814
f 1140/2174/815 828/1596/816 829/1599/817 1141/2176/818
f 845/1630/819 840/1622/820 842/1625/821 849/1639/822
f 1171/2220/823 1170/2219/824 862/1665/825 868/1675/826
f 1143/2178/827 1142/2177/828 831/1604/829 835/1611/830
f 827/1595/831 834/1610/832 836/1613/833 830/1602/834
f 1144/2180/835 846/1632/836 848/1636/837 1145/2182/838
f 1172/2222/839 852/1644/840 853/1647/841 1173/2224/842
f 869/1676/843 864/1669/844 866/1672/845 873/1685/846
f 1195/2256/847 1194/2255/848 886/1707/849 892/1719/850
f 1175/2226/851 1174/2225/852 855/1652/853 859/1659/854
f 851/1643/855 858/1658/856 860/1661/857 854/1650/858
f 1176/2228/859 870/1678/860 872/1682/861 1177/2230/862
f 1196/2258/863 876/1690/864 877/1692/865 1197/2260/866
f 893/1720/867 888/1712/868 890/1715/869 897/1729/870
f 1163/2210/871 1162/2208/872 910/1755/873 898/1731/874
f 1199/2262/875 1198/2261/876 879/1696/877 883/1702/878
f 875/1689/879 882/1701/880 884/1704/881 878/1694/882
f 1200/2264/883 894/1722/884 896/1726/885 1201/2266/886
f 912/1760/887 914/1765/888 901/1738/889 899/1735/890
f 1165/2212/891 1164/2211/892 915/1766/893 911/1758/894
f 1131/2162/895 1130/2160/896 934/1803/897 922/1779/898
f 1167/2216/899 1166/2214/900 902/1739/901 913/1761/902
f 1169/2218/903 1168/2217/904 909/1754/905 905/1746/906
f 906/1748/907 908/1753/908 921/1777/909 917/1770/910
f 936/1808/887 938/1813/888 925/1786/889 923/1783/890
f 1133/2164/911 1132/2163/912 939/1814/913 935/1806/914
f 1186/2244/915 946/1827/916 958/1851/917 1187/2246/918
f 1135/2168/919 1134/2166/920 926/1787/921 937/1809/922
f 1137/2170/923 1136/2169/924 933/1802/925 929/1794/926
f 930/1796/907 932/1801/908 945/1825/909 941/1818/910
f 959/1855/890 948/1832/887 949/1834/888 963/1862/889
f 1188/2247/927 960/1856/928 962/1860/929 1189/2248/930
f 1122/2148/931 970/1875/932 982/1899/933 1123/2150/934
f 1190/2250/935 961/1857/936 951/1836/937 1191/2252/938
f 1192/2253/939 954/1844/940 956/1848/941 1193/2254/942
f 953/1843/910 966/1867/907 968/1872/908 957/1850/909
f 983/1903/890 972/1880/887 973/1882/888 987/1910/889
f 1124/2151/943 984/1904/944 986/1908/945 1125/2152/946
f 1000/1935/947 1012/1956/948 1006/1946/949 994/1924/950
f 1126/2154/951 985/1905/952 975/1884/953 1127/2156/954
f 1128/2157/955 978/1892/956 980/1896/957 1129/2158/958
f 977/1891/910 990/1915/907 992/1920/908 981/1898/909
f 1008/1949/959 1010/1952/960 997/1928/961 995/1926/962
f 1014/1960/963 1016/1963/964 1011/1955/965 1007/1947/966
f 1024/1979/967 1018/1968/968 1030/1990/969 1036/2000/970
f 1015/1961/971 1003/1940/972 998/1932/973 1009/1951/974
f 996/1927/975 999/1933/976 1005/1944/977 1001/1936/978
f 1002/1938/979 1004/1941/980 1017/1964/981 1013/1958/982
f 1031/1992/890 1020/1971/983 1021/1972/984 1035/1997/889
f 1037/2002/687 1032/1993/688 1034/1996/689 1041/2010/690
f 1048/2023/985 1042/2012/986 1054/2034/987 1060/2044/988
f 1039/2005/989 1033/1995/990 1023/1977/991 1027/1984/992
f 1019/1969/993 1026/1982/994 1028/1985/995 1022/1975/996
f 1025/1981/997 1038/2003/907 1040/2007/908 1029/1986/998
f 1055/2036/999 1044/2015/1000 1045/2016/1001 1059/2041/1002
f 1061/2046/1003 1056/2037/1004 1058/2040/1005 1065/2054/1006
f 1072/2067/1007 1084/2088/1008 1078/2078/970 1066/2056/1009
f 1063/2049/1010 1057/2039/1011 1047/2021/1012 1051/2028/1013
f 1043/2013/1014 1050/2026/1015 1052/2029/1016 1046/2019/1017
f 1049/2025/1018 1062/2047/1019 1064/2051/1020 1053/2030/1021
f 1080/2081/1022 1082/2084/1023 1069/2060/1024 1067/2058/1025
f 1086/2092/1026 1088/2095/1027 1083/2087/1028 1079/2079/1029
f 1087/2093/1030 1075/2072/1031 1070/2064/1032 1081/2083/989
f 1068/2059/1033 1071/2065/1034 1077/2076/1035 1073/2068/1036
f 1074/2070/1037 1076/2073/1038 1089/2096/1039 1085/2090/1040
f 610/1165/1041 611/1168/602 612/1169/615
f 613/1173/601 614/1174/613 615/1176/616
f 616/1177/1042 617/1178/618 618/1181/1043
f 619/1183/612 620/1185/1044 621/1187/617
f 622/1189/1045 623/1190/606 624/1193/1046
f 625/1195/1047 626/1197/1048 627/1199/605
f 628/1201/1049 629/1204/622 630/1206/603
f 631/1207/1050 632/1209/604 633/1211/621
f 634/1213/610 635/1216/626 636/1217/639
f 637/1221/625 638/1222/637 639/1224/640
f 640/1225/607 641/1226/642 642/1230/643
f 643/1231/636 644/1234/644 645/1235/641
f 646/1237/609 647/1238/630 648/1242/623
f 649/1243/638 650/1246/624 651/1247/629
f 652/1249/608 653/1251/646 654/1254/627
f 655/1255/635 656/1257/628 657/1259/645
f 658/1261/634 659/1264/650 660/1265/663
f 661/1269/649 662/1270/661 663/1272/664
f 664/1273/631 665/1274/666 666/1278/667
f 667/1279/660 668/1282/668 669/1283/665
f 670/1285/633 671/1286/654 672/1290/647
f 673/1291/662 674/1294/648 675/1295/653
f 676/1297/632 677/1299/670 678/1302/651
f 679/1303/659 680/1305/652 681/1307/669
f 682/1309/1051 683/1310/687 684/1314/672
f 685/1317/673 686/1319/690 687/1320/685
f 688/1321/1052 689/1323/1053 690/1325/688
f 691/1327/686 692/1328/689 693/1331/1054
f 694/1333/657 695/1335/1055 696/1337/676
f 697/1339/1056 698/1340/677 699/1343/1057
f 700/1345/658 701/1347/675 702/1350/692
f 703/1351/1058 704/1353/693 705/1356/678
f 706/1357/1059 707/1358/711 708/1362/696
f 709/1365/697 710/1367/714 711/1368/709
f 712/1369/1060 713/1371/1061 714/1373/712
f 715/1375/710 716/1376/713 717/1379/1062
f 718/1381/681 719/1383/1063 720/1385/700
f 721/1387/1064 722/1388/701 723/1391/1065
f 724/1393/682 725/1395/699 726/1398/716
f 727/1399/1066 728/1401/717 729/1404/702
f 730/1405/1067 731/1406/735 732/1410/720
f 733/1413/721 734/1415/738 735/1416/733
f 736/1417/1068 737/1419/1069 738/1421/736
f 739/1423/734 740/1424/737 741/1427/1070
f 742/1429/705 743/1431/1071 744/1433/724
f 745/1435/1072 746/1436/725 747/1439/1073
f 748/1441/706 749/1443/723 750/1446/740
f 751/1447/1074 752/1449/741 753/1452/726
f 754/1453/1075 755/1456/746 756/1457/759
f 757/1461/745 758/1462/757 759/1464/760
f 760/1465/1076 761/1466/762 762/1469/1077
f 763/1471/756 764/1473/1078 765/1475/761
f 766/1477/729 767/1478/750 768/1481/1079
f 769/1483/1080 770/1485/1081 771/1487/749
f 772/1489/728 773/1492/766 774/1494/747
f 775/1495/1082 776/1497/748 777/1499/765
f 778/1501/1083 779/1503/770 780/1504/783
f 781/1507/769 782/1508/781 783/1510/784
f 784/1511/1084 785/1512/786 786/1514/1085
f 787/1516/780 788/1517/1086 789/1519/785
f 790/1521/753 791/1522/774 792/1525/1087
f 793/1527/1088 794/1529/1089 795/1531/773
f 796/1533/752 797/1536/790 798/1538/771
f 799/1539/1090 800/1541/772 801/1543/789
f 802/1545/1091 803/1548/794 804/1549/807
f 805/1553/793 806/1554/805 807/1556/808
f 808/1557/1092 809/1558/810 810/1561/1093
f 811/1563/804 812/1565/1094 813/1567/809
f 814/1569/777 815/1570/798 816/1573/1095
f 817/1575/1096 818/1577/1097 819/1579/797
f 820/1581/776 821/1584/814 822/1586/795
f 823/1587/1098 824/1589/796 825/1591/813
f 826/1593/1099 827/1594/831 828/1598/816
f 829/1601/817 830/1603/834 831/1604/829
f 832/1605/1100 833/1607/1101 834/1609/832
f 835/1611/830 836/1612/833 837/1615/1102
f 838/1617/801 839/1619/1103 840/1621/820
f 841/1623/1104 842/1624/821 843/1627/1105
f 844/1629/802 845/1631/819 846/1634/836
f 847/1635/1106 848/1637/837 849/1640/822
f 850/1641/1107 851/1642/855 852/1646/840
f 853/1649/841 854/1651/858 855/1652/853
f 856/1653/1108 857/1655/1109 858/1657/856
f 859/1659/854 860/1660/857 861/1663/1110
f 862/1665/825 863/1666/1111 864/1668/844
f 865/1670/1112 866/1671/845 867/1673/1113
f 868/1675/826 869/1677/843 870/1680/860
f 871/1681/1114 872/1683/861 873/1686/846
f 874/1687/1115 875/1688/879 876/1691/864
f 877/1693/865 878/1695/882 879/1696/877
f 880/1697/1116 881/1698/1117 882/1700/880
f 883/1702/878 884/1703/881 885/1705/1118
f 886/1707/849 887/1709/1119 888/1711/868
f 889/1713/1120 890/1714/869 891/1717/1121
f 892/1719/850 893/1721/867 894/1724/884
f 895/1725/1122 896/1727/885 897/1730/870
f 898/1732/874 899/1734/890 900/1736/1123
f 901/1737/889 902/1741/901 903/1742/1124
f 904/1744/1125 905/1746/906 906/1747/907
f 907/1749/1126 908/1752/908 909/1754/905
f 910/1757/873 911/1758/894 912/1759/887
f 913/1762/902 914/1764/888 915/1766/893
f 916/1768/1127 917/1771/910 918/1772/1128
f 919/1774/1129 920/1776/1130 921/1778/909
f 922/1780/898 923/1782/890 924/1784/1131
f 925/1785/889 926/1789/921 927/1790/1132
f 928/1792/1133 929/1794/926 930/1795/907
f 931/1797/1134 932/1800/908 933/1802/925
f 934/1805/897 935/1806/914 936/1807/887
f 937/1810/922 938/1812/888 939/1814/913
f 940/1816/1135 941/1819/910 942/1820/1136
f 943/1822/1137 944/1824/1138 945/1826/909
f 946/1828/916 947/1830/1139 948/1831/887
f 949/1833/888 950/1835/1140 951/1838/937
f 952/1840/1141 953/1842/910 954/1844/940
f 955/1845/1142 956/1848/941 957/1849/909
f 958/1853/917 959/1854/890 960/1856/928
f 961/1858/936 962/1860/929 963/1861/889
f 964/1864/1143 965/1866/1144 966/1868/907
f 967/1870/1145 968/1873/908 969/1874/1146
f 970/1876/932 971/1878/1147 972/1879/887
f 973/1881/888 974/1883/1148 975/1886/953
f 976/1888/1149 977/1890/910 978/1892/956
f 979/1893/1150 980/1896/957 981/1897/909
f 982/1901/933 983/1902/890 984/1904/944
f 985/1906/952 986/1908/945 987/1909/889
f 988/1912/1151 989/1914/1152 990/1916/907
f 991/1918/1153 992/1921/908 993/1922/1154
f 994/1923/950 995/1925/962 996/1927/975
f 997/1929/961 998/1931/973 999/1933/976
f 1000/1934/947 1001/1936/978 1002/1937/979
f 1003/1939/972 1004/1942/980 1005/1944/977
f 1006/1945/949 1007/1947/966 1008/1948/959
f 1009/1950/974 1010/1953/960 1011/1955/965
f 1012/1957/948 1013/1959/982 1014/1960/963
f 1015/1962/971 1016/1963/964 1017/1966/981
f 1018/1967/968 1019/1969/993 1020/1970/983
f 1021/1973/984 1022/1975/996 1023/1976/991
f 1024/1978/967 1025/1980/997 1026/1982/994
f 1027/1983/992 1028/1985/995 1029/1987/998
f 1030/1989/969 1031/1991/890 1032/1993/688
f 1033/1994/990 1034/1996/689 1035/1998/889
f 1036/2001/970 1037/2002/687 1038/2004/907
f 1039/2006/989 1040/2009/908 1041/2010/690
f 1042/2011/986 1043/2013/1014 1044/2014/1000
f 1045/2017/1001 1046/2019/1017 1047/2020/1012
f 1048/2022/985 1049/2024/1018 1050/2026/1015
f 1051/2027/1013 1052/2029/1016 1053/2031/1021
f 1054/2033/987 1055/2035/999 1056/2037/1004
f 1057/2038/1011 1058/2040/1005 1059/2042/1002
f 1060/2045/988 1061/2046/1003 1062/2048/1019
f 1063/2050/1010 1064/2053/1020 1065/2054/1006
f 1066/2055/1009 1067/2057/1025 1068/2059/1033
f 1069/2061/1024 1070/2063/1032 1071/2065/1034
f 1072/2066/1007 1073/2068/1036 1074/2069/1037
f 1075/2071/1031 1076/2074/1038 1077/2076/1035
f 1078/2077/970 1079/2079/1029 1080/2080/1022
f 1081/2082/989 1082/2085/1023 1083/2087/1028
f 1084/2089/1008 1085/2091/1040 1086/2092/1026
f 1087/2094/1030 1088/2095/1027 1089/2098/1039
f 616/1177/1042 610/1165/1041 612/1169/615 617/1178/618
f 611/1167/602 613/1172/601 615/1175/616 612/1170/615
f 614/1174/613 619/1183/612 621/1187/617 615/1176/616
f 620/1184/1044 618/1180/1043 617/1179/618 621/1188/617
f 1096/2109/1155 616/1177/1042 618/1181/1043 1095/2107/619
f 1092/2103/611 631/1207/1050 633/1211/621 1094/2105/620
f 632/1208/604 630/1205/603 629/1203/622 633/1212/621
f 622/1189/1045 628/1201/1049 630/1206/603 623/1190/606
f 631/1207/1050 625/1195/1047 627/1199/605 632/1209/604
f 626/1196/1048 624/1192/1046 623/1191/606 627/1200/605
f 1097/2110/1156 622/1189/1045 624/1193/1046 1091/2101/599
f 1093/2104/614 614/1174/613 613/1173/601 1090/2099/600
f 640/1225/607 634/1213/610 636/1217/639 641/1226/642
f 635/1215/626 637/1220/625 639/1223/640 636/1218/639
f 638/1222/637 643/1231/636 645/1235/641 639/1224/640
f 644/1233/644 642/1229/643 641/1227/642 645/1236/641
f 652/1249/608 640/1225/607 642/1230/643 653/1251/646
f 643/1231/636 655/1255/635 657/1259/645 644/1234/644
f 656/1256/628 654/1253/627 653/1252/646 657/1260/645
f 646/1237/609 652/1249/608 654/1254/627 647/1238/630
f 655/1255/635 649/1243/638 651/1247/629 656/1257/628
f 650/1245/624 648/1241/623 647/1239/630 651/1248/629
f 634/1213/610 646/1237/609 648/1242/623 635/1216/626
f 649/1243/638 638/1222/637 637/1221/625 650/1246/624
f 664/1273/631 658/1261/634 660/1265/663 665/1274/666
f 659/1263/650 661/1268/649 663/1271/664 660/1266/663
f 662/1270/661 667/1279/660 669/1283/665 663/1272/664
f 668/1281/668 666/1277/667 665/1275/666 669/1284/665
f 676/1297/632 664/1273/631 666/1278/667 677/1299/670
f 667/1279/660 679/1303/659 681/1307/669 668/1282/668
f 680/1304/652 678/1301/651 677/1300/670 681/1308/669
f 670/1285/633 676/1297/632 678/1302/651 671/1286/654
f 679/1303/659 673/1291/662 675/1295/653 680/1305/652
f 674/1293/648 672/1289/647 671/1287/654 675/1296/653
f 658/1261/634 670/1285/633 672/1290/647 659/1264/650
f 673/1291/662 662/1270/661 661/1269/649 674/1294/648
f 690/1325/688 683/1310/687 682/1309/1051 688/1321/1052
f 683/1311/687 686/1318/690 685/1316/673 684/1313/672
f 686/1319/690 692/1328/689 691/1327/686 687/1320/685
f 692/1329/689 690/1326/688 689/1322/1053 693/1330/1054
f 1104/2119/691 689/1323/1053 688/1321/1052 1099/2112/655
f 1105/2121/694 704/1353/693 703/1351/1058 1103/2118/683
f 704/1354/693 702/1349/692 701/1346/675 705/1355/678
f 696/1337/676 701/1347/675 700/1345/658 694/1333/657
f 705/1356/678 698/1340/677 697/1339/1056 703/1351/1058
f 698/1341/677 696/1338/676 695/1334/1055 699/1342/1057
f 1100/2113/671 695/1335/1055 694/1333/657 1098/2111/656
f 1101/2115/674 685/1317/673 687/1320/685 1102/2117/684
f 714/1373/712 707/1358/711 706/1357/1059 712/1369/1060
f 707/1359/711 710/1366/714 709/1364/697 708/1361/696
f 710/1367/714 716/1376/713 715/1375/710 711/1368/709
f 716/1377/713 714/1374/712 713/1370/1061 717/1378/1062
f 1112/2131/715 713/1371/1061 712/1369/1060 1107/2124/679
f 1113/2133/718 728/1401/717 727/1399/1066 1111/2130/707
f 728/1402/717 726/1397/716 725/1394/699 729/1403/702
f 720/1385/700 725/1395/699 724/1393/682 718/1381/681
f 729/1404/702 722/1388/701 721/1387/1064 727/1399/1066
f 722/1389/701 720/1386/700 719/1382/1063 723/1390/1065
f 1108/2125/695 719/1383/1063 718/1381/681 1106/2123/680
f 1109/2127/698 709/1365/697 711/1368/709 1110/2129/708
f 738/1421/736 731/1406/735 730/1405/1067 736/1417/1068
f 731/1407/735 734/1414/738 733/1412/721 732/1409/720
f 734/1415/738 740/1424/737 739/1423/734 735/1416/733
f 740/1425/737 738/1422/736 737/1418/1069 741/1426/1070
f 1152/2191/739 737/1419/1069 736/1417/1068 1147/2184/703
f 1153/2193/742 752/1449/741 751/1447/1074 1151/2190/731
f 752/1450/741 750/1445/740 749/1442/723 753/1451/726
f 744/1433/724 749/1443/723 748/1441/706 742/1429/705
f 753/1452/726 746/1436/725 745/1435/1072 751/1447/1074
f 746/1437/725 744/1434/724 743/1430/1071 747/1438/1073
f 1148/2185/719 743/1431/1071 742/1429/705 1146/2183/704
f 1149/2187/722 733/1413/721 735/1416/733 1150/2189/732
f 760/1465/1076 754/1453/1075 756/1457/759 761/1466/762
f 755/1455/746 757/1460/745 759/1463/760 756/1458/759
f 758/1462/757 763/1471/756 765/1475/761 759/1464/760
f 764/1472/1078 762/1468/1077 761/1467/762 765/1476/761
f 1114/2135/727 760/1465/1076 762/1469/1077 1121/2145/763
f 1118/2141/755 775/1495/1082 777/1499/765 1120/2143/764
f 776/1496/748 774/1493/747 773/1491/766 777/1500/765
f 766/1477/729 772/1489/728 774/1494/747 767/1478/750
f 775/1495/1082 769/1483/1080 771/1487/749 776/1497/748
f 770/1484/1081 768/1480/1079 767/1479/750 771/1488/749
f 1115/2136/730 766/1477/729 768/1481/1079 1117/2139/743
f 1119/2142/758 758/1462/757 757/1461/745 1116/2137/744
f 784/1511/1084 778/1501/1083 780/1504/783 785/1512/786
f 779/1502/770 781/1506/769 783/1509/784 780/1505/783
f 782/1508/781 787/1516/780 789/1519/785 783/1510/784
f 788/1518/1086 786/1515/1085 785/1513/786 789/1520/785
f 1178/2231/751 784/1511/1084 786/1514/1085 1185/2241/787
f 1182/2237/779 799/1539/1090 801/1543/789 1184/2239/788
f 800/1540/772 798/1537/771 797/1535/790 801/1544/789
f 790/1521/753 796/1533/752 798/1538/771 791/1522/774
f 799/1539/1090 793/1527/1088 795/1531/773 800/1541/772
f 794/1528/1089 792/1524/1087 791/1523/774 795/1532/773
f 1179/2232/754 790/1521/753 792/1525/1087 1181/2235/767
f 1183/2238/782 782/1508/781 781/1507/769 1180/2233/768
f 808/1557/1092 802/1545/1091 804/1549/807 809/1558/810
f 803/1547/794 805/1552/793 807/1555/808 804/1550/807
f 806/1554/805 811/1563/804 813/1567/809 807/1556/808
f 812/1564/1094 810/1560/1093 809/1559/810 813/1568/809
f 1154/2195/775 808/1557/1092 810/1561/1093 1161/2205/811
f 1158/2201/803 823/1587/1098 825/1591/813 1160/2203/812
f 824/1588/796 822/1585/795 821/1583/814 825/1592/813
f 814/1569/777 820/1581/776 822/1586/795 815/1570/798
f 823/1587/1098 817/1575/1096 819/1579/797 824/1589/796
f 818/1576/1097 816/1572/1095 815/1571/798 819/1580/797
f 1155/2196/778 814/1569/777 816/1573/1095 1157/2199/791
f 1159/2202/806 806/1554/805 805/1553/793 1156/2197/792
f 834/1609/832 827/1594/831 826/1593/1099 832/1605/1100
f 827/1595/831 830/1602/834 829/1600/817 828/1597/816
f 830/1603/834 836/1612/833 835/1611/830 831/1604/829
f 836/1613/833 834/1610/832 833/1606/1101 837/1614/1102
f 1144/2179/835 833/1607/1101 832/1605/1100 1139/2172/799
f 1145/2181/838 848/1637/837 847/1635/1106 1143/2178/827
f 848/1638/837 846/1633/836 845/1630/819 849/1639/822
f 840/1621/820 845/1631/819 844/1629/802 838/1617/801
f 849/1640/822 842/1624/821 841/1623/1104 847/1635/1106
f 842/1625/821 840/1622/820 839/1618/1103 843/1626/1105
f 1140/2173/815 839/1619/1103 838/1617/801 1138/2171/800
f 1141/2175/818 829/1601/817 831/1604/829 1142/2177/828
f 858/1657/856 851/1642/855 850/1641/1107 856/1653/1108
f 851/1643/855 854/1650/858 853/1648/841 852/1645/840
f 854/1651/858 860/1660/857 859/1659/854 855/1652/853
f 860/1661/857 858/1658/856 857/1654/1109 861/1662/1110
f 1176/2227/859 857/1655/1109 856/1653/1108 1171/2220/823
f 1177/2229/862 872/1683/861 871/1681/1114 1175/2226/851
f 872/1684/861 870/1679/860 869/1676/843 873/1685/846
f 864/1668/844 869/1677/843 868/1675/826 862/1665/825
f 873/1686/846 866/1671/845 865/1670/1112 871/1681/1114
f 866/1672/845 864/1669/844 863/1667/1111 867/1674/1113
f 1172/2221/839 863/1666/1111 862/1665/825 1170/2219/824
f 1173/2223/842 853/1649/841 855/1652/853 1174/2225/852
f 882/1700/880 875/1688/879 874/1687/1115 880/1697/1116
f 875/1689/879 878/1694/882 877/1692/865 876/1690/864
f 878/1695/882 884/1703/881 883/1702/878 879/1696/877
f 884/1704/881 882/1701/880 881/1699/1117 885/1706/1118
f 1200/2263/883 881/1698/1117 880/1697/1116 1195/2256/847
f 1201/2265/886 896/1727/885 895/1725/1122 1199/2262/875
f 896/1728/885 894/1723/884 893/1720/867 897/1729/870
f 888/1711/868 893/1721/867 892/1719/850 886/1707/849
f 897/1730/870 890/1714/869 889/1713/1120 895/1725/1122
f 890/1715/869 888/1712/868 887/1708/1119 891/1716/1121
f 1196/2257/863 887/1709/1119 886/1707/849 1194/2255/848
f 1197/2259/866 877/1693/865 879/1696/877 1198/2261/876
f 1163/2209/871 898/1732/874 900/1736/1123 1169/2218/903
f 899/1734/890 901/1737/889 903/1742/1124 900/1736/1123
f 1166/2213/900 907/1749/1126 909/1754/905 1168/2217/904
f 908/1752/908 906/1747/907 905/1746/906 909/1754/905
f 916/1767/1127 904/1743/1125 906/1748/907 917/1770/910
f 907/1750/1126 919/1773/1129 921/1777/909 908/1753/908
f 920/1776/1130 918/1772/1128 917/1771/910 921/1778/909
f 1162/2207/872 916/1768/1127 918/1772/1128 1165/2212/891
f 1167/2215/899 913/1762/902 915/1766/893 1164/2211/892
f 914/1764/888 912/1759/887 911/1758/894 915/1766/893
f 898/1733/874 910/1756/873 912/1760/887 899/1735/890
f 913/1763/902 902/1740/901 901/1738/889 914/1765/888
f 1131/2161/895 922/1780/898 924/1784/1131 1137/2170/923
f 923/1782/890 925/1785/889 927/1790/1132 924/1784/1131
f 1134/2165/920 931/1797/1134 933/1802/925 1136/2169/924
f 932/1800/908 930/1795/907 929/1794/926 933/1802/925
f 940/1815/1135 928/1791/1133 930/1796/907 941/1818/910
f 931/1798/1134 943/1821/1137 945/1825/909 932/1801/908
f 944/1824/1138 942/1820/1136 941/1819/910 945/1826/909
f 1130/2159/896 940/1816/1135 942/1820/1136 1133/2164/911
f 1135/2167/919 937/1810/922 939/1814/913 1132/2163/912
f 938/1812/888 936/1807/887 935/1806/914 939/1814/913
f 922/1781/898 934/1804/897 936/1808/887 923/1783/890
f 937/1811/922 926/1788/921 925/1786/889 938/1813/888
f 1192/2253/939 947/1830/1139 946/1828/916 1186/2243/915
f 947/1830/1139 950/1835/1140 949/1833/888 948/1831/887
f 1193/2254/942 956/1848/941 955/1845/1142 1191/2251/938
f 956/1848/941 954/1844/940 953/1842/910 957/1849/909
f 966/1867/907 953/1843/910 952/1839/1141 964/1863/1143
f 957/1850/909 968/1872/908 967/1869/1145 955/1846/1142
f 968/1873/908 966/1868/907 965/1866/1144 969/1874/1146
f 1188/2247/927 965/1866/1144 964/1864/1143 1187/2245/918
f 1189/2248/930 962/1860/929 961/1858/936 1190/2249/935
f 962/1860/929 960/1856/928 959/1854/890 963/1861/889
f 948/1832/887 959/1855/890 958/1852/917 946/1829/916
f 963/1862/889 949/1834/888 951/1837/937 961/1859/936
f 1128/2157/955 971/1878/1147 970/1876/932 1122/2147/931
f 971/1878/1147 974/1883/1148 973/1881/888 972/1879/887
f 1129/2158/958 980/1896/957 979/1893/1150 1127/2155/954
f 980/1896/957 978/1892/956 977/1890/910 981/1897/909
f 990/1915/907 977/1891/910 976/1887/1149 988/1911/1151
f 981/1898/909 992/1920/908 991/1917/1153 979/1894/1150
f 992/1921/908 990/1916/907 989/1914/1152 993/1922/1154
f 1124/2151/943 989/1914/1152 988/1912/1151 1123/2149/934
f 1125/2152/946 986/1908/945 985/1906/952 1126/2153/951
f 986/1908/945 984/1904/944 983/1902/890 987/1909/889
f 972/1880/887 983/1903/890 982/1900/933 970/1877/932
f 987/1910/889 973/1882/888 975/1885/953 985/1907/952
f 1000/1934/947 994/1923/950 996/1927/975 1001/1936/978
f 995/1925/962 997/1929/961 999/1933/976 996/1927/975
f 998/1931/973 1003/1939/972 1005/1944/977 999/1933/976
f 1004/1942/980 1002/1937/979 1001/1936/978 1005/1944/977
f 1012/1956/948 1000/1935/947 1002/1938/979 1013/1958/982
f 1003/1940/972 1015/1961/971 1017/1965/981 1004/1943/980
f 1016/1963/964 1014/1960/963 1013/1959/982 1017/1966/981
f 1006/1945/949 1012/1957/948 1014/1960/963 1007/1947/966
f 1015/1962/971 1009/1950/974 1011/1955/965 1016/1963/964
f 1010/1953/960 1008/1948/959 1007/1947/966 1011/1955/965
f 994/1924/950 1006/1946/949 1008/1949/959 995/1926/962
f 1009/1951/974 998/1932/973 997/1930/961 1010/1954/960
f 1026/1982/994 1019/1969/993 1018/1967/968 1024/1978/967
f 1019/1969/993 1022/1975/996 1021/1973/984 1020/1970/983
f 1022/1975/996 1028/1985/995 1027/1983/992 1023/1976/991
f 1028/1985/995 1026/1982/994 1025/1980/997 1029/1987/998
f 1038/2003/907 1025/1981/997 1024/1979/967 1036/2000/970
f 1029/1988/998 1040/2008/908 1039/2005/989 1027/1984/992
f 1040/2009/908 1038/2004/907 1037/2002/687 1041/2010/690
f 1032/1993/688 1037/2002/687 1036/2001/970 1030/1989/969
f 1041/2010/690 1034/1996/689 1033/1994/990 1039/2006/989
f 1034/1996/689 1032/1993/688 1031/1991/890 1035/1998/889
f 1020/1971/983 1031/1992/890 1030/1990/969 1018/1968/968
f 1035/1999/889 1021/1974/984 1023/1977/991 1033/1995/990
f 1050/2026/1015 1043/2013/1014 1042/2011/986 1048/2022/985
f 1043/2013/1014 1046/2019/1017 1045/2017/1001 1044/2014/1000
f 1046/2019/1017 1052/2029/1016 1051/2027/1013 1047/2020/1012
f 1052/2029/1016 1050/2026/1015 1049/2024/1018 1053/2031/1021
f 1062/2047/1019 1049/2025/1018 1048/2023/985 1060/2044/988
f 1053/2032/1021 1064/2052/1020 1063/2049/1010 1051/2028/1013
f 1064/2053/1020 1062/2048/1019 1061/2046/1003 1065/2054/1006
f 1056/2037/1004 1061/2046/1003 1060/2045/988 1054/2033/987
f 1065/2054/1006 1058/2040/1005 1057/2038/1011 1063/2050/1010
f 1058/2040/1005 1056/2037/1004 1055/2035/999 1059/2042/1002
f 1044/2015/1000 1055/2036/999 1054/2034/987 1042/2012/986
f 1059/2043/1002 1045/2018/1001 1047/2021/1012 1057/2039/1011
f 1072/2066/1007 1066/2055/1009 1068/2059/1033 1073/2068/1036
f 1067/2057/1025 1069/2061/1024 1071/2065/1034 1068/2059/1033
f 1070/2063/1032 1075/2071/1031 1077/2076/1035 1071/2065/1034
f 1076/2074/1038 1074/2069/1037 1073/2068/1036 1077/2076/1035
f 1084/2088/1008 1072/2067/1007 1074/2070/1037 1085/2090/1040
f 1075/2072/1031 1087/2093/1030 1089/2097/1039 1076/2075/1038
f 1088/2095/1027 1086/2092/1026 1085/2091/1040 1089/2098/1039
f 1078/2077/970 1084/2089/1008 1086/2092/1026 1079/2079/1029
f 1087/2094/1030 1081/2082/989 1083/2087/1028 1088/2095/1027
f 1082/2085/1023 1080/2080/1022 1079/2079/1029 1083/2087/1028
f 1066/2056/1009 1078/2078/970 1080/2081/1022 1067/2058/1025
f 1081/2083/989 1070/2064/1032 1069/2062/1024 1082/2086/1023
f 1096/2109/1155 628/1201/1049 622/1189/1045 1097/2110/1156
f 616/1177/1042 1096/2109/1155 1097/2110/1156 610/1165/1041
f 625/1195/1047 1093/2104/614 1090/2099/600 626/1197/1048
f 610/1165/1041 1097/2110/1156 1091/2101/599 611/1168/602
f 619/1183/612 1092/2103/611 1094/2105/620 620/1185/1044
f 628/1201/1049 1096/2109/1155 1095/2107/619 629/1204/622
f 618/1182/1043 620/1186/1044 1094/2106/620 1095/2108/619
f 631/1207/1050 1092/2103/611 1093/2104/614 625/1195/1047
f 624/1194/1046 626/1198/1048 1090/2100/600 1091/2102/599
f 699/1343/1057 1101/2115/674 1102/2117/684 697/1339/1056
f 684/1314/672 1100/2113/671 1098/2111/656 682/1309/1051
f 693/1331/1054 1105/2121/694 1103/2118/683 691/1327/686
f 702/1350/692 1104/2119/691 1099/2112/655 700/1345/658
f 689/1324/1053 1104/2120/691 1105/2122/694 693/1332/1054
f 703/1351/1058 697/1339/1056 1102/2117/684 1103/2118/683
f 695/1336/1055 1100/2114/671 1101/2116/674 699/1344/1057
f 688/1321/1052 682/1309/1051 1098/2111/656 1099/2112/655
f 723/1391/1065 1109/2127/698 1110/2129/708 721/1387/1064
f 708/1362/696 1108/2125/695 1106/2123/680 706/1357/1059
f 717/1379/1062 1113/2133/718 1111/2130/707 715/1375/710
f 726/1398/716 1112/2131/715 1107/2124/679 724/1393/682
f 713/1372/1061 1112/2132/715 1113/2134/718 717/1380/1062
f 727/1399/1066 721/1387/1064 1110/2129/708 1111/2130/707
f 719/1384/1063 1108/2126/695 1109/2128/698 723/1392/1065
f 712/1369/1060 706/1357/1059 1106/2123/680 1107/2124/679
f 769/1483/1080 1119/2142/758 1116/2137/744 770/1485/1081
f 754/1453/1075 1115/2136/730 1117/2139/743 755/1456/746
f 763/1471/756 1118/2141/755 1120/2143/764 764/1473/1078
f 772/1489/728 1114/2135/727 1121/2145/763 773/1492/766
f 762/1470/1077 764/1474/1078 1120/2144/764 1121/2146/763
f 775/1495/1082 1118/2141/755 1119/2142/758 769/1483/1080
f 768/1482/1079 770/1486/1081 1116/2138/744 1117/2140/743
f 760/1465/1076 1114/2135/727 1115/2136/730 754/1453/1075
f 993/1922/1154 1125/2152/946 1126/2153/951 991/1918/1153
f 984/1904/944 1124/2151/943 1123/2149/934 982/1901/933
f 974/1883/1148 1129/2158/958 1127/2155/954 975/1886/953
f 978/1892/956 1128/2157/955 1122/2147/931 976/1888/1149
f 971/1878/1147 1128/2157/955 1129/2158/958 974/1883/1148
f 991/1919/1153 1126/2154/951 1127/2156/954 979/1895/1150
f 989/1914/1152 1124/2151/943 1125/2152/946 993/1922/1154
f 976/1889/1149 1122/2148/931 1123/2150/934 988/1913/1151
f 943/1822/1137 1135/2167/919 1132/2163/912 944/1824/1138
f 934/1805/897 1130/2159/896 1133/2164/911 935/1806/914
f 926/1789/921 1134/2165/920 1136/2169/924 927/1790/1132
f 928/1792/1133 1131/2161/895 1137/2170/923 929/1794/926
f 924/1784/1131 927/1790/1132 1136/2169/924 1137/2170/923
f 943/1823/1137 931/1799/1134 1134/2166/920 1135/2168/919
f 942/1820/1136 944/1824/1138 1132/2163/912 1133/2164/911
f 928/1793/1133 940/1817/1135 1130/2160/896 1131/2162/895
f 843/1627/1105 1141/2175/818 1142/2177/828 841/1623/1104
f 828/1598/816 1140/2173/815 1138/2171/800 826/1593/1099
f 837/1615/1102 1145/2181/838 1143/2178/827 835/1611/830
f 846/1634/836 1144/2179/835 1139/2172/799 844/1629/802
f 833/1608/1101 1144/2180/835 1145/2182/838 837/1616/1102
f 847/1635/1106 841/1623/1104 1142/2177/828 1143/2178/827
f 839/1620/1103 1140/2174/815 1141/2176/818 843/1628/1105
f 832/1605/1100 826/1593/1099 1138/2171/800 1139/2172/799
f 747/1439/1073 1149/2187/722 1150/2189/732 745/1435/1072
f 732/1410/720 1148/2185/719 1146/2183/704 730/1405/1067
f 741/1427/1070 1153/2193/742 1151/2190/731 739/1423/734
f 750/1446/740 1152/2191/739 1147/2184/703 748/1441/706
f 737/1420/1069 1152/2192/739 1153/2194/742 741/1428/1070
f 751/1447/1074 745/1435/1072 1150/2189/732 1151/2190/731
f 743/1432/1071 1148/2186/719 1149/2188/722 747/1440/1073
f 736/1417/1068 730/1405/1067 1146/2183/704 1147/2184/703
f 817/1575/1096 1159/2202/806 1156/2197/792 818/1577/1097
f 802/1545/1091 1155/2196/778 1157/2199/791 803/1548/794
f 811/1563/804 1158/2201/803 1160/2203/812 812/1565/1094
f 820/1581/776 1154/2195/775 1161/2205/811 821/1584/814
f 810/1562/1093 812/1566/1094 1160/2204/812 1161/2206/811
f 823/1587/1098 1158/2201/803 1159/2202/806 817/1575/1096
f 816/1574/1095 818/1578/1097 1156/2198/792 1157/2200/791
f 808/1557/1092 1154/2195/775 1155/2196/778 802/1545/1091
f 919/1774/1129 1167/2215/899 1164/2211/892 920/1776/1130
f 910/1757/873 1162/2207/872 1165/2212/891 911/1758/894
f 902/1741/901 1166/2213/900 1168/2217/904 903/1742/1124
f 904/1744/1125 1163/2209/871 1169/2218/903 905/1746/906
f 900/1736/1123 903/1742/1124 1168/2217/904 1169/2218/903
f 919/1775/1129 907/1751/1126 1166/2214/900 1167/2216/899
f 918/1772/1128 920/1776/1130 1164/2211/892 1165/2212/891
f 904/1745/1125 916/1769/1127 1162/2208/872 1163/2210/871
f 867/1673/1113 1173/2223/842 1174/2225/852 865/1670/1112
f 852/1646/840 1172/2221/839 1170/2219/824 850/1641/1107
f 861/1663/1110 1177/2229/862 1175/2226/851 859/1659/854
f 870/1680/860 1176/2227/859 1171/2220/823 868/1675/826
f 857/1656/1109 1176/2228/859 1177/2230/862 861/1664/1110
f 871/1681/1114 865/1670/1112 1174/2225/852 1175/2226/851
f 863/1667/1111 1172/2222/839 1173/2224/842 867/1674/1113
f 856/1653/1108 850/1641/1107 1170/2219/824 1171/2220/823
f 793/1527/1088 1183/2238/782 1180/2233/768 794/1529/1089
f 778/1501/1083 1179/2232/754 1181/2235/767 779/1503/770
f 787/1516/780 1182/2237/779 1184/2239/788 788/1517/1086
f 796/1533/752 1178/2231/751 1185/2241/787 797/1536/790
f 786/1515/1085 788/1518/1086 1184/2240/788 1185/2242/787
f 799/1539/1090 1182/2237/779 1183/2238/782 793/1527/1088
f 792/1526/1087 794/1530/1089 1180/2234/768 1181/2236/767
f 784/1511/1084 1178/2231/751 1179/2232/754 778/1501/1083
f 969/1874/1146 1189/2248/930 1190/2249/935 967/1870/1145
f 960/1856/928 1188/2247/927 1187/2245/918 958/1853/917
f 950/1835/1140 1193/2254/942 1191/2251/938 951/1838/937
f 954/1844/940 1192/2253/939 1186/2243/915 952/1840/1141
f 947/1830/1139 1192/2253/939 1193/2254/942 950/1835/1140
f 967/1871/1145 1190/2250/935 1191/2252/938 955/1847/1142
f 965/1866/1144 1188/2247/927 1189/2248/930 969/1874/1146
f 952/1841/1141 1186/2244/915 1187/2246/918 964/1865/1143
f 891/1717/1121 1197/2259/866 1198/2261/876 889/1713/1120
f 876/1691/864 1196/2257/863 1194/2255/848 874/1687/1115
f 885/1705/1118 1201/2265/886 1199/2262/875 883/1702/878
f 894/1724/884 1200/2263/883 1195/2256/847 892/1719/850
f 881/1699/1117 1200/2264/883 1201/2266/886 885/1706/1118
f 895/1725/1122 889/1713/1120 1198/2261/876 1199/2262/875
f 887/1710/1119 1196/2258/863 1197/2260/866 891/1718/1121
f 880/1697/1116 874/1687/1115 1194/2255/848 1195/2256/847
