# split from Door_VAR01.obj (Door_LeafLeft.obj)
v -0.324922 1.927652 0.012555
v -0.324335 1.859298 0.012388
v -0.347214 1.859208 0.005243
v -0.347973 1.947683 0.005461
v -0.332001 1.418991 0.014581
v -0.108381 1.420388 -0.049391
v -0.092862 1.400475 -0.067520
v -0.355424 1.398835 0.007592
v -0.330549 0.661377 0.014165
v -0.116695 0.659823 -0.047012
v -0.135336 0.639516 -0.056374
v -0.321117 0.641001 -0.003201
v -0.116918 1.027822 -0.046949
v -0.115217 1.162276 -0.047435
v -0.099760 1.161881 -0.065390
v -0.101459 1.027552 -0.064904
v -0.121067 0.554679 -0.045762
v -0.138988 0.541526 -0.055212
v -0.023476 1.288791 -0.042477
v -0.031650 1.306135 -0.040138
v -0.063582 1.336909 -0.031003
v -0.068093 1.161463 -0.029713
v -0.069790 1.027271 -0.029227
v -0.071487 0.901978 -0.028742
v -0.069675 0.742700 -0.029260
v -0.362708 0.742700 0.054568
v -0.362717 0.793726 0.054571
v -0.436339 0.064591 0.075632
v -0.361080 0.702099 0.054103
v -0.067858 0.699969 -0.029780
v -0.073944 0.553604 -0.028039
v -0.075356 0.409676 -0.027635
v -0.068875 0.156918 -0.029489
v -0.069847 0.095058 -0.029211
v -0.046349 0.077075 -0.035933
v -0.049313 0.707355 -0.035085
v -0.029951 0.808770 -0.040624
v -0.031642 0.919598 -0.040140
v -0.035059 0.990674 -0.039163
v -0.031759 1.007524 -0.040107
v -0.025086 1.023719 -0.042016
v -0.025086 1.057822 -0.042016
v -0.025086 1.183278 -0.042016
v -0.325100 1.444098 -0.002268
v -0.120732 1.445419 -0.060758
v -0.321585 1.859298 0.022002
v -0.322171 1.927652 0.022170
v -0.339602 1.949734 0.042247
v -0.338825 1.859199 0.042025
v -0.324835 1.231718 0.022932
v -0.327125 1.294832 0.023587
v -0.345176 1.316775 0.043842
v -0.342083 1.231524 0.042957
v -0.321585 1.752035 0.022002
v -0.311762 1.749467 0.030637
v -0.311748 1.851627 0.030649
v -0.118316 0.554679 -0.036148
v -0.113945 0.659823 -0.037398
v -0.123235 0.644925 -0.022454
v -0.127010 0.545072 -0.021526
v -0.032148 0.057422 -0.083412
v -0.035117 0.706837 -0.082564
v -0.030491 0.706837 -0.066395
v -0.027523 0.057422 -0.067244
v -0.323290 1.642968 0.022490
v -0.313229 1.645600 0.031156
v -0.095921 0.037548 -0.065473
v -0.074691 0.029451 -0.071547
v -0.063129 0.029451 -0.031133
v -0.084360 0.037548 -0.025059
v -0.041698 0.062992 -0.089269
v -0.044668 0.706779 -0.088420
v -0.043353 0.706789 -0.088413
v -0.042038 0.706798 -0.088405
v -0.040723 0.706808 -0.088398
v -0.040723 0.706808 -0.088398
v -0.037755 0.060207 -0.089247
v -0.039133 1.006350 -0.079530
v -0.032307 1.022916 -0.081482
v -0.022399 1.022916 -0.046847
v -0.029224 1.006350 -0.044893
v -0.056290 0.023562 -0.076810
v -0.044729 0.023562 -0.036396
v -0.032307 1.057822 -0.081482
v -0.022399 1.057822 -0.046848
v -0.043855 0.706682 -0.039657
v -0.040883 0.072283 -0.040507
v -0.042261 0.990376 -0.078635
v -0.032352 0.990376 -0.043996
v -0.032307 1.183251 -0.081482
v -0.022399 1.183251 -0.046849
v -0.093100 0.554089 -0.028270
v -0.087792 0.681745 -0.029789
v -0.029325 2.026346 -0.092809
v -0.035393 1.806257 -0.091073
v -0.037145 1.367329 -0.090572
v -0.042560 1.304584 -0.089023
v -0.074640 1.339654 -0.079846
v -0.378465 1.337727 0.007070
v -0.374605 1.231338 0.005966
v -0.377996 1.055838 0.006936
v -0.379159 0.767086 0.007269
v -0.450091 0.064591 0.027561
v -0.450091 2.041854 0.027561
v -0.449034 2.041739 0.027258
v -0.379906 1.375831 0.007483
v -0.075672 1.377732 -0.079550
v -0.072227 1.962112 -0.080536
v -0.030608 1.294547 -0.081968
v -0.023336 1.294547 -0.056548
v -0.020847 1.284966 -0.047293
v -0.037227 0.706829 -0.086254
v -0.037166 0.808416 -0.080092
v -0.027255 0.808416 -0.045447
v -0.038864 0.919712 -0.079607
v -0.028954 0.919712 -0.044965
v -0.024711 1.363044 -0.083655
v -0.017439 1.363044 -0.058235
v -0.112467 1.162276 -0.037821
v -0.114168 1.027822 -0.037335
v -0.088948 1.027521 -0.029458
v -0.087249 1.161836 -0.029944
v -0.095921 0.013257 -0.065473
v -0.084360 0.013257 -0.025059
v -0.018170 2.022458 -0.043995
v -0.060283 1.959405 -0.031947
v -0.063719 1.380174 -0.030964
v -0.363728 1.378300 0.054860
v -0.436339 2.051924 0.075632
v -0.361622 1.055803 0.054258
v -0.358229 1.231362 0.053287
v -0.361990 1.335016 0.054363
v -0.026696 1.363675 -0.041555
v -0.024929 1.806287 -0.042061
v -0.384489 0.021222 0.008794
v -0.370251 0.013257 0.013005
v -0.358689 0.013257 0.053419
v -0.022942 1.806167 -0.084161
v -0.018912 2.037791 -0.085314
v -0.011639 2.037791 -0.059894
v -0.015670 1.806167 -0.058741
v -0.215594 2.042384 -0.029049
v -0.208322 2.042384 -0.003628
v -0.144269 1.923249 -0.039125
v -0.217970 1.924129 -0.018040
v -0.220869 1.944154 -0.030900
v -0.147048 1.943271 -0.052019
v -0.105339 1.920173 -0.050261
v -0.089587 1.938732 -0.068457
v -0.329875 1.294832 0.013972
v -0.327585 1.231718 0.013317
v -0.350210 1.231544 0.006257
v -0.353220 1.314509 0.007118
v -0.326040 1.642968 0.012875
v -0.348915 1.643408 0.005730
v -0.324335 1.752035 0.012388
v -0.347214 1.752198 0.005243
v -0.271304 1.927652 -0.002783
v -0.274313 1.947683 -0.015612
v -0.447322 2.051924 0.037242
v -0.330758 0.575310 0.014225
v -0.356073 0.575239 0.006320
v -0.355810 0.683696 0.006245
v -0.118622 0.902012 -0.046461
v -0.103160 0.901990 -0.064418
v -0.117269 0.783140 -0.046848
v -0.101582 0.763338 -0.064869
v -0.331843 0.783140 0.014535
v -0.354460 0.763338 0.007473
v -0.331843 0.891297 0.014535
v -0.354460 0.891350 0.007473
v -0.330995 1.055285 0.014293
v -0.353611 1.055537 0.007230
v -0.111774 1.296215 -0.048420
v -0.095795 1.316142 -0.066524
v -0.042056 0.023562 -0.080578
v -0.037431 0.023562 -0.064410
v -0.122493 0.409343 -0.045354
v -0.103768 0.554087 -0.065857
v -0.105186 0.409526 -0.065452
v -0.116834 0.188625 -0.046973
v -0.099525 0.188729 -0.067071
v -0.117723 0.134995 -0.046718
v -0.100797 0.111977 -0.066707
v -0.197854 0.138201 -0.023795
v -0.202968 0.116064 -0.037479
v -0.305207 0.145546 0.006916
v -0.310479 0.123421 -0.006723
v -0.330464 0.146948 0.014141
v -0.355993 0.125946 0.006297
v -0.329343 0.257800 0.013820
v -0.354657 0.257917 0.005915
v -0.329343 0.409729 0.013820
v -0.354657 0.409630 0.005915
v -0.098457 0.681826 -0.067377
v -0.348074 2.043974 0.008850
v -0.337092 2.043974 0.047240
v -0.215220 1.924129 -0.008426
v -0.141518 1.923249 -0.029510
v -0.136601 1.945321 -0.015826
v -0.210434 1.946204 0.005296
v -0.102589 1.920173 -0.040647
v -0.077243 1.940632 -0.032807
v -0.105630 1.420388 -0.039777
v -0.329251 1.418991 0.024195
v -0.347091 1.396771 0.044389
v -0.080542 1.398437 -0.031863
v -0.340525 1.643453 0.042511
v -0.338825 1.752214 0.042025
v -0.268554 1.927652 0.006831
v -0.263890 1.949734 0.020588
v -0.328007 0.575310 0.023839
v -0.327799 0.661377 0.023780
v -0.344985 0.683614 0.043787
v -0.345248 0.575239 0.043862
v -0.115871 0.902012 -0.036847
v -0.090648 0.901988 -0.028972
v -0.114519 0.783140 -0.037234
v -0.089045 0.761058 -0.029431
v -0.329092 0.783140 0.024150
v -0.346332 0.761058 0.044172
v -0.329092 0.891297 0.024150
v -0.346332 0.891356 0.044172
v -0.328244 1.055285 0.023907
v -0.345484 1.055566 0.043930
v -0.109024 1.296215 -0.038806
v -0.083223 1.318436 -0.031096
v -0.043726 0.023562 -0.040248
v -0.119742 0.409343 -0.035740
v -0.094518 0.409525 -0.027865
v -0.114083 0.188625 -0.037358
v -0.088857 0.188729 -0.029484
v -0.114972 0.134995 -0.037104
v -0.090128 0.112062 -0.029120
v -0.195103 0.138201 -0.014181
v -0.192218 0.116146 0.000085
v -0.302456 0.145546 0.016530
v -0.299728 0.123503 0.030840
v -0.327714 0.146948 0.023755
v -0.345167 0.126023 0.043839
v -0.326592 0.257800 0.023434
v -0.343833 0.257916 0.043457
v -0.326592 0.409729 0.023434
v -0.343833 0.409631 0.043457
v -0.053212 0.023562 -0.085975
v -0.053212 0.023562 -0.085975
v -0.048466 0.023562 -0.086182
v -0.044382 0.023562 -0.084207
v -0.044060 0.023562 -0.038964
v -0.044395 0.023562 -0.037680
v -0.044729 0.023562 -0.036396
v -0.312183 1.916621 0.030889
v -0.312097 1.221447 0.031147
v -0.314078 1.281025 0.031805
v -0.313495 0.564635 0.031897
v -0.313270 0.646456 0.031866
v -0.128220 0.406811 -0.021261
v -0.116185 1.282342 -0.024816
v -0.123248 0.196800 -0.022596
v -0.263346 1.916533 0.017011
v -0.214842 1.913049 0.003277
v -0.123960 0.145683 -0.022498
v -0.294603 0.819817 0.035085
v -0.137693 0.819817 -0.009802
v -0.138702 0.915451 -0.009514
v -0.137272 1.029398 -0.009923
v -0.135844 1.151101 -0.010331
v -0.133248 1.260048 -0.011074
v -0.292547 1.258958 0.034497
v -0.291028 1.213799 0.034063
v -0.293892 1.053948 0.034882
v -0.294603 0.905705 0.035085
v -0.195329 0.148722 -0.002095
v -0.119267 1.155775 -0.024008
v -0.120800 1.028634 -0.023590
v -0.290823 0.155833 0.025364
v -0.122348 0.909659 -0.023143
v -0.313278 0.157174 0.031798
v -0.121167 0.797345 -0.023397
v -0.134067 1.456180 -0.010839
v -0.131645 1.890029 -0.011532
v -0.153307 1.891894 -0.005336
v -0.215022 1.892698 0.012320
v -0.259665 1.895911 0.025091
v -0.292668 1.895911 0.034532
v -0.292271 1.845413 0.034418
v -0.292271 1.747278 0.034418
v -0.293703 1.647450 0.034828
v -0.298401 1.455061 0.036172
v -0.312320 0.262613 0.031490
v -0.315865 0.797360 0.032314
v -0.147943 1.912140 -0.015785
v -0.312308 0.407158 0.031497
v -0.315897 0.899573 0.032294
v -0.112693 1.909124 -0.025770
v -0.315149 1.054603 0.032060
v -0.115396 1.434111 -0.025063
v -0.318412 1.432656 0.032904
v -0.291821 0.557174 0.034290
v -0.290673 0.405376 0.033961
v -0.290673 0.266002 0.033961
v -0.291482 0.175642 0.034193
v -0.281739 0.175031 0.031406
v -0.194794 0.168306 0.006533
v -0.141786 0.165909 -0.008631
v -0.141248 0.202583 -0.008785
v -0.145836 0.404847 -0.007473
v -0.144678 0.538463 -0.007804
v -0.141577 0.622776 -0.008691
v -0.291677 0.624009 0.034248
v -0.318674 1.909147 -0.004001
v -0.318185 1.846726 -0.004029
v -0.322322 1.278289 -0.002441
v -0.320310 1.219376 -0.002949
v -0.321327 0.560738 -0.003096
v -0.319723 1.648748 -0.003640
v -0.130379 1.154467 -0.057289
v -0.127361 1.279588 -0.058208
v -0.318193 1.748557 -0.004008
v -0.308962 0.554620 -0.012813
v -0.308811 0.623696 -0.012856
v -0.151794 0.622428 -0.057774
v -0.155022 0.536097 -0.056851
v -0.156184 0.404269 -0.056518
v -0.151579 0.204553 -0.057835
v -0.152166 0.165140 -0.057667
v -0.208648 0.167652 -0.041510
v -0.295953 0.174294 -0.016534
v -0.308648 0.175078 -0.012902
v -0.307810 0.267166 -0.013142
v -0.307810 0.404749 -0.013142
v -0.140155 0.405868 -0.054817
v -0.135303 0.199810 -0.056263
v -0.220878 1.905785 -0.032093
v -0.269627 1.909056 -0.018105
v -0.136009 0.149691 -0.056007
v -0.312134 0.816728 -0.011905
v -0.312134 0.905781 -0.011905
v -0.311418 1.053980 -0.012110
v -0.308533 1.213690 -0.012935
v -0.310172 1.262028 -0.012466
v -0.143127 1.263162 -0.060253
v -0.145822 1.150991 -0.059482
v -0.147260 1.029365 -0.059071
v -0.148701 0.915509 -0.058659
v -0.147651 0.816728 -0.058959
v -0.205745 0.152695 -0.036069
v -0.131884 1.028798 -0.056843
v -0.299117 0.159639 -0.009447
v -0.133413 0.911204 -0.056411
v -0.321079 0.160939 -0.003155
v -0.132271 0.800172 -0.056802
v -0.133952 1.463998 -0.062878
v -0.313733 1.462875 -0.011448
v -0.308728 1.650935 -0.012879
v -0.307226 1.747022 -0.013309
v -0.307226 1.841486 -0.013309
v -0.307667 1.892872 -0.013183
v -0.269219 1.892872 -0.024182
v -0.222348 1.889776 -0.037590
v -0.157562 1.889002 -0.056124
v -0.131378 1.886934 -0.063614
v -0.320129 0.264386 -0.003389
v -0.324081 0.800182 -0.001938
v -0.153527 1.904961 -0.051375
v -0.320127 0.406214 -0.003392
v -0.324095 0.901221 -0.001907
v -0.117940 1.902166 -0.061542
v -0.323346 1.054466 -0.002105
v -0.260014 1.903037 0.023967
v -0.299512 1.903049 0.035254
v -0.261361 1.910585 0.021009
v -0.306655 1.910630 0.033920
v -0.214827 1.899786 0.011059
v -0.214761 1.907234 0.007749
v -0.152389 1.898968 -0.006793
v -0.150425 1.906378 -0.010618
v -0.124889 1.896603 -0.014646
v -0.117952 1.903592 -0.019858
v -0.127395 1.448888 -0.013938
v -0.120561 1.440810 -0.019145
v -0.305385 1.447667 0.036965
v -0.312710 1.439466 0.035769
v -0.300513 1.647298 0.035536
v -0.307660 1.646621 0.034192
v -0.299077 1.747604 0.035112
v -0.306211 1.748406 0.033728
v -0.299075 1.846232 0.035113
v -0.306204 1.848506 0.033734
v -0.126661 1.267427 -0.014145
v -0.299775 1.266248 0.035379
v -0.120416 1.275587 -0.019175
v -0.307656 1.274325 0.034393
v -0.129429 1.151647 -0.013363
v -0.123361 1.153358 -0.018369
v -0.130870 1.029240 -0.012954
v -0.124841 1.028961 -0.017956
v -0.132316 0.914669 -0.012540
v -0.126330 0.912549 -0.017529
v -0.131238 0.812444 -0.012837
v -0.125189 0.804218 -0.017813
v -0.301646 0.812446 0.035914
v -0.309429 0.804226 0.034900
v -0.301650 0.904897 0.035911
v -0.309445 0.902652 0.034890
v -0.300935 1.054089 0.035704
v -0.308716 1.054328 0.034671
v -0.298047 1.214788 0.034873
v -0.305759 1.217587 0.033806
v -0.134763 0.630071 -0.011781
v -0.298755 0.631413 0.035127
v -0.128049 0.638178 -0.016819
v -0.306659 0.639630 0.034254
v -0.138116 0.539255 -0.010842
v -0.131649 0.541674 -0.015865
v -0.139281 0.405157 -0.010520
v -0.132833 0.405876 -0.015567
v -0.134641 0.201827 -0.011836
v -0.128052 0.199710 -0.016891
v -0.135269 0.158646 -0.011670
v -0.128744 0.151242 -0.016746
v -0.195122 0.161327 0.005450
v -0.195318 0.154158 0.002292
v -0.283256 0.168107 0.030682
v -0.286581 0.161080 0.028471
v -0.298634 0.169062 0.035082
v -0.306612 0.162303 0.034206
v -0.297768 0.265565 0.034830
v -0.305691 0.264324 0.033926
v -0.297766 0.405597 0.034831
v -0.305685 0.406250 0.033929
v -0.298919 0.558155 0.035169
v -0.306853 0.560885 0.034293
v -0.269325 1.904155 -0.021171
v -0.316265 1.904200 -0.007707
v -0.269176 1.898231 -0.023396
v -0.312236 1.898243 -0.011068
v -0.221498 1.900970 -0.034874
v -0.222036 1.895111 -0.036887
v -0.155411 1.900171 -0.053788
v -0.156887 1.894329 -0.055526
v -0.121574 1.897506 -0.063461
v -0.126493 1.891930 -0.064219
v -0.124294 1.451537 -0.062690
v -0.129133 1.458337 -0.063466
v -0.322571 1.450276 -0.005955
v -0.318410 1.457149 -0.009316
v -0.317292 1.649918 -0.007383
v -0.313268 1.650718 -0.010764
v -0.315776 1.747816 -0.007781
v -0.311762 1.747253 -0.011186
v -0.315772 1.844095 -0.007792
v -0.311761 1.842177 -0.011188
v -0.132098 1.274587 -0.060131
v -0.319424 1.273327 -0.006545
v -0.137869 1.268574 -0.060879
v -0.314977 1.267376 -0.010214
v -0.135034 1.152669 -0.059263
v -0.140686 1.151397 -0.060066
v -0.136505 1.029041 -0.058834
v -0.142133 1.029248 -0.059650
v -0.137989 0.913352 -0.058412
v -0.143585 0.914928 -0.059235
v -0.136859 0.805260 -0.058768
v -0.142489 0.811320 -0.059558
v -0.321175 0.805265 -0.006044
v -0.316802 0.811321 -0.009692
v -0.321182 0.903511 -0.006029
v -0.316804 0.905180 -0.009688
v -0.320449 1.054262 -0.006230
v -0.316083 1.054084 -0.009892
v -0.317490 1.216507 -0.007064
v -0.313179 1.214426 -0.010720
v -0.140377 0.634137 -0.057986
v -0.318024 0.635564 -0.007153
v -0.146401 0.627882 -0.058498
v -0.313520 0.629230 -0.010687
v -0.143938 0.538742 -0.056908
v -0.149807 0.536755 -0.057508
v -0.145102 0.405103 -0.056545
v -0.150969 0.404518 -0.057168
v -0.140373 0.202195 -0.057927
v -0.146330 0.203931 -0.058502
v -0.141069 0.154088 -0.057701
v -0.146983 0.159743 -0.058308
v -0.207381 0.156988 -0.038736
v -0.208443 0.162463 -0.040728
v -0.297751 0.163784 -0.012929
v -0.296592 0.169148 -0.015523
v -0.317958 0.165003 -0.007144
v -0.313408 0.170178 -0.010711
v -0.317037 0.265788 -0.007388
v -0.312527 0.266806 -0.010958
v -0.317036 0.405468 -0.007389
v -0.312527 0.404932 -0.010958
v -0.318212 0.557664 -0.007077
v -0.313686 0.555425 -0.010633
v -0.372032 1.970546 0.005230
v -0.275497 1.970546 -0.022386
v -0.275477 1.962924 -0.021439
v -0.364387 1.962924 0.003996
v -0.275044 1.954556 -0.018959
v -0.355581 1.954556 0.004080
v -0.221926 1.967008 -0.037711
v -0.221949 1.959389 -0.036752
v -0.221562 1.951024 -0.034259
v -0.119692 1.965786 -0.066958
v -0.133898 1.958337 -0.061941
v -0.143911 1.950096 -0.056473
v -0.077911 1.953952 -0.077957
v -0.084265 1.945394 -0.073536
v -0.081316 1.385316 -0.076983
v -0.087608 1.393641 -0.072579
v -0.372120 1.383500 0.006208
v -0.363158 1.391920 0.006248
v -0.372771 1.643939 0.005441
v -0.365193 1.643757 0.004227
v -0.356461 1.643562 0.004332
v -0.371076 1.752384 0.004957
v -0.363496 1.752322 0.003741
v -0.354762 1.752254 0.003846
v -0.371076 1.859108 0.004957
v -0.363496 1.859141 0.003741
v -0.354762 1.859178 0.003846
v -0.082075 1.331816 -0.076745
v -0.370432 1.329987 0.005746
v -0.089818 1.323210 -0.071869
v -0.361192 1.321489 0.005764
v -0.079222 1.161406 -0.078535
v -0.086452 1.161566 -0.075493
v -0.093969 1.161740 -0.070681
v -0.080919 1.027234 -0.078049
v -0.088150 1.027340 -0.075007
v -0.095668 1.027456 -0.070195
v -0.082616 0.901978 -0.077564
v -0.089848 0.901980 -0.074521
v -0.097367 0.901984 -0.069709
v -0.080773 0.739972 -0.078091
v -0.088093 0.747761 -0.075023
v -0.095710 0.756314 -0.070183
v -0.379147 0.739972 0.007266
v -0.371251 0.747761 0.005980
v -0.362214 0.756314 0.006056
v -0.371257 0.829228 0.005982
v -0.362216 0.874712 0.006057
v -0.370251 1.055737 0.005694
v -0.361325 1.055627 0.005802
v -0.366856 1.231406 0.004723
v -0.357926 1.231482 0.004830
v -0.374738 0.702001 0.006004
v -0.081708 0.699872 -0.077824
v -0.087590 0.693856 -0.075383
v -0.368726 0.695899 0.005042
v -0.093720 0.687251 -0.071560
v -0.361798 0.689199 0.005130
v -0.087790 0.553606 -0.076084
v -0.093414 0.553766 -0.073717
v -0.099263 0.553942 -0.069974
v -0.089202 0.409675 -0.075680
v -0.094828 0.409625 -0.073313
v -0.100679 0.409571 -0.069569
v -0.082729 0.157230 -0.077531
v -0.088761 0.172994 -0.075048
v -0.094909 0.184524 -0.071219
v -0.083705 0.095139 -0.077252
v -0.089938 0.100412 -0.074711
v -0.096194 0.106575 -0.070852
v -0.205372 0.097909 -0.042447
v -0.204869 0.103961 -0.041833
v -0.203989 0.110607 -0.040014
v -0.313034 0.105276 -0.011648
v -0.312477 0.111325 -0.011049
v -0.311542 0.117966 -0.009247
v -0.375141 0.108721 0.006119
v -0.369056 0.114463 0.005136
v -0.362047 0.120768 0.005201
v -0.373630 0.258010 0.005687
v -0.367603 0.257979 0.004721
v -0.360659 0.257945 0.004804
v -0.373630 0.409548 0.005687
v -0.367603 0.409576 0.004721
v -0.360659 0.409606 0.004804
v -0.375045 0.575171 0.006092
v -0.369019 0.575196 0.005126
v -0.362074 0.575220 0.005209
v -0.191624 0.097812 0.005626
v -0.299287 0.105178 0.036426
v -0.361483 0.108629 0.054218
v -0.359972 0.258011 0.053786
v -0.359972 0.409547 0.053786
v -0.361387 0.575171 0.054191
v -0.021790 1.285448 -0.043503
v -0.020828 1.284048 -0.045266
v -0.034259 0.058168 -0.087103
v -0.105770 0.021222 -0.070940
v -0.105770 0.048951 -0.070940
v -0.074436 0.037001 -0.079904
v -0.077018 1.323990 -0.030015
v -0.349929 1.322259 0.048057
v -0.069829 1.330751 -0.029982
v -0.356084 1.328936 0.051908
v -0.081189 1.161725 -0.028822
v -0.074177 1.161588 -0.028737
v -0.082888 1.027446 -0.028336
v -0.075875 1.027354 -0.028252
v -0.084587 0.901983 -0.027850
v -0.077573 0.901979 -0.027766
v -0.082921 0.755539 -0.028327
v -0.075831 0.748820 -0.028265
v -0.350915 0.755539 0.048339
v -0.356908 0.748820 0.052144
v -0.350916 0.878285 0.048339
v -0.356913 0.842549 0.052146
v -0.350034 1.055637 0.048087
v -0.355941 1.055723 0.051867
v -0.346636 1.231475 0.047115
v -0.352545 1.231416 0.050896
v -0.081499 0.687224 -0.028734
v -0.349522 0.689171 0.047941
v -0.074203 0.693894 -0.028730
v -0.355413 0.695937 0.051716
v -0.087040 0.553943 -0.027148
v -0.080028 0.553765 -0.027064
v -0.088456 0.409570 -0.026743
v -0.081442 0.409626 -0.026659
v -0.082685 0.184481 -0.028394
v -0.075372 0.172838 -0.028396
v -0.083969 0.106607 -0.028027
v -0.076546 0.100383 -0.028060
v -0.191739 0.110635 0.002803
v -0.191521 0.103924 0.004832
v -0.299291 0.117994 0.033571
v -0.299130 0.111287 0.035615
v -0.349771 0.120794 0.048012
v -0.355743 0.114427 0.051811
v -0.348383 0.257945 0.047615
v -0.354290 0.257980 0.051395
v -0.348383 0.409606 0.047615
v -0.354291 0.409575 0.051395
v -0.349798 0.575220 0.048020
v -0.355706 0.575195 0.051800
v -0.262967 1.955253 0.023179
v -0.344200 1.955253 0.046418
v -0.262209 1.961972 0.025053
v -0.350166 1.961972 0.050215
v -0.261820 1.968092 0.025707
v -0.355900 1.968092 0.052621
v -0.209480 1.951720 0.007879
v -0.208686 1.958437 0.009742
v -0.208263 1.964555 0.010386
v -0.132572 1.950801 -0.014123
v -0.123426 1.957418 -0.014649
v -0.111615 1.963399 -0.017263
v -0.071459 1.945982 -0.031606
v -0.065252 1.952853 -0.031291
v -0.074813 1.392949 -0.030646
v -0.068655 1.386265 -0.030317
v -0.351791 1.391219 0.048590
v -0.357881 1.384458 0.052422
v -0.345075 1.643577 0.046668
v -0.350980 1.643733 0.050448
v -0.356660 1.643879 0.052838
v -0.343376 1.752259 0.046182
v -0.349283 1.752314 0.049963
v -0.354964 1.752364 0.052353
v -0.343376 1.859175 0.046182
v -0.349283 1.859145 0.049963
v -0.354964 1.859119 0.052353
v -0.218564 2.030825 -0.038673
v -0.351273 2.033908 -0.000708
v -0.204880 2.026898 0.009418
v -0.028922 0.919697 -0.042946
v -0.027224 0.808464 -0.043430
v -0.029906 0.919655 -0.041181
v -0.028211 0.808593 -0.041665
v -0.032322 0.990416 -0.041975
v -0.033313 0.990525 -0.040206
v -0.029171 1.006508 -0.042878
v -0.030099 1.006937 -0.041126
v -0.022366 1.023024 -0.044826
v -0.023349 1.023318 -0.043057
v -0.022366 1.057822 -0.044826
v -0.023349 1.057822 -0.043057
v -0.022366 1.183255 -0.044826
v -0.023349 1.183265 -0.043057
v -0.044259 0.075394 -0.036934
v -0.042258 0.073640 -0.038608
v -0.047226 0.707011 -0.036086
v -0.045229 0.706765 -0.037759
v -0.044758 1.183326 -0.088394
v -0.044758 1.057822 -0.088394
v -0.044758 1.024983 -0.088394
v -0.051191 1.009370 -0.086554
v -0.054761 0.991142 -0.085533
v -0.051313 0.919419 -0.086519
v -0.049621 0.808580 -0.087003
v -0.448565 2.050559 0.032361
v -0.449191 2.046831 0.028706
v -0.350687 2.038941 0.000527
v -0.218093 2.036604 -0.037404
v -0.349517 2.042625 0.004026
v -0.217006 2.040835 -0.033882
v -0.046102 0.919566 -0.086606
v -0.044407 0.808498 -0.087091
v -0.041546 0.919673 -0.084076
v -0.039848 0.808438 -0.084562
v -0.049525 0.990759 -0.085627
v -0.044950 0.990479 -0.083103
v -0.046176 1.007860 -0.086585
v -0.041762 1.006755 -0.084014
v -0.039546 1.023950 -0.088482
v -0.034989 1.023193 -0.085952
v -0.039546 1.057822 -0.088482
v -0.034989 1.057822 -0.085952
v -0.039546 1.183289 -0.088482
v -0.034989 1.183261 -0.085952
v -0.037598 1.299566 -0.089039
v -0.033223 1.295892 -0.086457
v -0.031942 1.365186 -0.090657
v -0.027391 1.363618 -0.088126
v -0.030181 1.806212 -0.091161
v -0.025624 1.806179 -0.088631
v -0.025132 2.032068 -0.092605
v -0.021320 2.036258 -0.089862
vt 0.284847 0.059574
vt 0.285369 0.092991
vt 0.275428 0.093168
vt 0.274753 0.049914
vt 0.282910 0.308287
vt 0.396598 0.306873
vt 0.406244 0.316616
vt 0.272758 0.318277
vt 0.286123 0.678689
vt 0.394855 0.678749
vt 0.387259 0.688802
vt 0.292797 0.688683
vt 0.393539 0.498831
vt 0.393965 0.433089
vt 0.403497 0.433290
vt 0.403072 0.498970
vt 0.537940 0.504085
vt 0.537940 0.555521
vt 0.530782 0.562443
vt 0.530717 0.514520
vt 0.006580 0.373026
vt 0.010811 0.364583
vt 0.027180 0.349682
vt 0.028706 0.435484
vt 0.028983 0.501102
vt 0.029298 0.562369
vt 0.027681 0.640237
vt 0.176661 0.641577
vt 0.176889 0.616629
vt 0.211132 0.973462
vt 0.175656 0.661420
vt 0.026571 0.661121
vt 0.029025 0.732711
vt 0.029114 0.803089
vt 0.024715 0.926640
vt 0.024938 0.956890
vt 0.012913 0.965574
vt 0.017174 0.657425
vt 0.007774 0.607752
vt 0.009118 0.553572
vt 0.011166 0.518837
vt 0.009562 0.510583
vt 0.006240 0.502634
vt 0.006389 0.485960
vt 0.006937 0.424621
vt 0.288174 0.296053
vt 0.392077 0.294739
vt 0.157609 0.095447
vt 0.158206 0.062029
vt 0.169358 0.051315
vt 0.168567 0.095577
vt 0.156518 0.402304
vt 0.157958 0.371457
vt 0.169426 0.360813
vt 0.167481 0.402481
vt 0.527866 0.035168
vt 0.527745 0.087559
vt 0.521877 0.088683
vt 0.521985 0.038784
vt 0.048565 0.732385
vt 0.046802 0.680957
vt 0.053246 0.688286
vt 0.054707 0.737124
vt 0.448216 0.968038
vt 0.448147 0.651442
vt 0.456361 0.651469
vt 0.456430 0.968065
vt 0.527760 0.140871
vt 0.521835 0.139451
vt 0.520525 0.515777
vt 0.520525 0.527210
vt 0.499972 0.527210
vt 0.499972 0.515777
vt 0.437504 0.970391
vt 0.433891 0.655646
vt 0.434512 0.655635
vt 0.435133 0.655624
vt 0.435754 0.655614
vt 0.439376 0.971735
vt 0.448927 0.505545
vt 0.449085 0.497216
vt 0.466681 0.497274
vt 0.466524 0.505603
vt 0.520525 0.536985
vt 0.499972 0.536985
vt 0.449086 0.480193
vt 0.466681 0.480251
vt 0.466671 0.652292
vt 0.466740 0.961565
vt 0.448854 0.513450
vt 0.466452 0.513508
vt 0.449086 0.419024
vt 0.466681 0.419082
vt 0.037936 0.732561
vt 0.035795 0.670121
vt 0.437381 0.010444
vt 0.435015 0.118068
vt 0.435558 0.332670
vt 0.433010 0.363365
vt 0.416586 0.346323
vt 0.262122 0.348259
vt 0.264432 0.400261
vt 0.263281 0.486076
vt 0.263633 0.627254
vt 0.229865 0.970944
vt 0.223406 0.004237
vt 0.223944 0.004290
vt 0.261265 0.329634
vt 0.415936 0.327710
vt 0.415779 0.041988
vt 0.449125 0.364686
vt 0.462039 0.364728
vt 0.466716 0.369422
vt 0.446107 0.651475
vt 0.444569 0.651578
vt 0.448973 0.602001
vt 0.466574 0.602059
vt 0.448933 0.547786
vt 0.466532 0.547845
vt 0.449262 0.331065
vt 0.462176 0.331108
vt 0.048246 0.435286
vt 0.048523 0.501032
vt 0.037894 0.501067
vt 0.037617 0.435388
vt 0.531581 0.227559
vt 0.543427 0.227520
vt 0.543427 0.248051
vt 0.531581 0.248091
vt 0.007088 0.014289
vt 0.028223 0.045310
vt 0.027438 0.328529
vt 0.179957 0.330817
vt 0.219817 0.001795
vt 0.177477 0.488487
vt 0.176519 0.402635
vt 0.178884 0.351972
vt 0.008544 0.336427
vt 0.009580 0.120013
vt 0.575616 0.256650
vt 0.575616 0.294135
vt 0.571722 0.301020
vt 0.551169 0.301020
vt 0.551169 0.256650
vt 0.449303 0.114900
vt 0.449397 0.001795
vt 0.462311 0.001837
vt 0.462217 0.114943
vt 0.537155 0.219845
vt 0.536565 0.119811
vt 0.549416 0.119760
vt 0.550007 0.219794
vt 0.376709 0.061136
vt 0.339235 0.060946
vt 0.339387 0.051224
vt 0.376922 0.051414
vt 0.396511 0.062512
vt 0.406150 0.053446
vt 0.284396 0.368983
vt 0.285767 0.399833
vt 0.275936 0.400050
vt 0.274135 0.359497
vt 0.285209 0.198763
vt 0.275269 0.198681
vt 0.285719 0.145433
vt 0.275778 0.145487
vt 0.312107 0.059399
vt 0.312203 0.049673
vt 0.491523 0.001795
vt 0.496382 0.006677
vt 0.496382 0.972453
vt 0.472252 0.972632
vt 0.472252 0.001938
vt 0.286298 0.720769
vt 0.275299 0.720951
vt 0.275078 0.667924
vt 0.393084 0.560346
vt 0.402617 0.560365
vt 0.394160 0.618460
vt 0.403872 0.628148
vt 0.285067 0.619162
vt 0.275305 0.628975
vt 0.284714 0.566282
vt 0.274887 0.566388
vt 0.284609 0.486104
vt 0.274782 0.486113
vt 0.395278 0.367594
vt 0.405009 0.357857
vt 0.447986 0.984914
vt 0.456200 0.984941
vt 0.392726 0.801231
vt 0.392976 0.730170
vt 0.403644 0.730467
vt 0.403395 0.801150
vt 0.396324 0.909124
vt 0.406995 0.909081
vt 0.396047 0.935347
vt 0.406599 0.946610
vt 0.355296 0.934042
vt 0.354640 0.944946
vt 0.300692 0.930802
vt 0.299955 0.941701
vt 0.287846 0.930199
vt 0.276807 0.940615
vt 0.288055 0.875998
vt 0.277055 0.876089
vt 0.287558 0.801719
vt 0.276559 0.801914
vt 0.405927 0.667997
vt 0.536087 0.052461
vt 0.536087 0.001872
vt 0.555496 0.001795
vt 0.555496 0.052384
vt 0.103815 0.063262
vt 0.066341 0.063356
vt 0.066131 0.052544
vt 0.103673 0.052450
vt 0.046536 0.064682
vt 0.035933 0.054565
vt 0.045898 0.309056
vt 0.159582 0.310761
vt 0.170749 0.321709
vt 0.035241 0.319676
vt 0.157530 0.201225
vt 0.168489 0.201069
vt 0.157140 0.147891
vt 0.168100 0.147885
vt 0.130946 0.061784
vt 0.130865 0.050969
vt 0.155263 0.723257
vt 0.155533 0.681175
vt 0.166562 0.670384
vt 0.166222 0.723373
vt 0.048839 0.562552
vt 0.038210 0.562451
vt 0.047632 0.620666
vt 0.036779 0.631349
vt 0.156723 0.621647
vt 0.167585 0.632525
vt 0.157195 0.568766
vt 0.168155 0.568818
vt 0.157481 0.488583
vt 0.168441 0.488527
vt 0.047080 0.369783
vt 0.036255 0.358803
vt 0.466417 0.985423
vt 0.048654 0.803451
vt 0.038025 0.803249
vt 0.044813 0.911340
vt 0.034182 0.911177
vt 0.045030 0.937566
vt 0.034493 0.948668
vt 0.085784 0.936365
vt 0.086414 0.947138
vt 0.140395 0.933264
vt 0.141105 0.944032
vt 0.153242 0.932694
vt 0.164218 0.943007
vt 0.153156 0.878490
vt 0.164116 0.878515
vt 0.153820 0.804208
vt 0.164779 0.804337
vt 0.524419 0.539586
vt 0.523878 0.541779
vt 0.522401 0.543384
vt 0.520382 0.543972
vt 0.512159 0.543972
vt 0.501648 0.537946
vt 0.501089 0.537626
vt 0.500530 0.537305
vt 0.527992 0.001795
vt 0.522043 0.007050
vt 0.517112 0.256650
vt 0.516925 0.287425
vt 0.510639 0.292263
vt 0.510761 0.263209
vt 0.506611 0.001795
vt 0.506628 0.043838
vt 0.500042 0.048835
vt 0.500009 0.008866
vt 0.054706 0.804729
vt 0.153002 0.378150
vt 0.052397 0.376601
vt 0.051273 0.907387
vt 0.129946 0.067199
vt 0.105292 0.068681
vt 0.051396 0.932384
vt 0.142373 0.603560
vt 0.062599 0.602843
vt 0.063530 0.556089
vt 0.063300 0.500371
vt 0.063107 0.440860
vt 0.062263 0.387581
vt 0.143247 0.388842
vt 0.142277 0.410915
vt 0.143035 0.489084
vt 0.142748 0.561567
vt 0.556890 0.506512
vt 0.556890 0.546444
vt 0.551233 0.539179
vt 0.551239 0.503594
vt 0.510257 0.132872
vt 0.510296 0.067240
vt 0.515639 0.070793
vt 0.515594 0.132853
vt 0.556890 0.452656
vt 0.551173 0.455601
vt 0.510217 0.194289
vt 0.515559 0.190931
vt 0.556890 0.440024
vt 0.551169 0.444357
vt 0.510248 0.252211
vt 0.515626 0.245661
vt 0.063536 0.291690
vt 0.064201 0.079556
vt 0.075222 0.078744
vt 0.106602 0.078633
vt 0.129313 0.077266
vt 0.146092 0.077417
vt 0.145669 0.102105
vt 0.145240 0.150086
vt 0.145532 0.198902
vt 0.147080 0.292988
vt 0.506512 0.198890
vt 0.506604 0.253061
vt 0.500041 0.247850
vt 0.499977 0.196328
vt 0.052810 0.613754
vt 0.151797 0.614636
vt 0.071287 0.068819
vt 0.506512 0.124682
vt 0.499972 0.125726
vt 0.517273 0.453798
vt 0.517273 0.506626
vt 0.510907 0.499491
vt 0.510923 0.449566
vt 0.053367 0.070132
vt 0.517204 0.373680
vt 0.510871 0.373826
vt 0.052656 0.302393
vt 0.155848 0.304033
vt 0.149861 0.688406
vt 0.139811 0.731962
vt 0.138564 0.806175
vt 0.137955 0.874320
vt 0.137971 0.918503
vt 0.133015 0.918757
vt 0.088782 0.921648
vt 0.061822 0.922577
vt 0.061709 0.904644
vt 0.064926 0.805772
vt 0.064920 0.740438
vt 0.063712 0.699200
vt 0.140030 0.699284
vt 0.527992 0.250409
vt 0.521898 0.243584
vt 0.510376 0.001795
vt 0.515744 0.008957
vt 0.520994 0.290023
vt 0.521125 0.256650
vt 0.527128 0.265420
vt 0.526962 0.295898
vt 0.541570 0.287425
vt 0.541757 0.256650
vt 0.547446 0.264422
vt 0.547252 0.293152
vt 0.292947 0.727925
vt 0.521079 0.505264
vt 0.520867 0.395727
vt 0.526867 0.392634
vt 0.527128 0.492716
vt 0.507050 0.256650
vt 0.506970 0.322095
vt 0.500041 0.326300
vt 0.500085 0.265170
vt 0.520862 0.342415
vt 0.526834 0.343848
vt 0.300017 0.730902
vt 0.299868 0.697129
vt 0.379702 0.697236
vt 0.378343 0.739455
vt 0.378183 0.803911
vt 0.381177 0.901539
vt 0.381007 0.920811
vt 0.352282 0.919767
vt 0.307873 0.916805
vt 0.301416 0.916464
vt 0.301542 0.871438
vt 0.301092 0.804172
vt 0.385551 0.803050
vt 0.385708 0.736721
vt 0.389168 0.375835
vt 0.290051 0.377108
vt 0.388697 0.903778
vt 0.339655 0.069988
vt 0.314855 0.068548
vt 0.388496 0.928284
vt 0.297548 0.602764
vt 0.297257 0.559225
vt 0.297137 0.486767
vt 0.298082 0.408673
vt 0.297091 0.385046
vt 0.382015 0.383945
vt 0.381012 0.438796
vt 0.380678 0.498265
vt 0.380317 0.553935
vt 0.381174 0.602227
vt 0.353032 0.927043
vt 0.506930 0.387728
vt 0.500013 0.387641
vt 0.305549 0.923954
vt 0.506891 0.449145
vt 0.499975 0.445045
vt 0.294377 0.923390
vt 0.506922 0.507066
vt 0.499972 0.499150
vt 0.386024 0.285724
vt 0.294624 0.286861
vt 0.296554 0.194900
vt 0.297004 0.147917
vt 0.296696 0.101732
vt 0.296304 0.076611
vt 0.315851 0.076485
vt 0.339691 0.077845
vt 0.372632 0.078012
vt 0.385951 0.078938
vt 0.294518 0.872811
vt 0.290719 0.610865
vt 0.388237 0.610243
vt 0.373902 0.070171
vt 0.294056 0.803469
vt 0.290378 0.561466
vt 0.392002 0.071421
vt 0.541917 0.453798
vt 0.541848 0.373680
vt 0.547511 0.373770
vt 0.547579 0.448638
vt 0.537981 0.256650
vt 0.537910 0.500495
vt 0.530717 0.488573
vt 0.530789 0.265726
vt 0.129343 0.073783
vt 0.149423 0.073958
vt 0.129575 0.070098
vt 0.152596 0.070284
vt 0.154762 0.067379
vt 0.106358 0.075166
vt 0.105879 0.071524
vt 0.074612 0.075281
vt 0.073172 0.071648
vt 0.060623 0.076312
vt 0.056657 0.072862
vt 0.059939 0.295224
vt 0.055957 0.299142
vt 0.150423 0.296635
vt 0.153633 0.300678
vt 0.148813 0.199007
vt 0.151951 0.199370
vt 0.519452 0.240163
vt 0.519334 0.138863
vt 0.148519 0.149958
vt 0.151652 0.149598
vt 0.519353 0.089113
vt 0.148950 0.101736
vt 0.152087 0.100656
vt 0.519463 0.040220
vt 0.519544 0.009888
vt 0.058774 0.383943
vt 0.146781 0.385311
vt 0.055162 0.379924
vt 0.150352 0.381397
vt 0.059674 0.440564
vt 0.056121 0.439699
vt 0.053400 0.438497
vt 0.059871 0.500418
vt 0.056328 0.500527
vt 0.053621 0.500668
vt 0.060105 0.556442
vt 0.056576 0.557451
vt 0.053889 0.558845
vt 0.059112 0.606419
vt 0.055529 0.610412
vt 0.145749 0.607197
vt 0.149199 0.611251
vt 0.146155 0.561995
vt 0.149635 0.563127
vt 0.152256 0.564661
vt 0.146442 0.489047
vt 0.149925 0.488965
vt 0.152551 0.488859
vt 0.145676 0.410463
vt 0.149133 0.409129
vt 0.151722 0.407270
vt 0.060114 0.695602
vt 0.143494 0.695696
vt 0.056283 0.691607
vt 0.147093 0.691714
vt 0.061419 0.740020
vt 0.057681 0.738807
vt 0.061424 0.805590
vt 0.057683 0.805209
vt 0.058178 0.904983
vt 0.054358 0.905988
vt 0.058307 0.926099
vt 0.054490 0.929688
vt 0.088748 0.925061
vt 0.088349 0.928566
vt 0.087692 0.931224
vt 0.133588 0.922149
vt 0.134788 0.925600
vt 0.136293 0.928183
vt 0.141410 0.921753
vt 0.144978 0.925093
vt 0.147717 0.927631
vt 0.141391 0.874566
vt 0.144953 0.875208
vt 0.147686 0.876074
vt 0.142003 0.806100
vt 0.145571 0.805816
vt 0.148313 0.805401
vt 0.143257 0.731515
vt 0.146845 0.730215
vt 0.149613 0.728412
vt 0.289909 0.068664
vt 0.315392 0.070956
vt 0.291522 0.071087
vt 0.315757 0.073861
vt 0.293863 0.073996
vt 0.339721 0.072357
vt 0.339734 0.075233
vt 0.373325 0.072532
vt 0.372860 0.075402
vt 0.390536 0.073724
vt 0.388321 0.076475
vt 0.390611 0.291772
vt 0.388395 0.288473
vt 0.289806 0.293037
vt 0.292167 0.289672
vt 0.290219 0.195979
vt 0.291827 0.195412
vt 0.294146 0.195017
vt 0.290662 0.147176
vt 0.292274 0.147544
vt 0.294595 0.147815
vt 0.290348 0.099180
vt 0.291962 0.100472
vt 0.294286 0.101406
vt 0.387180 0.378310
vt 0.291945 0.379538
vt 0.384562 0.381278
vt 0.294522 0.382443
vt 0.388035 0.437018
vt 0.386083 0.437926
vt 0.383512 0.438577
vt 0.387679 0.498464
vt 0.385738 0.498374
vt 0.383175 0.498301
vt 0.387286 0.555961
vt 0.385361 0.554940
vt 0.382810 0.554199
vt 0.386293 0.607785
vt 0.383708 0.604850
vt 0.292584 0.608385
vt 0.295084 0.605420
vt 0.292258 0.560351
vt 0.294776 0.559531
vt 0.290256 0.486540
vt 0.292137 0.486644
vt 0.294655 0.486727
vt 0.291258 0.405904
vt 0.293110 0.407311
vt 0.295608 0.408325
vt 0.385091 0.691461
vt 0.294766 0.691344
vt 0.382325 0.694548
vt 0.297354 0.694436
vt 0.383585 0.738112
vt 0.380889 0.739112
vt 0.383426 0.803453
vt 0.380729 0.803769
vt 0.386497 0.902642
vt 0.383744 0.901823
vt 0.386297 0.926164
vt 0.383555 0.923429
vt 0.352574 0.924963
vt 0.352300 0.922300
vt 0.306612 0.921936
vt 0.307463 0.919320
vt 0.296333 0.921406
vt 0.298910 0.918871
vt 0.296470 0.872128
vt 0.299041 0.871626
vt 0.296014 0.803837
vt 0.298590 0.804094
vt 0.294922 0.729430
vt 0.297510 0.730520
vt 0.263325 0.038845
vt 0.312405 0.038530
vt 0.312323 0.042252
vt 0.267119 0.042542
vt 0.312249 0.046331
vt 0.271302 0.046594
vt 0.339653 0.040084
vt 0.339549 0.043805
vt 0.339451 0.047883
vt 0.391635 0.040348
vt 0.384319 0.044032
vt 0.378933 0.048083
vt 0.412798 0.045993
vt 0.409274 0.050186
vt 0.412924 0.324016
vt 0.409377 0.319956
vt 0.265081 0.325855
vt 0.269288 0.321698
vt 0.264017 0.198530
vt 0.267752 0.198590
vt 0.271871 0.198645
vt 0.264524 0.145504
vt 0.268260 0.145506
vt 0.272379 0.145499
vt 0.264176 0.093325
vt 0.267911 0.093280
vt 0.272030 0.093223
vt 0.412710 0.350176
vt 0.266111 0.352013
vt 0.408473 0.354397
vt 0.270508 0.356126
vt 0.414838 0.433486
vt 0.411041 0.433427
vt 0.406890 0.433355
vt 0.414414 0.499090
vt 0.410617 0.499057
vt 0.406465 0.499014
vt 0.413960 0.560334
vt 0.410163 0.560353
vt 0.406011 0.560364
vt 0.415427 0.639535
vt 0.411559 0.635746
vt 0.407330 0.631579
vt 0.263728 0.640510
vt 0.267597 0.636672
vt 0.271834 0.632450
vt 0.267328 0.596842
vt 0.271447 0.574564
vt 0.267099 0.486096
vt 0.271309 0.486109
vt 0.268251 0.400198
vt 0.272462 0.400121
vt 0.266094 0.659061
vt 0.415082 0.659143
vt 0.412018 0.662101
vt 0.269076 0.662021
vt 0.408667 0.665341
vt 0.272365 0.665266
vt 0.412468 0.730674
vt 0.409514 0.730612
vt 0.406284 0.730536
vt 0.412220 0.801049
vt 0.409266 0.801088
vt 0.406036 0.801125
vt 0.416335 0.924451
vt 0.413123 0.916760
vt 0.409705 0.911134
vt 0.416042 0.954811
vt 0.412762 0.952250
vt 0.409306 0.949248
vt 0.354176 0.953855
vt 0.354318 0.950891
vt 0.354488 0.947630
vt 0.299415 0.950605
vt 0.299584 0.947643
vt 0.299782 0.944383
vt 0.267827 0.949123
vt 0.270808 0.946293
vt 0.274095 0.943179
vt 0.268107 0.876129
vt 0.271078 0.876121
vt 0.274353 0.876107
vt 0.267612 0.802041
vt 0.270583 0.802004
vt 0.273858 0.801958
vt 0.266352 0.721070
vt 0.269322 0.721035
vt 0.272597 0.720992
vt 0.086863 0.956100
vt 0.141632 0.952990
vt 0.173268 0.951588
vt 0.173152 0.878544
vt 0.173814 0.804453
vt 0.175257 0.723481
vt 0.171430 0.998205
vt 0.031960 0.996951
vt 0.032066 0.985075
vt 0.021236 0.988936
vt 0.011856 0.991731
vt 0.468349 0.359540
vt 0.468539 0.367699
vt 0.468326 0.369261
vt 0.467659 0.369891
vt 0.571722 0.436434
vt 0.551169 0.436434
vt 0.431779 0.989706
vt 0.434050 0.989686
vt 0.440772 0.972707
vt 0.435738 0.989659
vt 0.445941 0.984951
vt 0.446176 0.967703
vt 0.444638 0.966801
vt 0.263360 0.991934
vt 0.405066 0.991022
vt 0.409075 0.994849
vt 0.269602 0.995746
vt 0.535184 0.223479
vt 0.548707 0.223434
vt 0.524419 0.510655
vt 0.524419 0.527528
vt 0.420945 0.983205
vt 0.404975 0.977465
vt 0.033539 0.356060
vt 0.172282 0.358154
vt 0.030218 0.352722
vt 0.175744 0.354918
vt 0.034951 0.435415
vt 0.031689 0.435450
vt 0.035228 0.501076
vt 0.031966 0.501089
vt 0.035543 0.562427
vt 0.032281 0.562397
vt 0.034056 0.634020
vt 0.030726 0.637273
vt 0.170306 0.635245
vt 0.173628 0.638558
vt 0.170843 0.575231
vt 0.174040 0.592731
vt 0.171170 0.488514
vt 0.174477 0.488499
vt 0.170210 0.402526
vt 0.173519 0.402582
vt 0.033035 0.667415
vt 0.169308 0.667688
vt 0.029658 0.664120
vt 0.172637 0.664407
vt 0.035270 0.732605
vt 0.032008 0.732660
vt 0.035359 0.803200
vt 0.032097 0.803141
vt 0.031441 0.913226
vt 0.027976 0.918886
vt 0.031753 0.951307
vt 0.028256 0.954317
vt 0.086562 0.949831
vt 0.086726 0.953111
vt 0.141274 0.946724
vt 0.141467 0.950003
vt 0.166951 0.945586
vt 0.170263 0.948726
vt 0.166845 0.878522
vt 0.170152 0.878533
vt 0.167507 0.804371
vt 0.170815 0.804413
vt 0.168951 0.723403
vt 0.172258 0.723443
vt 0.130835 0.048267
vt 0.172135 0.048638
vt 0.130783 0.044978
vt 0.175501 0.045380
vt 0.130723 0.041985
vt 0.178554 0.042415
vt 0.103627 0.049749
vt 0.103556 0.046462
vt 0.103479 0.043469
vt 0.064522 0.049847
vt 0.060205 0.046570
vt 0.054338 0.043592
vt 0.033431 0.051924
vt 0.030609 0.048537
vt 0.032719 0.322334
vt 0.029863 0.325574
vt 0.173529 0.324446
vt 0.176900 0.327780
vt 0.171218 0.201030
vt 0.174525 0.200981
vt 0.177524 0.200936
vt 0.170829 0.147884
vt 0.174136 0.147885
vt 0.177136 0.147886
vt 0.171296 0.095610
vt 0.174603 0.095652
vt 0.177603 0.095691
vt 0.341154 0.008872
vt 0.273673 0.007799
vt 0.004494 0.370208
vt 0.001795 0.336691
vt 0.002832 0.120027
vt 0.468662 0.009712
vt 0.468505 0.115381
vt 0.102032 0.012972
vt 0.001795 0.006760
vt 0.101809 0.005414
vt 0.169324 0.005228
vt 0.467473 0.547874
vt 0.467513 0.602057
vt 0.006091 0.607889
vt 0.007441 0.553511
vt 0.008156 0.553536
vt 0.006809 0.607830
vt 0.467393 0.513510
vt 0.009478 0.518950
vt 0.010198 0.518902
vt 0.467466 0.505547
vt 0.007946 0.511068
vt 0.008636 0.510863
vt 0.467624 0.497243
vt 0.004558 0.502962
vt 0.005276 0.502823
vt 0.467623 0.480273
vt 0.004710 0.485948
vt 0.005427 0.485952
vt 0.467623 0.419102
vt 0.005259 0.424620
vt 0.005975 0.424620
vt 0.011513 0.991730
vt 0.011785 0.966387
vt 0.011170 0.991728
vt 0.010600 0.967235
vt 0.010827 0.991726
vt 0.009676 0.967892
vt 0.016053 0.657584
vt 0.014877 0.657695
vt 0.013959 0.657729
vt 0.467337 0.652319
vt 0.004917 0.375332
vt 0.005629 0.374652
vt 0.432289 0.422656
vt 0.432699 0.484017
vt 0.432806 0.500072
vt 0.429586 0.507727
vt 0.427831 0.516650
vt 0.429818 0.551705
vt 0.431041 0.605890
vt 0.493941 0.002440
vt 0.495688 0.004238
vt 0.223674 0.001795
vt 0.273781 0.005330
vt 0.341202 0.006039
vt 0.532020 0.119892
vt 0.531581 0.052469
vt 0.533568 0.052469
vt 0.534035 0.119838
vt 0.531581 0.002258
vt 0.533568 0.001980
vt 0.432294 0.551610
vt 0.433518 0.605907
vt 0.444601 0.602124
vt 0.444561 0.548021
vt 0.446444 0.547845
vt 0.446483 0.602029
vt 0.430321 0.516814
vt 0.444482 0.513427
vt 0.446365 0.513440
vt 0.431968 0.508442
vt 0.444560 0.504965
vt 0.446439 0.505385
vt 0.435286 0.500554
vt 0.437132 0.500893
vt 0.433742 0.508952
vt 0.446596 0.497120
vt 0.435175 0.483994
vt 0.444714 0.496875
vt 0.444714 0.480357
vt 0.446596 0.480233
vt 0.434765 0.422652
vt 0.444714 0.419170
vt 0.446596 0.419059
vt 0.435376 0.365796
vt 0.444759 0.362393
vt 0.446637 0.364067
vt 0.438037 0.333695
vt 0.439883 0.334430
vt 0.437138 0.367562
vt 0.446773 0.330825
vt 0.437492 0.118067
vt 0.444890 0.330184
vt 0.444931 0.115041
vt 0.446814 0.114933
vt 0.439321 0.007626
vt 0.445048 0.004711
vt 0.446914 0.002572
vt 0.534622 0.219365
vt 0.341267 0.003951
vt 0.440772 0.005549
vt 0.444361 0.651627
vt 0.435363 0.605905
vt 0.555153 0.119907
vn 0.298000 0.004900 -0.954500
vn 0.298100 0.002500 -0.954500
vn 0.236900 0.002200 -0.971500
vn 0.218200 0.004300 -0.975900
vn -0.233000 0.549100 -0.802600
vn -0.244100 0.479800 -0.842700
vn -0.244200 0.478900 -0.843200
vn -0.222000 0.570000 -0.791100
vn -0.228800 0.533800 -0.814100
vn -0.228900 0.533100 -0.814500
vn -0.757800 0.007500 -0.652500
vn -0.757700 0.011000 -0.652500
vn -0.714800 0.009900 -0.699200
vn -0.714800 0.006700 -0.699300
vn 0.478400 -0.029300 -0.877700
vn 0.475900 -0.020500 -0.879300
vn 0.398500 -0.016000 -0.917000
vn 0.427500 -0.027300 -0.903600
vn 0.275000 -0.000000 0.961400
vn 0.257100 -0.019500 0.966200
vn 0.218100 0.001200 0.975900
vn 0.218300 0.000800 0.975900
vn 0.217800 0.000100 0.976000
vn 0.247200 0.030500 0.968500
vn 0.302200 0.030400 0.952800
vn 0.329800 -0.000000 0.944100
vn 0.300400 -0.028800 0.953400
vn 0.247000 -0.029600 0.968600
vn 0.217700 0.001600 0.976000
vn 0.217700 -0.000500 0.976000
vn 0.223300 0.000600 0.974800
vn 0.260800 0.014100 0.965300
vn 0.377500 0.000400 0.926000
vn 0.359900 -0.009500 0.932900
vn 0.383500 -0.009100 0.923500
vn -0.236000 -0.495900 -0.835700
vn -0.241000 -0.463900 -0.852500
vn -0.241200 -0.462400 -0.853200
vn 0.757800 0.002500 0.652500
vn 0.757800 0.004900 0.652500
vn 0.701300 0.004300 0.712900
vn 0.714900 0.002200 0.699200
vn 0.757700 0.004800 0.652600
vn 0.757400 0.020700 0.652600
vn 0.700800 0.018000 0.713200
vn 0.715100 0.004400 0.699000
vn -0.661800 -0.004300 0.749700
vn -0.658400 0.006300 0.752600
vn -0.568600 0.006100 0.822600
vn -0.571600 -0.003400 0.820500
vn 0.863700 -0.020000 0.503500
vn 0.864500 -0.029000 0.501800
vn 0.834300 -0.026900 0.550600
vn 0.819300 -0.015900 0.573100
vn 0.905900 -0.146500 -0.397400
vn 0.970800 -0.008900 -0.239900
vn 0.999200 -0.008100 0.038000
vn 0.987500 -0.109900 0.112800
vn -0.652700 0.018300 0.757400
vn -0.562600 0.016300 0.826600
vn -0.422400 -0.823300 -0.379100
vn -0.415800 -0.870200 -0.264500
vn -0.306900 -0.947700 0.087800
vn -0.331000 -0.938900 0.094700
vn -0.012900 -0.026000 -0.999600
vn -0.003200 0.007300 -1.000000
vn 0.070900 0.008200 -0.997400
vn 0.211800 0.008600 -0.977300
vn 0.006200 0.001300 -1.000000
vn -0.026900 -0.046200 -0.998600
vn 0.872600 -0.295800 -0.388500
vn 0.896100 -0.200200 -0.396100
vn 0.970100 -0.200200 -0.137600
vn 0.946200 -0.295800 -0.131500
vn -0.236100 -0.964200 -0.120600
vn -0.142600 -0.988900 0.040800
vn 0.916500 -0.000000 -0.400000
vn 0.989400 -0.000000 -0.145100
vn 0.929400 -0.038800 0.367000
vn 0.876600 -0.035700 0.479900
vn 0.913200 -0.074800 -0.400600
vn 0.986900 -0.074800 -0.142600
vn 0.917000 -0.007900 -0.398900
vn 0.989400 -0.007900 -0.145100
vn -0.297600 0.023700 0.954400
vn -0.297800 0.014700 0.954500
vn -0.236900 0.013200 0.971400
vn -0.217400 0.020600 0.975900
vn -0.275000 -0.000000 -0.961400
vn -0.293300 -0.020100 -0.955800
vn -0.247000 -0.029700 -0.968600
vn -0.217300 0.000500 -0.976100
vn -0.218100 -0.000700 -0.975900
vn -0.219400 -0.000000 -0.975600
vn -0.249500 0.027700 -0.968000
vn -0.304400 0.034900 -0.951900
vn -0.290000 -0.017100 -0.956900
vn 0.914900 -0.051000 -0.400500
vn 0.999400 0.006500 -0.034000
vn 0.980800 0.195100 -0.001000
vn 0.890600 -0.008600 -0.454700
vn 0.820100 -0.009000 -0.572200
vn 0.908100 -0.000300 -0.418800
vn 0.924500 0.005800 -0.381100
vn 0.999300 -0.037700 0.000300
vn 0.916000 0.032600 -0.399800
vn 0.988900 0.032600 -0.144700
vn 0.914600 -0.046800 -0.401600
vn 0.984600 -0.042100 0.169700
vn -0.298000 0.011000 0.954500
vn -0.298000 0.007500 0.954500
vn -0.236800 0.006700 0.971500
vn -0.236900 0.009900 0.971500
vn 0.779900 -0.000000 -0.625900
vn 0.709300 -0.000000 -0.704900
vn 0.961400 -0.000000 -0.275000
vn 0.259900 -0.017100 0.965500
vn 0.245100 0.034900 0.968900
vn 0.300100 0.027600 0.953500
vn 0.331000 -0.000700 0.943600
vn 0.331800 0.000500 0.943400
vn 0.302600 -0.029700 0.952700
vn -0.515700 -0.844000 0.147500
vn 0.919500 -0.011200 -0.393000
vn 0.924100 -0.018300 -0.381600
vn 0.997400 -0.019700 0.069200
vn 0.988800 -0.011700 0.149000
vn -0.019400 0.988700 -0.148600
vn -0.006400 0.994800 -0.101700
vn 0.121300 0.934500 0.334700
vn 0.142000 0.894900 0.423100
vn -0.253000 -0.548400 -0.797000
vn -0.249600 -0.548600 -0.797900
vn -0.256700 -0.495100 -0.830000
vn -0.258600 -0.491000 -0.831900
vn -0.269800 -0.547500 -0.792100
vn -0.276800 -0.470500 -0.837900
vn -0.757800 0.003500 -0.652500
vn -0.713800 0.003100 -0.700300
vn -0.713500 0.003100 -0.700700
vn 0.297700 0.020700 -0.954400
vn 0.297900 0.004800 -0.954600
vn 0.237200 0.004400 -0.971500
vn 0.217600 0.018000 -0.975900
vn 0.297900 -0.012100 -0.954500
vn 0.297900 -0.015200 -0.954500
vn 0.217700 -0.013200 -0.975900
vn 0.236800 -0.010900 -0.971500
vn 0.298000 -0.004500 -0.954500
vn 0.237000 -0.004000 -0.971500
vn -0.246600 -0.548600 -0.798800
vn -0.254200 -0.494000 -0.831500
vn -0.962400 0.003600 0.271600
vn -0.973000 0.031500 0.228800
vn -0.961400 -0.000000 0.275000
vn 0.298100 -0.001400 -0.954500
vn 0.298100 0.001700 -0.954500
vn 0.236700 0.001600 -0.971600
vn 0.218200 -0.001200 -0.975900
vn -0.757800 0.000600 -0.652500
vn -0.715000 0.000600 -0.699200
vn -0.757800 -0.006500 -0.652500
vn -0.701200 -0.005700 -0.712900
vn -0.229900 0.549100 -0.803500
vn -0.241400 0.479200 -0.843800
vn -0.241400 0.479400 -0.843800
vn 0.298100 -0.001500 -0.954500
vn 0.298100 -0.000000 -0.954500
vn 0.216600 -0.000000 -0.976300
vn 0.237100 -0.001700 -0.971500
vn 0.298000 -0.007000 -0.954500
vn 0.237000 -0.006300 -0.971500
vn -0.757600 0.014700 -0.652500
vn -0.700900 0.012800 -0.713100
vn 0.870900 -0.288100 -0.398000
vn 0.971500 -0.211100 0.108000
vn -0.757700 -0.004500 -0.652600
vn -0.757600 0.014700 -0.652600
vn -0.714800 0.013200 -0.699200
vn -0.715000 -0.004100 -0.699100
vn -0.757700 -0.002600 -0.652600
vn -0.712500 -0.003800 -0.701700
vn -0.757700 0.009500 -0.652500
vn -0.694400 0.008100 -0.719600
vn -0.202400 0.548300 -0.811400
vn -0.209600 0.548700 -0.809300
vn -0.223000 0.484800 -0.845700
vn -0.213900 0.496600 -0.841200
vn -0.198500 0.548100 -0.812500
vn -0.210600 0.494300 -0.843400
vn -0.201700 0.548300 -0.811600
vn -0.216700 0.479300 -0.850500
vn 0.298100 -0.002900 -0.954500
vn 0.298000 -0.005800 -0.954500
vn 0.218900 -0.005000 -0.975700
vn 0.236900 -0.002600 -0.971500
vn 0.298100 0.002400 -0.954500
vn -0.757300 0.023700 -0.652600
vn -0.700600 0.020600 -0.713200
vn 0.022300 0.994700 -0.100000
vn 0.037000 0.988400 -0.147500
vn 0.073800 0.997000 -0.021100
vn 0.077900 0.993900 0.078000
vn 0.210100 -0.548600 0.809200
vn 0.206800 -0.548400 0.810200
vn 0.220500 -0.491000 0.842800
vn 0.221100 -0.495100 0.840200
vn 0.189900 -0.547500 0.815000
vn 0.208200 -0.470500 0.857500
vn 0.226700 0.549100 0.804400
vn 0.238700 0.478900 0.844800
vn 0.238500 0.479800 0.844300
vn 0.757600 -0.015200 0.652500
vn 0.757700 -0.012100 0.652500
vn 0.714800 -0.010900 0.699300
vn 0.700900 -0.013200 0.713200
vn 0.757800 -0.004500 0.652500
vn 0.714900 -0.004000 0.699200
vn 0.213200 -0.548600 0.808400
vn 0.224000 -0.494000 0.840100
vn -0.298100 0.003500 0.954500
vn -0.235000 0.003100 0.972000
vn -0.235500 0.003100 0.971900
vn 0.757800 0.001700 0.652500
vn 0.757800 -0.001400 0.652500
vn 0.701300 -0.001200 0.712800
vn 0.714700 0.001600 0.699400
vn -0.298000 0.000600 0.954600
vn -0.237000 0.000600 0.971500
vn -0.298000 -0.006500 0.954500
vn -0.218100 -0.005700 0.975900
vn 0.229900 0.549100 0.803500
vn 0.241400 0.479400 0.843800
vn 0.241400 0.479200 0.843800
vn 0.757800 -0.000000 0.652500
vn 0.757800 -0.001500 0.652500
vn 0.715000 -0.001700 0.699100
vn 0.700200 -0.000000 0.714000
vn 0.757700 -0.007000 0.652500
vn 0.714900 -0.006300 0.699200
vn -0.297900 0.014700 0.954500
vn -0.217700 0.012800 0.975900
vn 0.894100 -0.082900 0.440200
vn -0.298000 -0.004500 0.954600
vn -0.237100 -0.004100 0.971500
vn -0.298000 -0.002600 0.954600
vn -0.233600 -0.003800 0.972300
vn -0.298000 0.009500 0.954500
vn -0.208800 0.008100 0.977900
vn 0.250200 0.548700 0.797700
vn 0.257400 0.548300 0.795700
vn 0.263300 0.496600 0.827100
vn 0.258000 0.484800 0.835700
vn 0.261200 0.548100 0.794500
vn 0.267300 0.494300 0.827200
vn 0.258000 0.548300 0.795500
vn 0.265900 0.479300 0.836400
vn 0.757800 -0.005800 0.652500
vn 0.757800 -0.002900 0.652500
vn 0.714900 -0.002600 0.699200
vn 0.701800 -0.005000 0.712300
vn 0.757800 0.002400 0.652500
vn -0.260500 -0.939300 -0.223200
vn -0.000000 -1.000000 -0.000000
vn -0.662800 -0.007400 0.748700
vn -0.596600 -0.007000 0.802500
vn -0.555900 -0.028200 0.830800
vn -0.546000 -0.011100 0.837700
vn -0.461200 -0.005800 0.887300
vn -0.497900 -0.026400 0.866800
vn -0.484700 0.001700 0.874700
vn -0.487000 -0.001400 0.873400
vn -0.410800 -0.002000 0.911700
vn -0.431500 0.001600 0.902100
vn 0.860200 0.004900 0.509900
vn 0.816500 0.004900 0.577400
vn 0.207800 0.638600 0.740900
vn 0.217100 0.596500 0.772700
vn 0.217000 0.597100 0.772200
vn 0.851700 0.000800 0.524000
vn 0.809800 0.002900 0.586700
vn 0.218100 0.713000 0.666400
vn 0.214300 0.711100 0.669600
vn 0.229000 0.651600 0.723100
vn 0.232800 0.651400 0.722100
vn 0.847400 -0.011200 0.530900
vn 0.815300 -0.010400 0.579000
vn 0.216100 -0.055700 0.974800
vn 0.332800 -0.055100 0.941400
vn 0.349800 -0.000100 0.936800
vn 0.349800 -0.001000 0.936800
vn 0.349500 -0.001400 0.936900
vn 0.332300 0.054900 0.941600
vn 0.214700 0.054100 0.975200
vn 0.198700 -0.000500 0.980100
vn 0.198700 0.000900 0.980100
vn 0.199200 0.000200 0.980000
vn 0.146100 -0.743200 0.653000
vn 0.154200 -0.747000 0.646700
vn 0.169200 -0.699600 0.694200
vn 0.166100 -0.677700 0.716300
vn 0.900400 -0.010000 0.435000
vn 0.899400 -0.015200 0.436900
vn 0.855300 -0.013100 0.517900
vn 0.856500 -0.009000 0.516100
vn 0.143100 -0.735700 0.662000
vn 0.163200 -0.670400 0.723900
vn 0.903600 0.000700 0.428400
vn 0.859100 -0.000800 0.511800
vn 0.147700 -0.733500 0.663400
vn 0.163800 -0.683300 0.711600
vn 0.905400 0.008700 0.424600
vn 0.875400 0.008200 0.483400
vn 0.329500 -0.056900 0.942400
vn 0.332400 0.056400 0.941400
vn 0.277500 0.079000 0.957500
vn 0.277200 0.078200 0.957600
vn 0.276800 0.080700 0.957500
vn 0.211000 0.058900 0.975700
vn 0.192900 -0.000300 0.981200
vn 0.193000 0.000700 0.981200
vn 0.193900 0.001700 0.981000
vn 0.212100 -0.054900 0.975700
vn -0.491800 0.004000 0.870700
vn -0.492000 0.007300 0.870600
vn -0.432700 0.006700 0.901500
vn -0.414600 0.003200 0.910000
vn 0.213900 -0.628400 0.747900
vn 0.222600 -0.587200 0.778200
vn 0.222600 -0.587400 0.778100
vn 0.230100 0.700100 0.676000
vn 0.238300 0.642400 0.728400
vn -0.491000 -0.003200 0.871100
vn -0.413900 -0.002700 0.910300
vn -0.526300 0.001600 0.850300
vn -0.525200 -0.000000 0.851000
vn -0.469800 -0.000000 0.882800
vn -0.446800 0.001800 0.894600
vn 0.250000 0.690100 0.679100
vn 0.258200 0.645600 0.718700
vn -0.529200 0.009300 0.848400
vn -0.449500 0.008400 0.893200
vn 0.830000 -0.004000 0.557700
vn 0.799300 -0.003700 0.600900
vn 0.801200 -0.003700 0.598400
vn 0.215200 -0.639600 0.738000
vn 0.223500 -0.600300 0.767900
vn 0.224400 -0.596100 0.770900
vn 0.220100 0.620200 0.753000
vn 0.228200 0.579600 0.782300
vn 0.228100 0.580400 0.781800
vn 0.201900 -0.000300 0.979400
vn 0.201700 -0.000300 0.979400
vn 0.201600 0.000300 0.979500
vn 0.215800 -0.056300 0.974800
vn 0.269300 -0.076600 0.960000
vn 0.269800 -0.078100 0.959800
vn 0.326700 -0.060300 0.943200
vn 0.347000 0.000400 0.937900
vn 0.346500 0.000600 0.938100
vn 0.346300 -0.001700 0.938100
vn 0.330200 0.052200 0.942500
vn 0.218900 0.054200 0.974200
vn -0.649500 0.022600 0.760100
vn -0.587000 0.021200 0.809300
vn 0.899200 -0.019500 0.437200
vn 0.869000 -0.018200 0.494500
vn -0.937500 -0.004400 -0.347900
vn -0.938200 -0.007200 -0.346000
vn -0.908100 -0.006900 -0.418800
vn -0.891400 -0.003400 -0.453300
vn -0.914900 -0.011300 -0.403500
vn -0.919600 -0.028700 -0.391900
vn -0.890000 -0.026800 -0.455100
vn -0.869700 -0.005800 -0.493600
vn -0.879100 -0.001300 -0.476600
vn -0.877800 0.001700 -0.479100
vn -0.848000 0.001600 -0.530100
vn -0.833900 -0.002100 -0.552000
vn -0.936400 0.022300 -0.350400
vn -0.936000 0.018100 -0.351700
vn -0.889400 0.016100 -0.456900
vn -0.909500 0.021100 -0.415100
vn 0.549400 -0.019800 -0.835400
vn 0.549500 -0.015500 -0.835300
vn 0.468000 -0.013300 -0.883600
vn 0.492700 -0.018500 -0.870000
vn -0.936000 0.006100 -0.352000
vn -0.890000 0.006000 -0.455900
vn -0.345900 -0.000300 -0.938300
vn -0.329100 0.051800 -0.942900
vn -0.218700 0.049800 -0.974500
vn -0.203100 -0.001700 -0.979200
vn -0.202900 0.000600 -0.979200
vn -0.202400 0.000400 -0.979300
vn -0.221900 -0.057900 -0.973300
vn -0.278500 -0.075300 -0.957500
vn -0.279000 -0.074000 -0.957400
vn -0.331800 -0.054200 -0.941800
vn -0.346100 0.000300 -0.938200
vn -0.346000 -0.000300 -0.938200
vn 0.468000 0.004800 -0.883700
vn 0.392900 0.004900 -0.919600
vn -0.215900 0.636900 -0.740100
vn -0.224500 0.595600 -0.771300
vn -0.224600 0.595000 -0.771700
vn 0.452500 0.000500 -0.891800
vn 0.382000 0.002900 -0.924200
vn -0.200500 0.612100 -0.764900
vn -0.194000 0.615700 -0.763700
vn -0.207700 0.560000 -0.802100
vn -0.211000 0.558600 -0.802200
vn 0.444800 -0.011200 -0.895600
vn 0.392300 -0.010400 -0.919800
vn -0.333000 -0.056100 -0.941300
vn -0.350300 0.000200 -0.936600
vn -0.350800 0.001000 -0.936500
vn -0.350800 -0.000500 -0.936400
vn -0.334400 0.054500 -0.940900
vn -0.215000 0.055300 -0.975100
vn -0.197700 -0.001500 -0.980300
vn -0.197500 -0.001000 -0.980300
vn -0.197500 -0.000100 -0.980300
vn -0.214500 -0.055500 -0.975200
vn -0.222900 -0.700600 -0.677800
vn -0.232200 -0.697600 -0.677800
vn -0.245800 -0.635400 -0.732000
vn -0.233100 -0.655100 -0.718700
vn 0.551000 -0.010100 -0.834400
vn 0.469700 -0.009100 -0.882800
vn -0.238600 -0.691900 -0.681400
vn -0.251500 -0.629700 -0.735000
vn 0.557300 0.000700 -0.830300
vn 0.474200 -0.000800 -0.880400
vn -0.235300 -0.690300 -0.684200
vn -0.245300 -0.642000 -0.726400
vn 0.560800 0.008900 -0.827900
vn 0.503700 0.008300 -0.863900
vn -0.217000 -0.047700 -0.975000
vn -0.331100 -0.046400 -0.942500
vn -0.347100 0.001700 -0.937800
vn -0.347700 0.000600 -0.937600
vn -0.347600 -0.000300 -0.937600
vn -0.331200 0.051200 -0.942200
vn -0.272100 0.070900 -0.959600
vn -0.271900 0.069200 -0.959800
vn -0.271500 0.070300 -0.959900
vn -0.214800 0.049400 -0.975400
vn -0.882100 0.007300 -0.471100
vn -0.881900 0.004100 -0.471500
vn -0.836200 0.003200 -0.548400
vn -0.848600 0.006700 -0.529000
vn -0.214300 -0.626700 -0.749200
vn -0.222900 -0.585900 -0.779200
vn -0.222900 -0.585700 -0.779300
vn -0.190600 0.611100 -0.768200
vn -0.205000 0.557200 -0.804700
vn -0.881400 -0.003300 -0.472300
vn -0.835800 -0.002700 -0.549000
vn -0.904600 -0.000000 -0.426200
vn -0.905100 0.001600 -0.425100
vn -0.861500 0.001800 -0.507700
vn -0.874800 -0.000000 -0.484500
vn -0.173800 0.607300 -0.775200
vn -0.186500 0.560700 -0.806700
vn -0.906500 0.009500 -0.422000
vn -0.863000 0.008500 -0.505100
vn 0.671200 -0.005400 -0.741200
vn 0.609900 -0.005100 -0.792500
vn 0.601100 -0.005000 -0.799200
vn 0.273700 0.267700 0.923800
vn 0.260800 0.314800 0.912600
vn 0.255900 0.485900 0.835700
vn 0.235600 0.514200 0.824700
vn 0.206200 0.661300 0.721200
vn 0.275500 0.262400 0.924800
vn 0.259200 0.482500 0.836700
vn 0.276400 0.262600 0.924500
vn 0.262100 0.477400 0.838700
vn 0.423000 0.156100 0.892600
vn 0.276100 0.501800 0.819700
vn 0.548500 -0.001800 0.836100
vn 0.700300 -0.002900 0.713800
vn 0.697000 -0.002800 0.717000
vn 0.264800 -0.292000 0.919000
vn 0.264600 -0.294400 0.918300
vn 0.245900 -0.467300 0.849200
vn 0.245200 -0.472700 0.846400
vn -0.017200 0.006000 0.999800
vn -0.091700 0.009500 0.995700
vn -0.312900 0.011800 0.949700
vn -0.372200 0.016200 0.928000
vn -0.020300 0.002300 0.999800
vn -0.318700 0.004400 0.947800
vn -0.020800 -0.001300 0.999800
vn -0.320400 -0.002500 0.947300
vn -0.095500 -0.003300 0.995400
vn -0.378500 -0.005600 0.925600
vn 0.261200 0.292300 0.920000
vn 0.261300 0.291700 0.920100
vn 0.240000 0.468800 0.850100
vn 0.240200 0.468000 0.850500
vn 0.522000 -0.004900 0.852900
vn 0.576000 -0.008300 0.817400
vn 0.718400 -0.009400 0.695600
vn 0.754000 -0.013900 0.656700
vn 0.523100 -0.003400 0.852300
vn 0.719700 -0.006500 0.694200
vn 0.522900 -0.000400 0.852400
vn 0.721100 -0.000600 0.692800
vn 0.578300 0.003800 0.815800
vn 0.759400 0.006300 0.650600
vn 0.263400 -0.288300 0.920600
vn 0.263400 -0.288400 0.920600
vn 0.244000 -0.461600 0.852900
vn 0.244000 -0.461400 0.853000
vn 0.009100 0.000700 1.000000
vn -0.053500 -0.000000 0.998600
vn -0.238500 0.001300 0.971100
vn -0.287900 -0.000000 0.957700
vn 0.008000 0.003200 1.000000
vn -0.240600 0.006000 0.970600
vn 0.007900 -0.001700 1.000000
vn -0.246200 -0.003900 0.969200
vn -0.062400 -0.012100 0.998000
vn -0.307300 -0.020200 0.951400
vn 0.265900 0.283000 0.921500
vn 0.266000 0.281800 0.921900
vn 0.248200 0.454900 0.855200
vn 0.248400 0.453600 0.855900
vn 0.508400 -0.005900 0.861100
vn 0.558300 -0.012200 0.829600
vn 0.689800 -0.011300 0.723900
vn 0.723900 -0.020300 0.689600
vn 0.508400 0.001900 0.861100
vn 0.688500 0.003500 0.725200
vn 0.508400 0.001300 0.861100
vn 0.684800 0.002100 0.728700
vn 0.551500 -0.005000 0.834200
vn 0.708500 -0.008000 0.705700
vn 0.250200 -0.266200 0.930900
vn 0.246900 -0.323800 0.913300
vn 0.211400 -0.496600 0.841900
vn 0.209400 -0.541100 0.814500
vn 0.248700 -0.262100 0.932500
vn 0.209000 -0.490000 0.846300
vn 0.243600 -0.311900 0.918300
vn 0.204900 -0.524200 0.826600
vn 0.019200 0.001200 0.999800
vn -0.035700 0.003000 0.999400
vn -0.215900 0.002300 0.976400
vn -0.256200 0.005000 0.966600
vn 0.019500 -0.001000 0.999800
vn -0.215400 -0.002000 0.976500
vn 0.020200 -0.000900 0.999800
vn -0.213300 -0.001500 0.977000
vn -0.038200 0.000600 0.999300
vn -0.258900 0.001100 0.965900
vn 0.193600 0.710300 0.676800
vn -0.227000 0.565200 -0.793100
vn -0.237400 0.415900 -0.877900
vn -0.247400 0.438700 -0.863900
vn -0.260300 0.232600 -0.937100
vn -0.264900 0.271100 -0.925400
vn -0.235500 0.414400 -0.879100
vn -0.259600 0.229100 -0.938200
vn -0.233100 0.414000 -0.879900
vn -0.258100 0.231100 -0.938100
vn -0.216300 0.431700 -0.875700
vn -0.097800 0.139900 -0.985300
vn 0.373000 -0.003900 -0.927800
vn 0.360800 -0.003800 -0.932600
vn -0.107200 -0.128900 -0.985800
vn -0.253400 -0.370100 -0.893800
vn -0.253700 -0.367700 -0.894700
vn -0.425900 -0.124000 -0.896200
vn -0.735200 0.011500 -0.677700
vn -0.784400 0.016300 -0.620000
vn -0.521500 0.005900 -0.853300
vn -0.737000 0.004300 -0.675800
vn -0.523100 0.002300 -0.852300
vn -0.737800 -0.002500 -0.675000
vn -0.523200 -0.001200 -0.852200
vn -0.781400 -0.005500 -0.624100
vn -0.582100 -0.003300 -0.813100
vn -0.245900 0.468600 -0.848500
vn -0.246000 0.467700 -0.849000
vn -0.264800 0.293200 -0.918700
vn -0.264800 0.292600 -0.918800
vn 0.253000 -0.009600 -0.967400
vn 0.305500 -0.014200 -0.952100
vn -0.003300 -0.005000 -1.000000
vn 0.063100 -0.008500 -0.998000
vn 0.254700 -0.006600 -0.967000
vn -0.002100 -0.003500 -1.000000
vn 0.256600 -0.000600 -0.966500
vn -0.002400 -0.000500 -1.000000
vn 0.312900 0.006400 -0.949800
vn 0.065800 0.003800 -0.997800
vn -0.244000 -0.461300 -0.853000
vn -0.244000 -0.461100 -0.853100
vn -0.263300 -0.289100 -0.920400
vn -0.263300 -0.289200 -0.920300
vn -0.723900 0.001400 -0.689900
vn -0.759400 -0.000000 -0.650600
vn -0.525100 0.000700 -0.851000
vn -0.578800 -0.000000 -0.815400
vn -0.725400 0.006100 -0.688300
vn -0.526100 0.003300 -0.850400
vn -0.729400 -0.004000 -0.684000
vn -0.526100 -0.001700 -0.850400
vn -0.772700 -0.020600 -0.634500
vn -0.586100 -0.012300 -0.810100
vn -0.246400 0.421400 -0.872800
vn -0.246500 0.420300 -0.873300
vn -0.120800 0.134000 -0.983600
vn -0.416300 0.139900 -0.898400
vn 0.203700 -0.011300 -0.979000
vn 0.255800 -0.020600 -0.966500
vn -0.025300 -0.005800 -0.999700
vn 0.201600 0.003500 -0.979500
vn -0.025400 0.001900 -0.999700
vn 0.196400 0.002200 -0.980500
vn -0.025400 0.001400 -0.999700
vn 0.231500 -0.008000 -0.972800
vn 0.026700 -0.004900 -0.999600
vn -0.268500 -0.467400 -0.842300
vn -0.257300 -0.507200 -0.822500
vn -0.280100 -0.254000 -0.925800
vn -0.274200 -0.306700 -0.911500
vn -0.272600 -0.462200 -0.843900
vn -0.282100 -0.250500 -0.926100
vn -0.266700 -0.493400 -0.827900
vn -0.425900 -0.153000 -0.891800
vn -0.700000 0.002300 -0.714100
vn -0.731500 0.005100 -0.681900
vn -0.511100 0.001200 -0.859500
vn -0.699700 -0.001900 -0.714500
vn -0.510900 -0.001000 -0.859600
vn -0.698000 -0.001600 -0.716100
vn -0.510200 -0.000900 -0.860000
vn -0.733600 0.001100 -0.679600
vn -0.218200 0.608800 -0.762700
vn -0.247200 -0.030600 -0.968500
vn -0.276400 -0.058700 -0.959300
vn -0.275700 -0.195900 -0.941100
vn -0.196000 -0.081300 -0.977200
vn -0.267700 -0.358700 -0.894300
vn -0.259400 -0.332000 -0.906900
vn -0.241400 -0.479300 -0.843800
vn -0.276700 -0.059600 -0.959100
vn -0.276700 -0.198700 -0.940200
vn -0.269500 -0.360800 -0.892900
vn -0.277900 -0.053400 -0.959100
vn -0.278500 -0.187900 -0.941900
vn -0.271000 -0.352000 -0.895900
vn -0.369300 -0.076900 -0.926100
vn -0.283800 -0.317100 -0.904900
vn -0.364300 0.084500 -0.927400
vn -0.605800 0.002300 -0.795600
vn -0.605700 0.002300 -0.795700
vn -0.196800 0.079500 -0.977200
vn -0.261400 0.331500 -0.906500
vn -0.261200 0.334200 -0.905600
vn -0.218100 -0.001300 -0.975900
vn -0.080100 -0.004300 -0.996800
vn 0.089200 -0.007900 -0.996000
vn 0.056900 -0.009100 -0.998300
vn -0.218000 -0.000500 -0.975900
vn -0.080000 -0.001600 -0.996800
vn 0.089400 -0.002900 -0.996000
vn -0.218100 0.000300 -0.975900
vn -0.080100 0.000900 -0.996800
vn 0.089300 0.001600 -0.996000
vn 0.057500 0.002900 -0.998300
vn -0.229900 -0.549100 -0.803500
vn -0.349800 -0.079600 -0.933500
vn -0.195900 -0.078700 -0.977500
vn -0.257500 -0.331500 -0.907600
vn -0.257500 -0.331600 -0.907600
vn -0.238600 -0.478900 -0.844800
vn -0.238600 -0.479000 -0.844800
vn -0.331100 0.001200 -0.943600
vn -0.459200 0.003900 -0.888300
vn -0.602500 0.007200 -0.798100
vn -0.576300 0.008800 -0.817200
vn -0.330800 0.000800 -0.943700
vn -0.459000 0.002700 -0.888500
vn -0.602400 0.004900 -0.798200
vn -0.331300 0.000100 -0.943500
vn -0.459500 0.000200 -0.888200
vn -0.602800 0.000400 -0.797900
vn -0.302400 0.030500 -0.952700
vn -0.350400 0.081000 -0.933100
vn -0.576700 -0.003900 -0.816900
vn -0.247400 0.030400 -0.968400
vn -0.197100 0.082000 -0.976900
vn -0.259400 0.332000 -0.906900
vn -0.081400 -0.000300 -0.996700
vn 0.089100 -0.000900 -0.996000
vn 0.054400 -0.000000 -0.998500
vn -0.080100 -0.002400 -0.996800
vn 0.089600 -0.004500 -0.996000
vn -0.079100 0.001700 -0.996900
vn 0.090000 0.003200 -0.995900
vn 0.056900 0.012400 -0.998300
vn -0.226600 -0.549100 -0.804400
vn -0.249300 -0.028800 -0.968000
vn -0.302600 -0.029600 -0.952700
vn -0.350700 -0.078200 -0.933200
vn -0.196500 -0.082200 -0.977000
vn -0.261700 -0.331500 -0.906400
vn -0.261700 -0.332100 -0.906200
vn -0.244700 -0.478900 -0.843100
vn -0.244600 -0.479300 -0.842900
vn -0.331400 0.001600 -0.943500
vn -0.459600 0.005300 -0.888100
vn -0.602700 0.009600 -0.797900
vn -0.576100 0.014200 -0.817300
vn -0.331400 -0.000500 -0.943500
vn -0.459700 -0.001600 -0.888100
vn -0.602900 -0.003000 -0.797800
vn -0.326000 0.000600 -0.945400
vn -0.451400 -0.000400 -0.892300
vn -0.597000 -0.002500 -0.802300
vn -0.289100 0.014100 -0.957200
vn -0.342600 0.087700 -0.935400
vn -0.563200 0.005400 -0.826300
vn -0.271900 0.061000 -0.960400
vn -0.260100 0.202500 -0.944100
vn -0.238300 0.365400 -0.899800
vn -0.247000 0.343400 -0.906100
vn -0.271200 0.058800 -0.960700
vn -0.258300 0.197600 -0.945700
vn -0.236000 0.359800 -0.902700
vn -0.245600 0.030500 -0.968900
vn -0.191100 0.081700 -0.978200
vn -0.242300 0.332800 -0.911400
vn -0.218100 -0.000300 -0.975900
vn -0.080100 -0.001000 -0.996800
vn 0.089300 -0.001900 -0.996000
vn 0.058700 -0.003500 -0.998300
vn -0.218300 0.000200 -0.975900
vn -0.080600 0.000600 -0.996700
vn 0.088900 0.001100 -0.996000
vn 0.057600 -0.000800 -0.998300
vn -0.233600 -0.549100 -0.802500
vn 0.277200 0.061000 0.958900
vn 0.277900 0.058800 0.958800
vn 0.303900 0.030500 0.952200
vn 0.331000 -0.000300 0.943600
vn 0.331000 0.000300 0.943600
vn 0.330900 0.000200 0.943700
vn 0.899700 0.400700 0.172900
vn 0.919500 0.250200 0.303200
vn 0.956500 0.155600 0.246600
vn -0.132700 -0.875900 -0.463900
vn -0.107000 -0.921200 -0.374000
vn -0.043800 -0.070500 -0.996600
vn 0.426300 -0.198500 -0.882500
vn 0.482400 -0.088800 -0.871400
vn 0.661600 -0.128000 -0.738900
vn 0.604500 -0.240400 -0.759500
vn -0.194500 -0.707100 -0.679800
vn 0.485400 -0.000000 -0.874300
vn -0.428500 -0.663900 -0.612900
vn -0.459800 -0.711900 -0.530800
vn 0.244200 -0.479000 0.843200
vn 0.244200 -0.478900 0.843200
vn 0.261400 -0.331500 0.906500
vn 0.261400 -0.331600 0.906500
vn 0.196800 -0.079600 0.977200
vn 0.350700 -0.078700 0.933200
vn -0.089300 0.007200 0.996000
vn -0.056900 0.008800 0.998300
vn 0.080000 0.003900 0.996800
vn -0.089100 0.004900 0.996000
vn 0.080300 0.002700 0.996800
vn -0.089600 0.000400 0.996000
vn 0.079700 0.000200 0.996800
vn -0.057500 -0.003900 0.998300
vn 0.196100 0.081000 0.977200
vn 0.259400 0.332000 0.906900
vn 0.349400 0.082000 0.933400
vn 0.602400 -0.000900 0.798200
vn 0.574200 -0.000000 0.818700
vn 0.458100 -0.000300 0.888900
vn 0.602800 -0.004500 0.797900
vn 0.459200 -0.002500 0.888300
vn 0.603100 0.003200 0.797700
vn 0.460100 0.001700 0.887900
vn 0.576200 0.012400 0.817200
vn 0.233100 -0.549100 0.802600
vn 0.238200 -0.479300 0.844700
vn 0.238200 -0.478900 0.844900
vn 0.257300 -0.331500 0.907700
vn 0.257200 -0.332100 0.907500
vn 0.195900 -0.078200 0.977500
vn 0.349900 -0.082200 0.933200
vn -0.089500 0.009600 0.995900
vn -0.056700 0.014200 0.998300
vn 0.079700 0.005300 0.996800
vn -0.089700 -0.003000 0.996000
vn 0.079500 -0.001600 0.996800
vn -0.082400 -0.002500 0.996600
vn 0.088800 -0.000400 0.996100
vn -0.041000 0.005400 0.999100
vn 0.203900 0.087700 0.975100
vn 0.273600 0.365400 0.889700
vn 0.269600 0.343400 0.899700
vn 0.278600 0.202500 0.938800
vn 0.277200 0.359800 0.890900
vn 0.280900 0.197600 0.939200
vn 0.276400 0.332800 0.901600
vn 0.355100 0.081700 0.931200
vn 0.602500 -0.001900 0.798100
vn 0.577700 -0.003500 0.816200
vn 0.459200 -0.001000 0.888300
vn 0.602500 0.001600 0.798100
vn 0.459200 0.000900 0.888300
vn 0.602200 0.001100 0.798300
vn 0.458800 0.000600 0.888600
vn 0.576900 -0.000800 0.816800
vn 0.226200 -0.549100 0.804600
vn 0.241400 -0.479300 0.843800
vn 0.245800 -0.358700 0.900500
vn 0.259400 -0.332000 0.906900
vn 0.263700 -0.195900 0.944500
vn 0.350500 -0.081300 0.933000
vn 0.272800 -0.058700 0.960300
vn 0.302400 -0.030600 0.952700
vn 0.243500 -0.360800 0.900300
vn 0.262400 -0.198700 0.944300
vn 0.272400 -0.059600 0.960300
vn 0.243800 -0.352000 0.903700
vn 0.261800 -0.187900 0.946700
vn 0.271400 -0.053300 0.961000
vn 0.237700 -0.317000 0.918100
vn 0.176400 -0.076900 0.981300
vn -0.093300 0.002300 0.995600
vn 0.181300 0.084500 0.979800
vn 0.257600 0.331500 0.907600
vn 0.257300 0.334200 0.906700
vn 0.349800 0.079500 0.933500
vn 0.602500 -0.007900 0.798100
vn 0.576300 -0.009100 0.817200
vn 0.459200 -0.004300 0.888300
vn 0.331000 -0.001300 0.943600
vn 0.602600 -0.002900 0.798000
vn 0.459300 -0.001600 0.888300
vn 0.331100 -0.000500 0.943600
vn 0.576800 0.002900 0.816900
vn 0.229900 -0.549100 0.803500
vn 0.873400 -0.033000 0.486000
vn 0.871600 -0.063100 0.486100
vn 0.888800 -0.010700 0.458100
vn 0.903100 -0.018800 0.428900
vn 0.172700 0.835000 0.522500
vn 0.221900 0.655600 0.721700
vn 0.960800 0.027900 0.275900
vn 0.908400 -0.059700 0.413900
vn 0.873100 0.023200 0.487100
vn 0.809800 -0.049400 0.584600
vn 0.489300 -0.018500 0.871900
vn 0.513600 0.008500 0.858000
vn 0.956600 -0.063700 0.284300
vn 0.869800 -0.053300 0.490500
vn 0.511500 -0.019200 0.859000
vn 0.511500 -0.019500 0.859000
vn 0.922600 -0.252100 0.292000
vn 0.841500 -0.210800 0.497400
vn 0.501800 -0.076300 0.861600
vn 0.501500 -0.077100 0.861700
vn 0.944000 -0.171300 0.281900
vn 0.855100 -0.140400 0.499000
vn 0.504600 -0.051600 0.861800
vn 0.504900 -0.050500 0.861700
vn 0.961300 -0.000000 0.275400
vn 0.874000 -0.000000 0.486000
vn 0.514200 -0.000000 0.857700
vn 0.961200 -0.006700 0.275700
vn 0.874000 -0.005600 0.485900
vn 0.514200 -0.002100 0.857700
vn 0.686300 0.001300 0.727300
vn 0.732000 -0.009600 0.681200
vn 0.640300 -0.001800 0.768100
vn 0.826200 -0.031200 0.562500
vn 0.779800 -0.012900 0.625900
vn 0.550900 -0.029200 0.834000
vn 0.777400 -0.051800 0.626800
vn 0.514200 -0.004100 0.857700
vn -0.975000 0.051700 0.216300
vn -0.983200 0.181500 -0.016500
vn -0.245800 0.258100 -0.934300
vn -0.243500 0.258300 -0.934900
vn -0.239600 0.258700 -0.935800
vn -0.262600 0.234200 -0.936000
vn -0.254600 0.249900 -0.934200
vn -0.254500 0.250000 -0.934200
vn -0.262600 0.234300 -0.936000
vn -0.192500 0.668400 -0.718500
vn -0.167300 0.693300 -0.701000
vn -0.112600 0.839100 -0.532100
vn -0.141700 0.823600 -0.549100
vn -0.142300 0.705000 -0.694800
vn -0.080500 0.850700 -0.519500
vn -0.014600 0.008500 -0.999900
vn -0.017000 0.008500 -0.999800
vn 0.164000 0.011900 -0.986400
vn 0.484900 0.023300 -0.874200
vn 0.670600 0.027900 -0.741300
vn 0.621100 0.017100 -0.783600
vn -0.019500 -0.019500 -0.999600
vn -0.019500 -0.019300 -0.999600
vn 0.480000 -0.053400 -0.875700
vn 0.662400 -0.063700 -0.746400
vn -0.029500 -0.077300 -0.996600
vn -0.029300 -0.076500 -0.996600
vn 0.452000 -0.211100 -0.866700
vn 0.629200 -0.252300 -0.735100
vn -0.026800 -0.050600 -0.998400
vn -0.027100 -0.051700 -0.998300
vn 0.462600 -0.140600 -0.875400
vn 0.652600 -0.171400 -0.738000
vn -0.016800 -0.000000 -0.999900
vn 0.670700 -0.000000 -0.741800
vn -0.014700 -0.002400 -0.999900
vn 0.489100 -0.006000 -0.872200
vn 0.673200 -0.007000 -0.739400
vn -0.022200 -0.017600 -0.999600
vn -0.016400 -0.009900 -0.999800
vn 0.478100 -0.042700 -0.877300
vn 0.667200 -0.042600 -0.743600
vn -0.020500 -0.009700 -0.999700
vn -0.022200 -0.014000 -0.999700
vn 0.477800 -0.030100 -0.877900
vn 0.665000 -0.040600 -0.745700
vn -0.000300 -0.004200 -1.000000
vn -0.000300 -0.004300 -1.000000
vn 0.511700 -0.009300 -0.859100
vn 0.689500 -0.010400 -0.724200
vn 0.016900 -0.007600 -0.999800
vn 0.538700 -0.016000 -0.842400
vn 0.741200 -0.017800 -0.671000
vn -0.134300 0.832500 -0.537400
vn -0.193400 0.655700 -0.729900
vn -0.262900 0.226700 -0.937800
mtllib Door_LeafLeft.mtl
usemtl Hoja_izquierda
f 1/1/1 2/2/2 3/3/3
f 1/1/1 3/3/3 4/4/4
f 5/5/5 6/6/5 7/7/6
f 5/5/5 7/7/6 8/8/7
f 9/9/8 10/10/8 11/11/9
f 9/9/8 11/11/9 12/12/10
f 13/13/11 14/14/12 15/15/13
f 13/13/11 15/15/13 16/16/14
f 10/17/15 17/18/16 18/19/17
f 10/17/15 18/19/17 11/20/18
f 19/21/19 20/22/19 21/23/20
f 19/21/19 21/23/20 22/24/21
f 19/21/19 22/24/21 23/25/22
f 19/21/19 23/25/22 24/26/23
f 19/21/19 24/26/23 25/27/24
f 19/21/19 25/27/24 26/28/25
f 19/21/19 26/28/25 27/29/26
f 19/21/19 27/29/26 28/30/19
f 19/21/19 28/30/19 29/31/27
f 19/21/19 29/31/27 30/32/28
f 19/21/19 30/32/28 31/33/29
f 19/21/19 31/33/29 32/34/30
f 19/21/19 32/34/30 33/35/31
f 19/21/19 33/35/31 34/36/32
f 19/21/19 34/36/32 35/37/33
f 19/21/19 35/37/33 36/38/34
f 19/21/19 36/38/34 37/39/35
f 19/21/19 37/39/35 38/40/19
f 19/21/19 38/40/19 39/41/19
f 19/21/19 39/41/19 40/42/19
f 19/21/19 40/42/19 41/43/19
f 19/21/19 41/43/19 42/44/19
f 19/21/19 42/44/19 43/45/19
f 6/6/36 5/5/36 44/46/37
f 6/6/36 44/46/37 45/47/38
f 46/48/39 47/49/40 48/50/41
f 46/48/39 48/50/41 49/51/42
f 50/52/43 51/53/44 52/54/45
f 50/52/43 52/54/45 53/55/46
f 46/56/47 54/57/48 55/58/49
f 46/56/47 55/58/49 56/59/50
f 57/60/51 58/61/52 59/62/53
f 57/60/51 59/62/53 60/63/54
f 61/64/55 62/65/56 63/66/57
f 61/64/55 63/66/57 64/67/58
f 54/57/48 65/68/59 66/69/60
f 54/57/48 66/69/60 55/58/49
f 67/70/61 68/71/62 69/72/63
f 67/70/61 69/72/63 70/73/64
f 71/74/65 72/75/66 73/76/67
f 71/74/65 73/76/67 74/77/68
f 71/74/65 74/77/68 75/78/69
f 71/74/65 75/78/69 76/78/69
f 71/74/65 76/78/69 77/79/70
f 78/80/71 79/81/72 80/82/73
f 78/80/71 80/82/73 81/83/74
f 68/71/62 82/84/75 83/85/76
f 68/71/62 83/85/76 69/72/63
f 79/81/72 84/86/77 85/87/78
f 79/81/72 85/87/78 80/82/73
f 64/67/58 63/66/57 86/88/79
f 64/67/58 86/88/79 87/89/80
f 88/90/81 78/80/71 81/83/74
f 88/90/81 81/83/74 89/91/82
f 84/86/77 90/92/83 91/93/84
f 84/86/77 91/93/84 85/87/78
f 58/61/85 57/60/86 92/94/87
f 58/61/85 92/94/87 93/95/88
f 94/96/89 95/97/89 96/98/89
f 94/96/89 96/98/89 97/99/89
f 94/96/89 97/99/89 98/100/90
f 94/96/89 98/100/90 99/101/91
f 94/96/89 99/101/91 100/102/92
f 94/96/89 100/102/92 101/103/93
f 94/96/89 101/103/93 102/104/94
f 94/96/89 102/104/94 103/105/89
f 94/96/89 103/105/89 104/106/89
f 94/96/89 104/106/89 105/107/89
f 94/96/89 105/107/89 106/108/95
f 94/96/89 106/108/95 107/109/96
f 94/96/89 107/109/96 108/110/97
f 90/92/83 109/111/98 110/112/99
f 90/92/83 110/112/99 111/113/100
f 90/92/83 111/113/100 91/93/84
f 62/65/56 112/114/101 76/115/102
f 62/65/56 76/115/102 75/115/103
f 62/65/56 75/115/103 113/116/104
f 62/65/56 113/116/104 114/117/105
f 62/65/56 114/117/105 86/88/79
f 62/65/56 86/88/79 63/66/57
f 113/116/104 115/118/106 116/119/107
f 113/116/104 116/119/107 114/117/105
f 109/111/98 117/120/108 118/121/109
f 109/111/98 118/121/109 110/112/99
f 119/122/110 120/123/111 121/124/112
f 119/122/110 121/124/112 122/125/113
f 123/126/114 67/127/115 70/128/116
f 123/126/114 70/128/116 124/129/116
f 125/130/19 126/131/117 127/132/118
f 125/130/19 127/132/118 128/133/119
f 125/130/19 128/133/119 129/134/19
f 125/130/19 129/134/19 28/30/19
f 125/130/19 28/30/19 27/29/26
f 125/130/19 27/29/26 130/135/120
f 125/130/19 130/135/120 131/136/121
f 125/130/19 131/136/121 132/137/122
f 125/130/19 132/137/122 21/23/20
f 125/130/19 21/23/20 20/22/19
f 125/130/19 20/22/19 133/138/19
f 125/130/19 133/138/19 134/139/19
f 103/140/123 135/141/123 136/142/123
f 103/140/123 136/142/123 137/143/123
f 103/140/123 137/143/123 28/144/123
f 138/145/124 139/146/125 140/147/126
f 138/145/124 140/147/126 141/148/127
f 115/118/106 88/90/81 89/91/82
f 115/118/106 89/91/82 116/119/107
f 139/149/128 142/150/129 143/151/130
f 139/149/128 143/151/130 140/152/131
f 144/153/132 145/154/133 146/155/134
f 144/153/132 146/155/134 147/156/135
f 148/157/136 144/153/132 147/156/135
f 148/157/136 147/156/135 149/158/137
f 6/6/138 148/157/138 149/158/139
f 6/6/138 149/158/139 7/7/140
f 150/159/141 151/160/142 152/161/143
f 150/159/141 152/161/143 153/162/144
f 154/163/145 5/5/146 8/8/147
f 154/163/145 8/8/147 155/164/148
f 156/165/149 154/163/145 155/164/148
f 156/165/149 155/164/148 157/166/150
f 2/2/2 156/165/149 157/166/150
f 2/2/2 157/166/150 3/3/3
f 145/154/133 158/167/151 159/168/152
f 145/154/133 159/168/152 146/155/134
f 160/169/153 104/170/154 103/171/155
f 160/169/153 103/171/155 28/172/155
f 160/169/153 28/172/155 129/173/155
f 9/9/156 161/174/157 162/175/158
f 9/9/156 162/175/158 163/176/159
f 164/177/160 13/13/11 16/16/14
f 164/177/160 16/16/14 165/178/161
f 166/179/162 164/177/160 165/178/161
f 166/179/162 165/178/161 167/180/163
f 168/181/164 166/179/164 167/180/165
f 168/181/164 167/180/165 169/182/166
f 170/183/167 168/181/168 169/182/169
f 170/183/167 169/182/169 171/184/170
f 172/185/171 170/183/167 171/184/170
f 172/185/171 171/184/170 173/186/172
f 151/160/142 172/185/171 173/186/172
f 151/160/142 173/186/172 152/161/143
f 14/14/12 174/187/173 175/188/174
f 14/14/12 175/188/174 15/15/13
f 176/189/175 61/64/55 64/67/58
f 176/189/175 64/67/58 177/190/176
f 178/191/177 17/192/178 179/193/179
f 178/191/177 179/193/179 180/194/180
f 181/195/181 178/191/177 180/194/180
f 181/195/181 180/194/180 182/196/182
f 183/197/183 181/195/181 182/196/182
f 183/197/183 182/196/182 184/198/184
f 185/199/185 183/197/186 184/198/187
f 185/199/185 184/198/187 186/200/188
f 187/201/189 185/199/185 186/200/188
f 187/201/189 186/200/188 188/202/190
f 189/203/191 187/201/189 188/202/190
f 189/203/191 188/202/190 190/204/192
f 191/205/193 189/203/194 190/204/195
f 191/205/193 190/204/195 192/206/196
f 193/207/197 191/205/193 192/206/196
f 193/207/197 192/206/196 194/208/3
f 161/174/157 193/207/197 194/208/3
f 161/174/157 194/208/3 162/175/158
f 17/192/178 10/10/198 195/209/199
f 17/192/178 195/209/199 179/193/179
f 196/210/200 160/211/201 129/212/202
f 196/210/200 129/212/202 197/213/203
f 198/214/204 199/215/205 200/216/206
f 198/214/204 200/216/206 201/217/207
f 199/215/205 202/218/208 203/219/209
f 199/215/205 203/219/209 200/216/206
f 117/120/108 138/145/124 141/148/127
f 117/120/108 141/148/127 118/121/109
f 204/220/210 205/221/210 206/222/211
f 204/220/210 206/222/211 207/223/212
f 205/221/213 65/224/214 208/225/215
f 205/221/213 208/225/215 206/222/216
f 65/224/214 54/226/217 209/227/218
f 65/224/214 209/227/218 208/225/215
f 54/226/217 46/48/39 49/51/42
f 54/226/217 49/51/42 209/227/218
f 210/228/219 198/214/204 201/217/207
f 210/228/219 201/217/207 211/229/220
f 202/218/221 204/220/221 207/223/222
f 202/218/221 207/223/222 203/219/223
f 212/230/224 213/231/225 214/232/226
f 212/230/224 214/232/226 215/233/227
f 120/123/111 216/234/228 217/235/229
f 120/123/111 217/235/229 121/124/112
f 216/234/228 218/236/230 219/237/231
f 216/234/228 219/237/231 217/235/229
f 218/236/232 220/238/232 221/239/233
f 218/236/232 221/239/233 219/237/234
f 220/238/235 222/240/236 223/241/237
f 220/238/235 223/241/237 221/239/238
f 222/240/236 224/242/239 225/243/240
f 222/240/236 225/243/240 223/241/237
f 224/242/239 50/52/43 53/55/46
f 224/242/239 53/55/46 225/243/240
f 226/244/241 119/122/110 122/125/113
f 226/244/241 122/125/113 227/245/242
f 177/190/176 64/67/58 87/89/80
f 177/190/176 87/89/80 228/246/243
f 57/60/86 229/247/244 230/248/245
f 57/60/86 230/248/245 92/94/87
f 229/247/244 231/249/246 232/250/247
f 229/247/244 232/250/247 230/248/245
f 231/249/246 233/251/248 234/252/249
f 231/249/246 234/252/249 232/250/247
f 233/251/250 235/253/251 236/254/252
f 233/251/250 236/254/252 234/252/253
f 235/253/251 237/255/254 238/256/255
f 235/253/251 238/256/255 236/254/252
f 237/255/254 239/257/256 240/258/257
f 237/255/254 240/258/257 238/256/255
f 239/257/258 241/259/259 242/260/260
f 239/257/258 242/260/260 240/258/261
f 241/259/259 243/261/262 244/262/42
f 241/259/259 244/262/42 242/260/260
f 243/261/262 212/230/224 215/233/227
f 243/261/262 215/233/227 244/262/42
f 82/84/75 245/263/263 246/263/264
f 82/84/75 246/263/264 247/264/264
f 82/84/75 247/264/264 248/265/264
f 82/84/75 248/265/264 176/266/264
f 82/84/75 176/266/264 177/267/264
f 82/84/75 177/267/264 228/268/264
f 82/84/75 228/268/264 249/269/264
f 82/84/75 249/269/264 250/270/264
f 82/84/75 250/270/264 251/85/264
f 82/84/75 251/85/264 83/85/76
f 47/271/265 46/56/47 56/59/50
f 47/271/265 56/59/50 252/272/266
f 51/273/267 50/274/268 253/275/269
f 51/273/267 253/275/269 254/276/270
f 213/277/271 212/278/272 255/279/273
f 213/277/271 255/279/273 256/280/274
f 229/247/275 57/60/51 60/63/54
f 229/247/275 60/63/54 257/281/276
f 226/244/277 51/53/277 254/282/278
f 226/244/277 254/282/278 258/283/279
f 231/249/280 229/247/275 257/281/276
f 231/249/280 257/281/276 259/284/281
f 198/214/282 210/228/283 260/285/284
f 198/214/282 260/285/284 261/286/285
f 233/251/286 231/249/280 259/284/281
f 233/251/286 259/284/281 262/287/287
f 263/288/288 264/289/289 265/290/290
f 263/288/288 265/290/290 266/291/291
f 263/288/288 266/291/291 267/292/292
f 263/288/288 267/292/292 268/293/293
f 263/288/288 268/293/293 269/294/294
f 263/288/288 269/294/294 270/295/295
f 263/288/288 270/295/295 271/296/296
f 263/288/288 271/296/296 272/297/297
f 235/298/298 233/299/299 262/300/300
f 235/298/298 262/300/300 273/301/301
f 120/302/302 119/303/303 274/304/304
f 120/302/302 274/304/304 275/305/305
f 237/306/306 235/298/298 273/301/301
f 237/306/306 273/301/301 276/307/307
f 216/308/308 120/302/302 275/305/305
f 216/308/308 275/305/305 277/309/309
f 239/310/310 237/306/306 276/307/307
f 239/310/310 276/307/307 278/311/311
f 218/312/312 216/308/308 277/309/309
f 218/312/312 277/309/309 279/313/313
f 280/314/314 281/315/315 282/316/316
f 280/314/314 282/316/316 283/317/317
f 280/314/314 283/317/317 284/318/318
f 280/314/314 284/318/318 285/319/319
f 280/314/314 285/319/319 286/320/320
f 280/314/314 286/320/320 287/321/321
f 280/314/314 287/321/321 288/322/322
f 280/314/314 288/322/322 289/323/323
f 241/324/324 239/325/325 278/326/326
f 241/324/324 278/326/326 290/327/327
f 220/238/328 218/236/328 279/328/329
f 220/238/328 279/328/329 291/329/330
f 199/215/331 198/214/282 261/286/285
f 199/215/331 261/286/285 292/330/332
f 243/331/333 241/324/324 290/327/327
f 243/331/333 290/327/327 293/332/334
f 222/333/335 220/334/336 291/335/337
f 222/333/335 291/335/337 294/336/338
f 202/218/339 199/215/331 292/330/332
f 202/218/339 292/330/332 295/337/340
f 212/278/272 243/331/333 293/332/334
f 212/278/272 293/332/334 255/279/273
f 224/338/341 222/333/335 294/336/338
f 224/338/341 294/336/338 296/339/342
f 204/220/343 202/218/343 295/337/344
f 204/220/343 295/337/344 297/340/345
f 50/274/268 224/338/341 296/339/342
f 50/274/268 296/339/342 253/275/269
f 205/221/346 204/220/346 297/340/347
f 205/221/346 297/340/347 298/341/348
f 58/61/349 213/231/349 256/342/350
f 58/61/349 256/342/350 59/62/351
f 299/343/352 300/344/353 301/345/354
f 299/343/352 301/345/354 302/346/355
f 299/343/352 302/346/355 303/347/356
f 299/343/352 303/347/356 304/348/357
f 299/343/352 304/348/357 305/349/358
f 299/343/352 305/349/358 306/350/359
f 299/343/352 306/350/359 307/351/360
f 299/343/352 307/351/360 308/352/361
f 299/343/352 308/352/361 309/353/362
f 299/343/352 309/353/362 310/354/363
f 65/68/59 205/355/364 298/356/365
f 65/68/59 298/356/365 66/69/60
f 119/303/303 226/357/366 258/358/367
f 119/303/303 258/358/367 274/304/304
f 2/359/368 1/360/369 311/361/370
f 2/359/368 311/361/370 312/362/371
f 151/363/372 150/364/373 313/365/374
f 151/363/372 313/365/374 314/366/375
f 161/174/376 9/9/377 12/12/378
f 161/174/376 12/12/378 315/367/379
f 5/368/380 154/369/381 316/370/382
f 5/368/380 316/370/382 44/371/383
f 174/372/384 14/373/385 317/374/386
f 174/372/384 317/374/386 318/375/387
f 154/369/381 156/376/388 319/377/389
f 154/369/381 319/377/389 316/370/382
f 320/378/390 321/379/391 322/380/392
f 320/378/390 322/380/392 323/381/393
f 320/378/390 323/381/393 324/382/394
f 320/378/390 324/382/394 325/383/395
f 320/378/390 325/383/395 326/384/396
f 320/378/390 326/384/396 327/385/397
f 320/378/390 327/385/397 328/386/398
f 320/378/390 328/386/398 329/387/399
f 320/378/390 329/387/399 330/388/400
f 320/378/390 330/388/400 331/389/401
f 156/376/388 2/359/368 312/362/371
f 156/376/388 312/362/371 319/377/389
f 17/192/16 178/191/402 332/390/403
f 17/192/16 332/390/403 18/391/17
f 150/159/404 174/187/404 318/392/405
f 150/159/404 318/392/405 313/393/406
f 178/191/402 181/195/407 333/394/408
f 178/191/402 333/394/408 332/390/403
f 158/167/409 145/154/410 334/395/411
f 158/167/409 334/395/411 335/396/412
f 181/195/407 183/197/413 336/397/414
f 181/195/407 336/397/414 333/394/408
f 337/398/415 338/399/416 339/400/417
f 337/398/415 339/400/417 340/401/418
f 337/398/415 340/401/418 341/402/419
f 337/398/415 341/402/419 342/403/420
f 337/398/415 342/403/420 343/404/421
f 337/398/415 343/404/421 344/405/422
f 337/398/415 344/405/422 345/406/423
f 337/398/415 345/406/423 346/407/424
f 183/197/425 185/199/426 347/408/427
f 183/197/425 347/408/427 336/397/428
f 14/373/385 13/409/429 348/410/430
f 14/373/385 348/410/430 317/374/386
f 185/199/426 187/201/431 349/411/432
f 185/199/426 349/411/432 347/408/427
f 13/409/429 164/412/433 350/413/434
f 13/409/429 350/413/434 348/410/430
f 187/201/431 189/203/435 351/414/436
f 187/201/431 351/414/436 349/411/432
f 164/412/433 166/415/437 352/416/438
f 164/412/433 352/416/438 350/413/434
f 353/417/439 354/418/440 355/419/441
f 353/417/439 355/419/441 356/420/442
f 353/417/439 356/420/442 357/421/443
f 353/417/439 357/421/443 358/422/444
f 353/417/439 358/422/444 359/423/445
f 353/417/439 359/423/445 360/424/446
f 353/417/439 360/424/446 361/425/447
f 353/417/439 361/425/447 362/426/448
f 189/203/449 191/205/450 363/427/451
f 189/203/449 363/427/451 351/414/452
f 166/179/453 168/181/453 364/428/454
f 166/179/453 364/428/454 352/429/455
f 145/154/410 144/153/456 365/430/457
f 145/154/410 365/430/457 334/395/411
f 191/205/450 193/207/458 366/431/459
f 191/205/450 366/431/459 363/427/451
f 168/181/460 170/183/461 367/432/462
f 168/181/460 367/432/462 364/428/463
f 144/153/456 148/157/464 368/433/465
f 144/153/456 368/433/465 365/430/457
f 193/207/458 161/174/376 315/367/379
f 193/207/458 315/367/379 366/431/459
f 170/434/461 172/435/466 369/436/467
f 170/434/461 369/436/467 367/437/462
f 148/438/468 6/439/468 45/440/469
f 148/438/468 45/440/469 368/441/470
f 172/435/466 151/363/372 314/366/375
f 172/435/466 314/366/375 369/436/467
f 285/319/319 284/318/318 370/442/471
f 285/319/319 370/442/471 371/443/472
f 371/443/472 370/442/471 372/444/473
f 371/443/472 372/444/473 373/445/474
f 373/445/474 372/444/473 260/285/284
f 373/445/474 260/285/284 252/446/475
f 284/318/318 283/317/317 374/447/476
f 284/318/318 374/447/476 370/442/471
f 370/442/471 374/447/476 375/448/477
f 370/442/471 375/448/477 372/444/473
f 372/444/473 375/448/477 261/286/285
f 372/444/473 261/286/285 260/285/284
f 283/317/317 282/316/316 376/449/478
f 283/317/317 376/449/478 374/447/476
f 374/447/476 376/449/478 377/450/479
f 374/447/476 377/450/479 375/448/477
f 375/448/477 377/450/479 292/330/332
f 375/448/477 292/330/332 261/286/285
f 282/316/316 281/315/315 378/451/480
f 282/316/316 378/451/480 376/449/478
f 376/449/478 378/451/480 379/452/481
f 376/449/478 379/452/481 377/450/479
f 377/450/479 379/452/481 295/337/340
f 377/450/479 295/337/340 292/330/332
f 281/315/315 280/314/314 380/453/482
f 281/315/315 380/453/482 378/451/480
f 378/451/480 380/453/482 381/454/483
f 378/451/480 381/454/483 379/452/484
f 379/452/484 381/454/483 297/340/345
f 379/452/484 297/340/345 295/337/344
f 280/314/314 289/323/323 382/455/485
f 280/314/314 382/455/485 380/453/486
f 380/453/486 382/455/485 383/456/487
f 380/453/486 383/456/487 381/454/488
f 381/454/488 383/456/487 298/341/348
f 381/454/488 298/341/348 297/340/347
f 289/323/323 288/322/322 384/457/489
f 289/323/323 384/457/489 382/455/490
f 382/455/490 384/457/489 385/458/491
f 382/455/490 385/458/491 383/456/492
f 383/459/492 385/460/491 66/69/60
f 383/459/492 66/69/60 298/356/365
f 288/322/322 287/321/321 386/461/493
f 288/322/322 386/461/493 384/457/489
f 384/457/489 386/461/493 387/462/494
f 384/457/489 387/462/494 385/458/491
f 385/460/491 387/463/494 55/58/49
f 385/460/491 55/58/49 66/69/60
f 287/321/321 286/320/320 388/464/495
f 287/321/321 388/464/495 386/461/493
f 386/461/493 388/464/495 389/465/496
f 386/461/493 389/465/496 387/462/494
f 387/463/494 389/466/496 56/59/50
f 387/463/494 56/59/50 55/58/49
f 286/320/320 285/319/319 371/443/497
f 286/320/320 371/443/497 388/464/495
f 388/464/495 371/443/497 373/445/498
f 388/464/495 373/445/498 389/465/496
f 389/466/496 373/467/498 252/272/266
f 389/466/496 252/272/266 56/59/50
f 269/294/294 268/293/293 390/468/499
f 269/294/294 390/468/499 391/469/500
f 391/469/500 390/468/499 392/470/501
f 391/469/500 392/470/501 393/471/502
f 393/471/502 392/470/501 258/283/279
f 393/471/502 258/283/279 254/282/278
f 268/293/293 267/292/292 394/472/503
f 268/293/293 394/472/503 390/468/504
f 390/468/504 394/472/503 395/473/505
f 390/468/504 395/473/505 392/470/506
f 392/470/506 395/473/505 274/474/304
f 392/470/506 274/474/304 258/283/367
f 267/292/292 266/291/291 396/475/507
f 267/292/292 396/475/507 394/472/503
f 394/472/503 396/475/507 397/476/508
f 394/472/503 397/476/508 395/473/505
f 395/473/505 397/476/508 275/477/305
f 395/473/505 275/477/305 274/474/304
f 266/291/291 265/290/290 398/478/509
f 266/291/291 398/478/509 396/475/507
f 396/475/507 398/478/509 399/479/510
f 396/475/507 399/479/510 397/476/508
f 397/476/508 399/479/510 277/480/309
f 397/476/508 277/480/309 275/477/305
f 265/290/290 264/289/289 400/481/511
f 265/290/290 400/481/511 398/478/509
f 398/478/509 400/481/511 401/482/512
f 398/478/509 401/482/512 399/479/510
f 399/479/510 401/482/512 279/328/313
f 399/479/510 279/328/313 277/480/309
f 264/289/289 263/288/288 402/483/513
f 264/289/289 402/483/513 400/481/514
f 400/481/514 402/483/513 403/484/515
f 400/481/514 403/484/515 401/482/516
f 401/482/516 403/484/515 291/329/330
f 401/482/516 291/329/330 279/328/329
f 263/288/288 272/297/297 404/485/517
f 263/288/288 404/485/517 402/483/518
f 402/483/518 404/485/517 405/486/519
f 402/483/518 405/486/519 403/484/520
f 403/484/520 405/486/519 294/487/338
f 403/484/520 294/487/338 291/329/337
f 272/297/297 271/296/296 406/488/521
f 272/297/297 406/488/521 404/485/517
f 404/485/517 406/488/521 407/489/522
f 404/485/517 407/489/522 405/486/519
f 405/486/519 407/489/522 296/490/342
f 405/486/519 296/490/342 294/487/338
f 271/296/296 270/295/295 408/491/523
f 271/296/296 408/491/523 406/488/521
f 406/488/521 408/491/523 409/492/524
f 406/488/521 409/492/524 407/489/522
f 407/489/522 409/492/524 253/493/269
f 407/489/522 253/493/269 296/490/342
f 270/295/295 269/294/294 391/469/525
f 270/295/295 391/469/525 408/491/523
f 408/491/523 391/469/525 393/471/526
f 408/491/523 393/471/526 409/492/524
f 409/492/524 393/471/526 254/282/270
f 409/492/524 254/282/270 253/493/269
f 310/354/363 309/353/362 410/494/527
f 310/354/363 410/494/527 411/495/528
f 411/495/528 410/494/527 412/496/529
f 411/495/528 412/496/529 413/497/530
f 413/497/530 412/496/529 59/62/351
f 413/497/530 59/62/351 256/342/350
f 309/353/362 308/352/361 414/498/531
f 309/353/362 414/498/531 410/494/532
f 410/494/532 414/498/531 415/499/533
f 410/494/532 415/499/533 412/496/534
f 412/496/534 415/499/533 60/63/54
f 412/496/534 60/63/54 59/62/53
f 308/352/361 307/351/360 416/500/535
f 308/352/361 416/500/535 414/498/531
f 414/498/531 416/500/535 417/501/536
f 414/498/531 417/501/536 415/499/533
f 415/499/533 417/501/536 257/281/276
f 415/499/533 257/281/276 60/63/54
f 307/351/360 306/350/359 418/502/537
f 307/351/360 418/502/537 416/500/535
f 416/500/535 418/502/537 419/503/538
f 416/500/535 419/503/538 417/501/536
f 417/501/536 419/503/538 259/284/281
f 417/501/536 259/284/281 257/281/276
f 306/350/359 305/349/358 420/504/539
f 306/350/359 420/504/539 418/502/537
f 418/502/537 420/504/539 421/505/540
f 418/502/537 421/505/540 419/503/538
f 419/503/538 421/505/540 262/287/287
f 419/503/538 262/287/287 259/284/281
f 305/349/358 304/348/357 422/506/541
f 305/349/358 422/506/541 420/504/542
f 420/504/542 422/506/541 423/507/543
f 420/504/542 423/507/543 421/505/544
f 421/505/544 423/507/543 273/508/301
f 421/505/544 273/508/301 262/287/300
f 304/348/357 303/347/356 424/509/545
f 304/348/357 424/509/545 422/506/541
f 422/506/541 424/509/545 425/510/546
f 422/506/541 425/510/546 423/507/543
f 423/507/543 425/510/546 276/511/307
f 423/507/543 276/511/307 273/508/301
f 303/347/356 302/346/355 426/512/547
f 303/347/356 426/512/547 424/509/545
f 424/509/545 426/512/547 427/513/548
f 424/509/545 427/513/548 425/510/546
f 425/510/546 427/513/548 278/514/311
f 425/510/546 278/514/311 276/511/307
f 302/346/355 301/345/354 428/515/549
f 302/346/355 428/515/549 426/512/550
f 426/512/550 428/515/549 429/516/551
f 426/512/550 429/516/551 427/513/552
f 427/513/552 429/516/551 290/517/327
f 427/513/552 290/517/327 278/514/326
f 301/345/354 300/344/353 430/518/553
f 301/345/354 430/518/553 428/515/549
f 428/515/549 430/518/553 431/519/554
f 428/515/549 431/519/554 429/516/551
f 429/516/551 431/519/554 293/520/334
f 429/516/551 293/520/334 290/517/327
f 300/344/353 299/343/352 432/521/555
f 300/344/353 432/521/555 430/518/553
f 430/518/553 432/521/555 433/522/556
f 430/518/553 433/522/556 431/519/554
f 431/519/554 433/522/556 255/523/273
f 431/519/554 255/523/273 293/520/334
f 299/343/352 310/354/363 411/495/557
f 299/343/352 411/495/557 432/521/555
f 432/521/555 411/495/557 413/497/558
f 432/521/555 413/497/558 433/522/556
f 433/522/556 413/497/558 256/342/274
f 433/522/556 256/342/274 255/523/273
f 210/228/283 47/49/559 252/446/475
f 210/228/283 252/446/475 260/285/284
f 311/524/560 335/396/412 434/525/561
f 311/524/560 434/525/561 435/526/562
f 435/526/562 434/525/561 436/527/563
f 435/526/562 436/527/563 437/528/564
f 437/528/564 436/527/563 359/423/445
f 437/528/564 359/423/445 358/422/444
f 335/396/412 334/395/411 438/529/565
f 335/396/412 438/529/565 434/525/561
f 434/525/561 438/529/565 439/530/566
f 434/525/561 439/530/566 436/527/563
f 436/527/563 439/530/566 360/424/446
f 436/527/563 360/424/446 359/423/445
f 334/395/411 365/430/457 440/531/567
f 334/395/411 440/531/567 438/529/565
f 438/529/565 440/531/567 441/532/568
f 438/529/565 441/532/568 439/530/566
f 439/530/566 441/532/568 361/425/447
f 439/530/566 361/425/447 360/424/446
f 365/430/457 368/433/465 442/533/569
f 365/430/457 442/533/569 440/531/567
f 440/531/567 442/533/569 443/534/570
f 440/531/567 443/534/570 441/532/568
f 441/532/568 443/534/570 362/426/448
f 441/532/568 362/426/448 361/425/447
f 368/433/470 45/47/469 444/535/571
f 368/433/470 444/535/571 442/533/572
f 442/533/572 444/535/571 445/536/573
f 442/533/572 445/536/573 443/534/570
f 443/534/570 445/536/573 353/417/439
f 443/534/570 353/417/439 362/426/448
f 45/47/38 44/46/37 446/537/574
f 45/47/38 446/537/574 444/535/575
f 444/535/575 446/537/574 447/538/576
f 444/535/575 447/538/576 445/536/573
f 445/536/573 447/538/576 354/418/440
f 445/536/573 354/418/440 353/417/439
f 44/46/383 316/539/382 448/540/577
f 44/46/383 448/540/577 446/537/578
f 446/537/578 448/540/577 449/541/579
f 446/537/578 449/541/579 447/538/576
f 447/538/576 449/541/579 355/419/441
f 447/538/576 355/419/441 354/418/440
f 316/539/382 319/542/389 450/543/580
f 316/539/382 450/543/580 448/540/577
f 448/540/577 450/543/580 451/544/581
f 448/540/577 451/544/581 449/541/579
f 449/541/579 451/544/581 356/420/442
f 449/541/579 356/420/442 355/419/441
f 319/542/389 312/545/371 452/546/582
f 319/542/389 452/546/582 450/543/580
f 450/543/580 452/546/582 453/547/583
f 450/543/580 453/547/583 451/544/581
f 451/544/581 453/547/583 357/421/443
f 451/544/581 357/421/443 356/420/442
f 312/545/371 311/524/370 435/526/584
f 312/545/371 435/526/584 452/546/582
f 452/546/582 435/526/584 437/528/585
f 452/546/582 437/528/585 453/547/583
f 453/547/583 437/528/585 358/422/444
f 453/547/583 358/422/444 357/421/443
f 313/393/406 318/392/405 454/548/586
f 313/393/406 454/548/586 455/549/587
f 455/549/587 454/548/586 456/550/588
f 455/549/587 456/550/588 457/551/589
f 457/551/589 456/550/588 342/403/420
f 457/551/589 342/403/420 341/402/419
f 318/392/387 317/552/386 458/553/590
f 318/392/387 458/553/590 454/548/591
f 454/548/591 458/553/590 459/554/592
f 454/548/591 459/554/592 456/550/593
f 456/550/593 459/554/592 343/404/421
f 456/550/593 343/404/421 342/403/420
f 317/552/386 348/555/430 460/556/594
f 317/552/386 460/556/594 458/553/590
f 458/553/590 460/556/594 461/557/595
f 458/553/590 461/557/595 459/554/592
f 459/554/592 461/557/595 344/405/422
f 459/554/592 344/405/422 343/404/421
f 348/555/430 350/558/434 462/559/596
f 348/555/430 462/559/596 460/556/594
f 460/556/594 462/559/596 463/560/597
f 460/556/594 463/560/597 461/557/595
f 461/557/595 463/560/597 345/406/423
f 461/557/595 345/406/423 344/405/422
f 350/558/434 352/429/438 464/561/598
f 350/558/434 464/561/598 462/559/596
f 462/559/596 464/561/598 465/562/599
f 462/559/596 465/562/599 463/560/597
f 463/560/597 465/562/599 346/407/424
f 463/560/597 346/407/424 345/406/423
f 352/429/455 364/428/454 466/563/600
f 352/429/455 466/563/600 464/561/601
f 464/561/601 466/563/600 467/564/602
f 464/561/601 467/564/602 465/562/603
f 465/562/603 467/564/602 337/398/415
f 465/562/603 337/398/415 346/407/424
f 364/428/463 367/432/462 468/565/604
f 364/428/463 468/565/604 466/563/605
f 466/563/605 468/565/604 469/566/606
f 466/563/605 469/566/606 467/564/607
f 467/564/607 469/566/606 338/399/416
f 467/564/607 338/399/416 337/398/415
f 367/432/462 369/567/467 470/568/608
f 367/432/462 470/568/608 468/565/604
f 468/565/604 470/568/608 471/569/609
f 468/565/604 471/569/609 469/566/606
f 469/566/606 471/569/609 339/400/417
f 469/566/606 339/400/417 338/399/416
f 369/567/467 314/570/375 472/571/610
f 369/567/467 472/571/610 470/568/608
f 470/568/608 472/571/610 473/572/611
f 470/568/608 473/572/611 471/569/609
f 471/569/609 473/572/611 340/401/418
f 471/569/609 340/401/418 339/400/417
f 314/570/375 313/393/374 455/549/612
f 314/570/375 455/549/612 472/571/610
f 472/571/610 455/549/612 457/551/613
f 472/571/610 457/551/613 473/572/611
f 473/572/611 457/551/613 341/402/419
f 473/572/611 341/402/419 340/401/418
f 12/12/10 11/11/9 474/573/614
f 12/12/10 474/573/614 475/574/615
f 475/574/615 474/573/614 476/575/616
f 475/574/615 476/575/616 477/576/617
f 477/576/617 476/575/616 322/380/392
f 477/576/617 322/380/392 321/379/391
f 11/11/18 18/391/17 478/577/618
f 11/11/18 478/577/618 474/573/619
f 474/573/619 478/577/618 479/578/620
f 474/573/619 479/578/620 476/575/616
f 476/575/616 479/578/620 323/381/393
f 476/575/616 323/381/393 322/380/392
f 18/391/17 332/390/403 480/579/621
f 18/391/17 480/579/621 478/577/618
f 478/577/618 480/579/621 481/580/622
f 478/577/618 481/580/622 479/578/620
f 479/578/620 481/580/622 324/382/394
f 479/578/620 324/382/394 323/381/393
f 332/390/403 333/394/408 482/581/623
f 332/390/403 482/581/623 480/579/621
f 480/579/621 482/581/623 483/582/624
f 480/579/621 483/582/624 481/580/622
f 481/580/622 483/582/624 325/383/395
f 481/580/622 325/383/395 324/382/394
f 333/394/408 336/397/414 484/583/625
f 333/394/408 484/583/625 482/581/623
f 482/581/623 484/583/625 485/584/626
f 482/581/623 485/584/626 483/582/624
f 483/582/624 485/584/626 326/384/396
f 483/582/624 326/384/396 325/383/395
f 336/397/428 347/408/427 486/585/627
f 336/397/428 486/585/627 484/583/628
f 484/583/628 486/585/627 487/586/629
f 484/583/628 487/586/629 485/584/630
f 485/584/630 487/586/629 327/385/397
f 485/584/630 327/385/397 326/384/396
f 347/408/427 349/411/432 488/587/631
f 347/408/427 488/587/631 486/585/627
f 486/585/627 488/587/631 489/588/632
f 486/585/627 489/588/632 487/586/629
f 487/586/629 489/588/632 328/386/398
f 487/586/629 328/386/398 327/385/397
f 349/411/432 351/414/436 490/589/633
f 349/411/432 490/589/633 488/587/631
f 488/587/631 490/589/633 491/590/634
f 488/587/631 491/590/634 489/588/632
f 489/588/632 491/590/634 329/387/399
f 489/588/632 329/387/399 328/386/398
f 351/414/452 363/427/451 492/591/635
f 351/414/452 492/591/635 490/589/636
f 490/589/636 492/591/635 493/592/637
f 490/589/636 493/592/637 491/590/634
f 491/590/634 493/592/637 330/388/400
f 491/590/634 330/388/400 329/387/399
f 363/427/451 366/431/459 494/593/638
f 363/427/451 494/593/638 492/591/635
f 492/591/635 494/593/638 495/594/639
f 492/591/635 495/594/639 493/592/637
f 493/592/637 495/594/639 331/389/401
f 493/592/637 331/389/401 330/388/400
f 366/431/459 315/367/379 496/595/640
f 366/431/459 496/595/640 494/593/638
f 494/593/638 496/595/640 497/596/641
f 494/593/638 497/596/641 495/594/639
f 495/594/639 497/596/641 320/378/390
f 495/594/639 320/378/390 331/389/401
f 315/367/379 12/12/378 475/574/642
f 315/367/379 475/574/642 496/595/640
f 496/595/640 475/574/642 477/576/617
f 496/595/640 477/576/617 497/596/641
f 497/596/641 477/576/617 321/379/391
f 497/596/641 321/379/391 320/378/390
f 1/1/643 158/167/409 335/396/412
f 1/1/643 335/396/412 311/524/560
f 498/597/644 499/598/645 500/599/646
f 498/597/644 500/599/646 501/600/647
f 501/600/647 500/599/646 502/601/648
f 501/600/647 502/601/648 503/602/649
f 503/602/649 502/601/648 159/168/152
f 503/602/649 159/168/152 4/4/650
f 499/598/645 504/603/651 505/604/652
f 499/598/645 505/604/652 500/599/646
f 500/599/646 505/604/652 506/605/653
f 500/599/646 506/605/653 502/601/648
f 502/601/648 506/605/653 146/155/134
f 502/601/648 146/155/134 159/168/152
f 504/603/651 507/606/654 508/607/655
f 504/603/651 508/607/655 505/604/652
f 505/604/652 508/607/655 509/608/656
f 505/604/652 509/608/656 506/605/653
f 506/605/653 509/608/656 147/156/135
f 506/605/653 147/156/135 146/155/134
f 507/606/654 108/110/97 510/609/657
f 507/606/654 510/609/657 508/607/655
f 508/607/655 510/609/657 511/610/658
f 508/607/655 511/610/658 509/608/656
f 509/608/656 511/610/658 149/158/137
f 509/608/656 149/158/137 147/156/135
f 108/110/97 107/109/96 512/611/659
f 108/110/97 512/611/659 510/609/657
f 510/609/657 512/611/659 513/612/660
f 510/609/657 513/612/660 511/610/661
f 511/610/661 513/612/660 7/7/140
f 511/610/661 7/7/140 149/158/139
f 107/109/96 106/108/95 514/613/662
f 107/109/96 514/613/662 512/611/659
f 512/611/659 514/613/662 515/614/663
f 512/611/659 515/614/663 513/612/664
f 513/612/664 515/614/663 8/8/7
f 513/612/664 8/8/7 7/7/6
f 106/108/95 516/615/665 517/616/666
f 106/108/95 517/616/666 514/613/662
f 514/613/662 517/616/666 518/617/667
f 514/613/662 518/617/667 515/614/668
f 515/614/668 518/617/667 155/164/148
f 515/614/668 155/164/148 8/8/147
f 516/615/665 519/618/669 520/619/670
f 516/615/665 520/619/670 517/616/666
f 517/616/666 520/619/670 521/620/671
f 517/616/666 521/620/671 518/617/667
f 518/617/667 521/620/671 157/166/150
f 518/617/667 157/166/150 155/164/148
f 519/618/669 522/621/672 523/622/673
f 519/618/669 523/622/673 520/619/670
f 520/619/670 523/622/673 524/623/674
f 520/619/670 524/623/674 521/620/671
f 521/620/671 524/623/674 3/3/3
f 521/620/671 3/3/3 157/166/150
f 522/621/672 498/597/644 501/600/647
f 522/621/672 501/600/647 523/622/673
f 523/622/673 501/600/647 503/602/675
f 523/622/673 503/602/675 524/623/674
f 524/623/674 503/602/675 4/4/4
f 524/623/674 4/4/4 3/3/3
f 158/167/151 1/1/676 4/4/650
f 158/167/151 4/4/650 159/168/152
f 99/101/91 98/100/90 525/624/677
f 99/101/91 525/624/677 526/625/678
f 526/625/678 525/624/677 527/626/679
f 526/625/678 527/626/679 528/627/680
f 528/627/680 527/626/679 175/188/681
f 528/627/680 175/188/681 153/162/682
f 98/100/90 529/628/683 530/629/684
f 98/100/90 530/629/684 525/624/677
f 525/624/677 530/629/684 531/630/685
f 525/624/677 531/630/685 527/626/686
f 527/626/686 531/630/685 15/15/13
f 527/626/686 15/15/13 175/188/174
f 529/628/683 532/631/687 533/632/688
f 529/628/683 533/632/688 530/629/684
f 530/629/684 533/632/688 534/633/689
f 530/629/684 534/633/689 531/630/685
f 531/630/685 534/633/689 16/16/14
f 531/630/685 16/16/14 15/15/13
f 532/631/687 535/634/690 536/635/691
f 532/631/687 536/635/691 533/632/688
f 533/632/688 536/635/691 537/636/692
f 533/632/688 537/636/692 534/633/689
f 534/633/689 537/636/692 165/178/161
f 534/633/689 165/178/161 16/16/14
f 535/634/690 538/637/693 539/638/694
f 535/634/690 539/638/694 536/635/691
f 536/635/691 539/638/694 540/639/695
f 536/635/691 540/639/695 537/636/692
f 537/636/692 540/639/695 167/180/163
f 537/636/692 167/180/163 165/178/161
f 538/637/693 541/640/696 542/641/697
f 538/637/693 542/641/697 539/638/694
f 539/638/694 542/641/697 543/642/698
f 539/638/694 543/642/698 540/639/698
f 540/639/698 543/642/698 169/182/166
f 540/639/698 169/182/166 167/180/165
f 541/640/696 102/104/94 544/643/699
f 541/640/696 544/643/699 542/641/697
f 542/641/697 544/643/699 545/644/700
f 542/641/697 545/644/700 543/642/701
f 543/642/701 545/644/700 171/184/170
f 543/642/701 171/184/170 169/182/169
f 102/104/94 101/103/93 546/645/702
f 102/104/94 546/645/702 544/643/699
f 544/643/699 546/645/702 547/646/703
f 544/643/699 547/646/703 545/644/700
f 545/644/700 547/646/703 173/186/172
f 545/644/700 173/186/172 171/184/170
f 101/103/93 100/102/92 548/647/704
f 101/103/93 548/647/704 546/645/702
f 546/645/702 548/647/704 549/648/705
f 546/645/702 549/648/705 547/646/703
f 547/646/703 549/648/705 152/161/143
f 547/646/703 152/161/143 173/186/172
f 100/102/92 99/101/91 526/625/678
f 100/102/92 526/625/678 548/647/704
f 548/647/704 526/625/678 528/627/706
f 548/647/704 528/627/706 549/648/705
f 549/648/705 528/627/706 153/162/144
f 549/648/705 153/162/144 152/161/143
f 174/187/707 150/159/707 153/162/682
f 174/187/707 153/162/682 175/188/681
f 550/649/708 551/650/709 552/651/710
f 550/649/708 552/651/710 553/652/711
f 553/652/711 552/651/710 554/653/712
f 553/652/711 554/653/712 555/654/713
f 555/654/713 554/653/712 195/209/714
f 555/654/713 195/209/714 163/176/715
f 551/650/709 556/655/716 557/656/717
f 551/650/709 557/656/717 552/651/710
f 552/651/710 557/656/717 558/657/718
f 552/651/710 558/657/718 554/653/719
f 554/653/719 558/657/718 179/193/179
f 554/653/719 179/193/179 195/209/199
f 556/655/716 559/658/720 560/659/721
f 556/655/716 560/659/721 557/656/717
f 557/656/717 560/659/721 561/660/722
f 557/656/717 561/660/722 558/657/718
f 558/657/718 561/660/722 180/194/180
f 558/657/718 180/194/180 179/193/179
f 559/658/720 562/661/723 563/662/724
f 559/658/720 563/662/724 560/659/721
f 560/659/721 563/662/724 564/663/725
f 560/659/721 564/663/725 561/660/722
f 561/660/722 564/663/725 182/196/182
f 561/660/722 182/196/182 180/194/180
f 562/661/723 565/664/726 566/665/727
f 562/661/723 566/665/727 563/662/724
f 563/662/724 566/665/727 567/666/728
f 563/662/724 567/666/728 564/663/725
f 564/663/725 567/666/728 184/198/184
f 564/663/725 184/198/184 182/196/182
f 565/664/726 568/667/729 569/668/730
f 565/664/726 569/668/730 566/665/727
f 566/665/727 569/668/730 570/669/731
f 566/665/727 570/669/731 567/666/732
f 567/666/732 570/669/731 186/200/188
f 567/666/732 186/200/188 184/198/187
f 568/667/729 571/670/733 572/671/734
f 568/667/729 572/671/734 569/668/730
f 569/668/730 572/671/734 573/672/735
f 569/668/730 573/672/735 570/669/731
f 570/669/731 573/672/735 188/202/190
f 570/669/731 188/202/190 186/200/188
f 571/670/733 574/673/736 575/674/737
f 571/670/733 575/674/737 572/671/734
f 572/671/734 575/674/737 576/675/738
f 572/671/734 576/675/738 573/672/735
f 573/672/735 576/675/738 190/204/192
f 573/672/735 190/204/192 188/202/190
f 574/673/736 577/676/739 578/677/740
f 574/673/736 578/677/740 575/674/737
f 575/674/737 578/677/740 579/678/741
f 575/674/737 579/678/741 576/675/742
f 576/675/742 579/678/741 192/206/196
f 576/675/742 192/206/196 190/204/195
f 577/676/739 580/679/672 581/680/673
f 577/676/739 581/680/673 578/677/740
f 578/677/740 581/680/673 582/681/674
f 578/677/740 582/681/674 579/678/741
f 579/678/741 582/681/674 194/208/3
f 579/678/741 194/208/3 192/206/196
f 580/679/672 583/682/743 584/683/744
f 580/679/672 584/683/744 581/680/673
f 581/680/673 584/683/744 585/684/745
f 581/680/673 585/684/745 582/681/674
f 582/681/674 585/684/745 162/175/158
f 582/681/674 162/175/158 194/208/3
f 583/682/743 550/649/708 553/652/711
f 583/682/743 553/652/711 584/683/744
f 584/683/744 553/652/711 555/654/746
f 584/683/744 555/654/746 585/684/745
f 585/684/745 555/654/746 163/176/159
f 585/684/745 163/176/159 162/175/158
f 10/10/747 9/9/747 163/176/715
f 10/10/747 163/176/715 195/209/714
f 35/37/33 34/36/32 586/685/748
f 35/37/33 586/685/748 587/686/749
f 35/37/33 587/686/749 588/687/750
f 35/37/33 588/687/750 589/688/751
f 35/37/33 589/688/751 590/689/752
f 35/37/33 590/689/752 591/690/753
f 35/37/33 591/690/753 29/31/27
f 35/37/33 29/31/27 28/30/19
f 35/37/33 28/30/19 137/691/19
f 35/37/33 137/691/19 124/692/19
f 35/37/33 124/692/19 70/693/19
f 35/37/33 70/693/19 69/694/19
f 35/37/33 69/694/19 83/695/19
f 35/37/33 83/695/19 251/695/19
f 110/112/99 20/696/754 19/697/754
f 110/112/99 19/697/754 592/698/755
f 110/112/99 592/698/755 593/699/756
f 110/112/99 593/699/756 111/113/100
f 136/142/757 123/700/758 124/701/264
f 136/142/757 124/701/264 137/143/264
f 246/702/759 71/74/65 77/79/70
f 246/702/759 77/79/70 247/703/759
f 247/703/760 77/79/761 594/704/762
f 247/703/760 594/704/762 248/705/763
f 248/706/763 594/707/762 61/64/55
f 248/706/763 61/64/55 176/189/175
f 77/708/761 76/115/102 112/114/101
f 77/708/761 112/114/101 594/707/762
f 594/707/762 112/114/101 62/65/56
f 594/707/762 62/65/56 61/64/55
f 135/709/764 595/710/764 123/711/758
f 135/709/764 123/711/758 136/712/757
f 595/713/765 596/714/765 67/127/115
f 595/713/765 67/127/115 123/126/114
f 596/715/766 597/716/767 68/71/62
f 596/715/766 68/71/62 67/70/61
f 597/716/767 245/263/263 82/84/75
f 597/716/767 82/84/75 68/71/62
f 71/74/89 246/702/89 245/702/89
f 71/74/89 245/702/89 597/717/89
f 71/74/89 597/717/89 596/718/89
f 71/74/89 596/718/89 595/710/89
f 71/74/89 595/710/89 135/709/89
f 71/74/89 135/709/89 103/105/89
f 71/74/89 103/105/89 550/649/708
f 71/74/89 550/649/708 583/682/743
f 71/74/89 583/682/743 580/679/672
f 71/74/89 580/679/672 577/676/739
f 71/74/89 577/676/739 574/673/736
f 71/74/89 574/673/736 571/670/733
f 71/74/89 571/670/733 568/667/729
f 71/74/89 568/667/729 565/664/726
f 52/54/768 227/245/769 598/719/770
f 52/54/768 598/719/770 599/720/771
f 599/720/771 598/719/770 600/721/772
f 599/720/771 600/721/772 601/722/773
f 601/722/773 600/721/772 21/23/20
f 601/722/773 21/23/20 132/137/122
f 227/245/242 122/125/113 602/723/774
f 227/245/242 602/723/774 598/719/775
f 598/719/775 602/723/774 603/724/776
f 598/719/775 603/724/776 600/721/772
f 600/721/772 603/724/776 22/24/21
f 600/721/772 22/24/21 21/23/20
f 122/125/113 121/124/112 604/725/777
f 122/125/113 604/725/777 602/723/774
f 602/723/774 604/725/777 605/726/778
f 602/723/774 605/726/778 603/724/776
f 603/724/776 605/726/778 23/25/22
f 603/724/776 23/25/22 22/24/21
f 121/124/112 217/235/229 606/727/779
f 121/124/112 606/727/779 604/725/777
f 604/725/777 606/727/779 607/728/780
f 604/725/777 607/728/780 605/726/778
f 605/726/778 607/728/780 24/26/23
f 605/726/778 24/26/23 23/25/22
f 217/235/229 219/237/231 608/729/781
f 217/235/229 608/729/781 606/727/779
f 606/727/779 608/729/781 609/730/782
f 606/727/779 609/730/782 607/728/780
f 607/728/780 609/730/782 25/27/24
f 607/728/780 25/27/24 24/26/23
f 219/237/234 221/239/233 610/731/783
f 219/237/234 610/731/783 608/729/783
f 608/729/783 610/731/783 611/732/784
f 608/729/783 611/732/784 609/730/782
f 609/730/782 611/732/784 26/28/25
f 609/730/782 26/28/25 25/27/24
f 221/239/238 223/241/237 612/733/785
f 221/239/238 612/733/785 610/731/786
f 610/731/786 612/733/785 613/734/787
f 610/731/786 613/734/787 611/732/784
f 611/732/784 613/734/787 27/29/26
f 611/732/784 27/29/26 26/28/25
f 223/241/237 225/243/240 614/735/788
f 223/241/237 614/735/788 612/733/785
f 612/733/785 614/735/788 615/736/789
f 612/733/785 615/736/789 613/734/787
f 613/734/787 615/736/789 130/135/120
f 613/734/787 130/135/120 27/29/26
f 225/243/240 53/55/46 616/737/790
f 225/243/240 616/737/790 614/735/788
f 614/735/788 616/737/790 617/738/791
f 614/735/788 617/738/791 615/736/789
f 615/736/789 617/738/791 131/136/121
f 615/736/789 131/136/121 130/135/120
f 53/55/46 52/54/45 599/720/792
f 53/55/46 599/720/792 616/737/790
f 616/737/790 599/720/792 601/722/773
f 616/737/790 601/722/773 617/738/791
f 617/738/791 601/722/773 132/137/122
f 617/738/791 132/137/122 131/136/121
f 51/53/793 226/244/793 227/245/769
f 51/53/793 227/245/769 52/54/768
f 214/232/794 93/95/795 618/739/796
f 214/232/794 618/739/796 619/740/797
f 619/740/797 618/739/796 620/741/798
f 619/740/797 620/741/798 621/742/799
f 621/742/799 620/741/798 30/32/28
f 621/742/799 30/32/28 29/31/27
f 93/95/88 92/94/87 622/743/800
f 93/95/88 622/743/800 618/739/801
f 618/739/801 622/743/800 623/744/802
f 618/739/801 623/744/802 620/741/798
f 620/741/798 623/744/802 31/33/29
f 620/741/798 31/33/29 30/32/28
f 92/94/87 230/248/245 624/745/803
f 92/94/87 624/745/803 622/743/800
f 622/743/800 624/745/803 625/746/804
f 622/743/800 625/746/804 623/744/802
f 623/744/802 625/746/804 32/34/30
f 623/744/802 32/34/30 31/33/29
f 230/248/245 232/250/247 626/747/805
f 230/248/245 626/747/805 624/745/803
f 624/745/803 626/747/805 627/748/806
f 624/745/803 627/748/806 625/746/804
f 625/746/804 627/748/806 33/35/31
f 625/746/804 33/35/31 32/34/30
f 232/250/247 234/252/249 628/749/807
f 232/250/247 628/749/807 626/747/805
f 626/747/805 628/749/807 629/750/808
f 626/747/805 629/750/808 627/748/806
f 627/748/806 629/750/808 34/36/32
f 627/748/806 34/36/32 33/35/31
f 234/252/253 236/254/252 630/751/809
f 234/252/253 630/751/809 628/749/810
f 628/749/810 630/751/809 631/752/811
f 628/749/810 631/752/811 629/750/808
f 629/750/808 631/752/811 586/685/748
f 629/750/808 586/685/748 34/36/32
f 236/254/252 238/256/255 632/753/812
f 236/254/252 632/753/812 630/751/809
f 630/751/809 632/753/812 633/754/813
f 630/751/809 633/754/813 631/752/811
f 631/752/811 633/754/813 587/686/749
f 631/752/811 587/686/749 586/685/748
f 238/256/255 240/258/257 634/755/814
f 238/256/255 634/755/814 632/753/812
f 632/753/812 634/755/814 635/756/815
f 632/753/812 635/756/815 633/754/813
f 633/754/813 635/756/815 588/687/750
f 633/754/813 588/687/750 587/686/749
f 240/258/261 242/260/260 636/757/816
f 240/258/261 636/757/816 634/755/817
f 634/755/817 636/757/816 637/758/818
f 634/755/817 637/758/818 635/756/815
f 635/756/815 637/758/818 589/688/751
f 635/756/815 589/688/751 588/687/750
f 242/260/260 244/262/42 638/759/819
f 242/260/260 638/759/819 636/757/816
f 636/757/816 638/759/819 639/760/820
f 636/757/816 639/760/820 637/758/818
f 637/758/818 639/760/820 590/689/752
f 637/758/818 590/689/752 589/688/751
f 244/262/42 215/233/227 640/761/821
f 244/262/42 640/761/821 638/759/819
f 638/759/819 640/761/821 641/762/822
f 638/759/819 641/762/822 639/760/820
f 639/760/820 641/762/822 591/690/753
f 639/760/820 591/690/753 590/689/752
f 215/233/227 214/232/226 619/740/823
f 215/233/227 619/740/823 640/761/821
f 640/761/821 619/740/823 621/742/799
f 640/761/821 621/742/799 641/762/822
f 641/762/822 621/742/799 29/31/27
f 641/762/822 29/31/27 591/690/753
f 213/231/824 58/61/824 93/95/795
f 213/231/824 93/95/795 214/232/794
f 48/50/825 211/229/220 642/763/826
f 48/50/825 642/763/826 643/764/827
f 643/764/827 642/763/826 644/765/828
f 643/764/827 644/765/828 645/766/829
f 645/766/829 644/765/828 646/767/830
f 645/766/829 646/767/830 647/768/831
f 211/229/220 201/217/207 648/769/832
f 211/229/220 648/769/832 642/763/826
f 642/763/826 648/769/832 649/770/833
f 642/763/826 649/770/833 644/765/828
f 644/765/828 649/770/833 650/771/834
f 644/765/828 650/771/834 646/767/830
f 201/217/207 200/216/206 651/772/835
f 201/217/207 651/772/835 648/769/832
f 648/769/832 651/772/835 652/773/836
f 648/769/832 652/773/836 649/770/833
f 649/770/833 652/773/836 653/774/837
f 649/770/833 653/774/837 650/771/834
f 200/216/206 203/219/209 654/775/838
f 200/216/206 654/775/838 651/772/835
f 651/772/835 654/775/838 655/776/839
f 651/772/835 655/776/839 652/773/836
f 652/773/836 655/776/839 126/131/117
f 652/773/836 126/131/117 653/774/837
f 203/219/223 207/223/222 656/777/840
f 203/219/223 656/777/840 654/775/840
f 654/775/840 656/777/840 657/778/841
f 654/775/840 657/778/841 655/776/839
f 655/776/839 657/778/841 127/132/118
f 655/776/839 127/132/118 126/131/117
f 207/223/212 206/222/211 658/779/842
f 207/223/212 658/779/842 656/777/843
f 656/777/843 658/779/842 659/780/844
f 656/777/843 659/780/844 657/778/841
f 657/778/841 659/780/844 128/133/119
f 657/778/841 128/133/119 127/132/118
f 206/222/216 208/225/215 660/781/845
f 206/222/216 660/781/845 658/779/846
f 658/779/846 660/781/845 661/782/847
f 658/779/846 661/782/847 659/780/844
f 659/780/844 661/782/847 662/783/848
f 659/780/844 662/783/848 128/133/119
f 208/225/215 209/227/218 663/784/849
f 208/225/215 663/784/849 660/781/845
f 660/781/845 663/784/849 664/785/850
f 660/781/845 664/785/850 661/782/847
f 661/782/847 664/785/850 665/786/851
f 661/782/847 665/786/851 662/783/848
f 209/227/218 49/51/42 666/787/819
f 209/227/218 666/787/819 663/784/849
f 663/784/849 666/787/819 667/788/820
f 663/784/849 667/788/820 664/785/850
f 664/785/850 667/788/820 668/789/752
f 664/785/850 668/789/752 665/786/851
f 49/51/42 48/50/41 643/764/852
f 49/51/42 643/764/852 666/787/819
f 666/787/819 643/764/852 645/766/829
f 666/787/819 645/766/829 667/788/820
f 667/788/820 645/766/829 647/768/831
f 667/788/820 647/768/831 668/789/752
f 47/49/853 210/228/219 211/229/220
f 47/49/853 211/229/220 48/50/825
f 669/790/89 94/96/89 108/110/97
f 669/790/89 108/110/97 507/606/654
f 669/790/89 507/606/654 504/603/651
f 669/790/89 504/603/651 499/598/645
f 669/790/89 499/598/645 498/597/644
f 669/790/89 498/597/644 522/621/672
f 669/790/89 522/621/672 519/618/669
f 669/790/89 519/618/669 516/615/665
f 669/790/89 516/615/665 106/108/95
f 669/790/89 106/108/95 105/107/89
f 669/790/89 105/107/89 670/791/89
f 110/792/99 118/793/109 133/138/854
f 110/792/99 133/138/854 20/22/855
f 118/793/109 141/794/127 134/139/856
f 118/793/109 134/139/856 133/138/854
f 141/148/127 140/147/126 125/795/857
f 141/148/127 125/795/857 134/796/856
f 671/797/858 125/130/859 140/798/131
f 671/797/858 140/798/131 143/799/130
f 671/797/19 197/800/19 129/134/19
f 671/797/19 129/134/19 128/133/119
f 671/797/19 128/133/119 662/783/848
f 671/797/19 662/783/848 665/786/851
f 671/797/19 665/786/851 668/789/752
f 671/797/19 668/789/752 647/768/831
f 671/797/19 647/768/831 646/767/830
f 671/797/19 646/767/830 650/771/834
f 671/797/19 650/771/834 653/774/837
f 671/797/19 653/774/837 126/131/117
f 671/797/19 126/131/117 125/130/19
f 114/117/105 116/119/107 672/801/860
f 114/117/105 672/801/860 673/802/861
f 673/803/861 672/804/860 674/805/862
f 673/803/861 674/805/862 675/806/863
f 675/806/864 674/805/865 38/40/865
f 675/806/864 38/40/865 37/39/35
f 116/119/107 89/91/82 676/807/866
f 116/119/107 676/807/866 672/801/860
f 672/804/860 676/808/866 677/809/867
f 672/804/860 677/809/867 674/805/862
f 674/805/865 677/809/868 39/41/869
f 674/805/865 39/41/869 38/40/865
f 89/91/82 81/83/74 678/810/870
f 89/91/82 678/810/870 676/807/866
f 676/808/866 678/811/870 679/812/871
f 676/808/866 679/812/871 677/809/867
f 677/809/868 679/812/872 40/42/873
f 677/809/868 40/42/873 39/41/869
f 81/83/74 80/82/73 680/813/874
f 81/83/74 680/813/874 678/810/870
f 678/811/870 680/814/874 681/815/875
f 678/811/870 681/815/875 679/812/871
f 679/812/872 681/815/876 41/43/877
f 679/812/872 41/43/877 40/42/873
f 80/82/73 85/87/78 682/816/878
f 80/82/73 682/816/878 680/813/874
f 680/814/874 682/817/878 683/818/879
f 680/814/874 683/818/879 681/815/875
f 681/815/876 683/818/880 42/44/880
f 681/815/876 42/44/880 41/43/877
f 85/87/78 91/93/84 684/819/881
f 85/87/78 684/819/881 682/816/878
f 682/817/878 684/820/881 685/821/882
f 682/817/878 685/821/882 683/818/879
f 683/818/880 685/821/883 43/45/883
f 683/818/880 43/45/883 42/44/880
f 35/37/33 251/695/884 250/822/885
f 35/37/33 250/822/885 686/823/886
f 686/823/886 250/822/885 249/824/887
f 686/823/886 249/824/887 687/825/888
f 687/825/888 249/824/887 228/826/243
f 687/825/888 228/826/243 87/827/80
f 36/38/34 35/37/33 686/823/886
f 36/38/34 686/823/886 688/828/889
f 688/828/889 686/823/886 687/825/888
f 688/828/889 687/825/888 689/829/890
f 689/829/890 687/825/888 87/827/80
f 689/829/890 87/827/80 86/830/79
f 86/88/79 114/117/105 673/802/861
f 86/88/79 673/802/861 689/831/890
f 689/829/890 673/803/861 675/806/863
f 689/829/890 675/806/863 688/828/889
f 688/828/889 675/806/864 37/39/35
f 688/828/889 37/39/35 36/38/34
f 91/93/84 111/113/100 593/699/756
f 91/93/84 593/699/756 684/819/881
f 684/820/881 593/832/756 592/833/755
f 684/820/881 592/833/755 685/821/882
f 685/821/883 592/833/891 19/21/891
f 685/821/883 19/21/891 43/45/883
f 97/99/89 690/834/89 691/835/89
f 97/99/89 691/835/89 692/836/89
f 97/99/89 692/836/89 693/837/89
f 97/99/89 693/837/89 694/838/89
f 97/99/89 694/838/89 695/839/89
f 97/99/89 695/839/89 696/840/89
f 97/99/89 696/840/89 72/75/89
f 97/99/89 72/75/89 71/74/89
f 97/99/89 71/74/89 565/664/726
f 97/99/89 565/664/726 562/661/723
f 97/99/89 562/661/723 559/658/720
f 97/99/89 559/658/720 556/655/716
f 97/99/89 556/655/716 551/650/709
f 97/99/89 551/650/709 550/649/708
f 97/99/89 550/649/708 103/105/89
f 97/99/89 103/105/89 102/104/94
f 97/99/89 102/104/94 541/640/696
f 97/99/89 541/640/696 538/637/693
f 97/99/89 538/637/693 535/634/690
f 97/99/89 535/634/690 532/631/687
f 97/99/89 532/631/687 529/628/683
f 97/99/89 529/628/683 98/100/90
f 160/169/153 697/841/892 104/170/154
f 697/841/892 698/842/893 104/170/154
f 698/843/894 105/107/895 104/106/896
f 669/790/897 670/791/898 699/844/899
f 669/790/897 699/844/899 700/845/900
f 700/846/901 699/847/902 701/848/903
f 700/846/901 701/848/903 702/849/904
f 702/849/904 701/848/903 196/210/200
f 702/849/904 196/210/200 142/150/129
f 670/791/898 105/107/895 698/843/894
f 670/791/898 698/843/894 699/844/899
f 699/847/902 698/850/905 697/851/906
f 699/847/902 697/851/906 701/848/903
f 701/848/903 697/851/906 160/211/201
f 701/848/903 160/211/201 196/210/200
f 696/840/907 695/839/908 703/852/908
f 696/840/907 703/852/908 704/853/909
f 704/854/909 703/855/910 705/856/911
f 704/854/909 705/856/911 706/857/912
f 706/857/912 705/856/911 115/118/106
f 706/857/912 115/118/106 113/116/104
f 695/839/908 694/838/913 707/858/914
f 695/839/908 707/858/914 703/852/908
f 703/855/910 707/859/915 708/860/916
f 703/855/910 708/860/916 705/856/911
f 705/856/911 708/860/916 88/90/81
f 705/856/911 88/90/81 115/118/106
f 694/838/913 693/837/917 709/861/918
f 694/838/913 709/861/918 707/858/914
f 707/859/915 709/862/919 710/863/920
f 707/859/915 710/863/920 708/860/916
f 708/860/916 710/863/920 78/80/71
f 708/860/916 78/80/71 88/90/81
f 693/837/917 692/836/921 711/864/922
f 693/837/917 711/864/922 709/861/918
f 709/861/919 711/864/923 712/865/924
f 709/861/919 712/865/924 710/866/920
f 710/863/920 712/867/924 79/81/72
f 710/863/920 79/81/72 78/80/71
f 692/836/921 691/835/925 713/868/925
f 692/836/921 713/868/925 711/864/922
f 711/869/923 713/870/765 714/871/926
f 711/869/923 714/871/926 712/867/924
f 712/867/924 714/871/926 84/86/77
f 712/867/924 84/86/77 79/81/72
f 691/835/925 690/834/927 715/872/927
f 691/835/925 715/872/927 713/868/925
f 713/870/765 715/873/928 716/874/929
f 713/870/765 716/874/929 714/871/926
f 714/871/926 716/874/929 90/92/83
f 714/871/926 90/92/83 84/86/77
f 690/834/927 97/99/930 717/875/931
f 690/834/927 717/875/931 715/872/927
f 715/873/928 717/876/932 718/877/933
f 715/873/928 718/877/933 716/874/929
f 716/874/929 718/877/933 109/111/98
f 716/874/929 109/111/98 90/92/83
f 97/99/930 96/98/934 719/878/935
f 97/99/930 719/878/935 717/875/931
f 717/875/932 719/878/936 720/879/937
f 717/875/932 720/879/937 718/880/933
f 718/877/933 720/881/937 117/120/108
f 718/877/933 117/120/108 109/111/98
f 96/98/934 95/97/938 721/882/939
f 96/98/934 721/882/939 719/878/935
f 719/883/936 721/884/940 722/885/941
f 719/883/936 722/885/941 720/881/937
f 720/881/937 722/885/941 138/145/124
f 720/881/937 138/145/124 117/120/108
f 95/97/938 94/96/942 723/886/942
f 95/97/938 723/886/942 721/882/939
f 721/884/940 723/887/943 724/888/944
f 721/884/940 724/888/944 722/885/941
f 722/885/941 724/888/944 139/146/125
f 722/885/941 139/146/125 138/145/124
f 142/150/129 139/149/128 724/889/945
f 142/150/129 724/889/945 702/849/904
f 702/890/904 724/891/945 723/886/946
f 702/890/904 723/886/946 700/845/901
f 700/845/900 723/886/947 94/96/947
f 700/845/900 94/96/947 669/790/897
f 113/116/104 75/115/103 74/892/68
f 113/116/104 74/892/68 706/857/912
f 706/893/912 74/77/68 73/76/67
f 706/893/912 73/76/67 704/853/909
f 704/853/909 73/76/67 72/75/66
f 704/853/909 72/75/66 696/840/907
f 142/150/129 196/210/200 197/213/203
f 142/150/129 197/213/203 671/894/858
f 142/150/129 671/894/858 143/151/130
