# split from Door_VAR01.obj (Door_LeafRight.obj)
v 0.322411 1.956654 -0.183524
v 0.313919 1.390457 -0.181095
v 0.322330 1.390457 -0.151693
v 0.330822 1.956654 -0.154122
v 0.307580 0.411307 -0.182467
v 0.305033 0.303544 -0.181738
v 0.315452 0.303544 -0.145315
v 0.318000 0.411307 -0.146044
v 0.037359 0.684033 -0.105164
v 0.252937 0.682290 -0.166835
v 0.263356 0.682290 -0.130411
v 0.047779 0.684033 -0.068741
v 0.293765 1.296635 -0.164433
v 0.291462 0.775918 -0.163774
v 0.277598 0.788648 -0.173682
v 0.279679 1.283930 -0.174288
v 0.040465 1.391341 -0.102868
v 0.043013 1.952237 -0.103596
v 0.051424 1.952237 -0.074194
v 0.048877 1.391341 -0.073465
v 0.404798 2.055633 -0.164993
v 0.341640 1.967900 -0.146926
v 0.332891 1.380538 -0.144423
v 0.042041 1.381478 -0.061219
v -0.006678 2.021362 -0.047282
v -0.006678 2.021362 -0.047282
v -0.004669 0.220000 -0.047856
v 0.045451 0.729309 -0.062194
v 0.050333 1.344912 -0.063591
v 0.330692 1.340492 -0.143794
v 0.305882 0.216097 -0.181981
v 0.316302 0.216097 -0.145558
v 0.310530 0.681824 -0.183311
v 0.320950 0.681824 -0.146887
v 0.295910 1.298137 -0.154646
v 0.073857 1.299560 -0.091123
v 0.091624 1.284120 -0.079271
v 0.286666 1.282759 -0.135041
v -0.020306 2.037791 -0.090188
v -0.033044 0.057422 -0.086544
v -0.024945 0.057422 -0.058232
v -0.012212 2.036893 -0.061875
v -0.012453 2.037791 -0.062739
v 0.328493 0.732041 -0.143165
v -0.008372 0.066272 -0.046797
v 0.036185 0.098342 -0.059544
v 0.046054 0.229366 -0.062367
v 0.050855 0.445777 -0.063740
v 0.049159 0.560413 -0.063255
v 0.043650 0.689733 -0.061679
v 0.264953 0.687944 -0.124988
v 0.326586 0.687446 -0.142619
v 0.327030 0.421686 -0.142746
v 0.404798 0.013257 -0.164993
v 0.069267 0.787131 -0.089810
v 0.060571 1.317309 -0.074591
v 0.055741 0.761832 -0.073274
v 0.030730 0.103034 -0.103268
v 0.039222 0.216097 -0.105697
v 0.049642 0.216097 -0.069274
v 0.041149 0.103034 -0.066844
v 0.310128 0.105684 -0.183196
v 0.320548 0.105684 -0.146772
v 0.029981 0.057422 -0.109774
v 0.033519 0.013257 -0.110787
v 0.047271 0.013257 -0.062715
v 0.043733 0.057422 -0.061703
v 0.310977 0.443105 -0.183438
v 0.321397 0.443105 -0.147015
v 0.259118 0.105200 -0.168603
v 0.269538 0.105200 -0.132180
v 0.391046 2.055633 -0.213065
v 0.391046 2.055633 -0.213065
v 0.400274 2.055633 -0.180809
v 0.404798 2.055633 -0.164993
v 0.391046 0.013257 -0.213065
v 0.044317 0.445755 -0.107155
v 0.054737 0.445755 -0.070731
v 0.042521 2.039027 -0.113362
v 0.327585 1.967479 -0.194911
v 0.031284 1.962751 -0.110147
v 0.028646 1.381847 -0.109393
v -0.017246 1.979981 -0.096264
v -0.016875 2.037883 -0.096370
v 0.056930 2.022590 -0.065478
v 0.044682 1.963159 -0.061974
v 0.042619 0.560584 -0.106669
v 0.053038 0.560584 -0.070245
v 0.307426 1.314130 -0.181570
v 0.304967 0.758312 -0.180867
v 0.324738 0.400551 -0.142090
v 0.322444 0.303492 -0.141434
v 0.323291 0.216248 -0.141677
v 0.327758 0.100084 -0.142954
v 0.271142 0.099547 -0.126758
v -0.005715 0.057422 -0.047557
v 0.315684 1.313680 -0.147871
v 0.293612 0.789259 -0.153988
v 0.313515 0.764393 -0.147074
v 0.087615 0.802612 -0.078103
v 0.277831 0.813045 -0.128672
v 0.279745 1.274309 -0.129219
v 0.100448 1.275560 -0.077927
v 0.096627 0.811175 -0.076834
v 0.284649 0.804613 -0.134467
v 0.316659 1.337777 -0.191785
v 0.036882 1.342196 -0.111749
v 0.031965 0.732011 -0.110342
v -0.029276 0.109689 -0.092823
v 0.318846 1.380909 -0.192411
v 0.070510 1.300197 -0.100566
v 0.050087 1.318235 -0.107953
v 0.065909 0.773779 -0.099250
v 0.045172 0.755848 -0.106547
v 0.076907 1.287374 -0.116220
v 0.072746 0.786602 -0.115068
v 0.262140 0.803832 -0.176189
v 0.084814 0.802025 -0.125461
v 0.088634 1.271840 -0.126554
v 0.264054 1.268832 -0.176736
v 0.328607 1.385498 -0.144576
v 0.046455 1.386409 -0.063860
v 0.324741 1.389128 -0.147237
v 0.048957 1.390019 -0.068343
v 0.337227 1.962277 -0.147042
v 0.333268 1.958160 -0.149676
v 0.049049 1.957698 -0.064602
v 0.051517 1.953701 -0.069075
v -0.029612 0.057422 -0.092726
v 0.313620 1.389178 -0.185963
v 0.037923 1.390069 -0.107093
v 0.315424 1.385683 -0.190104
v 0.033597 1.386594 -0.109482
v 0.322145 1.958104 -0.188401
v 0.324039 1.962067 -0.192569
v 0.040482 1.953646 -0.107826
v 0.036189 1.957494 -0.110223
v 0.282992 0.807017 -0.132070
v 0.090346 0.805045 -0.076961
v 0.280497 0.810103 -0.129949
v 0.093644 0.808179 -0.076497
v 0.284973 1.280352 -0.132636
v 0.282439 1.277259 -0.130505
v 0.094291 1.281682 -0.078100
v 0.097521 1.278549 -0.077608
v 0.322274 0.682578 -0.144326
v 0.264139 0.683047 -0.127695
v 0.324337 0.684635 -0.142764
v 0.264724 0.685117 -0.125710
v 0.322721 0.440236 -0.144454
v 0.324783 0.432396 -0.142891
v 0.319472 0.409866 -0.143524
v 0.321938 0.405929 -0.142077
v 0.316958 0.303537 -0.142805
v 0.319517 0.303518 -0.141385
v 0.317807 0.216117 -0.143048
v 0.320365 0.216173 -0.141627
v 0.322083 0.104934 -0.144271
v 0.324722 0.102884 -0.142874
v 0.041053 0.102406 -0.063877
v 0.270322 0.104443 -0.129464
v 0.039236 0.100688 -0.061204
v 0.270909 0.102373 -0.127479
v 0.049730 0.217874 -0.066359
v 0.048417 0.222731 -0.063831
v 0.054786 0.445758 -0.067805
v 0.053365 0.445766 -0.065246
v 0.053088 0.560561 -0.067319
v 0.051668 0.560498 -0.064761
v 0.047795 0.684796 -0.065805
v 0.046284 0.686883 -0.063220
v -0.030466 0.060267 -0.092482
v 0.021501 0.097671 -0.107349
v 0.257397 0.098739 -0.174832
v 0.314815 0.099283 -0.191257
v 0.310316 0.216270 -0.189970
v 0.309469 0.303485 -0.189728
v 0.311727 0.399014 -0.190374
v 0.313861 0.418624 -0.190985
v 0.251207 0.688752 -0.173061
v 0.313418 0.688249 -0.190858
v 0.311323 0.685037 -0.189358
v 0.251421 0.685521 -0.172222
v 0.310267 0.682685 -0.186596
v 0.252054 0.683156 -0.169943
v 0.311769 0.430865 -0.189486
v 0.310713 0.439825 -0.186724
v 0.309003 0.405160 -0.188694
v 0.307485 0.409660 -0.185800
v 0.306600 0.303514 -0.188007
v 0.304976 0.303536 -0.185082
v 0.307448 0.216184 -0.188250
v 0.305825 0.216120 -0.185325
v 0.311821 0.102484 -0.189500
v 0.310105 0.104827 -0.186550
v 0.025465 0.100353 -0.107582
v 0.257607 0.101970 -0.173991
v 0.028843 0.102316 -0.106088
v 0.258237 0.104335 -0.171712
v 0.031567 0.231262 -0.110228
v 0.034744 0.223680 -0.110237
v 0.037546 0.218129 -0.108578
v 0.036326 0.445780 -0.111590
v 0.039671 0.445767 -0.111646
v 0.042596 0.445758 -0.110023
v 0.034631 0.560388 -0.111105
v 0.037974 0.560486 -0.111161
v 0.040898 0.560558 -0.109537
v 0.029086 0.690547 -0.109518
v 0.032572 0.687290 -0.109615
v 0.035600 0.684906 -0.108021
v 0.325739 0.742302 -0.143475
v 0.047416 0.739623 -0.063846
v 0.320257 0.754144 -0.144905
v 0.051182 0.751527 -0.067902
v 0.328061 1.330916 -0.144163
v 0.322568 1.321103 -0.145655
v 0.052369 1.335229 -0.065255
v 0.056116 1.325126 -0.069281
v 0.051748 2.039027 -0.081106
v -0.019279 2.008886 -0.094986
v -0.020399 2.030046 -0.092762
v -0.033043 0.064425 -0.089145
v -0.031664 0.083556 -0.091443
v 0.267335 0.798567 -0.176747
v 0.080033 0.796664 -0.123163
v 0.272993 0.793009 -0.175829
v 0.075616 0.791018 -0.119359
v 0.269298 1.274064 -0.177310
v 0.275017 1.279591 -0.176414
v 0.083953 1.277238 -0.124279
v 0.079661 1.282924 -0.120497
v 0.309061 0.751464 -0.185825
v 0.039057 0.748897 -0.108584
v 0.312514 0.742832 -0.189585
v 0.034223 0.740173 -0.109973
v 0.314402 0.734730 -0.191139
v 0.311525 1.320964 -0.186530
v 0.314905 1.329619 -0.190269
v 0.044039 1.325225 -0.110009
v 0.039205 1.333996 -0.111399
v 0.259876 0.295824 -0.156458
v 0.262387 0.105200 -0.157176
v 0.265815 0.105200 -0.145192
v 0.263304 0.295824 -0.144474
v 0.310985 0.105684 -0.180198
v 0.268405 0.105280 -0.168017
v 0.265893 0.295957 -0.167298
v 0.263448 0.446002 -0.166599
v 0.262224 0.682222 -0.166249
v 0.311388 0.681824 -0.180313
v 0.311835 0.443105 -0.180441
v 0.308438 0.411307 -0.179469
v 0.305890 0.303544 -0.178741
v 0.306739 0.216097 -0.178983
v 0.316689 0.411307 -0.150626
v 0.314141 0.303544 -0.149898
v 0.256205 0.655013 -0.155408
v 0.257430 0.445915 -0.155758
v 0.260858 0.445915 -0.143774
v 0.271699 0.446002 -0.137756
v 0.262045 0.638360 -0.134994
v 0.314990 0.216097 -0.150140
v 0.319639 0.681824 -0.151470
v 0.320086 0.443105 -0.151598
v 0.319237 0.105684 -0.151355
v 0.274144 0.295957 -0.138455
v 0.276656 0.127061 -0.139174
v 0.303003 1.602107 -0.140274
v 0.312090 1.596121 -0.145159
v 0.317989 1.599903 -0.149095
v 0.314059 1.605475 -0.147211
v 0.319154 1.592368 -0.149216
v 0.322515 1.596170 -0.151575
v 0.324558 1.598887 -0.153220
v 0.323015 1.602287 -0.152654
v 0.321014 1.607560 -0.151973
v 0.285725 1.953382 -0.152147
v 0.280550 1.952584 -0.149347
v 0.286667 1.949737 -0.151230
v 0.291480 1.949393 -0.153663
v 0.277222 1.950722 -0.147129
v 0.283278 1.948693 -0.149202
v 0.287846 1.947068 -0.150841
v 0.291610 1.946873 -0.152669
v 0.296455 1.945979 -0.154986
v 0.272898 1.942857 -0.143187
v 0.282325 1.943019 -0.147483
v 0.281850 1.946331 -0.147893
v 0.274767 1.947765 -0.145155
v 0.290295 1.942296 -0.150987
v 0.288781 1.945118 -0.150769
v 0.307421 1.937076 -0.158257
v 0.301417 1.942253 -0.156373
v 0.295388 1.943809 -0.153657
v 0.298245 1.940557 -0.154424
v 0.245254 1.703628 -0.119434
v 0.272297 1.702426 -0.130311
v 0.284346 1.705238 -0.135524
v 0.275882 1.707263 -0.132052
v 0.291917 1.701683 -0.138625
v 0.298154 1.704254 -0.141422
v 0.304750 1.706236 -0.144296
v 0.300230 1.707556 -0.142346
v 0.296420 1.709624 -0.140758
v 0.324157 1.713017 -0.153060
v 0.313299 1.711560 -0.148164
v 0.317017 1.709198 -0.149846
v 0.325605 1.710988 -0.153767
v 0.315478 1.706630 -0.149178
v 0.324337 1.706632 -0.153919
v 0.325265 1.708637 -0.154316
v 0.327398 1.709896 -0.155298
v 0.046070 1.403239 -0.085855
v 0.043524 1.409499 -0.085344
v 0.043080 1.405941 -0.085306
v 0.043853 1.401170 -0.085409
v 0.042534 1.412700 -0.085720
v 0.042394 1.406924 -0.085723
v 0.042553 1.400969 -0.085724
v 0.057619 1.647201 -0.079234
v 0.068519 1.656111 -0.078945
v 0.055909 1.658743 -0.077650
v 0.051128 1.652720 -0.078427
v 0.078144 1.663107 -0.078711
v 0.065245 1.664386 -0.077299
v 0.058218 1.665903 -0.076430
v 0.052553 1.664183 -0.076496
v 0.048609 1.664032 -0.077170
v 0.049011 1.659404 -0.077988
v 0.047895 1.655349 -0.078684
v 0.101015 1.678379 -0.079859
v 0.074226 1.676010 -0.076523
v 0.071724 1.670237 -0.077004
v 0.088253 1.669968 -0.078846
v 0.059532 1.674722 -0.075135
v 0.059219 1.669848 -0.075849
v 0.108579 1.397474 -0.096113
v 0.106805 1.393358 -0.097100
v 0.111759 1.391857 -0.098666
v 0.113833 1.395937 -0.097665
v 0.105087 1.390713 -0.097665
v 0.108372 1.390104 -0.098629
v 0.109726 1.390375 -0.099646
v 0.112619 1.390753 -0.100086
v 0.117040 1.390647 -0.101071
v 0.117389 1.391297 -0.100078
v 0.119298 1.394112 -0.099459
v 0.129383 1.430158 -0.092791
v 0.118003 1.416410 -0.093095
v 0.123508 1.411259 -0.095582
v 0.133192 1.414600 -0.097151
v 0.113213 1.408759 -0.093846
v 0.118194 1.406149 -0.095611
v 0.121774 1.402787 -0.097397
v 0.126819 1.403816 -0.098382
v 0.135851 1.404685 -0.100417
v 0.115598 1.400813 -0.096532
v 0.110453 1.402613 -0.094931
v 0.121074 1.398390 -0.098531
v 0.151520 1.607570 -0.083308
v 0.137038 1.600670 -0.080969
v 0.143862 1.588006 -0.081580
v 0.155533 1.589756 -0.083512
v 0.124683 1.593712 -0.079293
v 0.132699 1.583348 -0.080039
v 0.137320 1.574607 -0.080636
v 0.145500 1.573593 -0.081853
v 0.155751 1.572425 -0.083661
v 0.091680 1.577142 -0.076624
v 0.111648 1.566844 -0.078177
v 0.121775 1.575736 -0.078906
v 0.111073 1.586059 -0.077913
v 0.124065 1.557019 -0.079640
v 0.132006 1.566326 -0.080167
v 0.144305 1.522658 -0.084240
v 0.152892 1.552472 -0.083921
v 0.141952 1.558132 -0.081799
v 0.133966 1.545043 -0.081375
v 0.252554 1.955550 -0.138696
v 0.248069 1.956278 -0.137591
v 0.243950 1.951839 -0.134881
v 0.248649 1.949102 -0.135308
v 0.246159 1.956731 -0.138000
v 0.242664 1.955587 -0.136590
v 0.238776 1.955170 -0.135364
v 0.238342 1.951224 -0.133164
v 0.238827 1.945309 -0.131380
v 0.242564 1.942853 -0.131700
v 0.247183 1.940333 -0.132302
v 0.216595 1.951656 -0.127502
v 0.226733 1.942114 -0.127459
v 0.232134 1.950036 -0.131185
v 0.226319 1.955010 -0.131242
v 0.233639 1.932917 -0.126734
v 0.236409 1.940720 -0.129504
v 0.234635 1.955136 -0.134261
v 0.230417 1.956248 -0.133524
v 0.255006 1.911027 -0.128832
v 0.248555 1.929268 -0.130093
v 0.242183 1.933387 -0.129184
v 0.241373 1.923129 -0.126551
v 0.299856 1.444299 -0.154228
v 0.290535 1.436660 -0.150488
v 0.296146 1.430026 -0.153843
v 0.302717 1.432185 -0.156761
v 0.283703 1.430736 -0.147613
v 0.290073 1.425966 -0.151158
v 0.293708 1.421849 -0.153131
v 0.298356 1.422440 -0.155301
v 0.303818 1.422875 -0.157735
v 0.268716 1.414024 -0.142019
v 0.281926 1.413321 -0.147910
v 0.285032 1.420133 -0.149026
v 0.276848 1.424076 -0.144756
v 0.290032 1.410806 -0.151728
v 0.291971 1.416934 -0.152463
v 0.304726 1.405508 -0.158216
v 0.304208 1.414292 -0.158038
v 0.298304 1.414961 -0.155455
v 0.297065 1.408041 -0.154980
v 0.277269 1.543163 -0.129379
v 0.276787 1.534145 -0.129309
v 0.288114 1.534337 -0.135754
v 0.289014 1.542861 -0.136104
v 0.278164 1.523783 -0.130439
v 0.288986 1.525221 -0.136479
v 0.297054 1.528686 -0.141164
v 0.299325 1.535931 -0.142431
v 0.300967 1.544198 -0.143264
v 0.287804 1.493418 -0.138012
v 0.299929 1.509284 -0.143359
v 0.293109 1.516379 -0.139225
v 0.281286 1.511859 -0.132890
v 0.308883 1.521037 -0.148204
v 0.302690 1.525489 -0.144606
v 0.310218 1.439618 -0.159640
v 0.314068 1.446625 -0.161002
v 0.309423 1.452132 -0.158105
v 0.315614 1.435864 -0.162052
v 0.317883 1.442607 -0.162870
v 0.319469 1.447415 -0.163404
v 0.318060 1.451716 -0.162506
v 0.315404 1.457415 -0.160482
v 0.318783 1.856439 -0.153709
v 0.322300 1.836735 -0.154175
v 0.326912 1.832531 -0.157096
v 0.326433 1.843457 -0.157549
v 0.324849 1.822927 -0.155298
v 0.328020 1.821168 -0.157407
v 0.328433 1.819016 -0.158608
v 0.328098 1.828847 -0.158710
v 0.327924 1.838267 -0.159237
v 0.303274 1.917105 -0.155426
v 0.312507 1.907073 -0.159367
v 0.317321 1.909189 -0.161962
v 0.314425 1.915746 -0.160780
v 0.317684 1.899831 -0.161474
v 0.320772 1.902836 -0.163299
v 0.323406 1.903803 -0.164502
v 0.322687 1.907547 -0.164245
v 0.321665 1.912423 -0.163767
v 0.324369 1.885738 -0.163517
v 0.326344 1.888497 -0.164952
v 0.324669 1.895973 -0.164703
v 0.321621 1.892697 -0.162802
v 0.327705 1.888896 -0.166312
v 0.327388 1.893830 -0.166490
v 0.327802 1.897164 -0.166807
v 0.325972 1.900340 -0.165526
v 0.294009 1.950634 -0.155502
v 0.292055 1.954136 -0.155338
v 0.285653 1.956000 -0.152821
v 0.300816 1.947112 -0.158058
v 0.299136 1.950013 -0.157799
v 0.298283 1.951970 -0.157675
v 0.294177 1.954889 -0.156387
v 0.289961 1.957331 -0.155615
v 0.287811 1.957153 -0.154679
v 0.283890 1.957447 -0.153040
v 0.313041 1.938715 -0.162123
v 0.310589 1.942435 -0.161592
v 0.304892 1.946527 -0.159771
v 0.307019 1.943270 -0.160199
v 0.306686 1.947269 -0.160482
v 0.301716 1.950375 -0.158882
v 0.319096 1.933081 -0.163960
v 0.316627 1.937114 -0.163416
v 0.324112 1.927334 -0.165420
v 0.321824 1.931763 -0.164927
v 0.318184 1.937255 -0.163900
v 0.312765 1.942459 -0.162315
v 0.047815 1.395514 -0.086154
v 0.052075 1.395056 -0.087136
v 0.051348 1.400257 -0.087033
v 0.049253 1.391115 -0.086375
v 0.052948 1.391424 -0.087240
v 0.056612 1.391789 -0.088049
v 0.057385 1.394174 -0.088239
v 0.057297 1.398440 -0.088220
v 0.075918 1.402760 -0.090593
v 0.064211 1.398657 -0.089331
v 0.063337 1.393115 -0.089381
v 0.069832 1.393579 -0.090522
v 0.059088 1.390684 -0.088621
v 0.060887 1.389451 -0.089646
v 0.063959 1.390040 -0.090230
v 0.064260 1.388833 -0.089657
v 0.046204 1.430755 -0.085661
v 0.046421 1.423205 -0.085687
v 0.050613 1.416642 -0.086637
v 0.051394 1.422053 -0.086724
v 0.046432 1.416841 -0.085776
v 0.050267 1.411464 -0.086669
v 0.053878 1.407841 -0.087445
v 0.055634 1.410112 -0.087701
v 0.057232 1.414780 -0.087872
v 0.050687 1.405908 -0.086854
v 0.046406 1.410376 -0.085875
v 0.055738 1.403389 -0.087876
v 0.064227 1.408901 -0.089047
v 0.060671 1.404216 -0.088669
v 0.316768 1.729701 -0.150348
v 0.326269 1.732291 -0.155409
v 0.326891 1.734713 -0.155496
v 0.324731 1.736268 -0.153876
v 0.327405 1.733798 -0.156927
v 0.327587 1.736477 -0.156581
v 0.327232 1.739146 -0.155792
v 0.307415 1.934065 -0.158091
v 0.315202 1.928768 -0.161114
v 0.316652 1.929930 -0.161692
v 0.306574 1.930870 -0.157747
v 0.313953 1.926571 -0.160691
v 0.319093 1.922531 -0.162656
v 0.321408 1.922297 -0.163448
v 0.323091 1.923193 -0.164060
v 0.313617 1.921989 -0.160532
v 0.305137 1.926016 -0.156991
v 0.320553 1.918073 -0.163255
v 0.323198 1.880848 -0.161914
v 0.325571 1.875079 -0.162621
v 0.326439 1.879407 -0.164003
v 0.322520 1.874618 -0.160032
v 0.325166 1.869479 -0.161070
v 0.326843 1.866852 -0.161930
v 0.327398 1.869960 -0.163069
v 0.327967 1.874150 -0.164295
v 0.325959 1.855512 -0.158638
v 0.325244 1.862701 -0.159571
v 0.321563 1.867488 -0.157672
v 0.328562 1.856132 -0.160930
v 0.327627 1.861864 -0.161447
v 0.289391 1.761938 -0.134532
v 0.295521 1.751877 -0.137829
v 0.307853 1.754099 -0.143436
v 0.302521 1.763704 -0.140529
v 0.302253 1.744007 -0.141623
v 0.313666 1.746930 -0.146766
v 0.319054 1.749797 -0.149278
v 0.316984 1.755466 -0.147980
v 0.313130 1.764419 -0.145877
v 0.321230 1.741640 -0.151285
v 0.308773 1.737395 -0.145588
v 0.326667 1.742893 -0.154948
v 0.327167 1.748211 -0.154875
v 0.323988 1.748323 -0.152191
v 0.279185 1.687982 -0.130738
v 0.295090 1.684236 -0.137320
v 0.305205 1.687463 -0.142224
v 0.294466 1.691077 -0.137821
v 0.306837 1.680294 -0.142559
v 0.314772 1.683510 -0.146468
v 0.318609 1.686394 -0.148477
v 0.314146 1.689792 -0.146656
v 0.306280 1.693347 -0.143532
v 0.323383 1.670242 -0.151230
v 0.327400 1.672979 -0.153029
v 0.323490 1.679003 -0.150858
v 0.315997 1.675723 -0.147099
v 0.327923 1.673386 -0.154034
v 0.327133 1.678494 -0.153564
v 0.327021 1.684908 -0.153654
v 0.323959 1.685537 -0.151266
v 0.299511 1.937560 -0.154820
v 0.292140 1.939304 -0.151609
v 0.293751 1.936668 -0.152262
v 0.299205 1.934459 -0.154650
v 0.278467 1.937644 -0.145024
v 0.285229 1.939320 -0.148450
v 0.284614 1.932874 -0.147580
v 0.290003 1.935344 -0.150461
v 0.296815 1.930861 -0.153422
v 0.292155 1.926881 -0.150783
v 0.273293 1.758675 -0.127770
v 0.279904 1.748988 -0.131197
v 0.253341 1.754601 -0.120160
v 0.261988 1.745330 -0.124230
v 0.271816 1.740527 -0.128677
v 0.286445 1.741688 -0.134749
v 0.177041 1.743674 -0.095891
v 0.227800 1.733467 -0.112693
v 0.243133 1.740264 -0.117688
v 0.227428 1.750294 -0.111236
v 0.259020 1.730165 -0.124864
v 0.266081 1.735949 -0.127021
v 0.289043 1.735407 -0.136826
v 0.286764 1.729305 -0.136678
v 0.296575 1.571161 -0.138740
v 0.289049 1.563719 -0.135195
v 0.299960 1.561468 -0.141603
v 0.307957 1.566527 -0.145801
v 0.283740 1.557317 -0.132537
v 0.294098 1.556048 -0.138518
v 0.301488 1.555217 -0.143008
v 0.307908 1.558534 -0.146669
v 0.314938 1.562907 -0.150480
v 0.290861 1.550047 -0.136934
v 0.279709 1.550706 -0.130530
v 0.301869 1.550979 -0.143523
v 0.257997 1.957335 -0.141432
v 0.256195 1.958047 -0.141026
v 0.253080 1.957942 -0.139768
v 0.260573 1.957291 -0.143298
v 0.257096 1.957564 -0.142011
v 0.253149 1.957589 -0.140530
v 0.280405 1.957024 -0.150803
v 0.277531 1.956261 -0.149325
v 0.278101 1.957517 -0.150617
v 0.272859 1.957104 -0.148328
v 0.211449 1.874112 -0.108666
v 0.227289 1.860269 -0.111919
v 0.234800 1.874784 -0.115417
v 0.227041 1.886379 -0.114717
v 0.240573 1.851835 -0.115641
v 0.245078 1.866500 -0.118043
v 0.247214 1.875943 -0.119597
v 0.241934 1.884186 -0.118788
v 0.236036 1.895057 -0.118707
v 0.277673 1.831493 -0.129872
v 0.270034 1.857891 -0.127601
v 0.257018 1.861048 -0.122250
v 0.254986 1.843677 -0.120687
v 0.264823 1.874933 -0.126814
v 0.254667 1.875984 -0.122527
v 0.244110 1.902530 -0.122827
v 0.250023 1.889445 -0.122569
v 0.260116 1.890333 -0.127054
v 0.259745 1.687723 -0.122687
v 0.257610 1.683520 -0.121130
v 0.271885 1.682515 -0.126909
v 0.243605 1.687097 -0.116421
v 0.243742 1.683414 -0.115751
v 0.243660 1.680275 -0.115148
v 0.252208 1.679028 -0.118331
v 0.264300 1.677361 -0.123187
v 0.203446 1.684529 -0.102639
v 0.216305 1.679352 -0.105368
v 0.229715 1.681987 -0.110452
v 0.226747 1.686056 -0.110312
v 0.224843 1.674909 -0.107403
v 0.235299 1.678023 -0.111695
v 0.248847 1.662880 -0.116125
v 0.256750 1.671521 -0.119700
v 0.244124 1.674387 -0.114658
v 0.233990 1.669921 -0.110264
v 0.245503 1.652346 -0.114064
v 0.261173 1.650225 -0.121771
v 0.268208 1.656613 -0.125486
v 0.245544 1.643445 -0.113491
v 0.259333 1.642872 -0.120368
v 0.270219 1.642764 -0.126070
v 0.275784 1.647159 -0.129296
v 0.284090 1.652372 -0.133745
v 0.250503 1.622126 -0.114662
v 0.267620 1.627215 -0.123452
v 0.262067 1.635144 -0.121236
v 0.247366 1.634141 -0.113808
v 0.282389 1.631943 -0.131651
v 0.275869 1.638174 -0.128742
v 0.314595 1.642347 -0.150314
v 0.299269 1.648156 -0.141861
v 0.288213 1.642734 -0.135742
v 0.297148 1.636723 -0.140159
v 0.217695 1.564239 -0.101665
v 0.239770 1.553924 -0.110915
v 0.247910 1.561553 -0.114429
v 0.241901 1.570206 -0.111563
v 0.253009 1.548875 -0.116898
v 0.257248 1.555909 -0.118822
v 0.263178 1.559851 -0.121687
v 0.261104 1.564663 -0.120644
v 0.260133 1.571874 -0.119975
v 0.268190 1.552568 -0.124328
v 0.265284 1.545267 -0.122964
v 0.272287 1.558743 -0.126344
v 0.277676 1.571919 -0.128693
v 0.275350 1.564965 -0.127818
v 0.222536 1.454038 -0.115291
v 0.239593 1.438347 -0.124744
v 0.252989 1.441282 -0.130719
v 0.249859 1.449520 -0.127915
v 0.250478 1.430432 -0.130827
v 0.259865 1.434510 -0.134952
v 0.267587 1.436940 -0.138603
v 0.267199 1.441558 -0.137808
v 0.267652 1.447805 -0.136947
v 0.268198 1.429029 -0.139844
v 0.259589 1.423571 -0.136217
v 0.275252 1.434509 -0.142870
v 0.283290 1.446683 -0.145224
v 0.280111 1.440201 -0.144679
v 0.269260 1.482642 -0.130478
v 0.277199 1.471385 -0.136380
v 0.289967 1.475336 -0.142262
v 0.255558 1.474361 -0.125473
v 0.265185 1.465261 -0.131666
v 0.272453 1.460330 -0.136361
v 0.281905 1.462271 -0.140814
v 0.293001 1.464678 -0.146274
v 0.255442 1.457859 -0.128710
v 0.241766 1.466319 -0.120931
v 0.269907 1.454578 -0.136498
v 0.296054 1.455600 -0.150082
v 0.283678 1.454198 -0.143714
v 0.268395 1.404114 -0.143643
v 0.274065 1.402146 -0.145925
v 0.276979 1.406235 -0.146352
v 0.267667 1.397797 -0.144593
v 0.272881 1.397235 -0.146404
v 0.276751 1.395972 -0.147867
v 0.278720 1.398076 -0.148153
v 0.281677 1.400483 -0.148838
v 0.291613 1.392510 -0.153479
v 0.286256 1.395674 -0.151144
v 0.282917 1.393259 -0.150428
v 0.288693 1.390951 -0.152789
v 0.278186 1.392880 -0.148987
v 0.278818 1.390634 -0.150317
v 0.282671 1.390576 -0.151546
v 0.286654 1.390007 -0.152977
v 0.234266 1.536045 -0.109653
v 0.243473 1.540305 -0.112996
v 0.248630 1.519168 -0.116876
v 0.253631 1.526660 -0.118256
v 0.257640 1.530722 -0.119691
v 0.253987 1.539217 -0.117593
v 0.266955 1.516424 -0.125252
v 0.264748 1.505491 -0.125401
v 0.266576 1.526475 -0.124243
v 0.265208 1.536293 -0.123120
v 0.220367 1.956951 -0.130305
v 0.217648 1.957259 -0.129705
v 0.214330 1.956893 -0.128565
v 0.221867 1.956853 -0.131509
v 0.217768 1.956860 -0.130369
v 0.213127 1.956841 -0.129010
v 0.172138 1.918269 -0.104108
v 0.184848 1.925522 -0.110027
v 0.177816 1.934677 -0.110492
v 0.168011 1.930842 -0.106265
v 0.194483 1.933530 -0.115379
v 0.186369 1.941063 -0.115108
v 0.179072 1.945177 -0.114176
v 0.171492 1.942840 -0.111119
v 0.162350 1.940575 -0.107582
v 0.204764 1.954819 -0.125087
v 0.193309 1.949818 -0.120065
v 0.203771 1.942097 -0.120835
v 0.199481 1.955942 -0.124704
v 0.189310 1.954661 -0.121286
v 0.176860 1.954407 -0.117526
v 0.178892 1.950585 -0.116015
v 0.171486 1.650967 -0.090134
v 0.188534 1.631253 -0.092264
v 0.201751 1.628833 -0.095952
v 0.200040 1.640802 -0.096271
v 0.197860 1.614227 -0.094037
v 0.207507 1.614688 -0.097114
v 0.215357 1.615527 -0.099779
v 0.215459 1.623973 -0.100163
v 0.216698 1.633550 -0.101087
v 0.227568 1.586595 -0.104753
v 0.215770 1.599595 -0.099904
v 0.205973 1.594837 -0.096553
v 0.235322 1.599262 -0.107616
v 0.223464 1.607768 -0.102723
v 0.232076 1.627294 -0.106698
v 0.228681 1.617386 -0.104965
v 0.242379 1.610440 -0.110628
v 0.227554 1.660463 -0.106797
v 0.230675 1.652733 -0.107387
v 0.212719 1.658536 -0.101100
v 0.217938 1.651551 -0.102318
v 0.223111 1.645915 -0.103808
v 0.232561 1.644692 -0.107589
v 0.207207 1.647928 -0.098660
v 0.197523 1.655923 -0.096395
v 0.219702 1.641162 -0.102390
v 0.233009 1.636466 -0.107396
v 0.197074 1.552400 -0.095224
v 0.201636 1.530986 -0.098264
v 0.215799 1.530373 -0.103224
v 0.182957 1.543691 -0.091552
v 0.188709 1.526157 -0.094630
v 0.193658 1.512429 -0.097440
v 0.203626 1.509666 -0.100939
v 0.216644 1.505818 -0.105860
v 0.165676 1.503684 -0.090875
v 0.176810 1.516798 -0.092292
v 0.168072 1.534731 -0.088434
v 0.181181 1.488285 -0.096822
v 0.188710 1.501643 -0.097251
v 0.218644 1.482495 -0.109495
v 0.202872 1.490026 -0.103106
v 0.197570 1.473038 -0.103864
v 0.194528 1.447807 -0.106785
v 0.198792 1.434676 -0.110200
v 0.217083 1.434597 -0.116256
v 0.173996 1.443269 -0.101479
v 0.180840 1.432341 -0.105296
v 0.186502 1.425336 -0.108242
v 0.199256 1.424126 -0.112276
v 0.214793 1.422821 -0.117571
v 0.152740 1.421156 -0.100378
v 0.165088 1.427822 -0.101984
v 0.154245 1.438659 -0.097115
v 0.171033 1.414255 -0.106739
v 0.179506 1.420410 -0.107429
v 0.210046 1.401540 -0.121358
v 0.212733 1.412855 -0.119188
v 0.195917 1.415497 -0.113279
v 0.189084 1.408094 -0.113314
v 0.162402 1.907848 -0.098982
v 0.171861 1.900676 -0.100307
v 0.182609 1.908230 -0.104992
v 0.150909 1.899997 -0.094717
v 0.160885 1.893362 -0.096273
v 0.169894 1.888787 -0.098014
v 0.180004 1.892528 -0.101322
v 0.191185 1.899185 -0.105853
v 0.114363 1.879755 -0.085456
v 0.145457 1.869460 -0.090790
v 0.151202 1.884105 -0.093049
v 0.136993 1.891999 -0.090698
v 0.167562 1.866509 -0.095676
v 0.168443 1.880563 -0.096871
v 0.199418 1.889241 -0.106892
v 0.185260 1.882155 -0.101625
v 0.188187 1.867105 -0.101186
v 0.187170 1.845869 -0.099505
v 0.204957 1.843645 -0.104356
v 0.168689 1.847447 -0.094799
v 0.170436 1.830537 -0.094411
v 0.182747 1.822749 -0.097265
v 0.198694 1.816747 -0.101393
v 0.131099 1.842062 -0.086370
v 0.149732 1.846615 -0.090428
v 0.144706 1.813006 -0.088145
v 0.159601 1.822208 -0.091617
v 0.190939 1.787742 -0.098829
v 0.173449 1.800748 -0.094427
v 0.158508 1.783949 -0.090837
v 0.144358 1.699848 -0.089669
v 0.162989 1.695277 -0.093444
v 0.178950 1.697007 -0.097481
v 0.172840 1.700847 -0.095979
v 0.176079 1.692103 -0.096320
v 0.188146 1.694041 -0.099648
v 0.196920 1.695531 -0.102226
v 0.195234 1.697942 -0.101964
v 0.193111 1.701486 -0.101398
v 0.213136 1.690102 -0.106489
v 0.199593 1.691720 -0.102601
v 0.188212 1.688964 -0.099119
v 0.220352 1.693940 -0.109341
v 0.207251 1.694784 -0.105249
v 0.213898 1.702321 -0.107986
v 0.212115 1.698233 -0.107196
v 0.228783 1.697819 -0.112759
v 0.081445 1.714234 -0.080763
v 0.097257 1.717341 -0.082987
v 0.086539 1.719803 -0.082012
v 0.071186 1.716904 -0.079898
v 0.116419 1.721204 -0.085663
v 0.103426 1.723145 -0.084291
v 0.091315 1.723687 -0.083067
v 0.077043 1.721727 -0.081352
v 0.063412 1.719210 -0.079536
v 0.125691 1.733144 -0.087659
v 0.118887 1.727849 -0.086579
v 0.139695 1.727230 -0.089181
v 0.094904 1.729346 -0.083927
v 0.094049 1.726102 -0.083682
v 0.064282 1.944287 -0.089568
v 0.071132 1.949700 -0.091383
v 0.064475 1.953049 -0.090121
v 0.057757 1.948931 -0.088310
v 0.077830 1.952935 -0.093178
v 0.073564 1.954704 -0.092418
v 0.072340 1.955761 -0.092824
v 0.064493 1.955405 -0.090903
v 0.059020 1.955467 -0.089840
v 0.056822 1.954575 -0.088951
v 0.053319 1.952331 -0.087962
v 0.079102 1.537822 -0.078472
v 0.085341 1.546007 -0.077948
v 0.074853 1.548649 -0.077368
v 0.068503 1.543031 -0.077856
v 0.089628 1.553631 -0.077455
v 0.079170 1.554868 -0.076916
v 0.071361 1.554759 -0.076669
v 0.066026 1.550835 -0.076919
v 0.060262 1.546046 -0.077379
v 0.076806 1.568123 -0.076292
v 0.080059 1.561643 -0.076520
v 0.092345 1.562471 -0.077043
v 0.065580 1.562529 -0.076225
v 0.068920 1.558168 -0.076384
v 0.090865 1.465006 -0.082682
v 0.078400 1.459592 -0.083767
v 0.080466 1.447806 -0.085203
v 0.088382 1.446824 -0.084926
v 0.070101 1.457307 -0.084696
v 0.073203 1.447375 -0.085800
v 0.074465 1.439217 -0.086690
v 0.079111 1.435943 -0.086732
v 0.085291 1.432721 -0.086774
v 0.055419 1.453237 -0.086208
v 0.061284 1.441537 -0.087109
v 0.066810 1.445047 -0.086537
v 0.062698 1.455436 -0.085531
v 0.065785 1.430269 -0.088014
v 0.070719 1.434767 -0.087437
v 0.081544 1.419436 -0.088581
v 0.075466 1.425663 -0.088129
v 0.070154 1.418442 -0.088977
v 0.095730 1.443464 -0.085347
v 0.101729 1.456485 -0.084063
v 0.091738 1.431179 -0.086886
v 0.096997 1.430989 -0.087135
v 0.101927 1.438564 -0.086417
v 0.108877 1.449591 -0.085609
v 0.089286 1.410373 -0.090190
v 0.089360 1.419849 -0.088535
v 0.099083 1.416712 -0.089905
v 0.097783 1.424217 -0.088352
v 0.116550 1.442118 -0.087993
v 0.106942 1.431537 -0.088219
v 0.110241 1.423286 -0.090278
v 0.056519 1.856371 -0.078535
v 0.050652 1.843064 -0.077905
v 0.051359 1.830335 -0.076503
v 0.058093 1.840747 -0.076748
v 0.048756 1.836488 -0.078477
v 0.048960 1.827879 -0.077511
v 0.048364 1.818698 -0.076912
v 0.048721 1.818608 -0.075964
v 0.050184 1.815267 -0.075583
v 0.053697 1.819576 -0.075645
v 0.060642 1.827058 -0.075861
v 0.072113 1.795334 -0.076379
v 0.064770 1.812778 -0.075733
v 0.054536 1.805894 -0.075451
v 0.057282 1.793724 -0.075569
v 0.049474 1.808165 -0.075533
v 0.048607 1.802923 -0.076252
v 0.049945 1.798575 -0.076146
v 0.050674 1.792207 -0.076142
v 0.056540 1.696906 -0.075106
v 0.050445 1.693955 -0.074231
v 0.053936 1.688568 -0.074066
v 0.063700 1.691478 -0.075220
v 0.048432 1.692949 -0.074734
v 0.049250 1.688539 -0.074473
v 0.048858 1.683932 -0.074382
v 0.051386 1.683331 -0.073775
v 0.056071 1.682328 -0.074011
v 0.061925 1.684637 -0.074548
v 0.072581 1.687313 -0.075851
v 0.084057 1.683460 -0.077263
v 0.069355 1.680709 -0.075484
v 0.057771 1.679087 -0.074401
v 0.047677 1.522750 -0.079491
v 0.045641 1.525217 -0.079564
v 0.044716 1.523045 -0.079770
v 0.045604 1.520688 -0.079714
v 0.045385 1.525870 -0.080276
v 0.045071 1.523245 -0.080471
v 0.045406 1.520559 -0.080501
v 0.050691 1.944281 -0.086565
v 0.055219 1.939949 -0.087481
v 0.049060 1.949246 -0.086815
v 0.044530 1.947628 -0.084973
v 0.046142 1.943869 -0.086037
v 0.045468 1.939156 -0.085906
v 0.047418 1.938269 -0.085736
v 0.049905 1.935287 -0.086242
v 0.048946 1.456784 -0.086118
v 0.048948 1.449920 -0.086391
v 0.052954 1.445090 -0.086673
v 0.045543 1.457662 -0.086109
v 0.045920 1.452222 -0.086240
v 0.045772 1.448242 -0.086172
v 0.047520 1.444887 -0.086269
v 0.050622 1.439377 -0.086566
v 0.048357 1.434891 -0.086192
v 0.045105 1.442209 -0.085907
v 0.043917 1.438811 -0.085501
v 0.044202 1.447897 -0.086032
v 0.042926 1.448411 -0.086474
v 0.043032 1.444946 -0.086324
v 0.042584 1.442465 -0.086012
v 0.056160 1.781760 -0.075636
v 0.067479 1.778301 -0.076369
v 0.050339 1.783065 -0.076170
v 0.049413 1.772838 -0.076332
v 0.053446 1.771153 -0.075768
v 0.061959 1.767045 -0.076422
v 0.081077 1.529078 -0.078819
v 0.093402 1.528795 -0.079130
v 0.094878 1.536062 -0.079004
v 0.081785 1.521612 -0.078862
v 0.092840 1.521901 -0.079116
v 0.101655 1.522213 -0.079525
v 0.105566 1.526912 -0.079768
v 0.108980 1.533691 -0.079837
v 0.079504 1.505314 -0.078908
v 0.095303 1.507596 -0.079315
v 0.093811 1.515028 -0.079172
v 0.081546 1.514160 -0.078862
v 0.109070 1.510946 -0.080126
v 0.105783 1.517754 -0.079808
v 0.123519 1.530300 -0.081150
v 0.116357 1.522668 -0.080650
v 0.123091 1.515235 -0.081449
v 0.165475 1.638618 -0.087607
v 0.179994 1.628581 -0.089657
v 0.161631 1.630241 -0.086054
v 0.174668 1.622758 -0.087940
v 0.182704 1.614931 -0.089458
v 0.189159 1.614668 -0.091299
v 0.168715 1.601465 -0.086163
v 0.171237 1.613530 -0.086885
v 0.157154 1.620643 -0.084730
v 0.181785 1.593266 -0.089144
v 0.183073 1.605753 -0.089422
v 0.194417 1.598668 -0.092697
v 0.195143 1.582078 -0.093253
v 0.168576 1.722768 -0.093974
v 0.186932 1.718229 -0.098584
v 0.202357 1.724258 -0.103483
v 0.161775 1.713470 -0.092644
v 0.178108 1.711457 -0.096392
v 0.189764 1.709545 -0.099650
v 0.200139 1.712255 -0.102724
v 0.215848 1.715577 -0.108108
v 0.173417 1.705696 -0.095690
v 0.154483 1.706698 -0.091495
v 0.191188 1.705658 -0.100444
v 0.228161 1.709498 -0.112814
v 0.209016 1.706969 -0.106018
v 0.192233 1.916385 -0.109961
v 0.199418 1.908243 -0.110389
v 0.203842 1.916270 -0.113752
v 0.200578 1.924199 -0.114718
v 0.215617 1.898663 -0.113860
v 0.207137 1.902067 -0.111748
v 0.217092 1.916365 -0.118185
v 0.209922 1.916349 -0.115864
v 0.208808 1.930138 -0.119049
v 0.217084 1.933004 -0.122418
v 0.259018 1.405537 -0.139661
v 0.262053 1.401514 -0.141812
v 0.252602 1.399191 -0.138480
v 0.256287 1.397198 -0.140504
v 0.258284 1.395266 -0.141728
v 0.262358 1.396704 -0.142946
v 0.224177 1.396399 -0.127483
v 0.232993 1.400638 -0.129696
v 0.228925 1.406115 -0.126721
v 0.231197 1.393247 -0.130933
v 0.237232 1.396779 -0.132411
v 0.242713 1.400247 -0.133781
v 0.242789 1.404212 -0.132774
v 0.241795 1.409713 -0.130960
v 0.253472 1.412671 -0.135409
v 0.251786 1.406087 -0.136275
v 0.247424 1.399958 -0.135965
v 0.301106 1.474749 -0.148485
v 0.302917 1.483600 -0.147559
v 0.302326 1.466301 -0.151144
v 0.308360 1.467175 -0.154416
v 0.309831 1.472261 -0.154029
v 0.311892 1.479065 -0.153568
v 0.305383 1.458926 -0.154603
v 0.311971 1.463084 -0.157474
v 0.309592 1.490126 -0.149956
v 0.305904 1.497747 -0.146989
v 0.315286 1.485487 -0.154058
v 0.318162 1.490111 -0.154782
v 0.316606 1.494598 -0.153120
v 0.315523 1.501392 -0.151769
v 0.308280 1.941177 -0.160241
v 0.314029 1.936799 -0.162070
v 0.302697 1.944690 -0.158314
v 0.304039 1.943194 -0.158437
v 0.308110 1.940402 -0.159735
v 0.313556 1.936237 -0.161452
v 0.297093 1.947514 -0.156124
v 0.300954 1.944505 -0.157064
v 0.311579 1.936395 -0.160271
v 0.305755 1.940963 -0.158436
v 0.320236 1.722927 -0.151834
v 0.326774 1.723646 -0.155116
v 0.326193 1.727834 -0.155241
v 0.322748 1.718834 -0.152716
v 0.327809 1.719515 -0.155224
v 0.328131 1.719253 -0.156175
v 0.327754 1.723177 -0.156462
v 0.327463 1.727234 -0.156798
v 0.328528 1.713676 -0.155188
v 0.328314 1.716210 -0.155218
v 0.323659 1.715622 -0.152943
v 0.328455 1.713506 -0.155907
v 0.328335 1.716060 -0.155991
v 0.327631 1.881920 -0.165075
v 0.328514 1.876600 -0.165100
v 0.328347 1.877115 -0.165811
v 0.328123 1.882753 -0.166095
v 0.075040 1.392516 -0.091841
v 0.080668 1.393844 -0.092779
v 0.074815 1.390465 -0.092612
v 0.082221 1.391004 -0.094248
v 0.310246 1.400842 -0.160197
v 0.314141 1.404837 -0.161500
v 0.310986 1.409257 -0.160513
v 0.314719 1.398710 -0.161675
v 0.317472 1.402522 -0.162546
v 0.318876 1.405904 -0.162973
v 0.317454 1.408875 -0.162551
v 0.315414 1.413590 -0.161976
v 0.308331 1.852012 -0.146749
v 0.315073 1.838219 -0.149755
v 0.299422 1.848949 -0.141401
v 0.307405 1.837126 -0.145218
v 0.313074 1.828012 -0.148267
v 0.319178 1.825135 -0.151857
v 0.299040 1.822840 -0.140457
v 0.301256 1.832019 -0.141779
v 0.290092 1.844037 -0.136302
v 0.311625 1.813587 -0.147396
v 0.311985 1.821716 -0.147663
v 0.273084 1.955364 -0.146993
v 0.269424 1.956780 -0.146759
v 0.266604 1.956838 -0.145568
v 0.267094 1.955983 -0.144618
v 0.267223 1.954069 -0.143877
v 0.271222 1.952789 -0.145169
v 0.256213 1.952427 -0.138943
v 0.261598 1.955727 -0.142238
v 0.259885 1.949370 -0.139343
v 0.263909 1.952605 -0.142008
v 0.263625 1.956894 -0.144370
v 0.268427 1.949975 -0.143068
v 0.265032 1.946205 -0.140539
v 0.189158 1.396988 -0.116542
v 0.193156 1.392672 -0.119096
v 0.208156 1.393675 -0.123146
v 0.174538 1.393895 -0.113475
v 0.179340 1.391096 -0.115752
v 0.180189 1.390499 -0.117015
v 0.193529 1.390975 -0.120571
v 0.207035 1.391226 -0.124409
v 0.083293 1.771239 -0.078245
v 0.091306 1.783671 -0.078771
v 0.075394 1.761602 -0.078008
v 0.089650 1.757612 -0.079889
v 0.100989 1.762407 -0.080985
v 0.111829 1.772650 -0.082074
v 0.136111 1.761408 -0.086757
v 0.117202 1.752403 -0.084230
v 0.124908 1.742668 -0.086564
v 0.092811 1.750767 -0.081059
v 0.094004 1.743708 -0.082180
v 0.043534 1.433805 -0.085116
v 0.043824 1.428131 -0.085147
v 0.041871 1.436114 -0.085268
v 0.042166 1.431164 -0.085304
v 0.042539 1.425357 -0.085505
v 0.043916 1.421862 -0.085244
v 0.043833 1.415331 -0.085333
v 0.042648 1.418985 -0.085656
v 0.049652 1.639927 -0.079196
v 0.051372 1.635212 -0.078890
v 0.061089 1.640454 -0.079276
v 0.047212 1.636355 -0.079874
v 0.047769 1.631025 -0.079491
v 0.048398 1.626098 -0.078960
v 0.052909 1.630345 -0.078377
v 0.063101 1.635648 -0.078811
v 0.071635 1.624872 -0.077334
v 0.066415 1.631281 -0.078199
v 0.054584 1.625649 -0.077741
v 0.055131 1.620686 -0.077074
v 0.049026 1.621381 -0.078383
v 0.049238 1.616952 -0.077841
v 0.046016 1.866617 -0.083494
v 0.044865 1.863425 -0.083577
v 0.044930 1.862671 -0.083536
v 0.045283 1.861862 -0.083138
v 0.045553 1.862753 -0.084295
v 0.045842 1.862178 -0.084184
v 0.046248 1.860276 -0.083697
v 0.045611 1.869529 -0.083954
v 0.044906 1.864428 -0.083703
v 0.045445 1.869011 -0.084604
v 0.045351 1.863891 -0.084354
v 0.110688 1.736226 -0.085345
v 0.087867 1.738526 -0.082188
v 0.080182 1.735330 -0.081731
v 0.088256 1.732564 -0.082957
v 0.123385 1.704703 -0.086185
v 0.105622 1.702343 -0.083167
v 0.113663 1.698509 -0.083960
v 0.107377 1.708183 -0.083880
v 0.094050 1.705665 -0.081720
v 0.084369 1.704015 -0.080066
v 0.087620 1.701278 -0.080189
v 0.091670 1.697711 -0.080221
v 0.069192 1.710950 -0.078801
v 0.081327 1.708394 -0.080141
v 0.093516 1.711325 -0.082093
v 0.061765 1.707099 -0.077271
v 0.073388 1.705220 -0.078613
v 0.072879 1.697229 -0.077323
v 0.071239 1.701415 -0.077767
v 0.058240 1.702497 -0.076131
v 0.074119 1.943794 -0.091510
v 0.078100 1.947726 -0.092683
v 0.081964 1.943023 -0.092737
v 0.084951 1.946548 -0.093776
v 0.087181 1.949345 -0.094626
v 0.083424 1.951055 -0.094157
v 0.097556 1.938264 -0.093589
v 0.099736 1.945519 -0.095659
v 0.092046 1.945934 -0.094747
v 0.089334 1.941594 -0.093473
v 0.100622 1.950567 -0.097038
v 0.092768 1.950056 -0.095697
v 0.084969 1.496540 -0.079246
v 0.097255 1.499723 -0.079588
v 0.088361 1.488365 -0.079854
v 0.099315 1.491992 -0.080104
v 0.107464 1.496037 -0.080445
v 0.109207 1.502813 -0.080300
v 0.105936 1.476528 -0.082180
v 0.102314 1.484575 -0.081004
v 0.090380 1.479321 -0.080875
v 0.117685 1.487899 -0.082298
v 0.112615 1.493324 -0.081187
v 0.120307 1.504157 -0.081445
v 0.129043 1.500870 -0.082938
v 0.188313 1.569295 -0.091554
v 0.178375 1.580951 -0.088359
v 0.174491 1.571354 -0.087600
v 0.178070 1.560037 -0.089084
v 0.167417 1.587369 -0.085752
v 0.166316 1.571856 -0.085737
v 0.165897 1.554181 -0.086484
v 0.132992 1.694120 -0.086745
v 0.149932 1.692403 -0.090110
v 0.123362 1.689852 -0.084303
v 0.139859 1.689019 -0.087535
v 0.152208 1.688370 -0.090157
v 0.162920 1.690061 -0.092844
v 0.132066 1.680760 -0.085239
v 0.133537 1.685143 -0.085913
v 0.113465 1.685283 -0.082092
v 0.155293 1.682246 -0.090133
v 0.153340 1.685835 -0.090169
v 0.171815 1.687094 -0.094674
v 0.177223 1.683322 -0.095425
v 0.158230 1.930730 -0.103133
v 0.158472 1.921812 -0.100792
v 0.154241 1.939422 -0.104667
v 0.148852 1.938467 -0.102691
v 0.149313 1.932886 -0.101074
v 0.148283 1.925672 -0.098820
v 0.130375 1.933287 -0.096568
v 0.138988 1.929623 -0.097478
v 0.140821 1.936634 -0.099912
v 0.132430 1.940481 -0.099123
v 0.142892 1.942703 -0.102435
v 0.134790 1.946631 -0.101733
v 0.231832 1.430474 -0.122499
v 0.228216 1.421599 -0.122633
v 0.237084 1.420730 -0.126344
v 0.242583 1.425178 -0.127923
v 0.227507 1.413416 -0.124252
v 0.239572 1.415709 -0.128513
v 0.249850 1.419213 -0.132316
v 0.270880 1.692496 -0.127943
v 0.256798 1.691253 -0.122080
v 0.262486 1.695634 -0.125060
v 0.250537 1.694026 -0.120085
v 0.242065 1.692589 -0.116686
v 0.242854 1.690344 -0.116660
v 0.241309 1.696195 -0.116980
v 0.254097 1.698643 -0.122256
v 0.232867 1.693191 -0.113486
v 0.228273 1.689868 -0.111437
v 0.255091 1.813640 -0.120015
v 0.262077 1.799285 -0.122486
v 0.278554 1.806415 -0.129491
v 0.236373 1.795000 -0.112937
v 0.246114 1.785113 -0.116395
v 0.254910 1.779258 -0.119660
v 0.266822 1.785186 -0.124284
v 0.281126 1.789523 -0.130345
v 0.232431 1.767420 -0.111997
v 0.215139 1.774192 -0.106118
v 0.252134 1.767620 -0.118971
v 0.284653 1.774662 -0.132025
v 0.269525 1.771229 -0.125657
v 0.290757 1.915483 -0.148266
v 0.295784 1.904864 -0.149034
v 0.304829 1.903499 -0.154098
v 0.280332 1.913708 -0.142164
v 0.286582 1.904145 -0.143657
v 0.292225 1.896086 -0.145127
v 0.299802 1.893415 -0.148997
v 0.308066 1.890653 -0.153469
v 0.273195 1.894907 -0.134441
v 0.278769 1.900915 -0.138682
v 0.269738 1.911935 -0.136148
v 0.287762 1.883128 -0.139889
v 0.290230 1.890487 -0.142814
v 0.312159 1.876503 -0.153125
v 0.302065 1.881887 -0.147970
v 0.302045 1.871343 -0.145892
v 0.296561 1.810439 -0.138431
v 0.304917 1.810096 -0.143183
v 0.309272 1.795103 -0.144721
v 0.313550 1.797077 -0.147510
v 0.317103 1.797027 -0.149838
v 0.314089 1.804422 -0.148467
v 0.300892 1.399638 -0.156757
v 0.306374 1.397085 -0.158843
v 0.297643 1.396125 -0.155556
v 0.302968 1.394237 -0.157628
v 0.307168 1.393712 -0.159124
v 0.310968 1.395544 -0.160426
v 0.298225 1.391051 -0.156004
v 0.300542 1.392372 -0.156764
v 0.294615 1.394022 -0.154459
v 0.305814 1.391352 -0.158672
v 0.307108 1.392557 -0.159092
v 0.295626 1.389967 -0.155337
v 0.293208 1.389665 -0.155272
v 0.300746 1.389766 -0.157866
v 0.303640 1.390278 -0.158116
v 0.219794 1.392542 -0.127160
v 0.217946 1.390930 -0.127894
v 0.225917 1.390410 -0.130754
v 0.227525 1.390908 -0.130319
v 0.328567 1.668884 -0.154092
v 0.328918 1.670790 -0.153959
v 0.328181 1.669150 -0.154647
v 0.328319 1.671060 -0.154329
v 0.322486 1.637136 -0.155254
v 0.324454 1.641572 -0.156631
v 0.323844 1.645993 -0.155837
v 0.324903 1.635492 -0.157751
v 0.325455 1.641230 -0.158106
v 0.325659 1.647094 -0.157780
v 0.294394 1.579213 -0.136566
v 0.278755 1.579696 -0.128554
v 0.294448 1.586375 -0.135834
v 0.280504 1.587844 -0.128728
v 0.265147 1.590101 -0.121197
v 0.261604 1.580656 -0.120123
v 0.297075 1.593654 -0.136854
v 0.284092 1.596097 -0.130151
v 0.289055 1.604451 -0.132767
v 0.276559 1.607796 -0.126478
v 0.270182 1.599291 -0.123280
v 0.256239 1.604094 -0.116758
v 0.249630 1.593536 -0.113955
v 0.264417 1.613245 -0.120802
v 0.243941 1.581890 -0.111931
v 0.319763 1.931521 -0.163833
v 0.319164 1.931302 -0.163249
v 0.322955 1.927224 -0.164480
v 0.324314 1.926089 -0.165165
v 0.318160 1.930719 -0.162512
v 0.323620 1.925108 -0.164463
v 0.320229 1.887576 -0.161118
v 0.316523 1.894167 -0.159881
v 0.316628 1.888458 -0.158761
v 0.319353 1.881937 -0.159275
v 0.311720 1.899463 -0.157680
v 0.313712 1.889095 -0.156845
v 0.317301 1.877679 -0.156812
v 0.327795 1.849568 -0.159299
v 0.328131 1.845898 -0.160254
v 0.328474 1.850930 -0.161252
v 0.329207 1.852657 -0.160946
v 0.307744 1.590964 -0.142591
v 0.305778 1.585498 -0.141811
v 0.312915 1.585102 -0.145771
v 0.315875 1.588192 -0.147276
v 0.310979 1.574893 -0.146230
v 0.307017 1.580057 -0.143156
v 0.319408 1.577747 -0.150590
v 0.315966 1.581839 -0.147926
v 0.317969 1.570766 -0.151143
v 0.320923 1.566576 -0.153693
v 0.324121 1.568501 -0.156213
v 0.323679 1.571442 -0.155402
v 0.324825 1.573939 -0.155625
v 0.322838 1.574623 -0.153337
v 0.308890 1.507868 -0.148112
v 0.316619 1.509251 -0.152057
v 0.318140 1.515463 -0.152926
v 0.314527 1.517651 -0.151151
v 0.308838 1.431246 -0.159493
v 0.308701 1.423086 -0.159744
v 0.312158 1.423440 -0.161017
v 0.313727 1.428764 -0.161473
v 0.309347 1.415666 -0.160030
v 0.313699 1.419063 -0.161517
v 0.272686 1.884710 -0.132051
v 0.275541 1.872636 -0.131475
v 0.283935 1.870105 -0.135307
v 0.285516 1.875891 -0.137149
v 0.281472 1.858717 -0.132914
v 0.290779 1.860998 -0.137787
v 0.297683 1.864872 -0.142155
v 0.295886 1.722120 -0.141023
v 0.306786 1.719665 -0.145698
v 0.278447 1.716408 -0.133382
v 0.291887 1.715412 -0.139059
v 0.300823 1.714882 -0.142835
v 0.311946 1.716926 -0.147788
v 0.280291 1.711059 -0.133993
v 0.261962 1.710907 -0.126359
v 0.297592 1.712381 -0.141337
v 0.312788 1.714154 -0.148020
v 0.271001 1.699540 -0.129314
v 0.275809 1.696884 -0.130785
v 0.287025 1.697541 -0.135740
v 0.288937 1.699323 -0.136985
v 0.284329 1.694215 -0.133905
v 0.296471 1.696019 -0.139603
v 0.285539 1.680291 -0.132677
v 0.277613 1.675886 -0.128899
v 0.288048 1.674870 -0.133617
v 0.296719 1.677226 -0.137681
v 0.273300 1.665348 -0.127333
v 0.273027 1.670805 -0.126860
v 0.292149 1.667007 -0.136137
v 0.289388 1.671445 -0.134379
v 0.304117 1.673228 -0.141355
v 0.309035 1.668627 -0.144253
v 0.295037 1.402626 -0.154241
v 0.289079 1.405375 -0.151513
v 0.288965 1.401822 -0.151659
v 0.292620 1.399042 -0.153373
v 0.282763 1.406919 -0.148655
v 0.285530 1.401547 -0.150230
v 0.289550 1.397185 -0.152230
v 0.224178 1.957021 -0.131394
v 0.226267 1.956856 -0.132661
v 0.250257 1.957819 -0.138836
v 0.249493 1.957429 -0.139248
v 0.261004 1.941432 -0.137528
v 0.266561 1.937707 -0.139164
v 0.256441 1.944716 -0.136564
v 0.254524 1.940328 -0.134607
v 0.257121 1.936239 -0.134618
v 0.261997 1.931691 -0.135788
v 0.252552 1.946974 -0.135853
v 0.251296 1.939797 -0.133365
v 0.258577 1.924090 -0.132789
v 0.253255 1.931517 -0.132091
v 0.299688 1.628983 -0.140732
v 0.311571 1.630481 -0.147804
v 0.287149 1.625469 -0.133451
v 0.289861 1.620530 -0.134339
v 0.298176 1.620929 -0.138985
v 0.308011 1.621114 -0.144774
v 0.275245 1.620242 -0.126672
v 0.283888 1.615243 -0.130661
v 0.304615 1.612115 -0.141943
v 0.294069 1.612834 -0.135952
v 0.244668 1.825509 -0.116197
v 0.233290 1.834355 -0.112351
v 0.226028 1.819614 -0.109469
v 0.229736 1.808102 -0.110596
v 0.220282 1.839646 -0.108509
v 0.214393 1.816769 -0.105831
v 0.211379 1.793658 -0.104674
v 0.276875 1.723298 -0.132683
v 0.253678 1.724197 -0.122891
v 0.250554 1.719790 -0.121584
v 0.263209 1.717946 -0.126881
v 0.227552 1.725083 -0.112624
v 0.234750 1.718070 -0.115257
v 0.246548 1.713399 -0.119994
v 0.124202 1.943347 -0.098382
v 0.122454 1.936259 -0.095925
v 0.126152 1.949197 -0.100735
v 0.117450 1.950524 -0.099579
v 0.116057 1.944991 -0.097573
v 0.114834 1.938073 -0.095318
v 0.137850 1.951498 -0.104426
v 0.128564 1.953308 -0.102911
v 0.139452 1.954296 -0.106769
v 0.130487 1.954894 -0.104868
v 0.120118 1.955138 -0.102688
v 0.118908 1.954086 -0.101198
v 0.109643 1.954211 -0.099557
v 0.108937 1.950838 -0.098344
v 0.110245 1.955225 -0.100759
v 0.101041 1.955209 -0.099029
v 0.100532 1.953947 -0.097909
v 0.107880 1.945481 -0.096641
v 0.106989 1.938495 -0.094558
v 0.256857 1.495236 -0.123019
v 0.243494 1.508344 -0.115783
v 0.239610 1.498726 -0.115222
v 0.246259 1.487028 -0.119469
v 0.229917 1.520759 -0.109228
v 0.229605 1.501680 -0.111017
v 0.233477 1.482564 -0.114963
v 0.209349 1.956874 -0.127150
v 0.207071 1.956718 -0.127191
v 0.194219 1.677822 -0.098455
v 0.206531 1.675326 -0.101317
v 0.187746 1.671772 -0.095530
v 0.199949 1.670274 -0.098394
v 0.208220 1.669139 -0.100625
v 0.215206 1.671753 -0.103398
v 0.196367 1.663806 -0.096632
v 0.180996 1.664276 -0.092984
v 0.209594 1.664846 -0.100582
v 0.221902 1.666858 -0.105184
v 0.178010 1.402485 -0.111843
v 0.163655 1.408062 -0.106453
v 0.158923 1.403361 -0.106546
v 0.165948 1.398507 -0.109805
v 0.147927 1.412589 -0.101282
v 0.148176 1.404073 -0.103649
v 0.177097 1.678693 -0.094336
v 0.158278 1.678279 -0.090007
v 0.160893 1.674828 -0.089918
v 0.173249 1.673531 -0.092398
v 0.119966 1.672976 -0.082643
v 0.138992 1.676381 -0.085958
v 0.135442 1.668231 -0.084886
v 0.150370 1.672075 -0.087532
v 0.164907 1.667799 -0.089933
v 0.150878 1.662265 -0.087225
v 0.153193 1.913775 -0.097522
v 0.144718 1.918555 -0.096227
v 0.140649 1.913045 -0.094172
v 0.144167 1.907302 -0.094099
v 0.127647 1.925105 -0.093955
v 0.136021 1.921987 -0.094939
v 0.124329 1.915351 -0.091381
v 0.133120 1.913341 -0.092626
v 0.132469 1.903001 -0.090986
v 0.120569 1.902878 -0.088884
v 0.102373 1.848109 -0.081298
v 0.116809 1.829480 -0.083042
v 0.093102 1.828015 -0.078986
v 0.106250 1.814546 -0.080731
v 0.117379 1.802567 -0.082470
v 0.129226 1.806228 -0.084787
v 0.098692 1.798666 -0.079493
v 0.083967 1.811101 -0.077502
v 0.116627 1.788062 -0.082414
v 0.137312 1.782070 -0.086350
v 0.146044 1.721070 -0.089829
v 0.125133 1.717597 -0.086611
v 0.129739 1.714224 -0.087184
v 0.143832 1.714193 -0.089370
v 0.108035 1.714315 -0.084176
v 0.120187 1.711273 -0.085786
v 0.136041 1.708760 -0.088191
v 0.138034 1.646338 -0.085092
v 0.145052 1.641037 -0.084939
v 0.114467 1.641680 -0.082123
v 0.124617 1.638632 -0.082399
v 0.131244 1.635139 -0.082534
v 0.145257 1.634289 -0.084059
v 0.095773 1.625301 -0.078573
v 0.107564 1.633059 -0.080263
v 0.093198 1.635113 -0.079676
v 0.115157 1.623155 -0.079883
v 0.123512 1.630396 -0.081289
v 0.140584 1.626495 -0.082827
v 0.133378 1.617918 -0.081414
v 0.131382 1.488338 -0.084445
v 0.143840 1.492803 -0.086710
v 0.120720 1.479470 -0.083483
v 0.122107 1.471479 -0.084564
v 0.129307 1.472711 -0.085799
v 0.140128 1.472696 -0.088228
v 0.110724 1.468625 -0.083417
v 0.116305 1.461733 -0.084916
v 0.135560 1.453614 -0.090024
v 0.124123 1.456858 -0.087020
v 0.064987 1.938811 -0.089559
v 0.072406 1.939992 -0.090951
v 0.065898 1.934223 -0.089525
v 0.072352 1.936139 -0.090661
v 0.077270 1.937237 -0.091425
v 0.079240 1.939822 -0.091959
v 0.067428 1.917215 -0.087897
v 0.076960 1.925833 -0.089634
v 0.073888 1.931550 -0.090319
v 0.066817 1.928275 -0.089154
v 0.083894 1.930634 -0.090907
v 0.080123 1.934891 -0.091402
v 0.085166 1.938053 -0.092379
v 0.090264 1.934126 -0.092034
v 0.093882 1.927410 -0.090748
v 0.100450 1.928984 -0.091562
v 0.087811 1.924895 -0.089867
v 0.091004 1.919344 -0.088830
v 0.096300 1.918487 -0.089002
v 0.102927 1.918479 -0.089495
v 0.076712 1.912039 -0.086904
v 0.082188 1.919824 -0.088593
v 0.084946 1.905228 -0.085830
v 0.088874 1.913501 -0.087584
v 0.106337 1.904856 -0.087479
v 0.097264 1.907506 -0.087098
v 0.094982 1.895733 -0.085008
v 0.066267 1.848822 -0.077216
v 0.065993 1.863059 -0.078741
v 0.068484 1.835611 -0.076399
v 0.075100 1.842544 -0.077185
v 0.076004 1.854057 -0.078086
v 0.076643 1.868411 -0.079609
v 0.074125 1.823549 -0.076490
v 0.082038 1.837481 -0.077726
v 0.090419 1.873020 -0.081419
v 0.087974 1.854699 -0.079466
v 0.112981 1.694546 -0.083094
v 0.093978 1.694216 -0.079868
v 0.095018 1.691579 -0.079527
v 0.106984 1.690783 -0.081409
v 0.077388 1.693205 -0.077213
v 0.084869 1.689773 -0.077727
v 0.096969 1.687090 -0.079346
v 0.104898 1.667891 -0.080924
v 0.093665 1.662193 -0.080357
v 0.106638 1.661434 -0.081785
v 0.119306 1.664410 -0.082899
v 0.080987 1.650048 -0.080664
v 0.086270 1.656144 -0.080488
v 0.104923 1.652310 -0.082556
v 0.106978 1.657397 -0.082313
v 0.129367 1.659288 -0.084522
v 0.131831 1.653368 -0.085136
v 0.060032 1.615801 -0.076218
v 0.067175 1.611458 -0.075929
v 0.077573 1.615068 -0.076555
v 0.055478 1.609829 -0.075917
v 0.061783 1.607181 -0.075702
v 0.067293 1.603543 -0.075644
v 0.073273 1.604144 -0.075776
v 0.083359 1.605322 -0.076274
v 0.054252 1.600723 -0.076151
v 0.058758 1.598019 -0.076070
v 0.060156 1.602332 -0.075773
v 0.054134 1.604533 -0.075970
v 0.066730 1.593562 -0.076004
v 0.067802 1.598764 -0.075719
v 0.088953 1.593857 -0.076351
v 0.077157 1.595414 -0.075858
v 0.076679 1.587635 -0.076106
v 0.102877 1.398105 -0.094872
v 0.101487 1.394066 -0.095881
v 0.096373 1.398360 -0.093788
v 0.095542 1.394142 -0.094865
v 0.096177 1.391869 -0.095647
v 0.100349 1.391312 -0.096568
v 0.088547 1.393396 -0.094110
v 0.088591 1.399203 -0.092600
v 0.087439 1.390993 -0.095269
v 0.091954 1.390471 -0.096219
v 0.093430 1.390925 -0.095585
v 0.109341 1.415335 -0.091645
v 0.100694 1.410979 -0.091230
v 0.102148 1.407584 -0.092162
v 0.107201 1.408749 -0.092698
v 0.093458 1.405335 -0.091633
v 0.099034 1.403359 -0.092785
v 0.104854 1.403060 -0.093764
v 0.058011 1.936056 -0.088094
v 0.052650 1.932045 -0.086898
v 0.055232 1.930106 -0.087447
v 0.059661 1.932040 -0.088348
v 0.059947 1.926515 -0.088115
v 0.058835 1.918728 -0.087526
v 0.054052 1.925699 -0.087106
v 0.052886 1.918536 -0.086727
v 0.059260 1.904853 -0.086567
v 0.059686 1.896569 -0.085233
v 0.065488 1.902110 -0.085395
v 0.054034 1.892893 -0.085557
v 0.054983 1.887477 -0.084608
v 0.055141 1.882559 -0.083544
v 0.058097 1.885884 -0.083398
v 0.062839 1.888906 -0.083099
v 0.047766 1.865357 -0.082610
v 0.050918 1.875995 -0.083588
v 0.049517 1.879455 -0.084435
v 0.049592 1.862966 -0.081377
v 0.052545 1.873573 -0.082505
v 0.059972 1.874394 -0.080840
v 0.055347 1.873287 -0.081554
v 0.052091 1.860459 -0.080030
v 0.120042 1.648378 -0.083704
v 0.099008 1.647727 -0.081965
v 0.093003 1.644259 -0.081138
v 0.102542 1.643528 -0.081611
v 0.078331 1.644862 -0.080404
v 0.078494 1.640787 -0.079930
v 0.083617 1.637746 -0.079654
v 0.072671 1.578167 -0.076459
v 0.068235 1.571837 -0.076367
v 0.060935 1.579967 -0.076766
v 0.059066 1.574080 -0.076647
v 0.056776 1.569471 -0.076527
v 0.060760 1.566475 -0.076319
v 0.069280 1.584758 -0.076406
v 0.062437 1.590451 -0.076384
v 0.058379 1.589209 -0.076662
v 0.060234 1.585342 -0.076745
v 0.050897 1.599691 -0.076560
v 0.054269 1.595283 -0.076618
v 0.048164 1.599200 -0.077613
v 0.048912 1.596606 -0.077747
v 0.048721 1.594562 -0.077924
v 0.052935 1.591962 -0.076959
v 0.067132 1.509820 -0.078963
v 0.060745 1.505684 -0.079114
v 0.067923 1.500449 -0.079038
v 0.058364 1.513955 -0.079201
v 0.054068 1.510224 -0.079316
v 0.051431 1.507290 -0.079395
v 0.054221 1.503340 -0.079325
v 0.058862 1.498090 -0.079326
v 0.048159 1.514901 -0.079597
v 0.051803 1.518455 -0.079405
v 0.046044 1.515540 -0.080478
v 0.046157 1.509388 -0.080493
v 0.047869 1.508519 -0.079639
v 0.066757 1.533789 -0.078702
v 0.070372 1.527812 -0.078876
v 0.058126 1.530275 -0.079007
v 0.062081 1.525542 -0.079085
v 0.065194 1.521730 -0.079037
v 0.071854 1.521585 -0.078897
v 0.056191 1.522156 -0.079265
v 0.051731 1.526469 -0.079269
v 0.062312 1.518187 -0.079107
v 0.070772 1.515471 -0.078905
v 0.073762 1.494037 -0.079240
v 0.064273 1.492313 -0.079517
v 0.069428 1.487716 -0.079789
v 0.077547 1.487182 -0.079746
v 0.078241 1.480096 -0.080596
v 0.076236 1.473182 -0.081705
v 0.066938 1.484177 -0.080341
v 0.064423 1.479342 -0.081276
v 0.071104 1.468468 -0.082801
v 0.061773 1.474769 -0.082343
v 0.060227 1.471217 -0.083169
v 0.065003 1.465749 -0.083757
v 0.058288 1.464658 -0.084510
v 0.051901 1.464287 -0.085088
v 0.054454 1.472172 -0.083529
v 0.048866 1.471758 -0.084133
v 0.046542 1.464887 -0.085487
v 0.045304 1.471050 -0.084693
v 0.044239 1.471714 -0.085540
v 0.044375 1.468351 -0.086046
v 0.043745 1.465838 -0.086320
v 0.044397 1.462748 -0.085860
v 0.063701 1.417761 -0.088672
v 0.061040 1.427685 -0.088008
v 0.057653 1.426889 -0.087700
v 0.057741 1.421158 -0.087843
v 0.057238 1.437113 -0.087276
v 0.054394 1.432545 -0.087141
v 0.052617 1.427419 -0.086932
v 0.046241 1.859105 -0.082161
v 0.046819 1.855967 -0.082607
v 0.047492 1.850125 -0.081175
v 0.047538 1.855052 -0.080802
v 0.049090 1.850268 -0.079343
v 0.048176 1.843766 -0.079742
v 0.049495 1.699696 -0.074799
v 0.048500 1.696867 -0.074417
v 0.047816 1.700488 -0.075510
v 0.047795 1.696640 -0.075047
v 0.048317 1.650391 -0.078828
v 0.048791 1.647035 -0.079159
v 0.047011 1.651949 -0.079324
v 0.046907 1.647764 -0.079828
v 0.047971 1.643078 -0.079333
v 0.046833 1.642181 -0.080009
v 0.052762 1.615191 -0.076531
v 0.048738 1.612818 -0.077418
v 0.048042 1.608433 -0.077241
v 0.050429 1.609750 -0.076289
v 0.049747 1.604402 -0.076373
v 0.047773 1.603494 -0.077379
v 0.043092 1.437883 -0.085222
v 0.042019 1.439933 -0.085570
v 0.048336 1.530620 -0.079098
v 0.054288 1.534564 -0.078707
v 0.052124 1.537832 -0.078340
v 0.048528 1.537113 -0.078466
v 0.046536 1.537002 -0.079178
v 0.046135 1.530780 -0.079832
v 0.061067 1.538486 -0.078315
v 0.055243 1.541485 -0.077914
v 0.050899 1.704294 -0.075606
v 0.053415 1.709076 -0.076635
v 0.048826 1.709669 -0.076931
v 0.048091 1.705267 -0.076198
v 0.058025 1.713489 -0.077891
v 0.054084 1.716532 -0.078135
v 0.048896 1.714460 -0.077927
v 0.049733 1.712410 -0.077496
v 0.047756 1.884012 -0.084847
v 0.051939 1.897529 -0.085877
v 0.050162 1.901647 -0.085869
v 0.047587 1.897026 -0.085401
v 0.045755 1.893435 -0.085602
v 0.045817 1.880243 -0.085137
v 0.055719 1.908857 -0.086761
v 0.051435 1.909757 -0.086300
v 0.072283 1.901738 -0.084862
v 0.068892 1.890193 -0.082757
v 0.074485 1.889920 -0.082586
v 0.079330 1.896767 -0.083965
v 0.066970 1.877295 -0.080680
v 0.075771 1.881305 -0.081257
v 0.085991 1.887236 -0.082823
v 0.122299 1.540940 -0.080391
v 0.115742 1.550769 -0.079185
v 0.109105 1.547573 -0.078905
v 0.109930 1.541338 -0.079426
v 0.105180 1.558201 -0.078013
v 0.100665 1.550714 -0.078198
v 0.097492 1.543430 -0.078619
v 0.124719 1.609975 -0.079914
v 0.109632 1.615349 -0.078733
v 0.106777 1.608909 -0.078054
v 0.114923 1.602895 -0.078547
v 0.093133 1.616615 -0.077556
v 0.096023 1.607344 -0.077147
v 0.102489 1.597156 -0.077315
v 0.107288 1.930252 -0.092398
v 0.108977 1.921004 -0.090459
v 0.113325 1.923919 -0.091473
v 0.113863 1.930456 -0.093095
v 0.112990 1.910947 -0.089057
v 0.117485 1.919738 -0.091140
v 0.120372 1.928321 -0.093459
v 0.158133 1.487025 -0.090794
v 0.153128 1.470301 -0.091642
v 0.164263 1.467441 -0.094879
v 0.171977 1.476072 -0.095810
v 0.151355 1.453814 -0.093725
v 0.168151 1.456347 -0.097656
v 0.184285 1.462404 -0.101353
v 0.224466 1.930100 -0.123610
v 0.223810 1.916128 -0.119917
v 0.228790 1.915647 -0.121028
v 0.230958 1.923585 -0.123580
v 0.224247 1.901197 -0.116695
v 0.231556 1.906632 -0.119720
v 0.237340 1.914125 -0.123128
v 0.293437 1.801165 -0.136324
v 0.293999 1.788527 -0.136242
v 0.303021 1.784816 -0.140717
v 0.305966 1.789846 -0.142511
v 0.297579 1.775571 -0.137945
v 0.308179 1.775252 -0.143303
v 0.272519 1.933980 -0.141444
v 0.268314 1.928672 -0.138359
v 0.273997 1.926947 -0.141075
v 0.278616 1.929769 -0.144009
v 0.266986 1.921443 -0.136437
v 0.276022 1.921776 -0.141299
v 0.284620 1.923812 -0.146325
v 0.320491 1.628518 -0.153434
v 0.315992 1.620398 -0.149743
v 0.320273 1.618905 -0.152471
v 0.323291 1.621837 -0.154898
v 0.325013 1.623375 -0.157196
v 0.324455 1.629493 -0.157195
v 0.313690 1.612688 -0.147621
v 0.320290 1.613751 -0.152075
v 0.311645 1.663883 -0.146332
v 0.323113 1.664422 -0.152117
v 0.296763 1.662759 -0.139015
v 0.300931 1.659559 -0.141624
v 0.311491 1.659055 -0.147105
v 0.321822 1.658641 -0.152552
v 0.281555 1.660543 -0.131825
v 0.293540 1.656717 -0.138282
v 0.318787 1.652088 -0.151962
v 0.307073 1.653866 -0.145572
v 0.327889 1.664553 -0.154694
v 0.326747 1.658708 -0.155324
v 0.327102 1.659405 -0.156319
v 0.327763 1.665089 -0.155383
v 0.325001 1.652281 -0.155571
v 0.326266 1.653240 -0.157142
v 0.328548 1.711968 -0.155190
v 0.328441 1.711419 -0.155819
v 0.326990 1.730435 -0.155957
v 0.327431 1.730791 -0.157043
v 0.045170 1.394301 -0.085620
v 0.042971 1.395056 -0.085777
v 0.043481 1.391596 -0.086117
v 0.045101 1.390463 -0.086170
v 0.047143 1.389284 -0.086562
v 0.047433 1.390491 -0.086020
v 0.328460 1.912291 -0.166732
v 0.328163 1.915496 -0.166843
v 0.327010 1.920435 -0.165874
v 0.326863 1.916950 -0.165550
v 0.327863 1.917792 -0.167042
v 0.327024 1.922313 -0.166298
v 0.323633 1.506079 -0.156951
v 0.323891 1.513524 -0.156882
v 0.321824 1.511608 -0.154924
v 0.321399 1.504190 -0.154930
v 0.323881 1.521663 -0.157126
v 0.321805 1.518873 -0.155081
v 0.321614 1.421846 -0.164582
v 0.321401 1.426879 -0.164581
v 0.317838 1.425185 -0.162885
v 0.319084 1.418546 -0.163198
v 0.321727 1.432283 -0.164797
v 0.319377 1.433122 -0.163480
v 0.325656 1.609323 -0.156550
v 0.325418 1.616373 -0.157002
v 0.324321 1.615343 -0.155128
v 0.324918 1.608853 -0.154940
v 0.328645 1.853442 -0.161798
v 0.329667 1.854054 -0.161667
v 0.328545 1.856487 -0.162365
v 0.329455 1.856924 -0.162034
v 0.328187 1.868913 -0.164695
v 0.328317 1.873165 -0.165442
v 0.328865 1.873602 -0.165051
v 0.328789 1.870530 -0.164416
v 0.328259 1.862534 -0.163458
v 0.328752 1.864044 -0.163002
v 0.321471 1.476432 -0.160975
v 0.322310 1.483737 -0.159793
v 0.320079 1.483632 -0.157457
v 0.318318 1.476502 -0.158086
v 0.323044 1.491468 -0.158622
v 0.321404 1.490533 -0.156800
v 0.322494 1.699834 -0.153160
v 0.323446 1.703251 -0.153583
v 0.312843 1.703709 -0.148045
v 0.309917 1.700713 -0.146683
v 0.328431 1.903420 -0.166913
v 0.328397 1.908144 -0.166741
v 0.325543 1.914156 -0.165089
v 0.326189 1.907823 -0.165527
v 0.321972 1.408331 -0.164636
v 0.321900 1.415280 -0.164625
v 0.320191 1.412597 -0.163474
v 0.320729 1.407041 -0.163619
v 0.322059 1.439630 -0.165080
v 0.320638 1.440475 -0.164016
v 0.322159 1.448121 -0.165111
v 0.321285 1.447733 -0.164195
v 0.319826 1.393900 -0.164111
v 0.319084 1.394834 -0.163802
v 0.312216 1.391884 -0.161030
v 0.315706 1.391670 -0.162305
v 0.319355 1.395470 -0.163856
v 0.313591 1.393258 -0.161358
v 0.307025 1.390108 -0.160027
v 0.311672 1.390015 -0.161626
v 0.326339 1.762382 -0.154469
v 0.325398 1.767853 -0.154098
v 0.317331 1.775398 -0.148581
v 0.321385 1.764262 -0.150645
v 0.325724 1.771864 -0.154611
v 0.319556 1.781247 -0.150313
v 0.328249 1.899935 -0.166969
v 0.326403 1.903670 -0.165722
v 0.326038 1.796033 -0.157173
v 0.326499 1.800989 -0.157563
v 0.321982 1.811847 -0.153701
v 0.321145 1.804056 -0.153194
v 0.327795 1.804665 -0.158290
v 0.326751 1.811859 -0.156607
v 0.325649 1.577154 -0.155585
v 0.325117 1.577043 -0.154366
v 0.325487 1.580940 -0.154914
v 0.324053 1.580007 -0.153182
v 0.320940 1.398663 -0.164375
v 0.321681 1.402646 -0.164577
v 0.320127 1.402187 -0.163455
v 0.318257 1.398183 -0.162887
v 0.327150 1.755249 -0.154810
v 0.323739 1.755570 -0.151877
v 0.326286 1.690753 -0.153801
v 0.321741 1.690794 -0.150661
v 0.324493 1.695070 -0.153544
v 0.316623 1.694890 -0.148854
v 0.328521 1.810410 -0.158641
v 0.328569 1.813387 -0.157769
v 0.327797 1.920514 -0.167202
v 0.325304 1.927624 -0.165959
v 0.328271 1.925516 -0.167316
v 0.326015 1.932058 -0.166161
v 0.320216 1.940874 -0.164384
v 0.318631 1.938131 -0.163985
v 0.322390 1.697570 -0.152952
v 0.308109 1.697977 -0.145465
v 0.320834 1.550070 -0.156582
v 0.321540 1.554713 -0.156731
v 0.313927 1.554276 -0.150904
v 0.312816 1.546878 -0.150660
v 0.323224 1.559198 -0.157237
v 0.319895 1.559885 -0.154096
v 0.325526 1.588809 -0.154343
v 0.326044 1.593219 -0.154839
v 0.325550 1.594162 -0.153563
v 0.323882 1.589808 -0.152315
v 0.326258 1.598027 -0.155454
v 0.326372 1.598487 -0.154557
v 0.326027 1.603266 -0.156028
v 0.325878 1.603236 -0.154880
v 0.321964 1.456505 -0.164613
v 0.320885 1.454719 -0.163615
v 0.321486 1.463954 -0.163569
v 0.319478 1.461487 -0.162068
v 0.325126 1.584794 -0.154253
v 0.322034 1.584772 -0.151342
v 0.322024 1.538658 -0.157135
v 0.320728 1.544726 -0.156581
v 0.311492 1.537474 -0.149941
v 0.316675 1.531562 -0.152941
v 0.319918 1.396428 -0.164044
v 0.314628 1.394835 -0.161674
v 0.326260 1.776768 -0.155505
v 0.321565 1.785320 -0.151992
v 0.326456 1.782858 -0.156331
v 0.322622 1.789848 -0.153176
v 0.323416 1.498862 -0.157590
v 0.321520 1.497208 -0.155739
v 0.324371 1.564132 -0.157147
v 0.322771 1.563541 -0.155406
v 0.326229 1.789625 -0.156852
v 0.321933 1.796504 -0.153304
v 0.328554 1.934982 -0.167159
v 0.326885 1.939900 -0.166354
v 0.328274 1.944308 -0.166725
v 0.326391 1.947808 -0.166154
v 0.323759 1.949728 -0.165375
v 0.322575 1.945802 -0.165036
v 0.323255 1.530566 -0.157324
v 0.320058 1.525504 -0.154506
v 0.321021 1.470166 -0.162175
v 0.316978 1.468640 -0.159169
v 0.044970 1.934152 -0.085787
v 0.045947 1.934445 -0.085427
v 0.045199 1.929003 -0.085855
v 0.046910 1.931119 -0.085625
v 0.042848 1.457959 -0.086623
v 0.042809 1.452978 -0.086591
v 0.043850 1.452859 -0.086117
v 0.043607 1.457683 -0.086097
v 0.045679 1.923303 -0.085982
v 0.048959 1.926068 -0.086098
v 0.045702 1.915655 -0.085963
v 0.048409 1.917436 -0.085954
v 0.043101 1.462492 -0.086504
v 0.043355 1.461251 -0.085997
v 0.048507 1.591178 -0.078168
v 0.052698 1.588170 -0.077177
v 0.048379 1.585291 -0.078277
v 0.052598 1.582737 -0.077242
v 0.049384 1.554155 -0.077411
v 0.049667 1.550922 -0.077484
v 0.057854 1.552893 -0.076662
v 0.055750 1.557413 -0.076492
v 0.048477 1.547708 -0.077820
v 0.053254 1.547531 -0.077188
v 0.045671 1.905558 -0.085855
v 0.047849 1.907904 -0.085726
v 0.053555 1.748467 -0.078392
v 0.051783 1.745424 -0.078661
v 0.063694 1.741077 -0.079496
v 0.068760 1.746195 -0.079285
v 0.048434 1.742875 -0.078742
v 0.051246 1.739874 -0.078634
v 0.052102 1.736099 -0.079027
v 0.064642 1.735582 -0.080161
v 0.049737 1.719879 -0.079675
v 0.048172 1.717108 -0.078688
v 0.051504 1.718307 -0.078468
v 0.056516 1.720553 -0.079442
v 0.048168 1.576572 -0.078083
v 0.051888 1.575585 -0.077077
v 0.048168 1.567185 -0.077757
v 0.051699 1.568276 -0.076807
v 0.046409 1.736815 -0.079333
v 0.046509 1.733443 -0.079584
v 0.046996 1.733981 -0.078946
v 0.046894 1.736429 -0.078698
v 0.048092 1.730264 -0.079883
v 0.051129 1.732472 -0.079342
v 0.047422 1.498291 -0.080769
v 0.048348 1.493625 -0.081155
v 0.056022 1.490498 -0.080187
v 0.051753 1.497341 -0.079793
v 0.047901 1.489246 -0.081874
v 0.054119 1.484928 -0.081222
v 0.048659 1.559491 -0.077514
v 0.053334 1.562261 -0.076573
v 0.046714 1.740099 -0.078987
v 0.047126 1.738876 -0.078500
v 0.048578 1.674786 -0.075443
v 0.048433 1.669393 -0.076290
v 0.051623 1.669268 -0.075577
v 0.051497 1.674343 -0.074758
v 0.045227 1.480083 -0.083936
v 0.044267 1.475788 -0.084830
v 0.044602 1.474773 -0.084178
v 0.046657 1.476920 -0.083518
v 0.053164 1.724028 -0.080596
v 0.052660 1.721923 -0.080421
v 0.068468 1.723411 -0.081036
v 0.069129 1.726445 -0.081351
v 0.048615 1.679504 -0.074742
v 0.051025 1.678924 -0.074072
v 0.046536 1.503544 -0.080575
v 0.049039 1.502974 -0.079661
v 0.050303 1.756294 -0.077311
v 0.053097 1.751772 -0.077938
v 0.067880 1.753052 -0.078270
v 0.056206 1.759241 -0.076693
v 0.051395 1.727060 -0.080339
v 0.063795 1.730396 -0.080624
v 0.048832 1.763440 -0.076734
v 0.051464 1.764009 -0.076083
v 0.046836 1.484494 -0.082893
v 0.051829 1.479239 -0.082496
v 0.047262 1.542956 -0.078442
v 0.050148 1.542557 -0.077801
v 0.048026 1.809689 -0.076512
v 0.047897 1.811436 -0.075769
v 0.085136 1.955615 -0.095890
v 0.078971 1.955917 -0.094486
v 0.078635 1.955533 -0.093768
v 0.082973 1.954864 -0.094633
v 0.163692 1.954088 -0.113561
v 0.166882 1.949952 -0.112229
v 0.152712 1.953608 -0.110188
v 0.156462 1.948790 -0.108731
v 0.302116 1.956191 -0.159556
v 0.298464 1.956038 -0.158608
v 0.307935 1.948256 -0.160865
v 0.310834 1.949676 -0.161655
v 0.295418 1.956826 -0.157680
v 0.301345 1.952363 -0.158909
v 0.317295 1.955870 -0.162657
v 0.316395 1.956664 -0.162881
v 0.322884 1.952991 -0.165027
v 0.321655 1.953066 -0.164026
v 0.314059 1.956824 -0.162550
v 0.319905 1.953757 -0.164243
v 0.327271 1.948712 -0.166030
v 0.325756 1.949979 -0.165092
v 0.145776 1.953494 -0.108134
v 0.147252 1.948017 -0.105675
v 0.308295 1.956590 -0.161143
v 0.315487 1.952070 -0.162969
v 0.292448 1.957337 -0.156616
v 0.297074 1.954381 -0.157495
v 0.092458 1.955224 -0.097371
v 0.090489 1.953532 -0.095957
v 0.316111 1.389844 -0.163159
v 0.317818 1.391009 -0.163124
v 0.319052 1.390471 -0.164390
v 0.320255 1.392012 -0.164403
v 0.098179 1.390220 -0.097482
v 0.098959 1.389958 -0.096887
v 0.104165 1.390190 -0.098664
v 0.104157 1.389582 -0.098013
v 0.160129 1.390840 -0.111626
v 0.169489 1.390300 -0.114213
v 0.170716 1.390331 -0.113741
v 0.164337 1.391835 -0.111556
v 0.265014 1.390756 -0.145945
v 0.272395 1.390692 -0.148312
v 0.272637 1.393011 -0.147220
v 0.266445 1.393111 -0.145213
v 0.122586 1.390520 -0.102384
v 0.121693 1.390746 -0.101305
v 0.127985 1.391044 -0.103499
v 0.124685 1.392283 -0.101453
v 0.140113 1.392219 -0.106157
v 0.149948 1.391857 -0.108736
v 0.152804 1.395790 -0.107366
v 0.138672 1.396564 -0.103623
v 0.048457 1.388723 -0.086854
v 0.048447 1.389171 -0.086267
v 0.050800 1.388687 -0.087383
v 0.050220 1.389269 -0.086632
v 0.231370 1.390144 -0.132868
v 0.231681 1.390108 -0.132185
v 0.235408 1.390486 -0.134424
v 0.235087 1.391237 -0.133192
v 0.243234 1.391199 -0.137598
v 0.248066 1.390915 -0.139652
v 0.251620 1.393112 -0.139731
v 0.247028 1.393929 -0.137616
v 0.253361 1.390672 -0.141794
v 0.256010 1.392453 -0.141614
v 0.258781 1.390681 -0.143818
v 0.260860 1.392701 -0.143370
v 0.133018 1.391972 -0.104450
v 0.128674 1.396006 -0.101241
v 0.055701 1.388922 -0.088493
v 0.054370 1.389673 -0.087585
v 0.107611 1.390172 -0.099328
v 0.106939 1.389476 -0.098644
v 0.239201 1.391145 -0.135876
v 0.241269 1.394020 -0.135028
v 0.296079 1.601419 -0.141975
v 0.306511 1.604147 -0.148515
v 0.310288 1.598670 -0.150304
v 0.304808 1.595706 -0.146649
v 0.313042 1.605881 -0.152988
v 0.314975 1.600568 -0.153617
v 0.316461 1.597311 -0.154152
v 0.314598 1.595089 -0.152649
v 0.311550 1.592206 -0.150509
v 0.281077 1.947943 -0.154298
v 0.286406 1.943403 -0.155430
v 0.281885 1.943730 -0.153159
v 0.276132 1.946601 -0.151468
v 0.291042 1.939933 -0.156533
v 0.286538 1.941080 -0.154491
v 0.282987 1.941527 -0.152849
v 0.278660 1.942941 -0.151286
v 0.272932 1.944775 -0.149320
v 0.268269 1.938318 -0.145557
v 0.270408 1.942338 -0.147445
v 0.277155 1.941332 -0.150124
v 0.277412 1.939168 -0.149842
v 0.283839 1.940356 -0.152920
v 0.285265 1.938867 -0.153349
v 0.301951 1.933513 -0.160311
v 0.293084 1.937201 -0.156712
v 0.290173 1.938951 -0.155629
v 0.295836 1.937013 -0.158029
v 0.241682 1.702212 -0.122659
v 0.271606 1.706220 -0.135042
v 0.279881 1.704015 -0.138413
v 0.268098 1.700283 -0.133233
v 0.291692 1.708852 -0.143569
v 0.295438 1.706924 -0.145130
v 0.299876 1.705551 -0.147034
v 0.293411 1.702936 -0.144176
v 0.287340 1.699261 -0.141359
v 0.318175 1.712126 -0.155274
v 0.320082 1.710359 -0.156005
v 0.311962 1.708780 -0.152374
v 0.307980 1.710814 -0.150706
v 0.323617 1.709511 -0.156887
v 0.321758 1.708415 -0.156043
v 0.320928 1.706357 -0.155684
v 0.310643 1.706159 -0.151739
v 0.046404 1.403146 -0.090345
v 0.043901 1.400885 -0.089649
v 0.043234 1.405892 -0.089480
v 0.043851 1.409620 -0.089652
v 0.042531 1.400728 -0.088661
v 0.042509 1.406895 -0.088692
v 0.042806 1.412839 -0.088727
v 0.062889 1.648227 -0.084293
v 0.056027 1.655239 -0.083168
v 0.060386 1.661779 -0.082385
v 0.072937 1.658424 -0.083888
v 0.051283 1.657539 -0.081937
v 0.052200 1.661761 -0.081219
v 0.051806 1.666430 -0.080402
v 0.056997 1.667496 -0.081153
v 0.062594 1.669224 -0.081289
v 0.069373 1.667485 -0.082157
v 0.081947 1.665750 -0.083583
v 0.103680 1.678376 -0.084703
v 0.091560 1.671844 -0.083715
v 0.075529 1.672783 -0.081879
v 0.077882 1.677612 -0.081445
v 0.063557 1.672931 -0.080730
v 0.063888 1.677196 -0.080069
v 0.109691 1.403888 -0.099892
v 0.114538 1.402524 -0.101311
v 0.112555 1.398539 -0.102134
v 0.107944 1.400098 -0.100783
v 0.119660 1.400783 -0.103008
v 0.117859 1.397865 -0.103450
v 0.117402 1.395261 -0.103409
v 0.113150 1.395418 -0.102444
v 0.110374 1.395158 -0.101982
v 0.109347 1.396934 -0.102011
v 0.106287 1.397720 -0.101266
v 0.130192 1.434845 -0.096921
v 0.133452 1.420133 -0.100984
v 0.123952 1.416899 -0.099433
v 0.119012 1.421637 -0.097158
v 0.135842 1.410730 -0.104062
v 0.126944 1.409891 -0.102051
v 0.122051 1.408916 -0.101086
v 0.118748 1.412040 -0.099424
v 0.114263 1.414380 -0.097829
v 0.111535 1.408640 -0.098814
v 0.116221 1.407049 -0.100265
v 0.121344 1.404785 -0.102143
v 0.153685 1.606674 -0.088112
v 0.157322 1.589669 -0.088272
v 0.146408 1.587863 -0.086475
v 0.139957 1.599950 -0.085905
v 0.157333 1.572964 -0.088382
v 0.147850 1.574005 -0.086715
v 0.140176 1.574953 -0.085576
v 0.135815 1.583332 -0.085014
v 0.128135 1.593232 -0.084303
v 0.096513 1.577541 -0.081745
v 0.115086 1.585949 -0.082980
v 0.125386 1.576051 -0.083934
v 0.115710 1.567610 -0.083238
v 0.135101 1.566993 -0.085128
v 0.127540 1.558072 -0.084631
v 0.145951 1.524464 -0.088906
v 0.136718 1.546357 -0.086254
v 0.144350 1.559061 -0.086650
v 0.154393 1.553616 -0.088605
v 0.250517 1.948926 -0.141566
v 0.246972 1.942762 -0.138386
v 0.242864 1.945550 -0.137998
v 0.246575 1.949948 -0.140499
v 0.245384 1.934469 -0.135465
v 0.241367 1.936787 -0.135001
v 0.238002 1.939109 -0.134760
v 0.237661 1.945054 -0.136374
v 0.238344 1.950783 -0.137582
v 0.242024 1.951163 -0.138735
v 0.245218 1.952334 -0.140056
v 0.215750 1.945196 -0.130809
v 0.225859 1.948685 -0.134464
v 0.231617 1.943872 -0.134506
v 0.226091 1.936026 -0.130927
v 0.230200 1.951793 -0.135776
v 0.234345 1.950777 -0.136526
v 0.235593 1.934714 -0.132933
v 0.232759 1.927191 -0.130214
v 0.251321 1.906466 -0.131594
v 0.239578 1.917860 -0.129836
v 0.240664 1.927737 -0.132475
v 0.246117 1.923942 -0.133158
v 0.294406 1.446865 -0.156543
v 0.297898 1.433629 -0.159458
v 0.290794 1.431583 -0.156318
v 0.284853 1.438915 -0.152753
v 0.299492 1.423657 -0.160692
v 0.293388 1.423418 -0.157990
v 0.288446 1.423011 -0.155684
v 0.284567 1.427552 -0.153570
v 0.278006 1.432879 -0.149889
v 0.264011 1.417293 -0.144601
v 0.271420 1.426479 -0.147130
v 0.279687 1.421885 -0.151497
v 0.276974 1.415348 -0.150530
v 0.286851 1.418052 -0.155083
v 0.285183 1.412034 -0.154459
v 0.301271 1.405712 -0.161548
v 0.292703 1.408717 -0.157945
v 0.293667 1.415656 -0.158303
v 0.300310 1.414702 -0.161192
v 0.270780 1.543804 -0.131347
v 0.282049 1.543556 -0.137811
v 0.281237 1.535037 -0.137510
v 0.270393 1.534963 -0.131320
v 0.293695 1.544981 -0.144789
v 0.292158 1.536490 -0.144027
v 0.290056 1.529269 -0.142851
v 0.282243 1.526074 -0.138296
v 0.271893 1.524947 -0.132492
v 0.281795 1.496054 -0.140051
v 0.275179 1.513526 -0.134982
v 0.286517 1.517420 -0.141100
v 0.293457 1.510411 -0.145280
v 0.295754 1.525948 -0.146324
v 0.302131 1.521254 -0.150023
v 0.304053 1.454892 -0.160421
v 0.309664 1.448337 -0.163836
v 0.305993 1.441042 -0.162565
v 0.309996 1.460366 -0.162750
v 0.313580 1.453651 -0.165287
v 0.315758 1.448616 -0.166565
v 0.314491 1.443465 -0.166176
v 0.312546 1.436450 -0.165486
v 0.310820 1.854061 -0.154620
v 0.318376 1.841877 -0.158212
v 0.319070 1.831591 -0.157964
v 0.314434 1.835560 -0.155272
v 0.322221 1.837369 -0.159650
v 0.322545 1.828317 -0.159258
v 0.323025 1.818848 -0.159273
v 0.320346 1.820842 -0.158425
v 0.317075 1.822491 -0.156507
v 0.297724 1.915226 -0.157733
v 0.310485 1.915129 -0.163826
v 0.313113 1.908258 -0.164880
v 0.306810 1.905141 -0.161568
v 0.319036 1.912528 -0.167340
v 0.319785 1.907329 -0.167717
v 0.319948 1.903183 -0.167756
v 0.316276 1.901646 -0.166093
v 0.311765 1.897787 -0.163554
v 0.317959 1.883351 -0.165335
v 0.315468 1.890482 -0.164757
v 0.320082 1.894537 -0.167326
v 0.321188 1.886660 -0.167256
v 0.322803 1.899690 -0.168707
v 0.325644 1.896636 -0.169041
v 0.324521 1.892910 -0.168445
v 0.324499 1.887772 -0.168120
v 0.281303 1.951654 -0.155134
v 0.287645 1.950446 -0.157802
v 0.289093 1.945579 -0.157593
v 0.280895 1.954700 -0.154722
v 0.284808 1.954877 -0.156447
v 0.287198 1.955621 -0.157546
v 0.290319 1.952442 -0.159188
v 0.294380 1.949432 -0.160617
v 0.294753 1.946508 -0.160407
v 0.295820 1.942277 -0.160125
v 0.308173 1.934866 -0.164354
v 0.302075 1.938811 -0.162325
v 0.300915 1.943604 -0.162569
v 0.307065 1.940251 -0.164614
v 0.298436 1.948639 -0.162116
v 0.304205 1.946422 -0.164045
v 0.313350 1.935634 -0.166589
v 0.314216 1.930048 -0.166281
v 0.310783 1.942186 -0.166068
v 0.316098 1.937045 -0.167596
v 0.318573 1.930797 -0.168119
v 0.319104 1.925110 -0.167748
v 0.052188 1.400240 -0.091627
v 0.052796 1.394589 -0.091700
v 0.048113 1.394924 -0.090628
v 0.058720 1.398783 -0.092916
v 0.058637 1.394068 -0.092903
v 0.057735 1.391306 -0.092688
v 0.053688 1.390598 -0.091801
v 0.049629 1.390121 -0.090856
v 0.078833 1.405582 -0.095343
v 0.071982 1.395433 -0.095189
v 0.065103 1.393727 -0.094006
v 0.066254 1.399830 -0.094091
v 0.066059 1.389805 -0.094436
v 0.065251 1.390429 -0.093547
v 0.061962 1.389318 -0.092802
v 0.060426 1.390382 -0.093114
v 0.046596 1.430454 -0.090046
v 0.052880 1.422363 -0.091429
v 0.051852 1.417040 -0.091302
v 0.046746 1.423254 -0.090080
v 0.059306 1.415584 -0.092676
v 0.057359 1.410815 -0.092457
v 0.055360 1.408400 -0.092166
v 0.051418 1.411887 -0.091328
v 0.047070 1.417114 -0.090301
v 0.047038 1.410607 -0.090429
v 0.051707 1.406204 -0.091489
v 0.057238 1.403935 -0.092594
v 0.062667 1.405262 -0.093445
v 0.066787 1.410404 -0.093874
v 0.310390 1.730353 -0.152318
v 0.318124 1.738000 -0.155428
v 0.319999 1.736508 -0.156736
v 0.319166 1.733471 -0.156669
v 0.322462 1.740701 -0.156743
v 0.322519 1.738010 -0.157338
v 0.322172 1.734841 -0.157600
v 0.311210 1.927354 -0.163855
v 0.310763 1.927737 -0.163924
v 0.302687 1.932526 -0.160759
v 0.318112 1.921507 -0.166480
v 0.317604 1.921861 -0.166529
v 0.315731 1.922595 -0.165967
v 0.310159 1.926422 -0.163838
v 0.302222 1.930342 -0.160667
v 0.300523 1.925291 -0.159793
v 0.309932 1.921835 -0.163717
v 0.317710 1.918315 -0.166761
v 0.319846 1.876931 -0.165717
v 0.318002 1.872230 -0.163690
v 0.315773 1.877999 -0.163075
v 0.321134 1.871581 -0.165853
v 0.319644 1.867108 -0.164018
v 0.318569 1.863912 -0.162517
v 0.316912 1.866476 -0.161667
v 0.314432 1.871538 -0.160738
v 0.313313 1.864540 -0.158304
v 0.316704 1.859864 -0.160003
v 0.317339 1.853069 -0.159072
v 0.319069 1.859026 -0.161854
v 0.319760 1.853564 -0.161201
v 0.284317 1.762994 -0.137160
v 0.296699 1.764326 -0.142820
v 0.301931 1.755283 -0.145650
v 0.290304 1.753538 -0.140355
v 0.306630 1.764616 -0.147834
v 0.310462 1.756207 -0.149910
v 0.312548 1.750980 -0.151196
v 0.307552 1.748516 -0.148858
v 0.296785 1.745972 -0.144006
v 0.302934 1.739073 -0.147799
v 0.314911 1.743297 -0.153094
v 0.317502 1.749440 -0.153896
v 0.322528 1.749020 -0.155986
v 0.322076 1.744186 -0.156041
v 0.274728 1.684996 -0.133471
v 0.289676 1.687808 -0.140366
v 0.299913 1.685190 -0.144639
v 0.290001 1.682421 -0.139872
v 0.301270 1.689816 -0.145938
v 0.308670 1.687121 -0.148944
v 0.312800 1.684610 -0.150684
v 0.308988 1.682357 -0.148724
v 0.301234 1.679720 -0.144925
v 0.316770 1.672438 -0.152980
v 0.309904 1.676453 -0.149206
v 0.317405 1.678938 -0.152825
v 0.320954 1.674339 -0.154702
v 0.318192 1.684030 -0.153289
v 0.322936 1.683879 -0.155026
v 0.322834 1.678383 -0.154864
v 0.323394 1.674117 -0.155190
v 0.294622 1.935794 -0.157428
v 0.294437 1.933599 -0.157395
v 0.288757 1.935372 -0.154887
v 0.287122 1.937252 -0.154153
v 0.280091 1.936735 -0.150888
v 0.273238 1.934416 -0.147349
v 0.284767 1.933725 -0.152959
v 0.279055 1.930515 -0.149871
v 0.286525 1.924908 -0.153080
v 0.291719 1.929768 -0.156019
v 0.275377 1.750992 -0.134005
v 0.268981 1.760080 -0.130710
v 0.281638 1.743927 -0.137415
v 0.267555 1.742771 -0.131571
v 0.258153 1.747370 -0.127308
v 0.249870 1.756093 -0.123417
v 0.176757 1.744237 -0.100175
v 0.225021 1.751475 -0.114865
v 0.240006 1.741963 -0.121033
v 0.225162 1.734635 -0.116231
v 0.261966 1.737919 -0.129982
v 0.255047 1.731509 -0.127915
v 0.281701 1.730455 -0.139281
v 0.284026 1.737288 -0.139413
v 0.289988 1.573223 -0.140556
v 0.300997 1.568925 -0.147371
v 0.292987 1.563265 -0.143225
v 0.282444 1.565201 -0.137046
v 0.307761 1.565369 -0.151917
v 0.300678 1.560410 -0.148137
v 0.294281 1.556657 -0.144528
v 0.287101 1.557300 -0.140173
v 0.277117 1.558277 -0.134415
v 0.273133 1.551382 -0.132451
v 0.283858 1.550933 -0.138609
v 0.294589 1.552142 -0.145021
v 0.250824 1.951837 -0.142483
v 0.253735 1.952000 -0.143571
v 0.255491 1.950925 -0.143966
v 0.251412 1.953505 -0.142408
v 0.255201 1.953344 -0.143793
v 0.258634 1.952835 -0.144990
v 0.273403 1.950763 -0.151463
v 0.276271 1.952245 -0.152996
v 0.270071 1.953141 -0.149809
v 0.275197 1.954158 -0.152196
v 0.210124 1.871260 -0.112533
v 0.225487 1.882791 -0.118415
v 0.232605 1.871960 -0.119013
v 0.225272 1.858150 -0.115648
v 0.234171 1.890962 -0.122224
v 0.239391 1.880819 -0.122192
v 0.244144 1.873118 -0.122885
v 0.242102 1.864209 -0.121425
v 0.237762 1.850195 -0.119138
v 0.272517 1.830508 -0.132456
v 0.251237 1.842373 -0.123847
v 0.253130 1.859008 -0.125303
v 0.265188 1.855909 -0.130257
v 0.250930 1.873146 -0.125557
v 0.260209 1.872074 -0.129478
v 0.255868 1.886646 -0.129748
v 0.246751 1.885813 -0.125663
v 0.241582 1.898138 -0.126055
v 0.267440 1.680153 -0.129716
v 0.253750 1.680428 -0.124103
v 0.255961 1.684319 -0.125654
v 0.259846 1.675445 -0.126027
v 0.248320 1.676221 -0.121321
v 0.240223 1.676901 -0.118249
v 0.240471 1.679804 -0.118886
v 0.240462 1.683389 -0.119590
v 0.202126 1.680474 -0.106347
v 0.224328 1.682099 -0.113694
v 0.227014 1.678044 -0.113740
v 0.214201 1.675242 -0.108826
v 0.232102 1.674489 -0.114858
v 0.222027 1.671260 -0.110678
v 0.244213 1.661627 -0.118906
v 0.230406 1.667202 -0.113356
v 0.240280 1.671684 -0.117664
v 0.252232 1.669962 -0.122522
v 0.262656 1.656606 -0.127875
v 0.255542 1.649421 -0.124142
v 0.240622 1.651075 -0.116765
v 0.277969 1.652994 -0.135851
v 0.269636 1.646715 -0.131416
v 0.264129 1.641734 -0.128216
v 0.253604 1.641654 -0.122693
v 0.240488 1.642123 -0.116122
v 0.245387 1.621150 -0.117281
v 0.242263 1.632879 -0.116422
v 0.256270 1.633767 -0.123522
v 0.261753 1.625813 -0.125700
v 0.269626 1.636971 -0.130801
v 0.276035 1.630545 -0.133640
v 0.307395 1.642952 -0.151833
v 0.290387 1.636014 -0.141936
v 0.281699 1.642312 -0.137664
v 0.292649 1.648971 -0.143697
v 0.214488 1.565315 -0.105052
v 0.237333 1.571140 -0.114422
v 0.242968 1.562308 -0.117134
v 0.235313 1.554872 -0.113824
v 0.254741 1.572941 -0.122464
v 0.255531 1.565462 -0.123061
v 0.257428 1.560456 -0.124029
v 0.251777 1.556471 -0.121297
v 0.247809 1.549608 -0.119494
v 0.259403 1.545903 -0.125240
v 0.262148 1.553110 -0.126530
v 0.266123 1.559436 -0.128477
v 0.269217 1.566042 -0.129944
v 0.271653 1.573371 -0.130852
v 0.219343 1.457778 -0.118418
v 0.245213 1.453240 -0.130445
v 0.247983 1.444624 -0.133151
v 0.235321 1.441971 -0.127454
v 0.262258 1.451424 -0.139161
v 0.261631 1.444684 -0.140019
v 0.261919 1.439781 -0.140813
v 0.254478 1.437512 -0.137271
v 0.245600 1.433842 -0.133318
v 0.254546 1.426873 -0.138654
v 0.262694 1.431778 -0.142148
v 0.269479 1.437065 -0.145069
v 0.274325 1.442985 -0.146837
v 0.277589 1.449982 -0.147343
v 0.283979 1.479111 -0.144146
v 0.271643 1.475323 -0.138456
v 0.263998 1.486010 -0.132790
v 0.287022 1.468746 -0.148113
v 0.276210 1.466460 -0.142778
v 0.267040 1.464556 -0.138459
v 0.260068 1.469348 -0.133929
v 0.250867 1.478037 -0.128003
v 0.237679 1.470042 -0.123712
v 0.250678 1.461863 -0.131146
v 0.264545 1.458643 -0.138649
v 0.277972 1.458104 -0.145727
v 0.290200 1.459272 -0.152053
v 0.272998 1.409263 -0.149269
v 0.270874 1.405884 -0.149050
v 0.264840 1.408098 -0.146581
v 0.278215 1.403499 -0.151971
v 0.275904 1.401757 -0.151437
v 0.274322 1.400028 -0.151235
v 0.270348 1.401449 -0.149705
v 0.264859 1.402218 -0.147756
v 0.288608 1.395351 -0.156803
v 0.286160 1.394362 -0.156023
v 0.280439 1.396890 -0.153704
v 0.283109 1.398682 -0.154401
v 0.285039 1.392607 -0.155248
v 0.281139 1.393244 -0.153834
v 0.277377 1.393458 -0.152610
v 0.276039 1.396868 -0.152266
v 0.238956 1.541604 -0.115867
v 0.230326 1.537730 -0.112737
v 0.248835 1.540252 -0.120201
v 0.252404 1.532039 -0.122246
v 0.248728 1.528289 -0.120939
v 0.244120 1.521230 -0.119693
v 0.259575 1.507872 -0.127884
v 0.261473 1.518228 -0.127648
v 0.260876 1.527776 -0.126577
v 0.259415 1.537198 -0.125431
v 0.213455 1.950528 -0.131663
v 0.216957 1.950837 -0.132711
v 0.219807 1.950343 -0.133403
v 0.212493 1.952386 -0.131148
v 0.217297 1.952231 -0.132489
v 0.221559 1.952126 -0.133639
v 0.170893 1.912935 -0.107583
v 0.166707 1.924729 -0.109533
v 0.176402 1.928450 -0.113699
v 0.183295 1.919761 -0.113315
v 0.161106 1.933980 -0.110729
v 0.170180 1.936260 -0.114254
v 0.177765 1.938612 -0.117319
v 0.184983 1.934691 -0.118284
v 0.192940 1.927485 -0.118598
v 0.202479 1.935853 -0.124075
v 0.192115 1.943497 -0.123151
v 0.203725 1.948555 -0.128174
v 0.177714 1.944189 -0.119018
v 0.176069 1.949911 -0.119609
v 0.188517 1.950244 -0.123394
v 0.198716 1.951558 -0.126832
v 0.172186 1.648830 -0.094556
v 0.198568 1.639192 -0.100171
v 0.199951 1.627607 -0.099785
v 0.187826 1.629772 -0.096396
v 0.213869 1.632310 -0.104587
v 0.212588 1.623038 -0.103670
v 0.212361 1.614904 -0.103260
v 0.205062 1.614011 -0.100776
v 0.196195 1.613447 -0.097936
v 0.203578 1.594858 -0.100236
v 0.212652 1.599560 -0.103347
v 0.223734 1.587147 -0.107925
v 0.219873 1.607511 -0.105994
v 0.231048 1.599438 -0.110619
v 0.237726 1.610094 -0.113466
v 0.224843 1.616756 -0.108129
v 0.228069 1.626282 -0.109776
v 0.226779 1.651174 -0.110480
v 0.224101 1.658485 -0.110013
v 0.228403 1.643299 -0.110594
v 0.219743 1.644440 -0.107113
v 0.215067 1.649859 -0.105780
v 0.210404 1.656349 -0.104703
v 0.196414 1.653627 -0.100352
v 0.205224 1.646194 -0.102405
v 0.216639 1.639759 -0.105804
v 0.228866 1.635216 -0.110413
v 0.212863 1.532413 -0.106657
v 0.199539 1.533076 -0.101976
v 0.195233 1.553902 -0.099048
v 0.213766 1.508486 -0.109259
v 0.201469 1.512282 -0.104588
v 0.192080 1.514998 -0.101276
v 0.187432 1.528378 -0.098582
v 0.182075 1.545417 -0.095647
v 0.168201 1.536558 -0.092777
v 0.176259 1.519178 -0.096423
v 0.165665 1.506289 -0.095115
v 0.187394 1.504446 -0.101135
v 0.180169 1.491366 -0.100756
v 0.195655 1.476459 -0.107484
v 0.200752 1.493080 -0.106716
v 0.215695 1.485698 -0.112802
v 0.214264 1.438882 -0.119427
v 0.196920 1.439137 -0.113666
v 0.192730 1.451857 -0.110343
v 0.212264 1.427639 -0.120743
v 0.197508 1.429034 -0.115695
v 0.185294 1.430268 -0.111825
v 0.179769 1.436986 -0.108975
v 0.173094 1.447531 -0.105275
v 0.154100 1.443112 -0.101078
v 0.164631 1.432722 -0.105782
v 0.152674 1.426400 -0.104199
v 0.178618 1.425634 -0.111040
v 0.170455 1.419851 -0.110348
v 0.208127 1.407600 -0.124434
v 0.187942 1.413943 -0.116695
v 0.194433 1.420882 -0.116672
v 0.210481 1.418232 -0.122326
v 0.181168 1.903505 -0.108539
v 0.170967 1.896645 -0.104134
v 0.161755 1.903442 -0.102807
v 0.189671 1.894995 -0.109478
v 0.178985 1.888943 -0.105189
v 0.169358 1.885607 -0.102070
v 0.160639 1.890010 -0.100377
v 0.150997 1.896338 -0.098856
v 0.116622 1.877140 -0.090147
v 0.137941 1.888886 -0.095101
v 0.151575 1.881347 -0.097372
v 0.146250 1.867294 -0.095261
v 0.168153 1.877864 -0.101046
v 0.167504 1.864408 -0.099967
v 0.187458 1.864794 -0.105286
v 0.184353 1.879155 -0.105602
v 0.198045 1.885631 -0.110647
v 0.203771 1.842041 -0.108380
v 0.186572 1.844280 -0.103701
v 0.197674 1.815903 -0.105506
v 0.182303 1.821776 -0.101535
v 0.170398 1.829424 -0.098778
v 0.168687 1.845918 -0.099150
v 0.150427 1.845117 -0.094931
v 0.132520 1.840678 -0.091021
v 0.159949 1.821292 -0.096079
v 0.145599 1.812347 -0.092729
v 0.158913 1.783883 -0.095320
v 0.173315 1.800260 -0.098787
v 0.190146 1.787515 -0.103016
v 0.145464 1.698548 -0.094250
v 0.172714 1.700436 -0.100292
v 0.178527 1.695513 -0.101686
v 0.163302 1.693442 -0.097830
v 0.191896 1.701274 -0.105415
v 0.193961 1.696522 -0.105930
v 0.195622 1.693290 -0.106146
v 0.187326 1.691607 -0.103694
v 0.175839 1.689580 -0.100521
v 0.187493 1.685681 -0.103105
v 0.198297 1.688581 -0.106446
v 0.211284 1.686539 -0.110113
v 0.205483 1.692130 -0.108998
v 0.218046 1.690938 -0.112888
v 0.225975 1.695504 -0.116192
v 0.210010 1.696481 -0.110892
v 0.211603 1.701713 -0.111663
v 0.084463 1.711241 -0.085536
v 0.074446 1.713137 -0.084586
v 0.089773 1.716582 -0.086763
v 0.100237 1.714950 -0.087809
v 0.066883 1.714869 -0.084141
v 0.080481 1.718119 -0.086053
v 0.094559 1.720875 -0.087828
v 0.106398 1.720755 -0.089070
v 0.119034 1.719613 -0.090469
v 0.141340 1.726658 -0.093844
v 0.121264 1.726628 -0.091319
v 0.127625 1.733344 -0.092356
v 0.097166 1.724148 -0.088476
v 0.097921 1.729041 -0.088787
v 0.065049 1.943129 -0.094108
v 0.057999 1.948169 -0.092583
v 0.064621 1.951883 -0.094275
v 0.071758 1.947890 -0.095847
v 0.053385 1.951868 -0.090916
v 0.056830 1.953965 -0.091759
v 0.058989 1.954947 -0.092030
v 0.064470 1.954639 -0.093695
v 0.072405 1.954661 -0.095737
v 0.073803 1.952928 -0.096624
v 0.078468 1.950467 -0.097587
v 0.084362 1.539211 -0.083579
v 0.073806 1.544975 -0.082927
v 0.080020 1.550498 -0.082445
v 0.090360 1.547618 -0.083038
v 0.065555 1.548301 -0.082421
v 0.071292 1.552783 -0.081987
v 0.076578 1.556407 -0.081756
v 0.084244 1.556464 -0.082006
v 0.094492 1.555144 -0.082545
v 0.097121 1.563568 -0.082144
v 0.085172 1.562743 -0.081633
v 0.082146 1.568609 -0.081429
v 0.074262 1.559426 -0.081492
v 0.071194 1.563101 -0.081362
v 0.095952 1.467795 -0.087633
v 0.093705 1.449718 -0.089870
v 0.086460 1.450546 -0.090173
v 0.084406 1.462509 -0.088711
v 0.090477 1.435614 -0.091705
v 0.084899 1.438543 -0.091708
v 0.080519 1.441660 -0.091687
v 0.079469 1.449952 -0.090783
v 0.076444 1.460155 -0.089641
v 0.061010 1.455175 -0.091228
v 0.068945 1.457994 -0.090508
v 0.072853 1.447308 -0.091552
v 0.066587 1.443281 -0.092143
v 0.076401 1.436971 -0.092449
v 0.070619 1.432056 -0.093026
v 0.074250 1.420548 -0.093910
v 0.080566 1.428105 -0.093092
v 0.085960 1.422341 -0.093459
v 0.105723 1.459540 -0.088912
v 0.100166 1.446644 -0.090215
v 0.111924 1.453024 -0.090313
v 0.105468 1.442123 -0.091160
v 0.100847 1.434559 -0.091906
v 0.096197 1.434449 -0.091740
v 0.093284 1.423297 -0.093321
v 0.092444 1.414231 -0.094838
v 0.101193 1.428065 -0.093039
v 0.101943 1.420998 -0.094451
v 0.112349 1.427795 -0.094671
v 0.109693 1.435539 -0.092796
v 0.118616 1.446034 -0.092481
v 0.063816 1.853966 -0.083389
v 0.064614 1.839076 -0.081748
v 0.058349 1.828984 -0.081348
v 0.058102 1.841141 -0.082559
v 0.066416 1.826066 -0.080940
v 0.060165 1.818796 -0.080723
v 0.056982 1.814592 -0.080657
v 0.055614 1.817708 -0.080792
v 0.053263 1.817972 -0.080257
v 0.054012 1.826889 -0.080820
v 0.054054 1.835241 -0.081714
v 0.076312 1.795640 -0.081445
v 0.062130 1.793974 -0.080479
v 0.060110 1.805694 -0.080419
v 0.069759 1.812400 -0.080831
v 0.054251 1.792361 -0.079574
v 0.053773 1.798567 -0.079576
v 0.052796 1.802765 -0.079665
v 0.055702 1.807799 -0.080422
v 0.060311 1.694125 -0.079985
v 0.067315 1.689457 -0.080131
v 0.058185 1.687696 -0.078948
v 0.054599 1.691951 -0.079011
v 0.075899 1.685985 -0.080765
v 0.065959 1.684495 -0.079561
v 0.060560 1.683087 -0.079055
v 0.055995 1.683969 -0.078631
v 0.052225 1.684350 -0.077772
v 0.052428 1.688040 -0.077856
v 0.051489 1.691709 -0.078084
v 0.073133 1.681401 -0.080459
v 0.087075 1.682844 -0.082156
v 0.062221 1.680686 -0.079405
v 0.053226 1.523732 -0.084621
v 0.051017 1.521388 -0.084641
v 0.049803 1.524085 -0.084572
v 0.050737 1.526613 -0.084453
v 0.049222 1.520971 -0.083931
v 0.048689 1.524000 -0.083884
v 0.048872 1.526981 -0.083668
v 0.055708 1.939428 -0.091998
v 0.050886 1.943894 -0.090804
v 0.050201 1.935046 -0.090724
v 0.047538 1.938084 -0.089998
v 0.045532 1.939029 -0.088867
v 0.046249 1.943667 -0.089100
v 0.044701 1.947344 -0.089432
v 0.049157 1.948947 -0.089873
v 0.057212 1.446006 -0.091680
v 0.052967 1.450579 -0.091400
v 0.053916 1.458364 -0.091139
v 0.053618 1.439582 -0.091486
v 0.050500 1.444802 -0.091194
v 0.048701 1.448088 -0.091098
v 0.049389 1.452587 -0.091217
v 0.049695 1.458842 -0.091104
v 0.044106 1.437931 -0.089618
v 0.046845 1.441609 -0.090504
v 0.050183 1.434747 -0.090944
v 0.042577 1.441601 -0.088823
v 0.043925 1.444276 -0.089424
v 0.044144 1.447945 -0.089653
v 0.046423 1.447447 -0.090674
v 0.071777 1.779306 -0.081432
v 0.060849 1.782444 -0.080540
v 0.066360 1.768630 -0.081465
v 0.058113 1.772310 -0.080650
v 0.052819 1.773520 -0.079741
v 0.053817 1.783432 -0.079597
v 0.099698 1.537206 -0.084105
v 0.098327 1.529446 -0.084252
v 0.086441 1.529795 -0.083954
v 0.113171 1.534801 -0.084888
v 0.109917 1.527589 -0.084847
v 0.106199 1.522605 -0.084630
v 0.097811 1.522189 -0.084251
v 0.087210 1.521888 -0.084013
v 0.084981 1.505874 -0.084048
v 0.086980 1.514377 -0.084014
v 0.098692 1.515309 -0.084300
v 0.100034 1.508193 -0.084424
v 0.110040 1.518219 -0.084886
v 0.113030 1.511713 -0.085167
v 0.126154 1.516430 -0.086365
v 0.120005 1.523532 -0.085648
v 0.126780 1.531582 -0.086084
v 0.180067 1.626992 -0.093991
v 0.166720 1.636417 -0.092154
v 0.188306 1.613759 -0.095431
v 0.182480 1.613937 -0.093755
v 0.175239 1.621293 -0.092403
v 0.163238 1.628229 -0.090694
v 0.159041 1.619088 -0.089450
v 0.172023 1.612508 -0.091411
v 0.169559 1.601046 -0.090719
v 0.182736 1.605215 -0.093701
v 0.181413 1.593311 -0.093420
v 0.193583 1.582583 -0.097191
v 0.193012 1.598483 -0.096685
v 0.200589 1.725119 -0.107337
v 0.186043 1.719382 -0.102690
v 0.168864 1.723495 -0.098390
v 0.213225 1.716233 -0.111699
v 0.198382 1.713344 -0.106580
v 0.188684 1.710781 -0.103703
v 0.177800 1.712656 -0.100655
v 0.162479 1.714221 -0.097162
v 0.155424 1.706792 -0.096068
v 0.173333 1.706325 -0.100018
v 0.190041 1.706461 -0.104484
v 0.206830 1.707432 -0.109744
v 0.225029 1.709455 -0.116234
v 0.190494 1.911117 -0.113308
v 0.198852 1.918563 -0.117983
v 0.202075 1.911013 -0.117090
v 0.197639 1.903430 -0.113817
v 0.205583 1.897609 -0.115305
v 0.214367 1.894375 -0.117533
v 0.208392 1.911109 -0.119274
v 0.215972 1.911138 -0.121719
v 0.216084 1.927135 -0.125842
v 0.207383 1.924315 -0.122358
v 0.258412 1.406008 -0.144630
v 0.254823 1.409985 -0.142257
v 0.259276 1.401402 -0.145956
v 0.254992 1.400206 -0.144610
v 0.252655 1.402188 -0.143235
v 0.248624 1.404325 -0.141033
v 0.225817 1.411664 -0.129501
v 0.229679 1.406448 -0.132335
v 0.221551 1.402616 -0.130270
v 0.237864 1.414717 -0.133550
v 0.238866 1.409551 -0.135293
v 0.238813 1.405826 -0.136256
v 0.233640 1.402701 -0.134917
v 0.228073 1.399528 -0.133518
v 0.247527 1.410917 -0.138769
v 0.249010 1.416961 -0.137925
v 0.243372 1.405344 -0.138425
v 0.296534 1.487058 -0.149286
v 0.294824 1.478673 -0.150189
v 0.305333 1.482978 -0.155123
v 0.303443 1.476333 -0.155650
v 0.302113 1.471211 -0.156118
v 0.296148 1.470348 -0.152881
v 0.299449 1.462556 -0.156536
v 0.305943 1.466811 -0.159340
v 0.299458 1.499782 -0.148856
v 0.303010 1.493113 -0.151641
v 0.308866 1.502994 -0.153560
v 0.309809 1.497198 -0.154735
v 0.311280 1.493328 -0.156266
v 0.308535 1.489080 -0.155559
v 0.308091 1.931665 -0.163507
v 0.302531 1.935536 -0.161676
v 0.307130 1.930650 -0.162493
v 0.301971 1.934277 -0.160799
v 0.298164 1.936884 -0.159608
v 0.297140 1.938787 -0.159799
v 0.291746 1.941532 -0.157722
v 0.295226 1.938201 -0.158330
v 0.299757 1.935107 -0.159664
v 0.305386 1.931421 -0.161606
v 0.319341 1.727451 -0.156704
v 0.320116 1.722543 -0.156704
v 0.313901 1.722219 -0.153843
v 0.322471 1.726663 -0.157672
v 0.322897 1.722164 -0.157427
v 0.323340 1.718147 -0.157184
v 0.321238 1.718101 -0.156863
v 0.316471 1.717602 -0.154751
v 0.317494 1.714431 -0.155045
v 0.321847 1.714932 -0.156930
v 0.322269 1.712707 -0.157030
v 0.323618 1.715115 -0.157056
v 0.323919 1.712802 -0.157086
v 0.322229 1.879930 -0.167255
v 0.324764 1.881537 -0.167827
v 0.324730 1.875766 -0.167389
v 0.322833 1.874469 -0.167110
v 0.082904 1.397513 -0.097115
v 0.077129 1.395221 -0.096236
v 0.083646 1.393758 -0.097214
v 0.076221 1.392372 -0.095816
v 0.308342 1.409256 -0.164138
v 0.311919 1.404707 -0.165273
v 0.307605 1.400706 -0.163826
v 0.313438 1.413494 -0.165828
v 0.315674 1.408770 -0.166471
v 0.317184 1.405787 -0.166924
v 0.315595 1.402320 -0.166436
v 0.312585 1.398434 -0.165478
v 0.307687 1.837093 -0.151159
v 0.301140 1.850071 -0.148194
v 0.311718 1.824603 -0.153260
v 0.305925 1.827392 -0.149855
v 0.300500 1.836141 -0.146923
v 0.292833 1.847325 -0.143232
v 0.284106 1.842673 -0.138471
v 0.294703 1.831152 -0.143684
v 0.292545 1.821958 -0.142378
v 0.304875 1.821150 -0.149276
v 0.304375 1.812802 -0.148907
v 0.269181 1.949266 -0.149136
v 0.267318 1.946549 -0.147445
v 0.263639 1.947603 -0.146219
v 0.263688 1.949647 -0.146829
v 0.264206 1.952350 -0.147069
v 0.266796 1.952455 -0.148213
v 0.258689 1.949229 -0.144662
v 0.253698 1.945915 -0.141681
v 0.261500 1.952358 -0.145965
v 0.260559 1.946217 -0.144466
v 0.256784 1.943211 -0.141963
v 0.261215 1.940657 -0.143031
v 0.264578 1.944030 -0.145445
v 0.206605 1.399911 -0.126072
v 0.192108 1.399007 -0.122149
v 0.188112 1.403405 -0.119797
v 0.206054 1.395672 -0.126444
v 0.192824 1.395452 -0.122683
v 0.179714 1.395012 -0.119182
v 0.178676 1.397533 -0.118887
v 0.173936 1.400486 -0.116808
v 0.094505 1.784432 -0.083728
v 0.086855 1.772605 -0.083220
v 0.114155 1.773649 -0.086895
v 0.103795 1.764042 -0.085843
v 0.092872 1.759673 -0.084776
v 0.079182 1.763546 -0.082972
v 0.126707 1.744392 -0.091211
v 0.119314 1.754171 -0.088952
v 0.137449 1.762360 -0.091392
v 0.096896 1.746268 -0.086964
v 0.095819 1.753144 -0.085883
v 0.042825 1.427759 -0.088892
v 0.041801 1.432900 -0.088571
v 0.043969 1.421963 -0.089400
v 0.042299 1.425347 -0.088299
v 0.040777 1.430687 -0.087650
v 0.039761 1.435189 -0.087327
v 0.044274 1.415571 -0.089656
v 0.042923 1.419168 -0.088652
v 0.066592 1.639484 -0.084334
v 0.057108 1.634072 -0.083749
v 0.055296 1.639859 -0.084079
v 0.068708 1.633496 -0.083823
v 0.058748 1.628354 -0.083194
v 0.052653 1.624698 -0.082311
v 0.051939 1.630066 -0.082871
v 0.051303 1.636027 -0.083270
v 0.076993 1.622407 -0.082330
v 0.061064 1.618409 -0.081862
v 0.060452 1.623252 -0.082528
v 0.071963 1.628619 -0.083181
v 0.053618 1.615403 -0.081166
v 0.053340 1.619752 -0.081710
v 0.052728 1.864636 -0.088402
v 0.052804 1.859788 -0.087690
v 0.051704 1.860772 -0.088089
v 0.050908 1.861654 -0.088341
v 0.051785 1.858783 -0.086795
v 0.050729 1.860811 -0.087396
v 0.049604 1.861546 -0.087612
v 0.049889 1.862879 -0.088401
v 0.050371 1.868003 -0.088730
v 0.048616 1.862840 -0.087698
v 0.048173 1.868070 -0.087925
v 0.113102 1.737761 -0.090101
v 0.091468 1.733792 -0.087852
v 0.083636 1.737400 -0.086629
v 0.091020 1.740965 -0.087017
v 0.115508 1.695923 -0.088587
v 0.107762 1.699879 -0.087864
v 0.125294 1.703270 -0.090917
v 0.094022 1.694456 -0.084866
v 0.090086 1.698117 -0.084869
v 0.086939 1.700972 -0.084783
v 0.096523 1.703108 -0.086472
v 0.109790 1.706401 -0.088683
v 0.096272 1.709018 -0.086908
v 0.084092 1.705500 -0.084904
v 0.072216 1.707539 -0.083529
v 0.076212 1.701960 -0.083342
v 0.064886 1.703579 -0.082002
v 0.061624 1.699151 -0.080913
v 0.074169 1.698058 -0.082492
v 0.075874 1.694015 -0.082064
v 0.079362 1.945003 -0.097180
v 0.075641 1.941561 -0.096104
v 0.084616 1.947729 -0.098572
v 0.088825 1.945431 -0.099045
v 0.086825 1.942857 -0.098266
v 0.084154 1.939743 -0.097332
v 0.100638 1.933263 -0.098025
v 0.092056 1.937367 -0.098004
v 0.094343 1.941384 -0.099166
v 0.102203 1.940245 -0.099955
v 0.094611 1.945499 -0.100044
v 0.102590 1.945255 -0.101248
v 0.101826 1.500838 -0.084666
v 0.090171 1.497770 -0.084346
v 0.113067 1.503996 -0.085319
v 0.111366 1.497575 -0.085450
v 0.103727 1.493644 -0.085141
v 0.093399 1.490204 -0.084909
v 0.095373 1.481664 -0.085878
v 0.106502 1.486671 -0.085982
v 0.109785 1.479012 -0.087083
v 0.116096 1.495153 -0.086126
v 0.120646 1.490131 -0.087140
v 0.131332 1.502903 -0.087704
v 0.123376 1.505682 -0.086354
v 0.187166 1.570268 -0.095610
v 0.177631 1.561254 -0.093329
v 0.174454 1.572179 -0.091964
v 0.178128 1.581475 -0.092672
v 0.168200 1.587534 -0.090307
v 0.166994 1.572556 -0.090268
v 0.166378 1.555433 -0.090948
v 0.150660 1.690134 -0.094570
v 0.134272 1.691785 -0.091303
v 0.163169 1.687475 -0.097168
v 0.152817 1.685771 -0.094560
v 0.140873 1.686577 -0.092034
v 0.124875 1.687368 -0.088886
v 0.115407 1.683541 -0.086782
v 0.134845 1.682973 -0.090466
v 0.133636 1.678944 -0.089841
v 0.153961 1.683085 -0.094545
v 0.155988 1.679258 -0.094479
v 0.177063 1.679640 -0.099501
v 0.171764 1.683965 -0.098855
v 0.157610 1.916347 -0.104345
v 0.157161 1.924610 -0.106465
v 0.147852 1.920056 -0.102450
v 0.148616 1.926683 -0.104483
v 0.148071 1.931906 -0.105974
v 0.153199 1.932814 -0.107866
v 0.131292 1.927390 -0.100432
v 0.132952 1.934023 -0.102750
v 0.140665 1.930282 -0.103414
v 0.139174 1.923850 -0.101216
v 0.134940 1.939772 -0.105152
v 0.142445 1.935950 -0.105745
v 0.228113 1.434581 -0.125358
v 0.238238 1.429160 -0.130551
v 0.233168 1.425182 -0.129063
v 0.224872 1.426246 -0.125539
v 0.224364 1.418550 -0.127124
v 0.235631 1.420398 -0.131172
v 0.245303 1.423245 -0.134850
v 0.253182 1.687688 -0.125095
v 0.266813 1.688863 -0.130764
v 0.239770 1.686745 -0.119871
v 0.238979 1.689156 -0.119921
v 0.247115 1.690587 -0.123190
v 0.258673 1.692042 -0.127984
v 0.250423 1.695740 -0.125311
v 0.238117 1.693223 -0.120221
v 0.230103 1.689934 -0.116855
v 0.225785 1.686221 -0.114846
v 0.273510 1.805968 -0.132153
v 0.257954 1.799172 -0.125547
v 0.251272 1.813202 -0.123185
v 0.276115 1.789492 -0.133033
v 0.262574 1.785445 -0.127298
v 0.251252 1.779743 -0.122903
v 0.242819 1.785383 -0.119774
v 0.233509 1.794956 -0.116469
v 0.213254 1.774462 -0.109967
v 0.229800 1.768115 -0.115590
v 0.248664 1.768525 -0.122267
v 0.265270 1.772006 -0.128654
v 0.279638 1.775128 -0.134705
v 0.298247 1.900556 -0.155764
v 0.289334 1.901520 -0.150735
v 0.284673 1.912524 -0.150225
v 0.300883 1.887292 -0.154734
v 0.292980 1.889830 -0.150449
v 0.285730 1.892306 -0.146736
v 0.280389 1.900392 -0.145435
v 0.274419 1.910095 -0.144113
v 0.264537 1.907834 -0.138346
v 0.273037 1.896899 -0.140638
v 0.267916 1.890908 -0.136614
v 0.283832 1.886678 -0.144464
v 0.281527 1.879507 -0.141649
v 0.295009 1.868241 -0.147283
v 0.295032 1.878408 -0.149311
v 0.304569 1.873297 -0.154166
v 0.297953 1.809014 -0.144827
v 0.290259 1.809483 -0.140449
v 0.306510 1.803298 -0.149755
v 0.309299 1.795695 -0.150979
v 0.306043 1.795789 -0.148836
v 0.302244 1.794032 -0.146348
v 0.303486 1.397077 -0.162382
v 0.297332 1.400053 -0.160046
v 0.308556 1.395413 -0.164130
v 0.304504 1.393954 -0.162729
v 0.299960 1.394696 -0.161106
v 0.294124 1.397055 -0.158836
v 0.291290 1.395862 -0.157749
v 0.297536 1.393732 -0.160195
v 0.295320 1.393507 -0.159396
v 0.304434 1.393384 -0.162668
v 0.303056 1.393273 -0.162158
v 0.293037 1.393156 -0.158574
v 0.301030 1.393102 -0.161383
v 0.298989 1.392146 -0.160112
v 0.291520 1.392203 -0.157523
v 0.217712 1.398793 -0.129903
v 0.224926 1.397180 -0.132868
v 0.224239 1.394861 -0.132546
v 0.216645 1.395387 -0.129820
v 0.322333 1.672848 -0.155387
v 0.321767 1.671564 -0.155448
v 0.323576 1.672491 -0.155308
v 0.323312 1.671126 -0.155489
v 0.316668 1.647465 -0.157083
v 0.317287 1.642299 -0.157810
v 0.315155 1.637200 -0.156475
v 0.320578 1.648316 -0.158575
v 0.320293 1.641751 -0.158898
v 0.319684 1.635394 -0.158529
v 0.272842 1.581172 -0.130774
v 0.288030 1.581074 -0.138524
v 0.256255 1.581772 -0.122636
v 0.259696 1.590908 -0.123671
v 0.274588 1.588931 -0.130962
v 0.288130 1.587709 -0.137845
v 0.277999 1.596387 -0.132309
v 0.290565 1.594088 -0.138784
v 0.264510 1.599409 -0.125655
v 0.270597 1.607083 -0.128703
v 0.282684 1.603818 -0.134778
v 0.244728 1.594057 -0.116686
v 0.251011 1.604000 -0.119346
v 0.258813 1.612427 -0.123203
v 0.239308 1.582749 -0.114770
v 0.313661 1.927120 -0.165298
v 0.318234 1.922670 -0.166771
v 0.316443 1.923145 -0.165736
v 0.312533 1.926385 -0.164302
v 0.311825 1.926583 -0.163910
v 0.317475 1.921896 -0.166064
v 0.312995 1.884752 -0.162401
v 0.311514 1.878765 -0.160139
v 0.309091 1.885302 -0.159823
v 0.309517 1.891381 -0.161308
v 0.304935 1.896664 -0.159238
v 0.306249 1.885840 -0.157945
v 0.309391 1.874462 -0.157637
v 0.319415 1.847626 -0.159680
v 0.320631 1.850463 -0.161140
v 0.322482 1.849500 -0.161380
v 0.322243 1.844715 -0.160497
v 0.300845 1.591569 -0.144298
v 0.308629 1.589060 -0.148768
v 0.305926 1.586626 -0.147389
v 0.299092 1.586997 -0.143609
v 0.300283 1.582156 -0.144888
v 0.304082 1.577411 -0.147824
v 0.308869 1.583842 -0.149446
v 0.312222 1.580293 -0.152005
v 0.311156 1.573590 -0.152568
v 0.315948 1.577445 -0.154645
v 0.320044 1.576032 -0.156523
v 0.318993 1.573597 -0.156348
v 0.319414 1.570604 -0.157154
v 0.314113 1.569378 -0.155053
v 0.302411 1.508746 -0.150040
v 0.307937 1.517609 -0.153060
v 0.311603 1.515359 -0.154864
v 0.310068 1.509797 -0.153966
v 0.304978 1.432191 -0.162603
v 0.310915 1.429133 -0.165013
v 0.309365 1.423696 -0.164576
v 0.305237 1.423583 -0.163047
v 0.306300 1.415853 -0.163505
v 0.311379 1.419089 -0.165250
v 0.267441 1.881171 -0.134328
v 0.279443 1.872666 -0.139066
v 0.278002 1.867283 -0.137362
v 0.270140 1.869779 -0.133787
v 0.275839 1.856624 -0.135200
v 0.284536 1.858685 -0.139741
v 0.290962 1.862195 -0.143793
v 0.301228 1.719060 -0.148110
v 0.290538 1.722162 -0.143538
v 0.306380 1.715885 -0.150191
v 0.295775 1.713966 -0.145493
v 0.287006 1.714728 -0.141799
v 0.273781 1.716094 -0.136221
v 0.257829 1.710246 -0.129418
v 0.275852 1.710217 -0.136928
v 0.292759 1.711472 -0.144097
v 0.307337 1.713126 -0.150484
v 0.266919 1.696361 -0.132170
v 0.284499 1.695891 -0.139660
v 0.282659 1.693666 -0.138388
v 0.271682 1.693064 -0.133543
v 0.279952 1.690379 -0.136560
v 0.291860 1.692118 -0.142141
v 0.280582 1.678899 -0.135329
v 0.291330 1.676948 -0.140165
v 0.282814 1.674682 -0.136176
v 0.272691 1.674935 -0.131588
v 0.268008 1.670471 -0.129500
v 0.268056 1.665767 -0.129847
v 0.283987 1.672043 -0.136840
v 0.286529 1.668585 -0.138442
v 0.302963 1.670727 -0.146304
v 0.298351 1.674165 -0.143629
v 0.290854 1.403513 -0.157272
v 0.288649 1.400400 -0.156463
v 0.284744 1.403476 -0.154631
v 0.284551 1.406812 -0.154372
v 0.278310 1.409103 -0.151478
v 0.281543 1.403790 -0.153243
v 0.285914 1.399324 -0.155388
v 0.223774 1.950595 -0.134476
v 0.226057 1.952216 -0.134850
v 0.248386 1.951799 -0.141592
v 0.248124 1.953229 -0.141218
v 0.262022 1.933210 -0.141593
v 0.257295 1.936139 -0.140133
v 0.257624 1.927167 -0.138289
v 0.253625 1.931072 -0.137341
v 0.251625 1.934718 -0.137456
v 0.253508 1.938847 -0.139332
v 0.250285 1.940797 -0.138781
v 0.248884 1.934076 -0.136361
v 0.250171 1.926336 -0.134965
v 0.254479 1.919500 -0.135389
v 0.304271 1.629698 -0.149273
v 0.292836 1.627736 -0.142444
v 0.300766 1.619767 -0.146265
v 0.291368 1.619385 -0.140718
v 0.283362 1.618900 -0.136242
v 0.280714 1.623874 -0.135386
v 0.269221 1.618831 -0.128840
v 0.277624 1.613862 -0.132706
v 0.287441 1.611515 -0.137803
v 0.297524 1.610823 -0.143531
v 0.241452 1.824745 -0.119591
v 0.227234 1.807694 -0.114257
v 0.223778 1.818888 -0.113213
v 0.230754 1.833268 -0.115981
v 0.218437 1.838260 -0.112349
v 0.212698 1.816010 -0.109749
v 0.209717 1.793432 -0.108607
v 0.272112 1.723781 -0.135458
v 0.258881 1.717983 -0.129863
v 0.246618 1.720127 -0.124717
v 0.249735 1.724912 -0.125996
v 0.224641 1.725850 -0.116103
v 0.231344 1.718439 -0.118587
v 0.242734 1.713243 -0.123181
v 0.124093 1.930316 -0.099916
v 0.125434 1.936918 -0.102164
v 0.117104 1.932225 -0.099443
v 0.117915 1.938762 -0.101528
v 0.118887 1.944023 -0.103379
v 0.126985 1.942410 -0.104327
v 0.129016 1.946583 -0.106206
v 0.137658 1.944698 -0.107547
v 0.119948 1.947688 -0.104720
v 0.120700 1.950629 -0.105089
v 0.130650 1.950139 -0.107099
v 0.139184 1.949486 -0.108879
v 0.110772 1.944849 -0.102361
v 0.111058 1.948430 -0.103329
v 0.102048 1.948982 -0.101903
v 0.101981 1.951787 -0.101795
v 0.111098 1.951198 -0.103354
v 0.109739 1.932935 -0.098826
v 0.110174 1.939641 -0.100774
v 0.252101 1.498121 -0.125636
v 0.241980 1.490228 -0.122255
v 0.235619 1.501555 -0.118180
v 0.239300 1.510847 -0.118693
v 0.226301 1.522973 -0.112399
v 0.226077 1.504433 -0.114167
v 0.229795 1.485833 -0.117984
v 0.208372 1.950723 -0.130174
v 0.206342 1.952337 -0.129330
v 0.204985 1.671241 -0.104953
v 0.193456 1.673656 -0.102306
v 0.212938 1.668106 -0.106860
v 0.206451 1.665616 -0.104265
v 0.198844 1.666515 -0.102203
v 0.187444 1.667935 -0.099545
v 0.181137 1.661213 -0.097194
v 0.195460 1.660732 -0.100573
v 0.207644 1.661908 -0.104229
v 0.219019 1.664024 -0.108523
v 0.177259 1.408674 -0.115249
v 0.165504 1.404893 -0.113243
v 0.158614 1.409528 -0.110083
v 0.163269 1.414001 -0.110029
v 0.147883 1.418281 -0.105006
v 0.148025 1.410180 -0.107243
v 0.177117 1.674770 -0.098424
v 0.173635 1.669876 -0.096600
v 0.161761 1.671610 -0.094267
v 0.159064 1.675057 -0.094341
v 0.140603 1.674442 -0.090551
v 0.122385 1.672732 -0.087442
v 0.151799 1.669774 -0.092067
v 0.137611 1.667463 -0.089631
v 0.152565 1.660807 -0.091862
v 0.165844 1.665043 -0.094339
v 0.152820 1.909071 -0.101366
v 0.144471 1.903246 -0.098228
v 0.141073 1.908626 -0.098265
v 0.144725 1.913618 -0.100119
v 0.136646 1.916911 -0.098937
v 0.129004 1.919903 -0.098073
v 0.134118 1.908977 -0.096850
v 0.126073 1.910904 -0.095728
v 0.122559 1.899198 -0.093401
v 0.133589 1.899303 -0.095346
v 0.118746 1.828523 -0.087811
v 0.105003 1.846590 -0.086140
v 0.130695 1.805869 -0.089493
v 0.119310 1.802445 -0.087262
v 0.108601 1.814128 -0.085588
v 0.096082 1.827196 -0.083914
v 0.087468 1.810864 -0.082502
v 0.101457 1.798826 -0.084408
v 0.118663 1.788423 -0.087216
v 0.138532 1.782323 -0.091000
v 0.147557 1.721051 -0.094505
v 0.145462 1.714319 -0.094087
v 0.131933 1.713749 -0.092000
v 0.127507 1.716748 -0.091436
v 0.110749 1.712708 -0.089032
v 0.122536 1.710294 -0.090618
v 0.137809 1.708332 -0.092933
v 0.147505 1.638357 -0.089652
v 0.140660 1.643700 -0.089807
v 0.147819 1.631836 -0.088825
v 0.134451 1.632456 -0.087366
v 0.128044 1.635715 -0.087223
v 0.118217 1.638654 -0.086952
v 0.097763 1.632146 -0.084591
v 0.111650 1.630269 -0.085171
v 0.100240 1.622935 -0.083550
v 0.127034 1.627923 -0.086180
v 0.118960 1.621078 -0.084839
v 0.136475 1.616306 -0.086323
v 0.143388 1.624432 -0.087663
v 0.144824 1.495481 -0.091178
v 0.133153 1.490919 -0.089078
v 0.140885 1.475961 -0.092583
v 0.130862 1.475800 -0.090335
v 0.124296 1.474450 -0.089222
v 0.123228 1.482115 -0.088226
v 0.113994 1.471465 -0.088226
v 0.118853 1.464929 -0.089593
v 0.125793 1.460411 -0.091505
v 0.136309 1.457470 -0.094289
v 0.074369 1.938007 -0.095655
v 0.066402 1.937586 -0.094223
v 0.081767 1.936959 -0.096661
v 0.080070 1.934577 -0.096192
v 0.074900 1.934042 -0.095448
v 0.068030 1.932715 -0.094290
v 0.071768 1.914397 -0.092765
v 0.069823 1.926212 -0.093983
v 0.077175 1.928893 -0.095138
v 0.080944 1.922456 -0.094442
v 0.083407 1.931686 -0.096159
v 0.087687 1.926755 -0.095628
v 0.093783 1.929743 -0.096640
v 0.088236 1.934327 -0.097035
v 0.103897 1.924139 -0.096080
v 0.097679 1.922861 -0.095361
v 0.106384 1.914077 -0.094096
v 0.100144 1.914157 -0.093657
v 0.095095 1.915068 -0.093520
v 0.091882 1.920647 -0.094560
v 0.086480 1.915930 -0.093360
v 0.081376 1.908437 -0.091722
v 0.093054 1.909455 -0.092315
v 0.089320 1.901475 -0.090611
v 0.098663 1.892314 -0.089771
v 0.100970 1.903620 -0.091803
v 0.109430 1.901104 -0.092137
v 0.071987 1.860521 -0.083666
v 0.071835 1.846939 -0.082224
v 0.081441 1.865806 -0.084537
v 0.080552 1.852088 -0.083074
v 0.079502 1.841072 -0.082209
v 0.073476 1.834356 -0.081459
v 0.078394 1.822830 -0.081543
v 0.085781 1.836282 -0.082719
v 0.091525 1.852857 -0.084394
v 0.094106 1.870440 -0.086284
v 0.114751 1.691668 -0.087687
v 0.108910 1.688006 -0.086035
v 0.097256 1.688619 -0.084187
v 0.096237 1.690999 -0.084504
v 0.080266 1.690332 -0.081970
v 0.087522 1.687364 -0.082492
v 0.099329 1.685142 -0.084094
v 0.107931 1.669245 -0.085789
v 0.122147 1.665137 -0.087753
v 0.109939 1.662937 -0.086678
v 0.097196 1.664328 -0.085244
v 0.090303 1.657822 -0.085447
v 0.085515 1.650406 -0.085694
v 0.110439 1.658331 -0.087238
v 0.108661 1.651997 -0.087510
v 0.134498 1.652174 -0.089929
v 0.132008 1.659162 -0.089343
v 0.082697 1.613446 -0.081619
v 0.072854 1.610315 -0.081027
v 0.066067 1.614197 -0.081278
v 0.088297 1.604431 -0.081378
v 0.078716 1.603608 -0.080905
v 0.073102 1.603306 -0.080780
v 0.067862 1.606699 -0.080824
v 0.061890 1.609115 -0.081016
v 0.060802 1.601488 -0.081259
v 0.060682 1.604728 -0.081080
v 0.066419 1.602591 -0.080901
v 0.065130 1.598881 -0.081189
v 0.073678 1.599024 -0.080859
v 0.072756 1.594306 -0.081136
v 0.082221 1.588126 -0.081243
v 0.082544 1.595470 -0.080997
v 0.093776 1.593606 -0.081471
v 0.102997 1.400528 -0.099715
v 0.104461 1.404253 -0.098811
v 0.101842 1.397998 -0.100323
v 0.097946 1.398132 -0.099572
v 0.097431 1.400102 -0.098894
v 0.098428 1.403984 -0.097930
v 0.091058 1.403852 -0.097002
v 0.090678 1.398386 -0.098244
v 0.095276 1.396729 -0.099418
v 0.093318 1.394437 -0.098917
v 0.088886 1.394420 -0.098118
v 0.111130 1.420339 -0.095895
v 0.108846 1.414187 -0.096833
v 0.104240 1.412852 -0.096407
v 0.103096 1.415822 -0.095608
v 0.096054 1.410009 -0.096064
v 0.101162 1.408769 -0.096999
v 0.106467 1.408869 -0.097802
v 0.059001 1.935347 -0.092706
v 0.061276 1.931037 -0.093057
v 0.056432 1.929423 -0.092098
v 0.053357 1.931621 -0.091462
v 0.061786 1.917068 -0.092354
v 0.062215 1.925148 -0.092890
v 0.054685 1.917639 -0.091456
v 0.055457 1.924938 -0.091783
v 0.071381 1.898876 -0.090216
v 0.066236 1.893633 -0.090030
v 0.064360 1.902412 -0.091457
v 0.069662 1.885626 -0.087867
v 0.065643 1.882793 -0.088091
v 0.062962 1.879656 -0.088214
v 0.062098 1.884790 -0.089383
v 0.059706 1.890689 -0.090462
v 0.055634 1.877416 -0.089347
v 0.058474 1.873500 -0.088340
v 0.055744 1.862984 -0.087320
v 0.060773 1.870788 -0.087129
v 0.058083 1.860374 -0.085979
v 0.060326 1.857849 -0.084704
v 0.063389 1.870356 -0.086213
v 0.067207 1.871392 -0.085617
v 0.123383 1.646157 -0.088530
v 0.106708 1.640664 -0.086486
v 0.097490 1.641817 -0.086070
v 0.103159 1.646078 -0.086913
v 0.083206 1.643667 -0.085425
v 0.083515 1.638418 -0.084904
v 0.088509 1.634833 -0.084588
v 0.074019 1.571862 -0.081514
v 0.078381 1.578427 -0.081600
v 0.066708 1.566449 -0.081467
v 0.062961 1.569185 -0.081673
v 0.065265 1.573876 -0.081792
v 0.067165 1.580128 -0.081906
v 0.075227 1.585385 -0.081539
v 0.066581 1.585988 -0.081871
v 0.064824 1.590182 -0.081777
v 0.068705 1.591432 -0.081504
v 0.060614 1.596450 -0.081569
v 0.057272 1.600615 -0.081447
v 0.059270 1.593039 -0.081850
v 0.053190 1.595366 -0.081321
v 0.053361 1.597481 -0.081142
v 0.052644 1.599906 -0.081008
v 0.073849 1.501339 -0.084166
v 0.066851 1.506141 -0.084260
v 0.073039 1.510073 -0.084119
v 0.065104 1.499289 -0.084432
v 0.060524 1.504007 -0.084459
v 0.057704 1.507678 -0.084541
v 0.060215 1.510487 -0.084468
v 0.064379 1.514163 -0.084357
v 0.057655 1.518942 -0.084553
v 0.053988 1.515239 -0.084595
v 0.053889 1.508898 -0.084570
v 0.050354 1.509654 -0.083923
v 0.050072 1.515752 -0.083914
v 0.076041 1.528546 -0.084015
v 0.072292 1.535173 -0.083811
v 0.077614 1.521862 -0.084052
v 0.071090 1.522066 -0.084191
v 0.067898 1.526248 -0.084226
v 0.063746 1.531617 -0.084117
v 0.057301 1.527690 -0.084385
v 0.062025 1.522769 -0.084409
v 0.068267 1.518413 -0.084263
v 0.076588 1.515614 -0.084065
v 0.079475 1.495498 -0.084335
v 0.083129 1.489206 -0.084797
v 0.075367 1.489862 -0.084825
v 0.070373 1.494094 -0.084583
v 0.082094 1.476116 -0.086648
v 0.083879 1.482624 -0.085594
v 0.070693 1.482392 -0.086193
v 0.073027 1.486736 -0.085328
v 0.077309 1.471621 -0.087706
v 0.071437 1.468915 -0.088652
v 0.066732 1.474573 -0.088032
v 0.068206 1.478109 -0.087212
v 0.058074 1.467022 -0.090035
v 0.064709 1.467665 -0.089424
v 0.055315 1.475016 -0.089008
v 0.060988 1.475529 -0.088389
v 0.052137 1.467290 -0.090310
v 0.049035 1.464570 -0.090634
v 0.047176 1.467319 -0.089626
v 0.048340 1.470164 -0.089350
v 0.048462 1.473794 -0.088810
v 0.051368 1.474047 -0.089386
v 0.066913 1.419198 -0.093579
v 0.060273 1.421941 -0.092711
v 0.060693 1.427672 -0.092625
v 0.064830 1.428904 -0.092981
v 0.061380 1.438172 -0.092276
v 0.057377 1.433052 -0.092063
v 0.054711 1.427718 -0.091746
v 0.054368 1.856853 -0.086588
v 0.055881 1.852716 -0.085188
v 0.053395 1.848555 -0.084212
v 0.052699 1.854393 -0.085637
v 0.057125 1.848032 -0.083832
v 0.053823 1.842312 -0.082867
v 0.052522 1.694406 -0.079058
v 0.053333 1.696798 -0.079481
v 0.050719 1.694906 -0.078354
v 0.050531 1.698409 -0.078764
v 0.054243 1.648597 -0.083996
v 0.053431 1.652687 -0.083496
v 0.050799 1.649038 -0.083176
v 0.050668 1.653835 -0.082618
v 0.053509 1.643788 -0.084100
v 0.050866 1.642644 -0.083393
v 0.058943 1.613564 -0.081360
v 0.056828 1.609050 -0.081161
v 0.052595 1.607996 -0.080626
v 0.053219 1.611719 -0.080770
v 0.056191 1.604651 -0.081259
v 0.052310 1.603720 -0.080775
v 0.041681 1.436720 -0.088691
v 0.040594 1.438889 -0.087872
v 0.053482 1.532464 -0.084016
v 0.049586 1.532177 -0.083202
v 0.049979 1.538625 -0.082529
v 0.053529 1.539420 -0.083283
v 0.057417 1.540174 -0.083373
v 0.059695 1.536544 -0.083771
v 0.066466 1.540483 -0.083379
v 0.060534 1.543888 -0.082942
v 0.054362 1.700987 -0.080200
v 0.050549 1.702899 -0.079389
v 0.051089 1.707032 -0.080060
v 0.056594 1.705438 -0.081149
v 0.061188 1.709524 -0.082399
v 0.051958 1.709487 -0.080566
v 0.051206 1.711203 -0.080938
v 0.057395 1.712008 -0.082491
v 0.051799 1.882594 -0.089638
v 0.048079 1.879406 -0.088425
v 0.047383 1.892792 -0.088829
v 0.050126 1.896062 -0.090046
v 0.053027 1.900520 -0.090725
v 0.055915 1.895966 -0.090789
v 0.059250 1.907197 -0.091634
v 0.053734 1.908759 -0.091096
v 0.077643 1.898202 -0.089683
v 0.084151 1.893182 -0.088784
v 0.079784 1.886458 -0.087425
v 0.074860 1.886759 -0.087576
v 0.073120 1.874201 -0.085535
v 0.080860 1.878140 -0.086129
v 0.090215 1.884006 -0.087656
v 0.125786 1.542338 -0.085357
v 0.114135 1.542731 -0.084472
v 0.113374 1.549025 -0.083958
v 0.119672 1.552108 -0.084210
v 0.109550 1.559415 -0.083085
v 0.105246 1.552195 -0.083275
v 0.102202 1.544883 -0.083704
v 0.128149 1.608726 -0.084892
v 0.118717 1.601969 -0.083582
v 0.110841 1.607658 -0.083098
v 0.113603 1.613725 -0.083743
v 0.097664 1.614856 -0.082592
v 0.100460 1.606202 -0.082221
v 0.106753 1.596555 -0.082398
v 0.110349 1.925093 -0.096802
v 0.116466 1.925094 -0.097391
v 0.116078 1.919001 -0.095888
v 0.112057 1.916351 -0.094969
v 0.115687 1.906838 -0.093612
v 0.119871 1.915045 -0.095546
v 0.122412 1.922984 -0.097670
v 0.158213 1.490022 -0.095025
v 0.171255 1.479431 -0.099795
v 0.163777 1.471010 -0.098905
v 0.153156 1.473747 -0.095812
v 0.151327 1.457752 -0.097808
v 0.167452 1.460224 -0.101578
v 0.182930 1.466102 -0.105109
v 0.223737 1.924358 -0.127147
v 0.230092 1.918117 -0.127134
v 0.227903 1.910432 -0.124638
v 0.222948 1.910886 -0.123528
v 0.223124 1.896710 -0.120374
v 0.230321 1.901854 -0.123312
v 0.235785 1.909105 -0.126557
v 0.287514 1.800517 -0.138563
v 0.299358 1.789115 -0.144397
v 0.296732 1.784391 -0.142784
v 0.288242 1.788257 -0.138579
v 0.291824 1.775705 -0.140283
v 0.301750 1.775038 -0.145300
v 0.267255 1.930342 -0.143703
v 0.272877 1.926759 -0.146144
v 0.268317 1.923514 -0.143176
v 0.263105 1.924790 -0.140608
v 0.261861 1.917409 -0.138692
v 0.270228 1.918301 -0.143336
v 0.278684 1.920999 -0.148392
v 0.312958 1.627724 -0.154593
v 0.319150 1.628953 -0.157918
v 0.319584 1.622586 -0.157827
v 0.315565 1.620669 -0.155852
v 0.312327 1.617555 -0.153533
v 0.308311 1.619111 -0.150975
v 0.306108 1.611281 -0.148907
v 0.312322 1.612229 -0.153110
v 0.316376 1.667515 -0.153703
v 0.305397 1.666750 -0.148219
v 0.314993 1.661775 -0.154069
v 0.305108 1.661981 -0.148902
v 0.294871 1.662112 -0.143632
v 0.290921 1.665081 -0.141156
v 0.275931 1.661786 -0.134132
v 0.287482 1.658543 -0.140348
v 0.300547 1.655990 -0.147365
v 0.311800 1.654381 -0.153475
v 0.321050 1.667731 -0.155958
v 0.322856 1.667394 -0.156156
v 0.322175 1.661701 -0.157077
v 0.319859 1.661883 -0.156549
v 0.317992 1.654772 -0.156809
v 0.321276 1.655121 -0.157918
v 0.322714 1.711209 -0.157152
v 0.324259 1.710886 -0.157195
v 0.319959 1.730785 -0.157160
v 0.322240 1.731006 -0.157769
v 0.045212 1.393674 -0.089777
v 0.047600 1.389524 -0.090272
v 0.047227 1.388609 -0.089513
v 0.045115 1.389964 -0.088985
v 0.043461 1.391242 -0.088317
v 0.042929 1.394665 -0.088581
v 0.326354 1.912078 -0.168869
v 0.323044 1.916144 -0.168302
v 0.321571 1.918343 -0.167793
v 0.324744 1.914595 -0.168333
v 0.321985 1.920701 -0.168406
v 0.324126 1.916774 -0.168365
v 0.319010 1.506841 -0.158062
v 0.314856 1.505438 -0.156576
v 0.315459 1.511849 -0.156715
v 0.319417 1.513582 -0.158104
v 0.315511 1.518467 -0.156926
v 0.319472 1.521275 -0.158392
v 0.320835 1.421684 -0.167318
v 0.317653 1.418382 -0.167037
v 0.316040 1.425115 -0.166653
v 0.320534 1.426707 -0.167287
v 0.317320 1.433206 -0.167103
v 0.320651 1.432201 -0.167434
v 0.320102 1.608144 -0.157063
v 0.317038 1.607144 -0.155749
v 0.316480 1.613878 -0.155985
v 0.319906 1.615369 -0.157561
v 0.321331 1.851686 -0.161865
v 0.322734 1.851750 -0.161952
v 0.321152 1.854299 -0.162367
v 0.322842 1.854577 -0.162644
v 0.323311 1.867008 -0.165508
v 0.321903 1.867908 -0.165682
v 0.322868 1.871296 -0.166740
v 0.324132 1.871539 -0.166676
v 0.320869 1.861242 -0.163682
v 0.322864 1.860527 -0.163938
v 0.317018 1.479205 -0.161933
v 0.311967 1.480417 -0.159507
v 0.313484 1.487302 -0.158785
v 0.317671 1.486322 -0.160679
v 0.314681 1.493653 -0.158141
v 0.318303 1.493625 -0.159517
v 0.319144 1.698265 -0.154855
v 0.305254 1.698374 -0.149180
v 0.308095 1.702504 -0.150599
v 0.320075 1.702463 -0.155334
v 0.327631 1.903721 -0.169600
v 0.324482 1.908165 -0.169223
v 0.323092 1.914320 -0.168553
v 0.327298 1.908415 -0.169317
v 0.321060 1.408253 -0.167336
v 0.319287 1.406942 -0.167462
v 0.318822 1.412483 -0.167336
v 0.321088 1.415179 -0.167354
v 0.318099 1.440886 -0.167468
v 0.320562 1.439826 -0.167573
v 0.318010 1.448778 -0.167333
v 0.320016 1.448850 -0.167336
v 0.318064 1.395408 -0.166461
v 0.313221 1.393975 -0.165491
v 0.309686 1.394202 -0.164293
v 0.317359 1.396117 -0.166175
v 0.309851 1.391833 -0.163923
v 0.305211 1.392203 -0.162289
v 0.311154 1.394573 -0.164807
v 0.317772 1.396146 -0.166312
v 0.321491 1.762189 -0.155488
v 0.314675 1.764133 -0.152260
v 0.310498 1.774781 -0.150184
v 0.320464 1.767355 -0.155062
v 0.312416 1.780209 -0.151646
v 0.320619 1.771142 -0.155458
v 0.324283 1.903650 -0.169288
v 0.326952 1.899894 -0.169498
v 0.320721 1.795485 -0.157884
v 0.313727 1.803306 -0.154362
v 0.314659 1.811507 -0.155020
v 0.321346 1.800794 -0.158393
v 0.319384 1.811807 -0.157835
v 0.322683 1.804723 -0.159152
v 0.318207 1.579637 -0.155562
v 0.320712 1.579021 -0.156417
v 0.316901 1.582227 -0.154396
v 0.320407 1.582415 -0.155702
v 0.319764 1.398522 -0.166992
v 0.316449 1.397972 -0.166608
v 0.318543 1.401983 -0.167253
v 0.320655 1.402501 -0.167242
v 0.317103 1.756042 -0.153527
v 0.322401 1.755517 -0.155881
v 0.316351 1.688077 -0.152758
v 0.322484 1.688821 -0.155223
v 0.311661 1.691407 -0.151064
v 0.320969 1.692612 -0.155037
v 0.321218 1.813385 -0.158880
v 0.323291 1.810473 -0.159429
v 0.322274 1.926929 -0.168982
v 0.325275 1.919844 -0.169013
v 0.316908 1.938118 -0.167722
v 0.318273 1.939966 -0.167500
v 0.323914 1.930749 -0.169014
v 0.326745 1.924448 -0.169239
v 0.303432 1.694525 -0.147879
v 0.319024 1.695291 -0.154552
v 0.315845 1.550676 -0.157506
v 0.305716 1.547718 -0.152034
v 0.306745 1.555821 -0.152250
v 0.316549 1.555776 -0.157623
v 0.312877 1.562119 -0.155404
v 0.318301 1.560710 -0.158127
v 0.320195 1.589048 -0.155035
v 0.316362 1.589973 -0.153402
v 0.317792 1.593312 -0.154481
v 0.320581 1.592730 -0.155433
v 0.318479 1.596943 -0.155356
v 0.320708 1.596990 -0.155969
v 0.317966 1.601444 -0.155655
v 0.320454 1.602029 -0.156521
v 0.316607 1.456756 -0.166252
v 0.319008 1.458017 -0.166433
v 0.314208 1.464561 -0.164154
v 0.317779 1.466219 -0.164974
v 0.314738 1.586141 -0.152601
v 0.319939 1.585726 -0.155016
v 0.317298 1.538487 -0.158231
v 0.309998 1.531404 -0.154582
v 0.304478 1.537794 -0.151454
v 0.315833 1.544918 -0.157576
v 0.312430 1.395084 -0.165304
v 0.318535 1.396549 -0.166588
v 0.314047 1.784016 -0.153068
v 0.320937 1.775864 -0.156197
v 0.314887 1.788487 -0.154106
v 0.320986 1.781892 -0.156919
v 0.314830 1.499487 -0.157208
v 0.318687 1.500373 -0.158574
v 0.316008 1.566133 -0.156696
v 0.319564 1.566016 -0.158059
v 0.314276 1.795358 -0.154297
v 0.320774 1.788790 -0.157458
v 0.323716 1.936058 -0.167588
v 0.326567 1.932132 -0.168060
v 0.318939 1.942261 -0.166288
v 0.318920 1.944270 -0.164927
v 0.322118 1.942046 -0.165316
v 0.325686 1.940138 -0.166126
v 0.313633 1.525029 -0.156285
v 0.318732 1.530144 -0.158531
v 0.310924 1.472477 -0.160831
v 0.316833 1.472862 -0.163290
v 0.046000 1.934354 -0.089582
v 0.044984 1.934091 -0.088736
v 0.047066 1.931004 -0.089893
v 0.045230 1.928955 -0.088807
v 0.044680 1.458390 -0.089860
v 0.046731 1.458459 -0.090814
v 0.046442 1.452915 -0.090805
v 0.044233 1.452888 -0.089801
v 0.049537 1.925760 -0.090503
v 0.045852 1.923189 -0.088964
v 0.049404 1.916965 -0.090385
v 0.046163 1.915419 -0.089001
v 0.047075 1.462599 -0.090628
v 0.045701 1.463493 -0.089777
v 0.059021 1.588879 -0.082081
v 0.052979 1.591731 -0.081574
v 0.058855 1.582949 -0.082160
v 0.052818 1.585507 -0.081694
v 0.053245 1.554819 -0.080823
v 0.061256 1.558193 -0.081405
v 0.063122 1.554537 -0.081590
v 0.053330 1.552125 -0.080866
v 0.058332 1.549766 -0.082011
v 0.052009 1.549292 -0.081173
v 0.049457 1.907234 -0.090261
v 0.046646 1.905135 -0.088985
v 0.056139 1.750480 -0.081646
v 0.072203 1.748966 -0.083943
v 0.067355 1.743804 -0.084238
v 0.054406 1.747442 -0.081919
v 0.068503 1.737753 -0.085104
v 0.056326 1.738370 -0.084009
v 0.055257 1.742442 -0.083372
v 0.051222 1.744783 -0.082025
v 0.052219 1.716764 -0.082700
v 0.059990 1.716217 -0.083815
v 0.054867 1.713633 -0.082685
v 0.050585 1.713688 -0.081669
v 0.058066 1.575384 -0.082002
v 0.052536 1.576487 -0.081507
v 0.057743 1.567984 -0.081735
v 0.052416 1.567029 -0.081183
v 0.049492 1.738296 -0.082680
v 0.051214 1.738594 -0.083500
v 0.051121 1.735893 -0.083654
v 0.049460 1.734753 -0.082936
v 0.055101 1.734188 -0.084139
v 0.050827 1.731267 -0.083227
v 0.051776 1.499336 -0.084147
v 0.057924 1.498741 -0.084661
v 0.062219 1.492712 -0.085042
v 0.052721 1.495190 -0.084481
v 0.060352 1.487836 -0.085925
v 0.052308 1.491268 -0.085141
v 0.059140 1.562339 -0.081501
v 0.052729 1.559633 -0.080939
v 0.051296 1.741229 -0.083169
v 0.049709 1.741802 -0.082305
v 0.052045 1.676754 -0.078731
v 0.056185 1.677080 -0.079487
v 0.056187 1.672485 -0.080253
v 0.051769 1.671698 -0.079540
v 0.049635 1.482464 -0.087150
v 0.052957 1.480282 -0.088151
v 0.050708 1.477973 -0.088727
v 0.048617 1.478074 -0.088064
v 0.055705 1.723120 -0.083876
v 0.072579 1.725560 -0.086058
v 0.071936 1.720443 -0.085635
v 0.055174 1.719725 -0.083572
v 0.055765 1.680761 -0.078880
v 0.052096 1.680804 -0.078089
v 0.055184 1.503744 -0.084571
v 0.050840 1.504119 -0.083986
v 0.053265 1.757851 -0.080635
v 0.060424 1.761252 -0.081489
v 0.071571 1.755522 -0.083038
v 0.055800 1.753626 -0.081218
v 0.067470 1.731388 -0.085452
v 0.053991 1.727340 -0.083671
v 0.055929 1.765574 -0.080825
v 0.052063 1.764563 -0.080105
v 0.058209 1.482578 -0.087196
v 0.051261 1.486797 -0.086119
v 0.055155 1.545000 -0.082606
v 0.050725 1.544667 -0.081784
v 0.054392 1.810850 -0.080522
v 0.052607 1.809268 -0.079893
v 0.085717 1.953412 -0.098801
v 0.083731 1.951927 -0.098827
v 0.079052 1.953284 -0.097874
v 0.079259 1.954315 -0.097401
v 0.165707 1.943442 -0.115194
v 0.162905 1.949495 -0.115612
v 0.155370 1.942187 -0.111687
v 0.151974 1.948923 -0.112220
v 0.300947 1.956087 -0.161672
v 0.309105 1.949242 -0.164695
v 0.306602 1.948552 -0.164679
v 0.297538 1.956327 -0.161206
v 0.299250 1.952000 -0.162479
v 0.293887 1.956563 -0.160140
v 0.316150 1.954204 -0.160965
v 0.320616 1.951137 -0.161932
v 0.319373 1.948258 -0.162752
v 0.313912 1.953762 -0.161104
v 0.324865 1.948118 -0.163472
v 0.325344 1.945366 -0.164411
v 0.314962 1.948643 -0.163208
v 0.310554 1.953515 -0.161684
v 0.146471 1.941257 -0.108727
v 0.145198 1.948732 -0.110182
v 0.311810 1.949094 -0.164054
v 0.305702 1.954737 -0.161866
v 0.294014 1.953018 -0.160684
v 0.290214 1.956329 -0.158800
v 0.091787 1.949544 -0.100156
v 0.093295 1.952409 -0.100242
v 0.315538 1.392979 -0.166230
v 0.314471 1.391250 -0.165425
v 0.318645 1.393328 -0.166689
v 0.317807 1.391470 -0.166189
v 0.100494 1.396434 -0.100465
v 0.099325 1.394730 -0.099973
v 0.105396 1.396504 -0.101396
v 0.105069 1.395082 -0.100991
v 0.159941 1.395294 -0.113890
v 0.163990 1.398210 -0.114798
v 0.170274 1.396649 -0.116860
v 0.169189 1.394805 -0.116430
v 0.263372 1.393932 -0.148101
v 0.264044 1.397581 -0.148316
v 0.270475 1.397265 -0.150448
v 0.270917 1.393699 -0.150559
v 0.121941 1.397129 -0.104571
v 0.122751 1.395071 -0.104699
v 0.124795 1.398688 -0.104798
v 0.127992 1.395509 -0.105806
v 0.140006 1.396577 -0.108472
v 0.138549 1.402686 -0.106999
v 0.152571 1.402051 -0.110737
v 0.149815 1.396243 -0.111035
v 0.048718 1.387997 -0.090441
v 0.048649 1.387855 -0.089820
v 0.050705 1.388075 -0.090941
v 0.051199 1.387796 -0.090389
v 0.228731 1.396194 -0.134537
v 0.229269 1.394505 -0.134526
v 0.231718 1.397248 -0.135525
v 0.232948 1.394682 -0.135995
v 0.240626 1.395016 -0.139224
v 0.243299 1.399251 -0.140004
v 0.248145 1.398197 -0.142287
v 0.245639 1.394548 -0.141403
v 0.252902 1.397331 -0.144367
v 0.251197 1.394135 -0.143692
v 0.258123 1.397376 -0.146309
v 0.256895 1.394001 -0.145856
v 0.128674 1.402262 -0.104670
v 0.132946 1.396356 -0.106765
v 0.055262 1.388783 -0.091985
v 0.056444 1.388315 -0.091576
v 0.107994 1.396342 -0.101899
v 0.108361 1.395107 -0.101621
v 0.237520 1.399717 -0.137369
v 0.236566 1.395147 -0.137437
v 0.328013 1.945851 -0.165658
v 0.326298 1.948559 -0.164418
v 0.327987 1.941150 -0.166699
v 0.328269 1.931991 -0.167810
v 0.328262 1.922749 -0.168476
v 0.327240 1.917895 -0.168264
v 0.326475 1.915679 -0.167813
v 0.327052 1.913630 -0.167785
v 0.328214 1.910628 -0.168077
v 0.328863 1.906384 -0.168365
v 0.328904 1.901891 -0.168531
v 0.328334 1.898514 -0.168458
v 0.327554 1.895801 -0.168208
v 0.327040 1.892780 -0.167895
v 0.326960 1.888440 -0.167594
v 0.326994 1.882501 -0.167227
v 0.326846 1.876659 -0.166750
v 0.326368 1.872304 -0.166113
v 0.325878 1.867682 -0.165135
v 0.325746 1.852524 -0.161912
v 0.325792 1.855412 -0.162558
v 0.325676 1.849832 -0.161437
v 0.325736 1.861232 -0.163771
v 0.325731 1.844243 -0.160706
v 0.325877 1.836311 -0.159939
v 0.326048 1.827355 -0.159446
v 0.326208 1.818086 -0.159267
v 0.326292 1.809258 -0.159318
v 0.326098 1.802257 -0.159320
v 0.325643 1.797529 -0.159114
v 0.325375 1.792856 -0.158809
v 0.325632 1.773396 -0.157032
v 0.325503 1.779904 -0.157704
v 0.325685 1.768372 -0.156476
v 0.325714 1.765206 -0.156208
v 0.326008 1.761395 -0.156248
v 0.325372 1.786765 -0.158329
v 0.326056 1.743996 -0.156393
v 0.326276 1.748659 -0.156266
v 0.325950 1.740760 -0.156816
v 0.326263 1.755206 -0.156267
v 0.325758 1.722475 -0.157208
v 0.325533 1.726771 -0.157585
v 0.325958 1.718616 -0.156814
v 0.325366 1.731014 -0.157740
v 0.325360 1.734814 -0.157613
v 0.325674 1.737956 -0.157286
v 0.326566 1.710966 -0.156611
v 0.326270 1.713089 -0.156546
v 0.326614 1.709412 -0.156597
v 0.326087 1.715559 -0.156590
v 0.326244 1.708368 -0.156420
v 0.326040 1.706488 -0.156355
v 0.325778 1.702775 -0.156296
v 0.325489 1.698905 -0.156174
v 0.325431 1.696467 -0.156013
v 0.325904 1.694032 -0.155885
v 0.326104 1.678249 -0.154816
v 0.326267 1.684295 -0.155034
v 0.326094 1.673645 -0.154848
v 0.326242 1.689885 -0.155493
v 0.325996 1.671757 -0.154844
v 0.325750 1.670161 -0.155067
v 0.325387 1.666282 -0.155815
v 0.324917 1.660661 -0.156867
v 0.324376 1.654423 -0.157899
v 0.323933 1.647895 -0.158674
v 0.323688 1.641279 -0.159013
v 0.323437 1.635040 -0.158902
v 0.323252 1.629384 -0.158576
v 0.323336 1.623465 -0.158278
v 0.323398 1.616307 -0.157852
v 0.323464 1.608976 -0.157267
v 0.323630 1.602731 -0.156580
v 0.323792 1.597449 -0.155941
v 0.323019 1.565165 -0.158235
v 0.323238 1.569955 -0.157505
v 0.322423 1.559753 -0.158774
v 0.321811 1.555413 -0.158967
v 0.321561 1.551577 -0.159081
v 0.323831 1.592758 -0.155500
v 0.323762 1.588679 -0.155301
v 0.323677 1.585198 -0.155387
v 0.323750 1.581753 -0.155831
v 0.323770 1.577981 -0.156414
v 0.323553 1.574755 -0.156817
v 0.323248 1.572645 -0.157013
v 0.321550 1.547170 -0.159125
v 0.321978 1.541005 -0.159133
v 0.322457 1.532106 -0.158830
v 0.322719 1.522458 -0.158374
v 0.322639 1.514204 -0.158049
v 0.322348 1.507016 -0.158080
v 0.321998 1.500028 -0.158625
v 0.321583 1.492722 -0.159629
v 0.321087 1.484950 -0.160953
v 0.320631 1.477735 -0.162329
v 0.320403 1.471827 -0.163549
v 0.320610 1.465698 -0.164705
v 0.321063 1.457741 -0.165716
v 0.321563 1.448570 -0.166363
v 0.321960 1.439455 -0.166506
v 0.322174 1.432071 -0.166384
v 0.322210 1.427354 -0.166280
v 0.322236 1.422864 -0.166240
v 0.322178 1.416176 -0.166189
v 0.322027 1.408785 -0.166136
v 0.321797 1.402805 -0.166100
v 0.321465 1.398862 -0.166031
v 0.321064 1.397021 -0.165901
v 0.320782 1.396539 -0.165794
v 0.320589 1.396337 -0.165740
v 0.320713 1.395333 -0.165836
v 0.045058 1.943689 -0.087291
v 0.044786 1.939247 -0.087212
v 0.045743 1.947387 -0.087492
v 0.044601 1.934005 -0.087170
v 0.044614 1.928365 -0.087185
v 0.044759 1.922429 -0.087227
v 0.044941 1.914834 -0.087240
v 0.046129 1.878774 -0.086632
v 0.046372 1.868203 -0.086208
v 0.045770 1.891994 -0.087037
v 0.045313 1.904494 -0.087214
v 0.050511 1.826418 -0.079232
v 0.050310 1.818043 -0.078652
v 0.050442 1.833932 -0.080077
v 0.046830 1.863361 -0.086019
v 0.047516 1.862143 -0.085949
v 0.048290 1.861418 -0.085773
v 0.049020 1.859203 -0.085202
v 0.049606 1.854334 -0.084049
v 0.050023 1.847838 -0.082604
v 0.050280 1.841000 -0.081228
v 0.050048 1.796607 -0.077852
v 0.050128 1.791658 -0.077831
v 0.049893 1.801150 -0.077963
v 0.049968 1.783558 -0.077844
v 0.049584 1.773528 -0.078009
v 0.049662 1.752304 -0.079253
v 0.049650 1.750113 -0.079516
v 0.049185 1.756229 -0.078898
v 0.050009 1.808805 -0.078233
v 0.049142 1.763713 -0.078419
v 0.049132 1.747657 -0.079805
v 0.048279 1.744742 -0.080137
v 0.048795 1.720397 -0.081595
v 0.048110 1.718168 -0.080990
v 0.048931 1.722701 -0.081772
v 0.047887 1.741326 -0.080573
v 0.047784 1.737557 -0.080990
v 0.047629 1.733732 -0.081251
v 0.047812 1.729903 -0.081447
v 0.048525 1.726050 -0.081671
v 0.047839 1.715146 -0.080017
v 0.048135 1.712407 -0.079149
v 0.048392 1.710800 -0.078721
v 0.048260 1.708688 -0.078363
v 0.048320 1.704589 -0.077781
v 0.048555 1.699805 -0.077153
v 0.048801 1.695836 -0.076699
v 0.049156 1.692233 -0.076368
v 0.049521 1.688305 -0.076098
v 0.049523 1.684264 -0.076049
v 0.049442 1.680286 -0.076416
v 0.049259 1.675811 -0.077102
v 0.048904 1.670444 -0.077937
v 0.048624 1.665138 -0.078768
v 0.048539 1.660836 -0.079485
v 0.048212 1.657161 -0.080162
v 0.048025 1.653484 -0.080885
v 0.048056 1.648618 -0.081469
v 0.049149 1.619201 -0.080040
v 0.049342 1.614954 -0.079533
v 0.048836 1.623995 -0.080603
v 0.049330 1.611408 -0.079149
v 0.049186 1.607700 -0.079008
v 0.049155 1.597414 -0.079560
v 0.049085 1.595832 -0.079706
v 0.049017 1.599376 -0.079424
v 0.048779 1.576900 -0.079887
v 0.048723 1.566743 -0.079546
v 0.048875 1.586342 -0.080087
v 0.048974 1.592552 -0.079958
v 0.048740 1.558621 -0.079299
v 0.048781 1.553369 -0.079179
v 0.048699 1.550767 -0.079195
v 0.048229 1.548311 -0.079473
v 0.047723 1.543762 -0.080086
v 0.047335 1.537689 -0.080841
v 0.047887 1.495357 -0.082876
v 0.047641 1.491604 -0.083486
v 0.047724 1.499228 -0.082534
v 0.047157 1.487067 -0.084415
v 0.046486 1.482100 -0.085470
v 0.048085 1.641975 -0.081687
v 0.048246 1.635010 -0.081553
v 0.048515 1.629104 -0.081149
v 0.049032 1.603219 -0.079173
v 0.047064 1.531409 -0.081504
v 0.046800 1.526450 -0.081962
v 0.046787 1.523642 -0.082175
v 0.047006 1.520815 -0.082226
v 0.047288 1.515846 -0.082222
v 0.047396 1.509764 -0.082243
v 0.047521 1.504053 -0.082338
v 0.045971 1.477126 -0.086445
v 0.045719 1.472942 -0.087198
v 0.045528 1.470104 -0.087644
v 0.044957 1.467471 -0.087880
v 0.044065 1.463423 -0.088060
v 0.043303 1.458255 -0.088155
v 0.042966 1.452939 -0.088096
v 0.042893 1.448479 -0.087957
v 0.040868 1.440303 -0.086627
v 0.040216 1.436520 -0.086120
v 0.042071 1.443177 -0.087363
v 0.042756 1.445510 -0.087782
v 0.040865 1.431947 -0.086294
v 0.041928 1.426548 -0.086763
v 0.042395 1.420340 -0.087046
v 0.042359 1.413788 -0.087136
v 0.042170 1.407336 -0.087129
v 0.042075 1.400943 -0.087074
v 0.042255 1.394941 -0.087012
v 0.043135 1.390836 -0.087120
v 0.048507 1.950573 -0.088222
v 0.051756 1.953367 -0.089077
v 0.313063 1.956738 -0.161334
v 0.310283 1.956622 -0.161505
v 0.315706 1.955924 -0.161372
v 0.304523 1.957476 -0.160760
v 0.298423 1.958498 -0.159667
v 0.294865 1.958638 -0.158938
v 0.292450 1.958369 -0.158212
v 0.289769 1.957947 -0.157192
v 0.287279 1.957499 -0.156156
v 0.275931 1.956336 -0.151193
v 0.270216 1.955684 -0.148674
v 0.281849 1.956879 -0.153770
v 0.256664 1.955609 -0.143156
v 0.252408 1.955700 -0.141573
v 0.260531 1.955373 -0.144621
v 0.248594 1.955513 -0.140233
v 0.245238 1.955124 -0.139094
v 0.227108 1.954786 -0.134090
v 0.222269 1.954664 -0.132784
v 0.231632 1.954810 -0.135251
v 0.217619 1.954714 -0.131506
v 0.212393 1.954807 -0.130017
v 0.205732 1.954776 -0.128053
v 0.197542 1.954499 -0.125551
v 0.131202 1.953386 -0.106479
v 0.120759 1.953532 -0.104202
v 0.139770 1.953271 -0.108463
v 0.110786 1.953822 -0.102258
v 0.101672 1.954162 -0.100594
v 0.093364 1.954477 -0.099029
v 0.085950 1.954910 -0.097520
v 0.079222 1.955391 -0.095988
v 0.072144 1.955683 -0.094246
v 0.285275 1.957151 -0.155272
v 0.267127 1.955315 -0.147278
v 0.265410 1.955229 -0.146526
v 0.263382 1.955213 -0.145702
v 0.242067 1.954749 -0.138040
v 0.238871 1.954638 -0.137098
v 0.235493 1.954618 -0.136187
v 0.187564 1.954060 -0.122464
v 0.175579 1.953839 -0.118870
v 0.162253 1.953571 -0.114899
v 0.151186 1.953280 -0.111587
v 0.145033 1.953141 -0.109768
v 0.064275 1.955696 -0.092277
v 0.057958 1.955570 -0.090689
v 0.054445 1.954972 -0.089786
v 0.321135 1.952487 -0.162681
v 0.314749 1.389894 -0.164144
v 0.318913 1.390646 -0.165458
v 0.309461 1.390204 -0.162383
v 0.304589 1.390542 -0.160686
v 0.298884 1.390660 -0.158687
v 0.291654 1.390701 -0.156200
v 0.285344 1.390786 -0.154039
v 0.281921 1.390945 -0.152865
v 0.278395 1.391032 -0.151746
v 0.271695 1.391171 -0.149647
v 0.263796 1.391321 -0.147099
v 0.257203 1.391412 -0.144814
v 0.251476 1.391517 -0.142645
v 0.245812 1.391708 -0.140369
v 0.240889 1.391913 -0.138308
v 0.237349 1.392019 -0.136768
v 0.234227 1.391971 -0.135431
v 0.230345 1.392008 -0.133829
v 0.224805 1.392162 -0.131723
v 0.216893 1.392316 -0.129009
v 0.206270 1.392390 -0.125694
v 0.193203 1.392348 -0.121921
v 0.180026 1.392250 -0.118294
v 0.168871 1.392196 -0.115327
v 0.158953 1.392312 -0.112733
v 0.149128 1.392550 -0.110178
v 0.140477 1.392637 -0.107982
v 0.134257 1.392590 -0.106432
v 0.129042 1.392398 -0.105205
v 0.123029 1.392330 -0.103795
v 0.117212 1.392422 -0.102426
v 0.113036 1.392493 -0.101499
v 0.110344 1.392476 -0.100973
v 0.098422 1.392247 -0.098738
v 0.104612 1.392529 -0.099869
v 0.092119 1.391919 -0.097613
v 0.087894 1.391722 -0.096873
v 0.083144 1.391311 -0.095961
v 0.075566 1.390509 -0.094340
v 0.068009 1.389624 -0.092681
v 0.064834 1.389352 -0.091978
v 0.061932 1.388931 -0.091340
v 0.056520 1.388459 -0.090125
v 0.051169 1.388176 -0.088919
v 0.045074 1.389076 -0.087537
v 0.047172 1.388495 -0.088022
v 0.108189 1.392542 -0.100551
v 0.048571 1.388212 -0.088338
v 0.320654 1.392912 -0.165924
vt 0.517236 0.296202
vt 0.517311 0.571841
vt 0.502426 0.571843
vt 0.502352 0.296203
vt 0.548356 0.136160
vt 0.548378 0.188625
vt 0.529940 0.188627
vt 0.529917 0.136162
vt 0.519003 0.581483
vt 0.519003 0.690635
vt 0.500570 0.690633
vt 0.500570 0.581481
vt 0.618386 0.292066
vt 0.618386 0.545542
vt 0.611892 0.539400
vt 0.611887 0.298306
vt 0.587038 0.567734
vt 0.587038 0.294699
vt 0.601925 0.294699
vt 0.601925 0.567734
vt 0.223994 0.002896
vt 0.255971 0.045604
vt 0.260400 0.331513
vt 0.407655 0.331068
vt 0.432321 0.019595
vt 0.431303 0.896440
vt 0.405928 0.648523
vt 0.403457 0.348867
vt 0.261513 0.351007
vt 0.548371 0.231189
vt 0.529932 0.231191
vt 0.519003 0.719796
vt 0.500570 0.719794
vt 0.734326 0.541636
vt 0.734326 0.654042
vt 0.726121 0.647417
vt 0.726106 0.548688
vt 0.491031 0.002896
vt 0.491143 0.966932
vt 0.476811 0.966934
vt 0.476699 0.003335
vt 0.477136 0.002898
vt 0.624206 0.750217
vt 0.632514 0.750726
vt 0.632061 0.750735
vt 0.262627 0.647181
vt 0.433178 0.971270
vt 0.410619 0.955657
vt 0.405623 0.891879
vt 0.403192 0.786537
vt 0.404051 0.730736
vt 0.406840 0.667787
vt 0.294796 0.668649
vt 0.263592 0.668889
vt 0.263367 0.798252
vt 0.223994 0.997059
vt 0.391177 0.620292
vt 0.388853 0.370858
vt 0.397228 0.362270
vt 0.399665 0.632658
vt 0.500870 0.287305
vt 0.500870 0.232226
vt 0.519311 0.232226
vt 0.519311 0.287305
vt 0.548334 0.284919
vt 0.529895 0.284922
vt 0.684743 0.692218
vt 0.706228 0.692249
vt 0.706231 0.716584
vt 0.684746 0.716553
vt 0.548330 0.004468
vt 0.548326 0.120669
vt 0.529887 0.120671
vt 0.529891 0.004470
vt 0.705607 0.543054
vt 0.705605 0.568881
vt 0.687177 0.568876
vt 0.687179 0.543048
vt 0.576581 0.578301
vt 0.678951 0.541636
vt 0.678951 0.722654
vt 0.654623 0.722658
vt 0.654623 0.541639
vt 0.705596 0.684520
vt 0.687168 0.684515
vt 0.438970 0.997040
vt 0.438970 0.002896
vt 0.463309 0.002896
vt 0.463309 0.997040
vt 0.500870 0.120411
vt 0.519311 0.120411
vt 0.041922 0.010989
vt 0.218203 0.002896
vt 0.186105 0.045810
vt 0.036239 0.048120
vt 0.034904 0.330895
vt 0.011693 0.039734
vt 0.011880 0.011547
vt 0.400116 0.018995
vt 0.406317 0.047924
vt 0.500870 0.064526
vt 0.519311 0.064526
vt 0.554540 0.579370
vt 0.554540 0.720822
vt 0.539660 0.720831
vt 0.539660 0.579379
vt 0.164609 0.625834
vt 0.165774 0.372356
vt 0.174734 0.363847
vt 0.173491 0.634411
vt 0.264528 0.808540
vt 0.265689 0.855785
vt 0.265260 0.898253
vt 0.262999 0.954798
vt 0.291663 0.955061
vt 0.431833 0.975578
vt 0.406798 0.975576
vt 0.405006 0.997074
vt 0.276430 0.371542
vt 0.268028 0.364025
vt 0.277594 0.619248
vt 0.269149 0.631401
vt 0.628316 0.002896
vt 0.628357 0.252349
vt 0.620301 0.244765
vt 0.620275 0.010365
vt 0.651855 0.231581
vt 0.652374 0.007051
vt 0.743152 0.007051
vt 0.743588 0.233107
vt 0.634148 0.250609
vt 0.634148 0.002896
vt 0.642086 0.010454
vt 0.642085 0.243207
vt 0.180578 0.352340
vt 0.039070 0.350196
vt 0.036583 0.647225
vt 0.005608 0.950164
vt 0.181684 0.331344
vt 0.052854 0.370629
vt 0.044575 0.361856
vt 0.050527 0.626881
vt 0.042089 0.635617
vt 0.608089 0.259159
vt 0.608049 0.002896
vt 0.614429 0.009100
vt 0.614484 0.252878
vt 0.714060 0.654636
vt 0.714060 0.541636
vt 0.720315 0.547005
vt 0.720290 0.649644
vt 0.720971 0.526621
vt 0.631292 0.528278
vt 0.631255 0.299571
vt 0.719990 0.300266
vt 0.262391 0.329094
vt 0.405241 0.328662
vt 0.583023 0.718788
vt 0.583023 0.575952
vt 0.584852 0.577380
vt 0.584852 0.716992
vt 0.587283 0.577904
vt 0.587283 0.716336
vt 0.258026 0.048336
vt 0.498221 0.574244
vt 0.498146 0.293452
vt 0.499934 0.295466
vt 0.500009 0.572487
vt 0.403928 0.050576
vt 0.402191 0.052507
vt 0.259543 0.050325
vt 0.537231 0.721379
vt 0.537231 0.578735
vt 0.606096 0.292066
vt 0.606096 0.570160
vt 0.604333 0.568384
vt 0.604333 0.293994
vt 0.669773 0.243079
vt 0.672206 0.245512
vt 0.672206 0.275685
vt 0.647878 0.275688
vt 0.647878 0.250652
vt 0.655445 0.243081
vt 0.602159 0.716347
vt 0.602159 0.577914
vt 0.604451 0.577413
vt 0.604451 0.716981
vt 0.038829 0.326890
vt 0.178274 0.327316
vt 0.179748 0.329019
vt 0.037203 0.328583
vt 0.519545 0.295492
vt 0.519620 0.572460
vt 0.521216 0.293552
vt 0.521292 0.574151
vt 0.184105 0.048444
vt 0.556836 0.578748
vt 0.556836 0.721346
vt 0.182585 0.050371
vt 0.040123 0.052549
vt 0.038514 0.050678
vt 0.584720 0.568360
vt 0.584720 0.294020
vt 0.583023 0.570069
vt 0.583023 0.292165
vt 0.747625 0.237287
vt 0.647878 0.235643
vt 0.648973 0.234488
vt 0.746499 0.236103
vt 0.650429 0.233001
vt 0.745022 0.234573
vt 0.648400 0.002896
vt 0.649498 0.004083
vt 0.650953 0.005603
vt 0.747147 0.002896
vt 0.746038 0.004083
vt 0.744576 0.005604
vt 0.570789 0.578302
vt 0.570789 0.691884
vt 0.562628 0.685047
vt 0.562631 0.585291
vt 0.499183 0.720069
vt 0.499183 0.690634
vt 0.498146 0.720821
vt 0.498146 0.690637
vt 0.294810 0.670022
vt 0.264629 0.670254
vt 0.528507 0.122066
vt 0.528511 0.004102
vt 0.527486 0.125877
vt 0.527490 0.003095
vt 0.264403 0.793036
vt 0.528535 0.136861
vt 0.265168 0.789211
vt 0.266813 0.803994
vt 0.265843 0.805919
vt 0.528557 0.188628
vt 0.527533 0.188630
vt 0.527511 0.138771
vt 0.267069 0.855770
vt 0.528550 0.231179
vt 0.527525 0.231145
vt 0.266640 0.898286
vt 0.528512 0.285284
vt 0.527487 0.286275
vt 0.264434 0.953431
vt 0.685781 0.684961
vt 0.685788 0.568878
vt 0.684743 0.686181
vt 0.684743 0.568883
vt 0.291679 0.953682
vt 0.408973 0.954512
vt 0.520687 0.231364
vt 0.520687 0.287616
vt 0.407774 0.953667
vt 0.403381 0.897460
vt 0.404324 0.895105
vt 0.520687 0.120413
vt 0.521695 0.120420
vt 0.521695 0.229010
vt 0.401819 0.786539
vt 0.520687 0.064541
vt 0.521695 0.064582
vt 0.402678 0.730691
vt 0.519311 0.004464
vt 0.520687 0.004096
vt 0.521695 0.003092
vt 0.405404 0.669171
vt 0.685790 0.542670
vt 0.684745 0.541636
vt 0.499183 0.581093
vt 0.498146 0.580036
vt 0.218203 0.997094
vt 0.037369 0.997104
vt 0.035579 0.975605
vt 0.005438 0.975607
vt 0.005006 0.974222
vt 0.031291 0.956013
vt 0.150604 0.955487
vt 0.179645 0.955220
vt 0.177370 0.898273
vt 0.176941 0.855818
vt 0.178084 0.809316
vt 0.179163 0.799770
vt 0.147474 0.668277
vt 0.178939 0.668520
vt 0.177740 0.670084
vt 0.147442 0.669850
vt 0.176824 0.671227
vt 0.147381 0.671000
vt 0.520562 0.690636
vt 0.520562 0.720111
vt 0.177965 0.793811
vt 0.551033 0.002896
vt 0.551029 0.126618
vt 0.549893 0.122263
vt 0.549897 0.004047
vt 0.176566 0.806323
vt 0.175417 0.804132
vt 0.177050 0.789447
vt 0.549922 0.136958
vt 0.175351 0.855803
vt 0.174148 0.855792
vt 0.549944 0.188626
vt 0.175780 0.898314
vt 0.174578 0.898344
vt 0.549936 0.231174
vt 0.177992 0.953662
vt 0.176743 0.952520
vt 0.549899 0.285333
vt 0.033156 0.954707
vt 0.150571 0.953914
vt 0.708267 0.568890
vt 0.708269 0.686426
vt 0.707154 0.685031
vt 0.707161 0.568884
vt 0.036382 0.890982
vt 0.037849 0.894673
vt 0.038885 0.897374
vt 0.034483 0.953750
vt 0.499297 0.287660
vt 0.499297 0.231241
vt 0.038789 0.786558
vt 0.040341 0.786564
vt 0.498146 0.228551
vt 0.498146 0.120421
vt 0.499297 0.120414
vt 0.037931 0.730769
vt 0.039483 0.730720
vt 0.498146 0.064590
vt 0.499297 0.064543
vt 0.035127 0.667409
vt 0.036750 0.668994
vt 0.498146 0.002896
vt 0.499297 0.004044
vt 0.500870 0.004464
vt 0.150508 0.952761
vt 0.707163 0.542622
vt 0.037901 0.670154
vt 0.520562 0.581040
vt 0.263879 0.642182
vt 0.404792 0.643498
vt 0.266266 0.636406
vt 0.402500 0.637691
vt 0.262700 0.355663
vt 0.265085 0.360428
vt 0.402286 0.353575
vt 0.400006 0.358481
vt 0.632512 0.541653
vt 0.632485 0.718214
vt 0.624177 0.718006
vt 0.624510 0.541661
vt 0.648831 0.541636
vt 0.648805 0.718197
vt 0.469101 0.887739
vt 0.469110 0.966881
vt 0.469133 0.962583
vt 0.469118 0.010891
vt 0.010556 0.025663
vt 0.009695 0.015361
vt 0.009339 0.011590
vt 0.002896 0.975604
vt 0.003300 0.972197
vt 0.004292 0.962885
vt 0.492243 0.006664
vt 0.492354 0.963521
vt 0.648831 0.748275
vt 0.646401 0.750711
vt 0.723476 0.529163
vt 0.628752 0.530910
vt 0.725968 0.531845
vt 0.626148 0.533679
vt 0.727778 0.533951
vt 0.624177 0.535844
vt 0.722477 0.297697
vt 0.724953 0.294984
vt 0.726757 0.292854
vt 0.628720 0.296965
vt 0.626129 0.294218
vt 0.624177 0.292066
vt 0.612085 0.665528
vt 0.612085 0.551334
vt 0.618382 0.556622
vt 0.618386 0.660337
vt 0.176148 0.637747
vt 0.039583 0.639003
vt 0.178325 0.641950
vt 0.037568 0.643252
vt 0.179437 0.645894
vt 0.177395 0.360522
vt 0.179534 0.356310
vt 0.042103 0.358455
vt 0.040088 0.354187
vt 0.602225 0.177726
vt 0.602203 0.270508
vt 0.596136 0.270508
vt 0.596158 0.177727
vt 0.556087 0.572762
vt 0.534549 0.572918
vt 0.533460 0.480098
vt 0.532365 0.407056
vt 0.531970 0.292066
vt 0.556836 0.292307
vt 0.556836 0.408512
vt 0.555088 0.423988
vt 0.553697 0.476443
vt 0.554044 0.519011
vt 0.562628 0.476227
vt 0.562628 0.423759
vt 0.577231 0.423759
vt 0.577231 0.476227
vt 0.602257 0.002896
vt 0.602247 0.104675
vt 0.596180 0.104675
vt 0.591838 0.104603
vt 0.591923 0.011003
vt 0.562628 0.518788
vt 0.577231 0.518788
vt 0.562628 0.408263
vt 0.562628 0.292066
vt 0.577231 0.292066
vt 0.577231 0.408263
vt 0.557575 0.283341
vt 0.559620 0.229592
vt 0.559967 0.187025
vt 0.558575 0.134572
vt 0.556825 0.119097
vt 0.556825 0.002896
vt 0.586025 0.023999
vt 0.581320 0.117641
vt 0.580225 0.190680
vt 0.579113 0.272895
vt 0.562628 0.572510
vt 0.577231 0.572510
vt 0.693382 0.243079
vt 0.693403 0.267966
vt 0.688635 0.272425
vt 0.677997 0.272542
vt 0.678789 0.243079
vt 0.527908 0.407084
vt 0.527486 0.305298
vt 0.529002 0.480149
vt 0.530092 0.572944
vt 0.591817 0.177632
vt 0.584532 0.190700
vt 0.583442 0.283492
vt 0.630930 0.258141
vt 0.635194 0.262408
vt 0.635186 0.283966
vt 0.620589 0.283966
vt 0.620275 0.262362
vt 0.624865 0.258141
vt 0.039997 0.502605
vt 0.027423 0.510515
vt 0.019267 0.504890
vt 0.024711 0.497291
vt 0.017639 0.515378
vt 0.012996 0.509868
vt 0.010163 0.505926
vt 0.012299 0.501234
vt 0.015070 0.493943
vt 0.064960 0.012288
vt 0.072092 0.013634
vt 0.063725 0.017502
vt 0.057094 0.017783
vt 0.076696 0.016430
vt 0.068404 0.019134
vt 0.062144 0.021295
vt 0.056964 0.021423
vt 0.050295 0.022485
vt 0.082705 0.027773
vt 0.069754 0.027225
vt 0.070391 0.022554
vt 0.080102 0.020737
vt 0.058807 0.027975
vt 0.060877 0.024040
vt 0.035274 0.034715
vt 0.043505 0.027610
vt 0.051798 0.025650
vt 0.047884 0.030143
vt 0.119710 0.362737
vt 0.082636 0.363674
vt 0.066119 0.359390
vt 0.077738 0.356814
vt 0.055714 0.364119
vt 0.047165 0.360338
vt 0.038125 0.357375
vt 0.044338 0.355680
vt 0.049577 0.352917
vt 0.011513 0.347296
vt 0.026418 0.349686
vt 0.020740 0.352844
vt 0.009102 0.350188
vt 0.022463 0.356273
vt 0.003761 0.353882
vt 0.003756 0.353306
vt 0.003752 0.352730
vt 0.387676 0.779471
vt 0.391272 0.770572
vt 0.391867 0.775587
vt 0.390780 0.782335
vt 0.393275 0.764720
vt 0.393274 0.773609
vt 0.393273 0.782499
vt 0.374266 0.441551
vt 0.359683 0.429494
vt 0.377187 0.425752
vt 0.383545 0.433803
vt 0.346798 0.420056
vt 0.364249 0.418124
vt 0.373767 0.415945
vt 0.381881 0.418431
vt 0.390714 0.420677
vt 0.390898 0.425333
vt 0.391082 0.429989
vt 0.316065 0.399282
vt 0.352297 0.402309
vt 0.355592 0.410202
vt 0.333238 0.410770
vt 0.372143 0.403894
vt 0.372485 0.410565
vt 0.302897 0.787775
vt 0.305191 0.793459
vt 0.298550 0.795660
vt 0.295720 0.789843
vt 0.306960 0.798253
vt 0.304173 0.798869
vt 0.301386 0.799486
vt 0.297423 0.799492
vt 0.293459 0.799497
vt 0.290950 0.796399
vt 0.288243 0.792286
vt 0.275347 0.743339
vt 0.290541 0.762106
vt 0.282943 0.769080
vt 0.269839 0.764485
vt 0.296884 0.772513
vt 0.290054 0.776038
vt 0.285102 0.780568
vt 0.278260 0.779142
vt 0.265987 0.777902
vt 0.293451 0.783264
vt 0.300485 0.780839
vt 0.285941 0.786511
vt 0.247407 0.498587
vt 0.266988 0.508105
vt 0.257680 0.525808
vt 0.241869 0.523427
vt 0.283666 0.517673
vt 0.272762 0.532192
vt 0.266446 0.544385
vt 0.255358 0.545849
vt 0.241445 0.547504
vt 0.328116 0.540186
vt 0.301084 0.554822
vt 0.287475 0.542635
vt 0.302007 0.528134
vt 0.284217 0.568614
vt 0.273567 0.555817
vt 0.256458 0.616300
vt 0.245135 0.575129
vt 0.260026 0.567253
vt 0.270705 0.585292
vt 0.110446 0.010189
vt 0.116668 0.008885
vt 0.122273 0.015254
vt 0.115867 0.019499
vt 0.120184 0.005918
vt 0.124304 0.006007
vt 0.128424 0.006096
vt 0.129791 0.015974
vt 0.129301 0.025034
vt 0.124236 0.028505
vt 0.117966 0.032051
vt 0.159497 0.016140
vt 0.145795 0.029677
vt 0.138168 0.017889
vt 0.145831 0.010854
vt 0.136485 0.042741
vt 0.132639 0.031599
vt 0.132844 0.006176
vt 0.137264 0.006257
vt 0.107455 0.073456
vt 0.116182 0.047762
vt 0.124839 0.041988
vt 0.126023 0.056576
vt 0.042247 0.720015
vt 0.054968 0.730885
vt 0.047163 0.739807
vt 0.038154 0.736592
vt 0.064298 0.739321
vt 0.055473 0.745647
vt 0.050429 0.751203
vt 0.044045 0.750215
vt 0.036546 0.749431
vt 0.084695 0.762898
vt 0.066547 0.763440
vt 0.062347 0.753906
vt 0.073653 0.748777
vt 0.055386 0.766643
vt 0.052774 0.758079
vt 0.035173 0.773532
vt 0.035943 0.761332
vt 0.044052 0.760590
vt 0.045701 0.770238
vt 0.074889 0.585307
vt 0.075479 0.597839
vt 0.059836 0.597013
vt 0.058663 0.585142
vt 0.073482 0.612127
vt 0.058554 0.609610
vt 0.047430 0.604384
vt 0.044346 0.594204
vt 0.042142 0.582646
vt 0.059824 0.653581
vt 0.043288 0.631136
vt 0.052773 0.621644
vt 0.069044 0.628458
vt 0.031020 0.614391
vt 0.039608 0.608518
vt 0.027934 0.726074
vt 0.022718 0.716255
vt 0.029187 0.708863
vt 0.020497 0.731114
vt 0.017441 0.721692
vt 0.015307 0.714980
vt 0.017288 0.709084
vt 0.021030 0.701362
vt 0.016060 0.150051
vt 0.014605 0.175192
vt 0.008054 0.180655
vt 0.009723 0.162329
vt 0.011213 0.194240
vt 0.006453 0.196691
vt 0.003345 0.200974
vt 0.003365 0.187791
vt 0.003385 0.174608
vt 0.040890 0.062742
vt 0.028151 0.076406
vt 0.021527 0.073247
vt 0.025543 0.064213
vt 0.021003 0.086330
vt 0.016755 0.081992
vt 0.013143 0.080556
vt 0.014153 0.075368
vt 0.015593 0.068626
vt 0.012323 0.104276
vt 0.008819 0.101445
vt 0.011139 0.091460
vt 0.015606 0.096063
vt 0.004837 0.098546
vt 0.004859 0.094783
vt 0.004881 0.091019
vt 0.009332 0.085496
vt 0.053585 0.015881
vt 0.056290 0.010746
vt 0.064748 0.008278
vt 0.044242 0.020616
vt 0.046539 0.016574
vt 0.047708 0.013847
vt 0.053569 0.009556
vt 0.061201 0.004089
vt 0.062587 0.004141
vt 0.063973 0.004192
vt 0.026333 0.032544
vt 0.030703 0.027000
vt 0.038623 0.021319
vt 0.035641 0.025851
vt 0.036194 0.020231
vt 0.043002 0.015995
vt 0.017072 0.042574
vt 0.022289 0.034565
vt 0.007811 0.052603
vt 0.014987 0.042130
vt 0.020441 0.034000
vt 0.027867 0.026833
vt 0.385255 0.790215
vt 0.379459 0.790834
vt 0.380480 0.783599
vt 0.383276 0.796338
vt 0.378253 0.795892
vt 0.373274 0.795373
vt 0.372240 0.792053
vt 0.372389 0.786123
vt 0.347219 0.780296
vt 0.363019 0.785858
vt 0.364114 0.793670
vt 0.355366 0.793001
vt 0.369576 0.797016
vt 0.363709 0.799469
vt 0.363286 0.799470
vt 0.362864 0.799471
vt 0.387700 0.741252
vt 0.387354 0.751749
vt 0.381608 0.760856
vt 0.380590 0.753344
vt 0.387288 0.760583
vt 0.382035 0.768040
vt 0.377104 0.773069
vt 0.374741 0.769925
vt 0.372613 0.763455
vt 0.381420 0.775750
vt 0.387272 0.769557
vt 0.374542 0.779249
vt 0.363088 0.771656
vt 0.367862 0.778124
vt 0.903882 0.681451
vt 0.900806 0.677932
vt 0.901389 0.674608
vt 0.903525 0.674633
vt 0.897729 0.674413
vt 0.899131 0.671548
vt 0.903168 0.667815
vt 0.035271 0.038922
vt 0.024476 0.046139
vt 0.022171 0.044659
vt 0.036402 0.043387
vt 0.026259 0.049166
vt 0.019193 0.054656
vt 0.015635 0.055154
vt 0.009457 0.055849
vt 0.026690 0.055547
vt 0.038348 0.050197
vt 0.017160 0.060812
vt 0.884313 0.461108
vt 0.889044 0.470484
vt 0.888732 0.477646
vt 0.884647 0.469879
vt 0.893775 0.479861
vt 0.893012 0.486196
vt 0.891763 0.490575
vt 0.888371 0.484613
vt 0.884980 0.478650
vt 0.909740 0.507525
vt 0.900705 0.506268
vt 0.897531 0.496368
vt 0.901758 0.493693
vt 0.895534 0.507667
vt 0.893649 0.499121
vt 0.059792 0.280843
vt 0.051268 0.294550
vt 0.034340 0.291042
vt 0.041763 0.277937
vt 0.041917 0.305162
vt 0.026261 0.300718
vt 0.018874 0.296540
vt 0.021780 0.288778
vt 0.027160 0.276511
vt 0.013353 0.324065
vt 0.008469 0.317250
vt 0.015140 0.307868
vt 0.032266 0.314047
vt 0.003586 0.310436
vt 0.003429 0.305696
vt 0.003273 0.300955
vt 0.011505 0.298569
vt 0.073241 0.383877
vt 0.051404 0.388629
vt 0.037511 0.383758
vt 0.052260 0.379037
vt 0.035244 0.393721
vt 0.024347 0.388940
vt 0.019078 0.384765
vt 0.025221 0.380166
vt 0.036024 0.375433
vt 0.012370 0.406977
vt 0.006580 0.403359
vt 0.011990 0.394915
vt 0.022604 0.399713
vt 0.003791 0.406029
vt 0.003675 0.395880
vt 0.003559 0.385730
vt 0.011220 0.385665
vt 0.046135 0.034291
vt 0.056265 0.032099
vt 0.054038 0.035719
vt 0.046535 0.038615
vt 0.075061 0.034921
vt 0.065760 0.032315
vt 0.066597 0.041375
vt 0.059183 0.037700
vt 0.049802 0.043717
vt 0.056209 0.049478
vt 0.081851 0.285853
vt 0.072673 0.299037
vt 0.109142 0.292002
vt 0.097188 0.304575
vt 0.083654 0.310918
vt 0.063599 0.308883
vt 0.213237 0.308402
vt 0.143823 0.321695
vt 0.122929 0.311988
vt 0.144534 0.298490
vt 0.101034 0.325490
vt 0.091441 0.317350
vt 0.059792 0.317403
vt 0.062409 0.325833
vt 0.048525 0.545653
vt 0.058820 0.556272
vt 0.043723 0.558836
vt 0.032736 0.551456
vt 0.066085 0.565383
vt 0.051764 0.566625
vt 0.041535 0.567377
vt 0.032692 0.562449
vt 0.023025 0.556049
vt 0.056177 0.575091
vt 0.071587 0.574733
vt 0.040961 0.573210
vt 0.102554 0.007222
vt 0.105071 0.006200
vt 0.109599 0.006551
vt 0.095707 0.005236
vt 0.102327 0.005451
vt 0.108948 0.005666
vt 0.072307 0.006897
vt 0.076658 0.008151
vt 0.075762 0.004580
vt 0.087551 0.004967
vt 0.167060 0.126300
vt 0.145449 0.145529
vt 0.135226 0.125087
vt 0.145790 0.108857
vt 0.127285 0.157108
vt 0.121176 0.136524
vt 0.118271 0.123247
vt 0.125483 0.111757
vt 0.133499 0.096500
vt 0.076337 0.184472
vt 0.086941 0.147878
vt 0.104810 0.143858
vt 0.107520 0.168158
vt 0.094121 0.124156
vt 0.108061 0.122998
vt 0.122430 0.085779
vt 0.114401 0.104158
vt 0.100546 0.102593
vt 0.099898 0.384795
vt 0.102840 0.390788
vt 0.083264 0.391793
vt 0.122001 0.386072
vt 0.121833 0.391285
vt 0.121959 0.395726
vt 0.110250 0.397262
vt 0.093666 0.399252
vt 0.176875 0.390415
vt 0.159368 0.397587
vt 0.141027 0.393603
vt 0.145056 0.387887
vt 0.147723 0.403718
vt 0.133408 0.399094
vt 0.114798 0.419913
vt 0.104001 0.407634
vt 0.121325 0.403988
vt 0.135202 0.410512
vt 0.119352 0.434742
vt 0.097771 0.437078
vt 0.088119 0.427889
vt 0.119270 0.447191
vt 0.100284 0.447436
vt 0.085279 0.447116
vt 0.077622 0.440724
vt 0.066205 0.433104
vt 0.112375 0.476800
vt 0.088832 0.469008
vt 0.096497 0.458135
vt 0.116734 0.460130
vt 0.068481 0.461734
vt 0.077479 0.453289
vt 0.024055 0.445640
vt 0.045244 0.438285
vt 0.060464 0.446344
vt 0.048124 0.454348
vt 0.156923 0.558126
vt 0.126573 0.571816
vt 0.115454 0.560959
vt 0.123778 0.549154
vt 0.108350 0.578388
vt 0.102576 0.568467
vt 0.094446 0.562762
vt 0.097336 0.556158
vt 0.098734 0.546198
vt 0.087487 0.572666
vt 0.091430 0.582920
vt 0.081891 0.563923
vt 0.074586 0.545438
vt 0.077721 0.555160
vt 0.148781 0.709617
vt 0.125131 0.730620
vt 0.106753 0.726099
vt 0.111199 0.714939
vt 0.110048 0.741100
vt 0.097190 0.735131
vt 0.086589 0.731471
vt 0.087193 0.725147
vt 0.086681 0.716590
vt 0.085634 0.742318
vt 0.097404 0.750160
vt 0.075993 0.734484
vt 0.065116 0.717462
vt 0.069381 0.726460
vt 0.085170 0.669072
vt 0.074040 0.684144
vt 0.056521 0.678206
vt 0.103860 0.680887
vt 0.090455 0.692965
vt 0.080347 0.699387
vt 0.067366 0.696346
vt 0.052112 0.692566
vt 0.103696 0.703390
vt 0.122643 0.692305
vt 0.083724 0.707296
vt 0.047702 0.704759
vt 0.064741 0.707227
vt 0.084955 0.776448
vt 0.077170 0.779030
vt 0.073252 0.773366
vt 0.085830 0.785083
vt 0.078699 0.785761
vt 0.073390 0.787424
vt 0.070738 0.784514
vt 0.066734 0.781155
vt 0.053020 0.791883
vt 0.060396 0.787654
vt 0.064873 0.791278
vt 0.057372 0.794334
vt 0.070896 0.791977
vt 0.065249 0.797487
vt 0.064699 0.797481
vt 0.064148 0.797474
vt 0.133931 0.596690
vt 0.121364 0.590567
vt 0.114034 0.619568
vt 0.107273 0.609101
vt 0.101817 0.603371
vt 0.106923 0.591746
vt 0.088835 0.622751
vt 0.091719 0.637870
vt 0.089480 0.608904
vt 0.091460 0.595372
vt 0.154200 0.008254
vt 0.157900 0.007724
vt 0.162453 0.008423
vt 0.151683 0.006502
vt 0.157383 0.006625
vt 0.163084 0.006747
vt 0.220541 0.064487
vt 0.203122 0.053954
vt 0.212617 0.040979
vt 0.226047 0.046613
vt 0.189879 0.042364
vt 0.200865 0.031714
vt 0.210769 0.025926
vt 0.221143 0.029381
vt 0.233647 0.032759
vt 0.175800 0.011389
vt 0.191425 0.018657
vt 0.177101 0.029975
vt 0.183982 0.007195
vt 0.198387 0.007508
vt 0.212792 0.007820
vt 0.210924 0.017565
vt 0.220421 0.437885
vt 0.197215 0.465456
vt 0.179185 0.468679
vt 0.181550 0.451954
vt 0.184438 0.489134
vt 0.171269 0.488338
vt 0.160547 0.487025
vt 0.160445 0.475236
vt 0.158787 0.461834
vt 0.143604 0.526901
vt 0.159872 0.509164
vt 0.173229 0.515965
vt 0.133082 0.509118
vt 0.149402 0.497633
vt 0.137703 0.470190
vt 0.142309 0.484103
vt 0.123477 0.493365
vt 0.144013 0.423951
vt 0.139723 0.434700
vt 0.164314 0.426995
vt 0.157168 0.436681
vt 0.150076 0.444454
vt 0.137116 0.445900
vt 0.171809 0.441921
vt 0.185035 0.430852
vt 0.154718 0.451159
vt 0.136468 0.457372
vt 0.184986 0.574894
vt 0.178508 0.604374
vt 0.159139 0.604941
vt 0.204148 0.587114
vt 0.196093 0.611228
vt 0.189162 0.630067
vt 0.175513 0.633706
vt 0.157663 0.638744
vt 0.227158 0.642357
vt 0.212182 0.624233
vt 0.224306 0.599589
vt 0.205817 0.663379
vt 0.195755 0.644954
vt 0.154582 0.670732
vt 0.176254 0.660697
vt 0.183220 0.684068
vt 0.186952 0.718669
vt 0.180908 0.736579
vt 0.155920 0.736367
vt 0.214874 0.725140
vt 0.205351 0.740003
vt 0.197500 0.749498
vt 0.180080 0.750980
vt 0.158836 0.752500
vt 0.243384 0.755460
vt 0.226719 0.746307
vt 0.241687 0.731605
vt 0.218326 0.764689
vt 0.206928 0.756267
vt 0.164834 0.781449
vt 0.161435 0.766083
vt 0.184448 0.762751
vt 0.193586 0.772855
vt 0.233888 0.079397
vt 0.221029 0.089442
vt 0.206329 0.078601
vt 0.249563 0.090574
vt 0.235998 0.099854
vt 0.223737 0.106220
vt 0.209954 0.100848
vt 0.194674 0.091287
vt 0.299169 0.118975
vt 0.256930 0.133400
vt 0.249162 0.112894
vt 0.268480 0.101858
vt 0.226864 0.137437
vt 0.225703 0.117766
vt 0.183463 0.105188
vt 0.202791 0.115365
vt 0.198776 0.136421
vt 0.200100 0.166137
vt 0.175850 0.169053
vt 0.225270 0.164080
vt 0.222826 0.187683
vt 0.206029 0.198454
vt 0.184274 0.206670
vt 0.276331 0.171692
vt 0.251041 0.165316
vt 0.257711 0.212204
vt 0.237519 0.199345
vt 0.194665 0.247123
vt 0.218562 0.229168
vt 0.238769 0.252601
vt 0.257289 0.369282
vt 0.231955 0.375626
vt 0.210241 0.373108
vt 0.218583 0.367808
vt 0.214142 0.380003
vt 0.197713 0.377185
vt 0.185757 0.375003
vt 0.188060 0.371642
vt 0.190976 0.366734
vt 0.163636 0.382412
vt 0.182111 0.380321
vt 0.197622 0.384315
vt 0.153776 0.376888
vt 0.171664 0.375913
vt 0.162603 0.365248
vt 0.165023 0.370987
vt 0.142246 0.371263
vt 0.342586 0.348803
vt 0.321197 0.344608
vt 0.335695 0.341030
vt 0.356461 0.344936
vt 0.295277 0.339390
vt 0.312856 0.336529
vt 0.329231 0.335618
vt 0.348524 0.338193
vt 0.366959 0.341571
vt 0.282762 0.322773
vt 0.291947 0.330096
vt 0.263785 0.331162
vt 0.324388 0.327733
vt 0.325530 0.332251
vt 0.366736 0.027398
vt 0.357446 0.019814
vt 0.366923 0.014885
vt 0.375909 0.020521
vt 0.348345 0.015255
vt 0.354082 0.012647
vt 0.354832 0.010120
vt 0.367123 0.010326
vt 0.379414 0.010532
vt 0.381494 0.011427
vt 0.383573 0.012321
vt 0.344645 0.594260
vt 0.336342 0.583118
vt 0.350507 0.579245
vt 0.358980 0.586820
vt 0.330660 0.572701
vt 0.344771 0.570776
vt 0.355292 0.570752
vt 0.362426 0.576032
vt 0.370117 0.582475
vt 0.348083 0.552371
vt 0.343647 0.561435
vt 0.327092 0.560540
vt 0.363152 0.559858
vt 0.358617 0.565988
vt 0.328045 0.695226
vt 0.344708 0.702276
vt 0.341755 0.718521
vt 0.331117 0.720133
vt 0.355799 0.705108
vt 0.351486 0.718848
vt 0.349676 0.730103
vt 0.343399 0.734772
vt 0.335060 0.739408
vt 0.375426 0.710173
vt 0.367397 0.726472
vt 0.360024 0.721817
vt 0.365691 0.707401
vt 0.361206 0.742134
vt 0.354637 0.736090
vt 0.339895 0.757535
vt 0.348143 0.748778
vt 0.355186 0.758561
vt 0.321181 0.724943
vt 0.313283 0.707174
vt 0.326368 0.741709
vt 0.319278 0.742079
vt 0.312743 0.731776
vt 0.303521 0.716740
vt 0.329315 0.770123
vt 0.329385 0.757174
vt 0.316196 0.761609
vt 0.318096 0.751350
vt 0.292997 0.727014
vt 0.305833 0.741436
vt 0.301208 0.752718
vt 0.379690 0.150592
vt 0.385399 0.166111
vt 0.384604 0.187188
vt 0.375322 0.172752
vt 0.391108 0.181630
vt 0.390898 0.191614
vt 0.390689 0.201598
vt 0.389402 0.205047
vt 0.388115 0.208497
vt 0.381308 0.202432
vt 0.371673 0.192078
vt 0.355986 0.236411
vt 0.366028 0.212055
vt 0.380390 0.221838
vt 0.376675 0.238170
vt 0.389259 0.220732
vt 0.390404 0.232968
vt 0.390401 0.235136
vt 0.390398 0.237305
vt 0.376325 0.372982
vt 0.384891 0.376983
vt 0.380164 0.384630
vt 0.366648 0.380702
vt 0.389879 0.377697
vt 0.389767 0.384381
vt 0.389656 0.391064
vt 0.383633 0.391904
vt 0.376923 0.393379
vt 0.369030 0.390254
vt 0.354632 0.386643
vt 0.339077 0.392115
vt 0.358949 0.395786
vt 0.374588 0.397878
vt 0.386752 0.614240
vt 0.389731 0.611042
vt 0.390993 0.613774
vt 0.389754 0.616795
vt 0.391643 0.613013
vt 0.391654 0.613671
vt 0.391664 0.614329
vt 0.385487 0.027187
vt 0.379031 0.033466
vt 0.388597 0.017582
vt 0.393621 0.022843
vt 0.393611 0.028021
vt 0.393600 0.033199
vt 0.389793 0.035708
vt 0.386225 0.039971
vt 0.384165 0.705085
vt 0.384097 0.714589
vt 0.378656 0.721370
vt 0.388750 0.703775
vt 0.388196 0.711328
vt 0.388372 0.716866
vt 0.385991 0.721563
vt 0.381760 0.729264
vt 0.384799 0.735490
vt 0.389375 0.725101
vt 0.390946 0.729618
vt 0.390657 0.717375
vt 0.393509 0.717535
vt 0.393484 0.719447
vt 0.393460 0.721359
vt 0.378046 0.254799
vt 0.362101 0.259965
vt 0.390385 0.251854
vt 0.390372 0.266403
vt 0.381471 0.269533
vt 0.369444 0.275457
vt 0.341904 0.606420
vt 0.325303 0.607100
vt 0.323376 0.597055
vt 0.340898 0.616811
vt 0.326012 0.616670
vt 0.314128 0.616415
vt 0.308885 0.609954
vt 0.304336 0.600614
vt 0.343848 0.639398
vt 0.322585 0.636592
vt 0.324654 0.626242
vt 0.341167 0.627163
vt 0.304037 0.632193
vt 0.308526 0.622685
vt 0.284670 0.605537
vt 0.294283 0.616023
vt 0.285121 0.626427
vt 0.228580 0.455227
vt 0.208849 0.469291
vt 0.233790 0.466977
vt 0.216081 0.477472
vt 0.205120 0.488363
vt 0.196318 0.488654
vt 0.224052 0.507148
vt 0.220698 0.490349
vt 0.239829 0.480376
vt 0.206224 0.518495
vt 0.204561 0.501135
vt 0.189045 0.510848
vt 0.187917 0.533853
vt 0.224599 0.337492
vt 0.199583 0.343673
vt 0.178566 0.335049
vt 0.233767 0.350412
vt 0.211544 0.353144
vt 0.195644 0.355677
vt 0.181513 0.351776
vt 0.160065 0.346857
vt 0.217859 0.361121
vt 0.243602 0.359785
vt 0.193652 0.361012
vt 0.143161 0.355006
vt 0.169327 0.358920
vt 0.193126 0.066858
vt 0.183377 0.078310
vt 0.177270 0.066821
vt 0.181656 0.055585
vt 0.161299 0.091593
vt 0.172863 0.086918
vt 0.159167 0.066450
vt 0.168959 0.066591
vt 0.170353 0.046970
vt 0.159028 0.042757
vt 0.097831 0.774752
vt 0.093584 0.780138
vt 0.106491 0.783560
vt 0.101393 0.786159
vt 0.098615 0.788734
vt 0.093068 0.786681
vt 0.145403 0.788154
vt 0.133433 0.782200
vt 0.139131 0.774875
vt 0.135720 0.792261
vt 0.127534 0.787315
vt 0.120097 0.782457
vt 0.120086 0.777082
vt 0.121577 0.769651
vt 0.105608 0.765256
vt 0.107776 0.774248
vt 0.113620 0.782693
vt 0.041139 0.678488
vt 0.038824 0.666357
vt 0.039273 0.689908
vt 0.030955 0.688418
vt 0.029036 0.681438
vt 0.026340 0.672097
vt 0.034891 0.699780
vt 0.025877 0.693792
vt 0.029739 0.657142
vt 0.034941 0.646847
vt 0.021788 0.663195
vt 0.017907 0.656747
vt 0.020136 0.650691
vt 0.021725 0.641399
vt 0.033986 0.028702
vt 0.025981 0.034085
vt 0.041679 0.023999
vt 0.039855 0.026098
vt 0.034177 0.029901
vt 0.025630 0.035625
vt 0.049375 0.020216
vt 0.044100 0.024376
vt 0.029437 0.035501
vt 0.037505 0.029246
vt 0.016382 0.333565
vt 0.007474 0.332295
vt 0.007852 0.326408
vt 0.013472 0.339218
vt 0.006232 0.338095
vt 0.003779 0.338753
vt 0.003926 0.332660
vt 0.004074 0.326568
vt 0.005279 0.346223
vt 0.005563 0.342666
vt 0.012209 0.343677
vt 0.003753 0.346524
vt 0.003766 0.342638
vt 0.009247 0.113031
vt 0.007083 0.110719
vt 0.006171 0.121787
vt 0.005808 0.118494
vt 0.004740 0.119192
vt 0.004788 0.108869
vt 0.348187 0.794747
vt 0.340298 0.792912
vt 0.348655 0.799440
vt 0.334446 0.799409
vt 0.027589 0.779900
vt 0.022296 0.774276
vt 0.026634 0.768180
vt 0.021464 0.782784
vt 0.017732 0.777444
vt 0.015841 0.772722
vt 0.017801 0.768611
vt 0.020614 0.762080
vt 0.033936 0.154666
vt 0.024760 0.173501
vt 0.046475 0.159247
vt 0.035413 0.175384
vt 0.027531 0.187797
vt 0.019074 0.191478
vt 0.046866 0.195655
vt 0.043866 0.182778
vt 0.059313 0.166507
vt 0.029435 0.207925
vt 0.028991 0.196600
vt 0.082434 0.009630
vt 0.088582 0.005006
vt 0.089613 0.005045
vt 0.090355 0.008832
vt 0.090375 0.011945
vt 0.084905 0.013659
vt 0.105485 0.014593
vt 0.097821 0.009465
vt 0.100499 0.018887
vt 0.094941 0.014142
vt 0.092660 0.005141
vt 0.088777 0.017776
vt 0.093477 0.023263
vt 0.193206 0.787864
vt 0.187597 0.794035
vt 0.167026 0.792544
vt 0.213046 0.792185
vt 0.206574 0.796223
vt 0.207166 0.799181
vt 0.186729 0.799044
vt 0.166292 0.798907
vt 0.340659 0.269950
vt 0.329933 0.252813
vt 0.351232 0.283168
vt 0.331908 0.288843
vt 0.316618 0.282332
vt 0.302039 0.268237
vt 0.268998 0.283882
vt 0.294533 0.296234
vt 0.283951 0.309660
vt 0.327534 0.298285
vt 0.325809 0.307978
vt 0.391301 0.736665
vt 0.390922 0.744600
vt 0.393197 0.730612
vt 0.393206 0.738252
vt 0.393214 0.745892
vt 0.390818 0.753285
vt 0.390908 0.762394
vt 0.393245 0.755306
vt 0.385360 0.451797
vt 0.383108 0.458400
vt 0.369547 0.451016
vt 0.391569 0.459404
vt 0.391389 0.466119
vt 0.391209 0.472835
vt 0.381121 0.465239
vt 0.366837 0.457812
vt 0.355373 0.473214
vt 0.362386 0.464052
vt 0.378958 0.471891
vt 0.378244 0.478905
vt 0.391034 0.479414
vt 0.390858 0.485993
vt 0.392917 0.140473
vt 0.392992 0.140377
vt 0.393028 0.140883
vt 0.392995 0.140923
vt 0.393085 0.140839
vt 0.393079 0.141106
vt 0.393074 0.141373
vt 0.391970 0.132528
vt 0.392875 0.138971
vt 0.393099 0.139069
vt 0.393092 0.139954
vt 0.303113 0.318399
vt 0.334028 0.315017
vt 0.344374 0.319318
vt 0.333415 0.323212
vt 0.285758 0.362441
vt 0.309827 0.365653
vt 0.298932 0.371089
vt 0.307462 0.357487
vt 0.325509 0.360921
vt 0.338625 0.363178
vt 0.334225 0.367053
vt 0.328750 0.372113
vt 0.359172 0.353305
vt 0.342744 0.357001
vt 0.326244 0.352989
vt 0.369232 0.358664
vt 0.353497 0.361405
vt 0.354208 0.372672
vt 0.356416 0.366751
vt 0.374014 0.365119
vt 0.353378 0.028087
vt 0.347977 0.022570
vt 0.342741 0.029202
vt 0.338683 0.024243
vt 0.335648 0.020300
vt 0.340745 0.017887
vt 0.321679 0.036118
vt 0.318666 0.025815
vt 0.329073 0.025156
vt 0.332770 0.031286
vt 0.317424 0.018637
vt 0.328070 0.019319
vt 0.336414 0.651695
vt 0.319886 0.647551
vt 0.331755 0.663067
vt 0.317028 0.658283
vt 0.306072 0.652831
vt 0.303784 0.643479
vt 0.307882 0.679677
vt 0.312885 0.668552
vt 0.328912 0.675556
vt 0.292148 0.664168
vt 0.299077 0.656639
vt 0.288789 0.641752
vt 0.276920 0.646353
vt 0.197122 0.551666
vt 0.210775 0.535627
vt 0.215980 0.548965
vt 0.210992 0.564593
vt 0.225724 0.526762
vt 0.227098 0.548299
vt 0.227490 0.572756
vt 0.272724 0.377333
vt 0.249710 0.379719
vt 0.285802 0.383334
vt 0.263399 0.384499
vt 0.246617 0.385379
vt 0.232049 0.382956
vt 0.273971 0.396078
vt 0.271979 0.389936
vt 0.299223 0.389718
vt 0.242425 0.393977
vt 0.245076 0.388932
vt 0.219947 0.387072
vt 0.212598 0.392358
vt 0.239400 0.046927
vt 0.239160 0.059643
vt 0.244732 0.034535
vt 0.252099 0.035982
vt 0.251541 0.043968
vt 0.253017 0.054269
vt 0.277305 0.043509
vt 0.265635 0.048710
vt 0.263065 0.038688
vt 0.274430 0.033224
vt 0.260162 0.029971
vt 0.271135 0.024389
vt 0.135656 0.741658
vt 0.140451 0.753879
vt 0.128282 0.754828
vt 0.120816 0.748580
vt 0.141245 0.765019
vt 0.124763 0.761584
vt 0.110722 0.756478
vt 0.084621 0.377755
vt 0.103926 0.379891
vt 0.096118 0.373556
vt 0.112494 0.376137
vt 0.124095 0.378362
vt 0.123019 0.381507
vt 0.125119 0.373291
vt 0.107600 0.369524
vt 0.136674 0.377708
vt 0.142959 0.382478
vt 0.107211 0.210002
vt 0.097556 0.229811
vt 0.075000 0.219405
vt 0.132706 0.236359
vt 0.119315 0.249900
vt 0.107235 0.257836
vt 0.090961 0.249296
vt 0.071367 0.242838
vt 0.137875 0.274716
vt 0.161555 0.265628
vt 0.110932 0.274031
vt 0.066413 0.263365
vt 0.087141 0.268584
vt 0.058168 0.065619
vt 0.051283 0.080411
vt 0.038787 0.081873
vt 0.072564 0.068624
vt 0.063995 0.081884
vt 0.056254 0.093039
vt 0.045799 0.096436
vt 0.034381 0.099899
vt 0.082519 0.095598
vt 0.074795 0.086829
vt 0.087182 0.071609
vt 0.062497 0.111630
vt 0.059045 0.101078
vt 0.028545 0.119978
vt 0.042679 0.112695
vt 0.042583 0.127742
vt 0.050241 0.213097
vt 0.038698 0.213162
vt 0.032639 0.233913
vt 0.026721 0.230910
vt 0.021795 0.230763
vt 0.025988 0.220587
vt 0.040380 0.781783
vt 0.032857 0.785200
vt 0.044803 0.786741
vt 0.037495 0.789231
vt 0.031747 0.789872
vt 0.026566 0.787253
vt 0.043956 0.793750
vt 0.040800 0.791873
vt 0.048931 0.789731
vt 0.033581 0.793177
vt 0.031822 0.791480
vt 0.047628 0.795486
vt 0.051805 0.797322
vt 0.039463 0.797169
vt 0.036506 0.794913
vt 0.151247 0.793845
vt 0.153547 0.798765
vt 0.140801 0.798623
vt 0.140515 0.795813
vt 0.004976 0.408501
vt 0.004428 0.406122
vt 0.003800 0.406358
vt 0.003795 0.406194
vt 0.012600 0.452576
vt 0.009775 0.446263
vt 0.010890 0.440087
vt 0.005762 0.455862
vt 0.005666 0.447091
vt 0.005570 0.438320
vt 0.051651 0.534693
vt 0.073197 0.534675
vt 0.051675 0.524838
vt 0.070891 0.523372
vt 0.092039 0.520832
vt 0.096808 0.534010
vt 0.048129 0.514653
vt 0.066033 0.511807
vt 0.059250 0.499977
vt 0.076480 0.495834
vt 0.085200 0.507914
vt 0.104401 0.501737
vt 0.113395 0.516611
vt 0.093209 0.488695
vt 0.121093 0.532918
vt 0.526491 0.800962
vt 0.527830 0.802679
vt 0.527734 0.810906
vt 0.526487 0.811082
vt 0.529169 0.804397
vt 0.528985 0.810769
vt 0.528800 0.817140
vt 0.527626 0.818802
vt 0.526484 0.821201
vt 0.020101 0.043366
vt 0.010280 0.052072
vt 0.011103 0.048295
vt 0.018366 0.041960
vt 0.017470 0.103551
vt 0.013016 0.113533
vt 0.022625 0.094383
vt 0.022515 0.102471
vt 0.018690 0.111737
vt 0.013709 0.122790
vt 0.029262 0.087188
vt 0.026562 0.101765
vt 0.014885 0.136421
vt 0.021530 0.118203
vt 0.905485 0.519711
vt 0.900331 0.513732
vt 0.901230 0.531897
vt 0.897338 0.518663
vt 0.895478 0.508377
vt 0.896781 0.509488
vt 0.033396 0.517910
vt 0.036051 0.525560
vt 0.026198 0.525772
vt 0.022143 0.521355
vt 0.028702 0.539850
vt 0.034261 0.532976
vt 0.017109 0.535524
vt 0.021935 0.530100
vt 0.018504 0.545159
vt 0.014256 0.550463
vt 0.005982 0.545120
vt 0.005939 0.544267
vt 0.005896 0.543413
vt 0.011849 0.539904
vt 0.030924 0.632709
vt 0.020287 0.630465
vt 0.018231 0.621755
vt 0.023219 0.618855
vt 0.029741 0.737694
vt 0.029852 0.749000
vt 0.025124 0.748430
vt 0.023022 0.741010
vt 0.028913 0.759293
vt 0.022989 0.754488
vt 0.083283 0.110077
vt 0.079393 0.127013
vt 0.067842 0.130241
vt 0.065640 0.121996
vt 0.071226 0.146325
vt 0.058415 0.142752
vt 0.048820 0.137005
vt 0.049815 0.335482
vt 0.035254 0.338572
vt 0.074267 0.343993
vt 0.055823 0.344976
vt 0.043560 0.345447
vt 0.028300 0.342241
vt 0.071711 0.351395
vt 0.096848 0.352139
vt 0.047984 0.349038
vt 0.027133 0.346085
vt 0.084422 0.367785
vt 0.077843 0.371407
vt 0.062447 0.370132
vt 0.059809 0.367539
vt 0.066166 0.374928
vt 0.049486 0.371982
vt 0.064518 0.394478
vt 0.075388 0.400895
vt 0.061046 0.401955
vt 0.049142 0.398368
vt 0.081214 0.415637
vt 0.081649 0.408107
vt 0.055315 0.412657
vt 0.059170 0.406650
vt 0.038929 0.403632
vt 0.032099 0.409771
vt 0.048437 0.777810
vt 0.056644 0.774195
vt 0.056762 0.779111
vt 0.051718 0.782844
vt 0.065331 0.772262
vt 0.061471 0.779594
vt 0.055907 0.785496
vt 0.148762 0.007970
vt 0.144473 0.006379
vt 0.113554 0.006650
vt 0.114566 0.005792
vt 0.099052 0.030192
vt 0.091447 0.035299
vt 0.105274 0.025635
vt 0.107946 0.031945
vt 0.104423 0.037695
vt 0.097757 0.043991
vt 0.110567 0.022488
vt 0.112363 0.032762
vt 0.102494 0.054865
vt 0.109749 0.044494
vt 0.044616 0.465098
vt 0.028197 0.462388
vt 0.061919 0.470621
vt 0.058179 0.477439
vt 0.046704 0.476486
vt 0.033111 0.475718
vt 0.078322 0.478474
vt 0.066409 0.485120
vt 0.037794 0.488513
vt 0.052364 0.488033
vt 0.121556 0.193737
vt 0.137167 0.181652
vt 0.147014 0.202333
vt 0.141874 0.218283
vt 0.154945 0.174464
vt 0.162875 0.206465
vt 0.166840 0.238664
vt 0.076336 0.334464
vt 0.108304 0.333908
vt 0.112558 0.340125
vt 0.095187 0.342317
vt 0.144102 0.333353
vt 0.134204 0.342941
vt 0.118001 0.349114
vt 0.285566 0.029120
vt 0.288023 0.039254
vt 0.282835 0.020727
vt 0.294625 0.018805
vt 0.296586 0.026726
vt 0.298324 0.036611
vt 0.266363 0.016800
vt 0.279256 0.014370
vt 0.258867 0.008792
vt 0.275122 0.009047
vt 0.291378 0.009301
vt 0.292606 0.013332
vt 0.305197 0.013166
vt 0.306156 0.018308
vt 0.304532 0.009445
vt 0.317687 0.009588
vt 0.317589 0.013528
vt 0.307649 0.025953
vt 0.308928 0.035917
vt 0.102412 0.652232
vt 0.120936 0.634623
vt 0.126129 0.647964
vt 0.116835 0.663833
vt 0.139700 0.617880
vt 0.139874 0.644153
vt 0.134283 0.670301
vt 0.169500 0.008380
vt 0.173533 0.006971
vt 0.189504 0.400050
vt 0.172743 0.403465
vt 0.198354 0.408677
vt 0.181747 0.410702
vt 0.170472 0.412201
vt 0.160916 0.408384
vt 0.186631 0.419832
vt 0.207542 0.419258
vt 0.168595 0.418211
vt 0.151763 0.415127
vt 0.208538 0.780554
vt 0.228227 0.773140
vt 0.234554 0.779537
vt 0.224864 0.786036
vt 0.249742 0.767119
vt 0.249200 0.778648
vt 0.212803 0.398934
vt 0.238390 0.399587
vt 0.234853 0.404465
vt 0.218065 0.406265
vt 0.290357 0.406923
vt 0.264576 0.402254
vt 0.269363 0.413630
vt 0.249141 0.408331
vt 0.229403 0.414340
vt 0.248407 0.422021
vt 0.246411 0.071109
vt 0.257927 0.064414
vt 0.263491 0.072238
vt 0.258724 0.080323
vt 0.281082 0.055158
vt 0.269732 0.059583
vt 0.285638 0.068971
vt 0.273720 0.071833
vt 0.274626 0.086407
vt 0.290766 0.086542
vt 0.315338 0.163201
vt 0.295677 0.189245
vt 0.327815 0.191193
vt 0.309923 0.210031
vt 0.294757 0.226745
vt 0.278700 0.221663
vt 0.320056 0.232069
vt 0.340079 0.214659
vt 0.295670 0.246895
vt 0.267554 0.255249
vt 0.255160 0.339806
vt 0.283470 0.344508
vt 0.277213 0.349242
vt 0.258117 0.349368
vt 0.306601 0.348942
vt 0.290131 0.353278
vt 0.268634 0.356870
vt 0.265709 0.444103
vt 0.256240 0.451678
vt 0.297567 0.450348
vt 0.283874 0.454818
vt 0.274927 0.459832
vt 0.255973 0.461182
vt 0.322825 0.473092
vt 0.306911 0.462397
vt 0.326289 0.459239
vt 0.296651 0.476416
vt 0.285373 0.466384
vt 0.262281 0.472055
vt 0.272004 0.483975
vt 0.273590 0.663634
vt 0.256719 0.657457
vt 0.287933 0.675806
vt 0.285942 0.686806
vt 0.276187 0.685121
vt 0.261477 0.685105
vt 0.301307 0.690625
vt 0.293657 0.700153
vt 0.267375 0.711268
vt 0.282973 0.706856
vt 0.365750 0.035030
vt 0.355690 0.033399
vt 0.364494 0.041437
vt 0.355755 0.038793
vt 0.349098 0.037296
vt 0.346433 0.033683
vt 0.362106 0.060498
vt 0.349526 0.053038
vt 0.353673 0.045173
vt 0.363219 0.049439
vt 0.340173 0.046717
vt 0.345245 0.040636
vt 0.338421 0.036243
vt 0.331557 0.041883
vt 0.326724 0.051485
vt 0.317847 0.049363
vt 0.334929 0.054938
vt 0.330660 0.062876
vt 0.323518 0.064186
vt 0.314571 0.064307
vt 0.349954 0.072458
vt 0.342532 0.061923
vt 0.338899 0.082738
vt 0.333561 0.071108
vt 0.310015 0.083603
vt 0.322263 0.079729
vt 0.325382 0.096312
vt 0.364221 0.161791
vt 0.364779 0.141808
vt 0.361149 0.180327
vt 0.352248 0.170760
vt 0.351056 0.154661
vt 0.350201 0.134523
vt 0.353470 0.197230
vt 0.342845 0.177910
vt 0.331586 0.128241
vt 0.334871 0.153903
vt 0.299877 0.376696
vt 0.325642 0.377080
vt 0.324246 0.380818
vt 0.308024 0.381992
vt 0.348120 0.378400
vt 0.338000 0.383299
vt 0.321601 0.387135
vt 0.310700 0.413821
vt 0.325808 0.421519
vt 0.308260 0.422727
vt 0.291169 0.418779
vt 0.342759 0.438023
vt 0.335705 0.429713
vt 0.310455 0.435262
vt 0.307741 0.428279
vt 0.277495 0.425949
vt 0.274101 0.434161
vt 0.370989 0.485664
vt 0.361367 0.491929
vt 0.347364 0.487103
vt 0.377092 0.493884
vt 0.368606 0.497760
vt 0.361171 0.502971
vt 0.353122 0.502278
vt 0.339531 0.500841
vt 0.378663 0.506478
vt 0.372587 0.510366
vt 0.370756 0.504448
vt 0.378860 0.501202
vt 0.361835 0.516782
vt 0.360448 0.509617
vt 0.331920 0.516916
vt 0.347831 0.514503
vt 0.348403 0.525272
vt 0.310650 0.786912
vt 0.312419 0.792385
vt 0.319470 0.786529
vt 0.320490 0.792226
vt 0.319571 0.795299
vt 0.313804 0.796184
vt 0.330019 0.793457
vt 0.330020 0.785310
vt 0.332228 0.799422
vt 0.330009 0.799435
vt 0.323726 0.796844
vt 0.302277 0.763564
vt 0.313906 0.769444
vt 0.311867 0.774078
vt 0.305044 0.772521
vt 0.323576 0.777043
vt 0.315988 0.779785
vt 0.308095 0.780225
vt 0.375208 0.038870
vt 0.382468 0.044462
vt 0.378946 0.047153
vt 0.372945 0.044462
vt 0.372531 0.052095
vt 0.373932 0.062634
vt 0.380523 0.053293
vt 0.382066 0.063269
vt 0.833312 0.003190
vt 0.832581 0.021760
vt 0.826856 0.036374
vt 0.825915 0.023994
vt 0.831849 0.040330
vt 0.827005 0.050123
vt 0.823361 0.057206
vt 0.821495 0.051997
vt 0.818518 0.044798
vt 0.828419 0.085149
vt 0.824185 0.082126
vt 0.825743 0.066811
vt 0.830134 0.062740
vt 0.819236 0.084919
vt 0.821347 0.069920
vt 0.805499 0.093242
vt 0.812008 0.069020
vt 0.816886 0.070105
vt 0.813595 0.088078
vt 0.290015 0.440976
vt 0.318417 0.441554
vt 0.326523 0.446326
vt 0.313655 0.447531
vt 0.346312 0.445196
vt 0.346094 0.450928
vt 0.339199 0.455327
vt 0.353706 0.538279
vt 0.359635 0.546971
vt 0.369488 0.535423
vt 0.371969 0.543573
vt 0.375024 0.549935
vt 0.369657 0.554233
vt 0.358318 0.529033
vt 0.367566 0.520941
vt 0.372998 0.522523
vt 0.370471 0.527937
vt 0.383656 0.508076
vt 0.379037 0.513961
vt 0.390864 0.511611
vt 0.390865 0.511625
vt 0.390865 0.511639
vt 0.380939 0.518207
vt 0.360521 0.632800
vt 0.369075 0.638359
vt 0.359386 0.645837
vt 0.372331 0.626788
vt 0.378077 0.631845
vt 0.381598 0.635842
vt 0.377822 0.641417
vt 0.371542 0.648837
vt 0.386295 0.625088
vt 0.381176 0.620332
vt 0.391651 0.623502
vt 0.391638 0.632675
vt 0.386759 0.633997
vt 0.361210 0.599507
vt 0.356294 0.607889
vt 0.372778 0.604123
vt 0.367419 0.610797
vt 0.363207 0.616183
vt 0.354255 0.616581
vt 0.375308 0.615323
vt 0.381338 0.609209
vt 0.367056 0.621023
vt 0.355668 0.625050
vt 0.351474 0.654877
vt 0.364210 0.656985
vt 0.357225 0.663476
vt 0.346302 0.664439
vt 0.345266 0.674194
vt 0.347845 0.683604
vt 0.360516 0.668255
vt 0.363807 0.674785
vt 0.354646 0.689874
vt 0.367272 0.680928
vt 0.369276 0.685715
vt 0.362775 0.693363
vt 0.371754 0.694600
vt 0.380307 0.694871
vt 0.377025 0.684185
vt 0.384503 0.684533
vt 0.387766 0.693776
vt 0.389590 0.685558
vt 0.393352 0.686587
vt 0.393405 0.688161
vt 0.393459 0.689734
vt 0.390624 0.696453
vt 0.363880 0.759378
vt 0.367572 0.745600
vt 0.372143 0.746658
vt 0.371975 0.754608
vt 0.372799 0.732493
vt 0.376602 0.738785
vt 0.378970 0.745890
vt 0.828363 0.085602
vt 0.823397 0.090625
vt 0.828306 0.086054
vt 0.823061 0.095682
vt 0.817815 0.105310
vt 0.818263 0.096318
vt 0.812904 0.102314
vt 0.806907 0.109228
vt 0.814555 0.112114
vt 0.808315 0.125214
vt 0.386102 0.368882
vt 0.387543 0.372817
vt 0.390125 0.367468
vt 0.390002 0.372583
vt 0.387348 0.436845
vt 0.386511 0.441422
vt 0.391341 0.434315
vt 0.391599 0.438641
vt 0.387754 0.447172
vt 0.391584 0.449022
vt 0.381325 0.486424
vt 0.390732 0.490550
vt 0.390606 0.495107
vt 0.384315 0.493819
vt 0.385162 0.501356
vt 0.390735 0.503359
vt 0.391951 0.730854
vt 0.393328 0.725986
vt 0.386179 0.603480
vt 0.377990 0.598099
vt 0.380947 0.593548
vt 0.386128 0.594531
vt 0.391266 0.595158
vt 0.391455 0.604086
vt 0.368922 0.592879
vt 0.376803 0.588610
vt 0.384274 0.362245
vt 0.381015 0.355364
vt 0.390668 0.350600
vt 0.390396 0.359034
vt 0.374741 0.349514
vt 0.380104 0.345338
vt 0.390716 0.349436
vt 0.390692 0.350018
vt 0.386285 0.118452
vt 0.389002 0.111678
vt 0.379654 0.096432
vt 0.383121 0.092280
vt 0.385667 0.086787
vt 0.389369 0.093357
vt 0.393510 0.098968
vt 0.393305 0.119019
vt 0.377922 0.076335
vt 0.370880 0.078465
vt 0.383983 0.075490
vt 0.365885 0.081375
vt 0.356063 0.086791
vt 0.369664 0.102253
vt 0.360722 0.103298
vt 0.353069 0.104170
vt 0.346511 0.094598
vt 0.363454 0.121820
vt 0.374677 0.126423
vt 0.351361 0.116357
vt 0.337555 0.108176
vt 0.286434 0.590817
vt 0.295399 0.577141
vt 0.304323 0.581444
vt 0.303137 0.590064
vt 0.309734 0.566687
vt 0.315744 0.576949
vt 0.319936 0.586934
vt 0.283692 0.494985
vt 0.304101 0.487273
vt 0.307938 0.496239
vt 0.296907 0.504749
vt 0.326380 0.485231
vt 0.322453 0.498250
vt 0.313672 0.512561
vt 0.308604 0.047672
vt 0.306390 0.060829
vt 0.300496 0.056758
vt 0.299717 0.047470
vt 0.301007 0.075102
vt 0.294892 0.062724
vt 0.290922 0.050561
vt 0.237194 0.665323
vt 0.243757 0.688323
vt 0.228553 0.692163
vt 0.218178 0.680245
vt 0.245894 0.710916
vt 0.223070 0.707316
vt 0.201175 0.698832
vt 0.149002 0.046830
vt 0.150019 0.066727
vt 0.143246 0.067379
vt 0.140225 0.056062
vt 0.149529 0.087922
vt 0.139544 0.080158
vt 0.131600 0.069441
vt 0.054512 0.226186
vt 0.053672 0.243778
vt 0.041227 0.248580
vt 0.037188 0.241427
vt 0.048657 0.261655
vt 0.034058 0.261666
vt 0.083263 0.040335
vt 0.089077 0.048012
vt 0.081248 0.050199
vt 0.074869 0.046008
vt 0.090933 0.058281
vt 0.078473 0.057410
vt 0.066604 0.054138
vt 0.015420 0.464534
vt 0.022056 0.476262
vt 0.016116 0.478088
vt 0.011450 0.473470
vt 0.005693 0.468404
vt 0.005728 0.462133
vt 0.025232 0.487201
vt 0.016082 0.485304
vt 0.028425 0.416157
vt 0.012636 0.414942
vt 0.048897 0.418300
vt 0.043104 0.422511
vt 0.028549 0.422761
vt 0.014306 0.422885
vt 0.069792 0.421936
vt 0.053236 0.426711
vt 0.018379 0.431991
vt 0.034552 0.430061
vt 0.005808 0.414593
vt 0.007221 0.422634
vt 0.004701 0.422086
vt 0.004251 0.414222
vt 0.009437 0.431443
vt 0.005135 0.430203
vt 0.005124 0.348663
vt 0.003752 0.349627
vt 0.007029 0.322768
vt 0.008724 0.320616
vt 0.004084 0.321868
vt 0.004095 0.317168
vt 0.388956 0.792100
vt 0.393218 0.791008
vt 0.393163 0.799517
vt 0.389014 0.799506
vt 0.384866 0.799495
vt 0.385644 0.797292
vt 0.527349 0.839387
vt 0.524817 0.832922
vt 0.527372 0.826532
vt 0.528339 0.832103
vt 0.525465 0.831071
vt 0.525974 0.826136
vt 0.529064 0.820980
vt 0.529328 0.824819
vt 0.006924 0.633639
vt 0.006874 0.623032
vt 0.012701 0.626824
vt 0.013196 0.637143
vt 0.006824 0.612424
vt 0.012758 0.616714
vt 0.010293 0.745114
vt 0.010278 0.742318
vt 0.017178 0.745807
vt 0.015402 0.754597
vt 0.010263 0.739522
vt 0.015098 0.735149
vt 0.005603 0.491430
vt 0.005648 0.479917
vt 0.010072 0.482637
vt 0.009271 0.491854
vt 0.895314 0.507781
vt 0.895590 0.507975
vt 0.895150 0.507185
vt 0.895342 0.507426
vt 0.004676 0.126177
vt 0.004708 0.122685
vt 0.005240 0.122518
vt 0.005380 0.126699
vt 0.003865 0.150056
vt 0.004271 0.138116
vt 0.005411 0.136635
vt 0.003954 0.150292
vt 0.007248 0.127665
vt 0.008324 0.133543
vt 0.006183 0.142035
vt 0.004042 0.150528
vt 0.008983 0.678182
vt 0.008347 0.666266
vt 0.014661 0.665608
vt 0.016891 0.675537
vt 0.007711 0.654350
vt 0.013000 0.655983
vt 0.003944 0.367351
vt 0.003853 0.360617
vt 0.025919 0.360582
vt 0.029771 0.365004
vt 0.004791 0.085990
vt 0.004660 0.078266
vt 0.010025 0.066572
vt 0.009182 0.075469
vt 0.004530 0.070542
vt 0.006993 0.063196
vt 0.010482 0.770178
vt 0.010388 0.757646
vt 0.013918 0.763142
vt 0.013177 0.771150
vt 0.010251 0.726635
vt 0.013471 0.724715
vt 0.010240 0.713747
vt 0.012645 0.714482
vt 0.010675 0.786930
vt 0.010657 0.786447
vt 0.024573 0.792357
vt 0.019892 0.792558
vt 0.010639 0.785965
vt 0.022410 0.790226
vt 0.033904 0.797092
vt 0.028345 0.797016
vt 0.003190 0.276308
vt 0.003191 0.274943
vt 0.020788 0.261357
vt 0.015049 0.276186
vt 0.003193 0.273578
vt 0.017541 0.253613
vt 0.004836 0.088504
vt 0.008833 0.081011
vt 0.003751 0.234440
vt 0.003697 0.230711
vt 0.014643 0.210343
vt 0.015499 0.221117
vt 0.003643 0.226982
vt 0.008082 0.210331
vt 0.005632 0.536860
vt 0.008669 0.536351
vt 0.005367 0.530307
vt 0.010301 0.532144
vt 0.010643 0.784219
vt 0.010563 0.777198
vt 0.013929 0.777890
vt 0.016339 0.783560
vt 0.003231 0.288632
vt 0.011894 0.288311
vt 0.003735 0.376863
vt 0.014170 0.378257
vt 0.003911 0.367996
vt 0.020909 0.372448
vt 0.003494 0.213978
vt 0.005521 0.207799
vt 0.004750 0.062519
vt 0.004742 0.061783
vt 0.010281 0.047998
vt 0.006280 0.057561
vt 0.004735 0.061046
vt 0.009495 0.042194
vt 0.017702 0.028958
vt 0.019841 0.032782
vt 0.003928 0.367673
vt 0.032588 0.368690
vt 0.006996 0.570602
vt 0.006889 0.566830
vt 0.023686 0.567972
vt 0.024801 0.577938
vt 0.006781 0.563058
vt 0.015523 0.560143
vt 0.005127 0.521356
vt 0.005161 0.514099
vt 0.008416 0.512539
vt 0.010618 0.518804
vt 0.005194 0.506841
vt 0.007321 0.506342
vt 0.005399 0.499136
vt 0.007983 0.499656
vt 0.009953 0.701746
vt 0.013193 0.704761
vt 0.009667 0.689744
vt 0.015098 0.695400
vt 0.005247 0.525832
vt 0.013219 0.525769
vt 0.007063 0.580765
vt 0.007030 0.575684
vt 0.026823 0.590918
vt 0.019581 0.598450
vt 0.010641 0.785092
vt 0.021229 0.788116
vt 0.003355 0.263788
vt 0.014872 0.247554
vt 0.003517 0.253999
vt 0.013462 0.240963
vt 0.007318 0.643995
vt 0.012952 0.646797
vt 0.006381 0.554089
vt 0.011517 0.554783
vt 0.003634 0.244219
vt 0.014402 0.231628
vt 0.004535 0.038680
vt 0.008008 0.030002
vt 0.004335 0.016314
vt 0.006101 0.014671
vt 0.007866 0.013027
vt 0.013926 0.021603
vt 0.006944 0.596595
vt 0.015092 0.607164
vt 0.009325 0.683963
vt 0.018701 0.686012
vt 0.393599 0.041662
vt 0.391728 0.041172
vt 0.393597 0.050125
vt 0.390396 0.045943
vt 0.393621 0.703048
vt 0.393565 0.710292
vt 0.391143 0.710431
vt 0.391513 0.703681
vt 0.393596 0.057852
vt 0.387599 0.052886
vt 0.393595 0.065579
vt 0.388359 0.064707
vt 0.393540 0.696391
vt 0.392006 0.698624
vt 0.390991 0.516848
vt 0.381200 0.523410
vt 0.391116 0.522057
vt 0.381290 0.530769
vt 0.390680 0.576543
vt 0.390698 0.577371
vt 0.374016 0.573168
vt 0.377058 0.567242
vt 0.390716 0.578199
vt 0.380166 0.580157
vt 0.393552 0.082274
vt 0.389058 0.078155
vt 0.390881 0.299582
vt 0.390995 0.303346
vt 0.367468 0.311041
vt 0.361269 0.304120
vt 0.391108 0.307109
vt 0.384001 0.312504
vt 0.382325 0.317864
vt 0.365379 0.318764
vt 0.391596 0.337466
vt 0.391156 0.343451
vt 0.383725 0.342512
vt 0.377026 0.339265
vt 0.390956 0.538767
vt 0.382159 0.541117
vt 0.390796 0.555477
vt 0.382366 0.551682
vt 0.391444 0.317123
vt 0.391489 0.322509
vt 0.389502 0.320904
vt 0.389537 0.317371
vt 0.391533 0.327895
vt 0.384077 0.323092
vt 0.391737 0.648951
vt 0.391870 0.653348
vt 0.375825 0.659095
vt 0.381683 0.649687
vt 0.392002 0.657744
vt 0.378456 0.666449
vt 0.390738 0.566010
vt 0.380218 0.560205
vt 0.391276 0.312116
vt 0.389386 0.313928
vt 0.390107 0.403294
vt 0.390411 0.411985
vt 0.383148 0.411351
vt 0.383380 0.404272
vt 0.392745 0.672309
vt 0.393048 0.679448
vt 0.390703 0.680375
vt 0.387958 0.677305
vt 0.391641 0.336873
vt 0.391619 0.337170
vt 0.361014 0.335645
vt 0.360570 0.331668
vt 0.389881 0.397179
vt 0.384057 0.397987
vt 0.391687 0.640813
vt 0.385220 0.641757
vt 0.390799 0.296808
vt 0.390840 0.298195
vt 0.362135 0.295008
vt 0.377835 0.286778
vt 0.391587 0.332384
vt 0.367215 0.326088
vt 0.390586 0.281606
vt 0.384225 0.279765
vt 0.392374 0.665027
vt 0.381119 0.674254
vt 0.390991 0.586679
vt 0.384107 0.587035
vt 0.804308 0.144936
vt 0.804833 0.159592
vt 0.802717 0.157394
vt 0.802706 0.148211
vt 0.801978 0.176121
vt 0.801541 0.163803
vt 0.801103 0.151485
vt 0.338411 0.009833
vt 0.346622 0.009976
vt 0.347214 0.011401
vt 0.341324 0.012327
vt 0.233739 0.008260
vt 0.227618 0.018607
vt 0.254685 0.008700
vt 0.242310 0.020358
vt 0.052561 0.003844
vt 0.053330 0.003853
vt 0.035042 0.018462
vt 0.031621 0.016335
vt 0.054098 0.003861
vt 0.043866 0.012824
vt 0.102914 0.805896
vt 0.104957 0.808757
vt 0.105302 0.823425
vt 0.102914 0.821141
vt 0.107000 0.811617
vt 0.107096 0.820422
vt 0.107192 0.829228
vt 0.106840 0.831612
vt 0.106488 0.833996
vt 0.104701 0.835191
vt 0.102914 0.836387
vt 0.256776 0.008746
vt 0.254207 0.021769
vt 0.022490 0.003190
vt 0.037526 0.003517
vt 0.024328 0.012689
vt 0.015178 0.008109
vt 0.057649 0.003975
vt 0.049610 0.010189
vt 0.328049 0.009710
vt 0.331116 0.014195
vt 0.019590 0.796927
vt 0.016706 0.793681
vt 0.010836 0.796837
vt 0.010755 0.791884
vt 0.317827 0.799450
vt 0.315645 0.798157
vt 0.305645 0.799464
vt 0.306302 0.798859
vt 0.234482 0.799307
vt 0.220824 0.799244
vt 0.218362 0.797432
vt 0.227119 0.795410
vt 0.091446 0.797726
vt 0.078347 0.797606
vt 0.078829 0.791894
vt 0.087590 0.791869
vt 0.283079 0.799475
vt 0.284785 0.797251
vt 0.272700 0.799452
vt 0.280477 0.795106
vt 0.261649 0.799405
vt 0.248065 0.799356
vt 0.242840 0.790181
vt 0.262053 0.789441
vt 0.384644 0.799495
vt 0.384433 0.799018
vt 0.384421 0.799494
vt 0.382218 0.798880
vt 0.134184 0.798498
vt 0.134725 0.796878
vt 0.127566 0.798372
vt 0.130102 0.795187
vt 0.121815 0.798237
vt 0.113695 0.798089
vt 0.107853 0.792230
vt 0.114274 0.791304
vt 0.105575 0.797940
vt 0.101724 0.792970
vt 0.098510 0.797833
vt 0.095129 0.792523
vt 0.267174 0.799428
vt 0.275328 0.790068
vt 0.374065 0.799482
vt 0.376258 0.798343
vt 0.868068 0.300246
vt 0.867001 0.298198
vt 0.868531 0.299316
vt 0.868499 0.300945
vt 0.869359 0.296083
vt 0.869144 0.298863
vt 0.868929 0.301644
vt 0.124691 0.798305
vt 0.121926 0.791230
vt 0.887995 0.111975
vt 0.906244 0.102107
vt 0.911999 0.108140
vt 0.901571 0.114708
vt 0.917272 0.096496
vt 0.920092 0.103234
vt 0.922157 0.107261
vt 0.918944 0.111375
vt 0.915146 0.117440
vt 0.652807 0.839572
vt 0.658096 0.833283
vt 0.659875 0.840367
vt 0.657401 0.847860
vt 0.661747 0.827661
vt 0.662541 0.833722
vt 0.663335 0.839782
vt 0.662236 0.846970
vt 0.661137 0.854158
vt 0.706006 0.023868
vt 0.708834 0.017962
vt 0.718016 0.019014
vt 0.718496 0.022007
vt 0.711752 0.013909
vt 0.718962 0.016145
vt 0.726171 0.018381
vt 0.727318 0.020019
vt 0.728891 0.020772
vt 0.753119 0.027369
vt 0.741005 0.024070
vt 0.736346 0.021780
vt 0.745212 0.023895
vt 0.731739 0.019402
vt 0.737306 0.020422
vt 0.674073 0.355115
vt 0.714976 0.348110
vt 0.726356 0.350784
vt 0.710280 0.356584
vt 0.742444 0.343452
vt 0.747618 0.345949
vt 0.753730 0.347633
vt 0.744922 0.351606
vt 0.736669 0.357052
vt 0.784674 0.336699
vt 0.786040 0.339536
vt 0.770994 0.342437
vt 0.765494 0.339771
vt 0.787407 0.342372
vt 0.787550 0.342418
vt 0.787694 0.342463
vt 0.769120 0.345965
vt 0.415730 0.772094
vt 0.412238 0.775303
vt 0.411270 0.768196
vt 0.412081 0.762894
vt 0.409337 0.775770
vt 0.409877 0.766211
vt 0.410416 0.756651
vt 0.426653 0.434208
vt 0.420704 0.425712
vt 0.428089 0.414424
vt 0.445137 0.419159
vt 0.414756 0.417216
vt 0.414776 0.412845
vt 0.414797 0.408475
vt 0.423520 0.406527
vt 0.431261 0.404214
vt 0.440480 0.406619
vt 0.457535 0.409043
vt 0.486600 0.391740
vt 0.470360 0.400741
vt 0.448643 0.399424
vt 0.451684 0.392831
vt 0.432447 0.399173
vt 0.432765 0.393362
vt 0.956476 0.674406
vt 0.957487 0.667940
vt 0.964079 0.670696
vt 0.962814 0.676762
vt 0.959321 0.661076
vt 0.963992 0.663651
vt 0.967554 0.665969
vt 0.968131 0.669679
vt 0.968707 0.673389
vt 0.968399 0.676012
vt 0.968092 0.678635
vt 0.528282 0.728608
vt 0.532873 0.748501
vt 0.520126 0.753009
vt 0.513358 0.746697
vt 0.533176 0.761302
vt 0.524710 0.762288
vt 0.516243 0.763275
vt 0.511217 0.759617
vt 0.506191 0.755959
vt 0.949053 0.672059
vt 0.950446 0.665922
vt 0.939433 0.669272
vt 0.942779 0.664457
vt 0.946125 0.659642
vt 0.953044 0.658988
vt 0.555715 0.491773
vt 0.560993 0.515444
vt 0.546231 0.518034
vt 0.537246 0.501208
vt 0.561377 0.538634
vt 0.548487 0.537276
vt 0.538066 0.535995
vt 0.531977 0.524361
vt 0.521377 0.510572
vt 0.478976 0.532176
vt 0.503883 0.520654
vt 0.518027 0.534449
vt 0.505137 0.546104
vt 0.531377 0.547029
vt 0.521358 0.559358
vt 0.547127 0.605710
vt 0.534066 0.575547
vt 0.544094 0.557981
vt 0.557848 0.565421
vt 0.681195 0.006856
vt 0.676764 0.018208
vt 0.671149 0.014428
vt 0.676078 0.007983
vt 0.674708 0.030417
vt 0.669221 0.027195
vt 0.664623 0.023942
vt 0.664191 0.015199
vt 0.665562 0.005554
vt 0.669389 0.005547
vt 0.673216 0.005539
vt 0.634984 0.009280
vt 0.646213 0.007470
vt 0.655925 0.016823
vt 0.648415 0.028130
vt 0.657442 0.005660
vt 0.661502 0.005607
vt 0.661373 0.030299
vt 0.657572 0.041140
vt 0.683104 0.070069
vt 0.666940 0.054298
vt 0.668333 0.040165
vt 0.675799 0.045433
vt 0.754890 0.703574
vt 0.757824 0.723232
vt 0.748001 0.726544
vt 0.739819 0.716745
vt 0.760088 0.737043
vt 0.751723 0.737697
vt 0.744947 0.738543
vt 0.739507 0.732503
vt 0.730352 0.725574
vt 0.712456 0.745311
vt 0.721527 0.734624
vt 0.732959 0.740578
vt 0.729438 0.749641
vt 0.742874 0.745500
vt 0.740724 0.753930
vt 0.762923 0.761870
vt 0.751117 0.758116
vt 0.752285 0.748435
vt 0.761413 0.749419
vt 0.885079 0.196654
vt 0.903011 0.191365
vt 0.905296 0.203172
vt 0.890042 0.209679
vt 0.919692 0.184389
vt 0.920706 0.196381
vt 0.920249 0.206948
vt 0.910235 0.214834
vt 0.895005 0.222703
vt 0.924596 0.257510
vt 0.909801 0.240107
vt 0.920436 0.225272
vt 0.933097 0.235315
vt 0.929962 0.209095
vt 0.941597 0.213120
vt 0.765421 0.693960
vt 0.773466 0.702420
vt 0.768724 0.712595
vt 0.775953 0.684345
vt 0.778875 0.694753
vt 0.781781 0.701724
vt 0.780165 0.708921
vt 0.777659 0.718741
vt 0.967569 0.794392
vt 0.979042 0.809237
vt 0.980489 0.823352
vt 0.972605 0.819230
vt 0.985196 0.816374
vt 0.986343 0.828710
vt 0.987490 0.841047
vt 0.983978 0.837683
vt 0.978633 0.836360
vt 0.746334 0.051173
vt 0.764253 0.053586
vt 0.767726 0.062836
vt 0.755726 0.063467
vt 0.776150 0.057134
vt 0.777293 0.064310
vt 0.777604 0.070066
vt 0.772366 0.072085
vt 0.765117 0.075762
vt 0.774545 0.096553
vt 0.769831 0.086157
vt 0.777889 0.082059
vt 0.779584 0.092742
vt 0.781625 0.075091
vt 0.785609 0.081234
vt 0.785151 0.085280
vt 0.784693 0.089327
vt 0.544141 0.821213
vt 0.547986 0.819394
vt 0.551363 0.827270
vt 0.546036 0.832592
vt 0.553036 0.817005
vt 0.554125 0.817869
vt 0.555214 0.818733
vt 0.555708 0.828472
vt 0.555613 0.835880
vt 0.552419 0.838690
vt 0.547932 0.843971
vt 0.548852 0.864291
vt 0.548392 0.854131
vt 0.553879 0.847936
vt 0.554824 0.857511
vt 0.557893 0.841041
vt 0.559850 0.849243
vt 0.554356 0.868353
vt 0.547316 0.876379
vt 0.560093 0.859938
vt 0.558297 0.869930
vt 0.552829 0.878198
vt 0.545780 0.888466
vt 0.423655 0.776034
vt 0.424601 0.783885
vt 0.418226 0.783504
vt 0.432558 0.777975
vt 0.432548 0.784526
vt 0.431381 0.788382
vt 0.425896 0.789432
vt 0.420385 0.790169
vt 0.459415 0.772705
vt 0.450626 0.782831
vt 0.441449 0.785098
vt 0.442735 0.776737
vt 0.442723 0.790343
vt 0.442534 0.790979
vt 0.442345 0.791615
vt 0.435546 0.789711
vt 0.415378 0.734206
vt 0.424096 0.745343
vt 0.422819 0.752740
vt 0.415739 0.744207
vt 0.432968 0.754684
vt 0.430438 0.761307
vt 0.427781 0.764670
vt 0.422348 0.759887
vt 0.416320 0.752708
vt 0.416427 0.761727
vt 0.422869 0.767762
vt 0.430431 0.770841
vt 0.437759 0.769030
vt 0.443230 0.762203
vt 0.041790 0.823204
vt 0.044793 0.814550
vt 0.046606 0.814437
vt 0.046505 0.818565
vt 0.047795 0.805896
vt 0.048889 0.810097
vt 0.049983 0.814297
vt 0.007928 0.822537
vt 0.007434 0.838189
vt 0.006929 0.836872
vt 0.008501 0.823449
vt 0.006791 0.853931
vt 0.005344 0.850300
vt 0.003898 0.846669
vt 0.006486 0.835515
vt 0.009074 0.824362
vt 0.750618 0.039598
vt 0.763555 0.044089
vt 0.753788 0.029395
vt 0.764019 0.034491
vt 0.774251 0.039587
vt 0.774514 0.048700
vt 0.992493 0.747053
vt 0.994652 0.755386
vt 0.989191 0.764399
vt 0.986757 0.756888
vt 0.996810 0.763720
vt 0.990839 0.771237
vt 0.987060 0.776568
vt 0.984443 0.773554
vt 0.981331 0.767190
vt 0.975717 0.778067
vt 0.980838 0.783529
vt 0.979360 0.793409
vt 0.986024 0.783897
vt 0.986341 0.794070
vt 0.730982 0.269133
vt 0.748249 0.266730
vt 0.755686 0.278828
vt 0.739427 0.281866
vt 0.764356 0.267264
vt 0.769487 0.276812
vt 0.774617 0.286360
vt 0.763810 0.288029
vt 0.748522 0.291908
vt 0.775885 0.312312
vt 0.757741 0.301044
vt 0.774074 0.294652
vt 0.780174 0.303626
vt 0.779805 0.287239
vt 0.784994 0.288117
vt 0.784728 0.291528
vt 0.784462 0.294939
vt 0.719558 0.377913
vt 0.740011 0.373173
vt 0.754092 0.376311
vt 0.740539 0.380744
vt 0.755891 0.369699
vt 0.766083 0.373097
vt 0.771797 0.376382
vt 0.766603 0.379758
vt 0.756007 0.383891
vt 0.785698 0.391743
vt 0.768668 0.387864
vt 0.778544 0.384241
vt 0.785777 0.392769
vt 0.779334 0.376859
vt 0.786640 0.376592
vt 0.786248 0.385194
vt 0.785856 0.393796
vt 0.124974 0.832411
vt 0.123877 0.833300
vt 0.123676 0.821202
vt 0.124573 0.819154
vt 0.122779 0.834190
vt 0.122779 0.823251
vt 0.122779 0.812313
vt 0.123476 0.809104
vt 0.124173 0.805896
vt 0.722214 0.025166
vt 0.712883 0.029094
vt 0.731501 0.022259
vt 0.734112 0.023746
vt 0.728771 0.028984
vt 0.720942 0.034216
vt 0.731266 0.041391
vt 0.738560 0.034109
vt 0.743950 0.026571
vt 0.719026 0.286148
vt 0.710031 0.273935
vt 0.727801 0.295529
vt 0.708534 0.297814
vt 0.695535 0.291938
vt 0.683974 0.280293
vt 0.584464 0.299133
vt 0.650130 0.287619
vt 0.670862 0.300120
vt 0.650761 0.310796
vt 0.701024 0.304706
vt 0.691729 0.313815
vt 0.728823 0.313931
vt 0.731407 0.304470
vt 0.899798 0.148820
vt 0.916929 0.150224
vt 0.909205 0.160712
vt 0.894453 0.161524
vt 0.929372 0.151911
vt 0.922176 0.161236
vt 0.914818 0.168815
vt 0.903960 0.171031
vt 0.889109 0.174227
vt 0.887094 0.185440
vt 0.902481 0.180801
vt 0.917709 0.174564
vt 0.681860 0.005092
vt 0.685964 0.004919
vt 0.688104 0.005780
vt 0.681451 0.003190
vt 0.688232 0.003946
vt 0.695013 0.004703
vt 0.539924 0.811088
vt 0.544233 0.813144
vt 0.535708 0.800962
vt 0.544372 0.808983
vt 0.627329 0.121290
vt 0.648096 0.104609
vt 0.657954 0.119697
vt 0.648192 0.139290
vt 0.659826 0.092804
vt 0.667076 0.107003
vt 0.673685 0.117681
vt 0.671049 0.130257
vt 0.665381 0.150016
vt 0.712992 0.169302
vt 0.683939 0.159946
vt 0.686224 0.136957
vt 0.702789 0.140365
vt 0.682973 0.117338
vt 0.695711 0.118369
vt 0.689560 0.097995
vt 0.677072 0.099641
vt 0.669862 0.082353
vt 0.709639 0.385113
vt 0.690884 0.385380
vt 0.693862 0.379764
vt 0.699310 0.392107
vt 0.683509 0.391572
vt 0.672417 0.390971
vt 0.672723 0.386839
vt 0.672672 0.381744
vt 0.620365 0.387208
vt 0.650642 0.384183
vt 0.654351 0.389862
vt 0.636882 0.394307
vt 0.661345 0.394718
vt 0.647613 0.399690
vt 0.678161 0.412162
vt 0.659135 0.405053
vt 0.672575 0.398317
vt 0.688980 0.400149
vt 0.703606 0.418034
vt 0.693974 0.428486
vt 0.673435 0.427101
vt 0.724749 0.422049
vt 0.713419 0.431334
vt 0.705933 0.438669
vt 0.691453 0.439476
vt 0.673415 0.439642
vt 0.680535 0.468687
vt 0.676024 0.452469
vt 0.695263 0.450351
vt 0.702941 0.461153
vt 0.713583 0.444972
vt 0.722512 0.453562
vt 0.771358 0.431706
vt 0.742653 0.444654
vt 0.730210 0.436628
vt 0.745573 0.426518
vt 0.639453 0.547654
vt 0.670615 0.538476
vt 0.678547 0.550414
vt 0.668215 0.561136
vt 0.694467 0.535001
vt 0.695727 0.545310
vt 0.698444 0.552144
vt 0.690768 0.558016
vt 0.685474 0.567769
vt 0.715254 0.575068
vt 0.701334 0.572341
vt 0.705082 0.562151
vt 0.720277 0.564660
vt 0.710451 0.553045
vt 0.725300 0.554251
vt 0.744520 0.532216
vt 0.734910 0.543234
vt 0.714762 0.543583
vt 0.717934 0.533354
vt 0.648752 0.699171
vt 0.678595 0.700567
vt 0.688148 0.711518
vt 0.671255 0.716055
vt 0.708438 0.701963
vt 0.707441 0.710545
vt 0.708034 0.717152
vt 0.697865 0.720738
vt 0.685769 0.726308
vt 0.698419 0.735129
vt 0.709340 0.728027
vt 0.718510 0.720379
vt 0.725258 0.712006
vt 0.731664 0.702769
vt 0.733603 0.643024
vt 0.738328 0.659668
vt 0.720427 0.668146
vt 0.709373 0.654663
vt 0.743052 0.676312
vt 0.728944 0.680464
vt 0.714835 0.684616
vt 0.703126 0.676901
vt 0.691417 0.669186
vt 0.471636 0.800962
vt 0.486076 0.819013
vt 0.484090 0.844784
vt 0.472984 0.835909
vt 0.500516 0.837064
vt 0.495049 0.853852
vt 0.489581 0.870639
vt 0.482697 0.869790
vt 0.474332 0.870856
vt 0.471636 0.928689
vt 0.472984 0.899773
vt 0.482638 0.893072
vt 0.483172 0.915588
vt 0.492144 0.886563
vt 0.494708 0.902486
vt 0.724145 0.758224
vt 0.721301 0.763037
vt 0.713096 0.760062
vt 0.731387 0.766057
vt 0.728282 0.768520
vt 0.726176 0.770924
vt 0.720709 0.769123
vt 0.713191 0.768266
vt 0.745829 0.776792
vt 0.742021 0.778234
vt 0.734598 0.775058
vt 0.738217 0.772449
vt 0.735786 0.780755
vt 0.735378 0.780692
vt 0.734969 0.780628
vt 0.728993 0.775271
vt 0.673523 0.579308
vt 0.661810 0.585033
vt 0.687098 0.580671
vt 0.692196 0.591818
vt 0.687254 0.597169
vt 0.681131 0.607091
vt 0.702742 0.625008
vt 0.705177 0.611044
vt 0.725823 0.622839
vt 0.703888 0.597572
vt 0.718043 0.602654
vt 0.716649 0.588861
vt 0.701655 0.584529
vt 0.631152 0.007804
vt 0.635828 0.007721
vt 0.638894 0.008404
vt 0.630247 0.006397
vt 0.636526 0.006963
vt 0.642805 0.007528
vt 0.573298 0.063434
vt 0.567495 0.046635
vt 0.580600 0.040886
vt 0.590171 0.053257
vt 0.559378 0.033680
vt 0.570989 0.029249
vt 0.582600 0.024817
vt 0.592352 0.031527
vt 0.603286 0.041852
vt 0.616292 0.029092
vt 0.601803 0.018513
vt 0.617642 0.010804
vt 0.581560 0.016608
vt 0.580519 0.008399
vt 0.594860 0.007787
vt 0.609201 0.007176
vt 0.580074 0.432513
vt 0.616132 0.445501
vt 0.618227 0.461685
vt 0.601659 0.458994
vt 0.637137 0.454639
vt 0.635563 0.467646
vt 0.635411 0.479009
vt 0.625463 0.480513
vt 0.613373 0.481587
vt 0.623850 0.507182
vt 0.636142 0.500318
vt 0.651592 0.517033
vt 0.645842 0.488980
vt 0.661325 0.499659
vt 0.670245 0.484520
vt 0.652453 0.475884
vt 0.656682 0.462443
vt 0.654441 0.427721
vt 0.650649 0.417587
vt 0.656806 0.438674
vt 0.644925 0.437488
vt 0.638435 0.430086
vt 0.631952 0.421154
vt 0.612927 0.425374
vt 0.625069 0.435537
vt 0.640774 0.444145
vt 0.657596 0.449943
vt 0.638067 0.593073
vt 0.619846 0.592655
vt 0.613433 0.564115
vt 0.639947 0.625908
vt 0.623042 0.621157
vt 0.610153 0.617741
vt 0.603453 0.599500
vt 0.595705 0.576202
vt 0.577050 0.588709
vt 0.588483 0.612417
vt 0.574419 0.630332
vt 0.604062 0.632333
vt 0.594591 0.650427
vt 0.616125 0.670618
vt 0.622604 0.647543
vt 0.643125 0.657455
vt 0.642817 0.721474
vt 0.619277 0.721518
vt 0.612875 0.704275
vt 0.642091 0.738335
vt 0.622788 0.736798
vt 0.603484 0.735260
vt 0.595725 0.724874
vt 0.586259 0.710454
vt 0.560538 0.716909
vt 0.575092 0.730994
vt 0.559122 0.739653
vt 0.593328 0.741871
vt 0.583171 0.748481
vt 0.948105 0.537541
vt 0.937550 0.568223
vt 0.928662 0.559230
vt 0.934005 0.537144
vt 0.928833 0.592582
vt 0.922476 0.582160
vt 0.916120 0.571739
vt 0.919277 0.552458
vt 0.922433 0.533177
vt 0.587399 0.076580
vt 0.573565 0.086630
vt 0.560933 0.077225
vt 0.599091 0.088414
vt 0.584593 0.097315
vt 0.571525 0.102271
vt 0.559590 0.096261
vt 0.546379 0.087529
vt 0.500011 0.114954
vt 0.528747 0.098241
vt 0.547403 0.108610
vt 0.540420 0.128375
vt 0.570013 0.113172
vt 0.569373 0.132031
vt 0.596538 0.131014
vt 0.592059 0.110950
vt 0.610640 0.101397
vt 0.619178 0.162437
vt 0.595703 0.159756
vt 0.611376 0.199103
vt 0.590324 0.191292
vt 0.573968 0.180885
vt 0.571325 0.157875
vt 0.546512 0.159321
vt 0.522270 0.165778
vt 0.559920 0.192420
vt 0.540599 0.205115
vt 0.559297 0.244497
vt 0.578532 0.221458
vt 0.601716 0.238803
vt 0.542975 0.362969
vt 0.579976 0.359889
vt 0.587990 0.366616
vt 0.567313 0.369826
vt 0.606080 0.358263
vt 0.608993 0.364822
vt 0.611314 0.369309
vt 0.600039 0.371886
vt 0.584435 0.374995
vt 0.600361 0.380218
vt 0.615035 0.375854
vt 0.632777 0.378345
vt 0.624779 0.370647
vt 0.641942 0.371912
vt 0.652705 0.365184
vt 0.630886 0.364380
vt 0.632961 0.357017
vt 0.460041 0.345570
vt 0.446453 0.342896
vt 0.467147 0.338052
vt 0.481335 0.340352
vt 0.436203 0.340415
vt 0.454555 0.335852
vt 0.473559 0.332008
vt 0.489579 0.332202
vt 0.506704 0.333805
vt 0.536786 0.323901
vt 0.509602 0.323965
vt 0.518082 0.314588
vt 0.477035 0.327406
vt 0.477962 0.320572
vt 0.429311 0.021626
vt 0.419336 0.014322
vt 0.428114 0.009188
vt 0.438341 0.014858
vt 0.411281 0.005976
vt 0.413215 0.005369
vt 0.415149 0.004763
vt 0.427418 0.004482
vt 0.439687 0.004202
vt 0.441064 0.007637
vt 0.447419 0.011125
vt 0.463540 0.584894
vt 0.449158 0.576788
vt 0.457383 0.569313
vt 0.471409 0.573419
vt 0.437942 0.572088
vt 0.445550 0.566043
vt 0.452580 0.561149
vt 0.462920 0.561179
vt 0.476784 0.563123
vt 0.480122 0.551536
vt 0.464020 0.552535
vt 0.459823 0.544386
vt 0.449417 0.556979
vt 0.445730 0.551788
vt 0.465256 0.838250
vt 0.463469 0.863800
vt 0.452828 0.867879
vt 0.449171 0.851659
vt 0.461681 0.889349
vt 0.452376 0.886307
vt 0.445888 0.883903
vt 0.443369 0.872551
vt 0.438450 0.859303
vt 0.417778 0.872597
vt 0.428479 0.866236
vt 0.434843 0.879727
vt 0.426448 0.888132
vt 0.441276 0.892884
vt 0.435118 0.903668
vt 0.450554 0.940370
vt 0.442836 0.922019
vt 0.448417 0.904270
vt 0.456118 0.914859
vt 0.482878 0.684549
vt 0.494494 0.695157
vt 0.487338 0.712660
vt 0.479414 0.707323
vt 0.502914 0.704073
vt 0.494500 0.718956
vt 0.488479 0.729253
vt 0.482326 0.729632
vt 0.475950 0.730097
vt 0.467683 0.751401
vt 0.478523 0.745138
vt 0.477716 0.757241
vt 0.489149 0.738098
vt 0.490389 0.747699
vt 0.504273 0.738424
vt 0.500424 0.727917
vt 0.512200 0.713562
vt 0.917011 0.351372
vt 0.923570 0.370590
vt 0.918328 0.386259
vt 0.913224 0.370116
vt 0.930129 0.389808
vt 0.924753 0.398145
vt 0.919378 0.406482
vt 0.917479 0.402094
vt 0.915057 0.401130
vt 0.912566 0.391580
vt 0.910074 0.382030
vt 0.447001 0.228820
vt 0.427520 0.230799
vt 0.424573 0.214945
vt 0.437626 0.205462
vt 0.414345 0.230163
vt 0.414554 0.228037
vt 0.414763 0.225912
vt 0.416824 0.214122
vt 0.418885 0.202332
vt 0.424960 0.194441
vt 0.431035 0.186551
vt 0.427573 0.369786
vt 0.437119 0.376384
vt 0.424697 0.378841
vt 0.419846 0.372880
vt 0.448793 0.381270
vt 0.435368 0.383344
vt 0.428097 0.385278
vt 0.421851 0.383994
vt 0.416382 0.383348
vt 0.415911 0.378375
vt 0.415441 0.373402
vt 0.445149 0.387635
vt 0.463994 0.385625
vt 0.430407 0.388589
vt 0.421986 0.605625
vt 0.419167 0.608590
vt 0.417565 0.604993
vt 0.418614 0.601725
vt 0.417464 0.606698
vt 0.416904 0.604844
vt 0.416344 0.602990
vt 0.416692 0.026930
vt 0.409771 0.020560
vt 0.409298 0.033119
vt 0.405454 0.028835
vt 0.401628 0.026408
vt 0.401589 0.021272
vt 0.401550 0.016136
vt 0.406416 0.011056
vt 0.434730 0.697839
vt 0.429495 0.712372
vt 0.423793 0.706151
vt 0.426580 0.695630
vt 0.424719 0.721426
vt 0.420389 0.714160
vt 0.417888 0.709575
vt 0.418717 0.703230
vt 0.418430 0.693420
vt 0.411834 0.723543
vt 0.415414 0.718531
vt 0.420166 0.728165
vt 0.410153 0.716140
vt 0.410468 0.713826
vt 0.410783 0.711511
vt 0.414695 0.710608
vt 0.441246 0.251427
vt 0.426109 0.246824
vt 0.434182 0.266149
vt 0.422792 0.260908
vt 0.414605 0.258620
vt 0.414475 0.244392
vt 0.484273 0.587892
vt 0.482604 0.598623
vt 0.466566 0.597956
vt 0.502520 0.591367
vt 0.498290 0.601331
vt 0.493378 0.608218
vt 0.482066 0.608695
vt 0.467777 0.608946
vt 0.465124 0.631145
vt 0.467631 0.619377
vt 0.483404 0.618263
vt 0.485375 0.628154
vt 0.498662 0.614345
vt 0.502847 0.623396
vt 0.520491 0.616903
vt 0.512013 0.607032
vt 0.520989 0.595909
vt 0.591136 0.463098
vt 0.572849 0.450045
vt 0.602601 0.481409
vt 0.594657 0.481321
vt 0.584668 0.471182
vt 0.568256 0.461590
vt 0.562733 0.474412
vt 0.580472 0.483486
vt 0.577364 0.499476
vt 0.595189 0.493453
vt 0.593650 0.510011
vt 0.610485 0.524538
vt 0.609342 0.502519
vt 0.617377 0.324990
vt 0.597652 0.333436
vt 0.574183 0.328088
vt 0.634832 0.336870
vt 0.614618 0.341430
vt 0.601452 0.345271
vt 0.586581 0.342951
vt 0.565717 0.341050
vt 0.556313 0.351412
vt 0.580666 0.351765
vt 0.603417 0.351172
vt 0.626301 0.349292
vt 0.651130 0.345777
vt 0.600058 0.065408
vt 0.611411 0.054463
vt 0.615868 0.065160
vt 0.609878 0.076143
vt 0.620789 0.084142
vt 0.632814 0.088442
vt 0.624496 0.064793
vt 0.634841 0.064501
vt 0.634908 0.041181
vt 0.623028 0.045817
vt 0.704529 0.763089
vt 0.701942 0.755441
vt 0.705589 0.769584
vt 0.699770 0.771381
vt 0.696604 0.768697
vt 0.691427 0.765571
vt 0.056362 0.846768
vt 0.056362 0.826332
vt 0.063809 0.822225
vt 0.065323 0.836988
vt 0.056362 0.805896
vt 0.062294 0.807461
vt 0.068226 0.809026
vt 0.071255 0.818117
vt 0.074285 0.827209
vt 0.957410 0.461108
vt 0.962320 0.472457
vt 0.957730 0.484980
vt 0.952141 0.479255
vt 0.967229 0.483806
vt 0.963017 0.491570
vt 0.959530 0.497125
vt 0.953201 0.497264
vt 0.946871 0.497403
vt 0.671694 0.800962
vt 0.690957 0.819428
vt 0.689566 0.831424
vt 0.676385 0.822354
vt 0.702750 0.830524
vt 0.700996 0.840166
vt 0.699782 0.847651
vt 0.692070 0.845713
vt 0.681077 0.843746
vt 0.693406 0.881103
vt 0.687241 0.862425
vt 0.697227 0.860222
vt 0.703573 0.875022
vt 0.705582 0.856837
vt 0.713739 0.868942
vt 0.690232 0.801541
vt 0.698820 0.813366
vt 0.708771 0.802121
vt 0.708341 0.810836
vt 0.710139 0.817526
vt 0.706520 0.822599
vt 0.657956 0.800962
vt 0.661635 0.803115
vt 0.659927 0.810409
vt 0.656101 0.809493
vt 0.665314 0.805269
vt 0.663680 0.811286
vt 0.662045 0.817302
vt 0.658510 0.817858
vt 0.654246 0.818023
vt 0.653527 0.828798
vt 0.657829 0.825623
vt 0.661896 0.822482
vt 0.010287 0.814217
vt 0.009872 0.819412
vt 0.008598 0.828383
vt 0.012645 0.805896
vt 0.011476 0.811444
vt 0.010306 0.816993
vt 0.009376 0.824356
vt 0.008446 0.831720
vt 0.046196 0.827190
vt 0.045476 0.833729
vt 0.043245 0.832046
vt 0.049983 0.829547
vt 0.047650 0.835460
vt 0.045317 0.841372
vt 0.045042 0.839966
vt 0.044699 0.840887
vt 0.044324 0.847434
vt 0.044512 0.844161
vt 0.044695 0.844202
vt 0.044376 0.847507
vt 0.044872 0.844477
vt 0.044427 0.847581
vt 0.781163 0.102245
vt 0.777578 0.105303
vt 0.784880 0.099659
vt 0.785067 0.109992
vt 0.782163 0.110141
vt 0.780611 0.114053
vt 0.465811 0.779820
vt 0.457795 0.782947
vt 0.471221 0.784761
vt 0.456972 0.787552
vt 0.772512 0.756661
vt 0.777542 0.762917
vt 0.771917 0.768818
vt 0.779378 0.750596
vt 0.782528 0.757097
vt 0.784653 0.761197
vt 0.782792 0.766299
vt 0.780869 0.774078
vt 0.961822 0.819116
vt 0.952127 0.803251
vt 0.969979 0.835114
vt 0.960289 0.831942
vt 0.949799 0.820115
vt 0.939308 0.808288
vt 0.728968 0.157490
vt 0.743284 0.172786
vt 0.735246 0.183030
vt 0.741960 0.149313
vt 0.751020 0.162893
vt 0.760080 0.176474
vt 0.758789 0.186616
vt 0.757499 0.196759
vt 0.655587 0.857432
vt 0.652531 0.850744
vt 0.659779 0.860788
vt 0.658420 0.867419
vt 0.656131 0.865450
vt 0.653062 0.863792
vt 0.652658 0.862854
vt 0.652255 0.861917
vt 0.655596 0.884369
vt 0.654443 0.876778
vt 0.657160 0.872942
vt 0.660455 0.882200
vt 0.653289 0.869187
vt 0.653175 0.866489
vt 0.661867 0.873725
vt 0.665314 0.880031
vt 0.696104 0.020838
vt 0.700695 0.015885
vt 0.688267 0.016507
vt 0.693258 0.013206
vt 0.698249 0.009906
vt 0.705000 0.011907
vt 0.958589 0.542883
vt 0.959032 0.562916
vt 0.952494 0.568120
vt 0.964977 0.542093
vt 0.964406 0.562120
vt 0.963836 0.582147
vt 0.960844 0.581447
vt 0.956615 0.587666
vt 0.471880 0.244373
vt 0.461804 0.260739
vt 0.498760 0.259220
vt 0.484954 0.272537
vt 0.470276 0.278570
vt 0.451650 0.273217
vt 0.516542 0.299407
vt 0.506247 0.286046
vt 0.530634 0.274623
vt 0.476108 0.296914
vt 0.474449 0.287516
vt 0.409983 0.737839
vt 0.408184 0.730813
vt 0.411969 0.745677
vt 0.409979 0.738057
vt 0.404990 0.732410
vt 0.400001 0.726763
vt 0.412512 0.754559
vt 0.410198 0.747354
vt 0.586423 0.800962
vt 0.590375 0.811285
vt 0.584082 0.819444
vt 0.581229 0.810599
vt 0.594328 0.821607
vt 0.587231 0.827845
vt 0.579394 0.835191
vt 0.577715 0.827714
vt 0.576035 0.820236
vt 0.607721 0.835149
vt 0.593177 0.841976
vt 0.590848 0.835225
vt 0.601024 0.828378
vt 0.582592 0.849268
vt 0.580993 0.842229
vt 0.282610 0.806602
vt 0.285178 0.806249
vt 0.283770 0.806975
vt 0.281712 0.807100
vt 0.287746 0.805896
vt 0.284581 0.808584
vt 0.280814 0.807599
vt 0.412630 0.136057
vt 0.411780 0.136126
vt 0.410379 0.134137
vt 0.410717 0.127573
vt 0.410930 0.136196
vt 0.409081 0.134901
vt 0.407231 0.133606
vt 0.498297 0.308538
vt 0.469115 0.313998
vt 0.458419 0.309032
vt 0.468310 0.304159
vt 0.502366 0.366958
vt 0.491804 0.361428
vt 0.515517 0.356559
vt 0.473248 0.369184
vt 0.467866 0.364021
vt 0.463560 0.360008
vt 0.476517 0.356952
vt 0.494439 0.352274
vt 0.476074 0.348664
vt 0.459632 0.353642
vt 0.443513 0.350803
vt 0.449008 0.358662
vt 0.433641 0.356411
vt 0.429283 0.362678
vt 0.446294 0.364181
vt 0.448655 0.369902
vt 0.448720 0.018799
vt 0.443724 0.023685
vt 0.455816 0.014887
vt 0.461563 0.018084
vt 0.458881 0.021748
vt 0.455300 0.026176
vt 0.477686 0.035386
vt 0.466034 0.029520
vt 0.469091 0.023795
vt 0.479748 0.025401
vt 0.469410 0.017939
vt 0.480230 0.018237
vt 0.487962 0.638369
vt 0.472309 0.642457
vt 0.503072 0.634093
vt 0.500928 0.642959
vt 0.490706 0.648324
vt 0.476853 0.652940
vt 0.479938 0.664784
vt 0.494675 0.657943
vt 0.499427 0.668515
vt 0.507389 0.646306
vt 0.513684 0.653207
vt 0.527834 0.635577
vt 0.516981 0.631782
vt 0.602021 0.541781
vt 0.589247 0.554491
vt 0.584656 0.539473
vt 0.589441 0.526514
vt 0.575805 0.518289
vt 0.574504 0.539082
vt 0.574083 0.562748
vt 0.550176 0.374707
vt 0.527884 0.372628
vt 0.567229 0.378221
vt 0.553176 0.380813
vt 0.536929 0.379873
vt 0.515188 0.378976
vt 0.502401 0.384452
vt 0.528802 0.385019
vt 0.527226 0.390695
vt 0.554775 0.384569
vt 0.557586 0.389936
vt 0.586245 0.388996
vt 0.578976 0.382990
vt 0.555153 0.058963
vt 0.554664 0.047126
vt 0.541822 0.053929
vt 0.542826 0.044394
vt 0.542057 0.036970
vt 0.550717 0.035325
vt 0.519242 0.043748
vt 0.521315 0.033972
vt 0.531774 0.039336
vt 0.529982 0.048691
vt 0.523076 0.023761
vt 0.532566 0.030365
vt 0.661643 0.726443
vt 0.675929 0.733184
vt 0.670414 0.739162
vt 0.656253 0.738748
vt 0.937068 0.518288
vt 0.947488 0.517472
vt 0.926895 0.518761
vt 0.931357 0.504346
vt 0.939114 0.500874
vt 0.695105 0.748733
vt 0.686273 0.740772
vt 0.677754 0.752154
vt 0.674084 0.745658
vt 0.690015 0.375120
vt 0.708663 0.372828
vt 0.671682 0.377022
vt 0.670566 0.373649
vt 0.681674 0.371285
vt 0.697475 0.368707
vt 0.686135 0.363845
vt 0.669333 0.367932
vt 0.658423 0.372896
vt 0.652578 0.378297
vt 0.715098 0.209425
vt 0.694039 0.220142
vt 0.684584 0.200582
vt 0.719130 0.232832
vt 0.700663 0.239127
vt 0.685294 0.247545
vt 0.673639 0.240055
vt 0.660708 0.227113
vt 0.633510 0.256254
vt 0.656246 0.264476
vt 0.682016 0.263183
vt 0.704661 0.257628
vt 0.724280 0.252583
vt 0.749607 0.072637
vt 0.735774 0.074284
vt 0.728932 0.058969
vt 0.752879 0.094101
vt 0.741836 0.091031
vt 0.730793 0.087961
vt 0.723198 0.076857
vt 0.714827 0.063434
vt 0.701248 0.067324
vt 0.713042 0.082471
vt 0.706066 0.091260
vt 0.727799 0.097604
vt 0.724804 0.107247
vt 0.947466 0.779361
vt 0.951614 0.764472
vt 0.964307 0.768486
vt 0.931061 0.768160
vt 0.937490 0.757544
vt 0.943919 0.746928
vt 0.954535 0.748051
vt 0.965151 0.749173
vt 0.916119 0.832971
vt 0.938878 0.842652
vt 0.952108 0.860399
vt 0.937641 0.856049
vt 0.961636 0.852333
vt 0.966352 0.866209
vt 0.971069 0.876048
vt 0.965497 0.876851
vt 0.959162 0.879126
vt 0.766348 0.774036
vt 0.757657 0.769900
vt 0.774831 0.777790
vt 0.768793 0.781502
vt 0.761521 0.777630
vt 0.753334 0.774200
vt 0.749482 0.775980
vt 0.758035 0.778961
vt 0.755012 0.779276
vt 0.767103 0.781163
vt 0.765412 0.780824
vt 0.751663 0.779668
vt 0.762736 0.780317
vt 0.760060 0.779810
vt 0.747923 0.780282
vt 0.956605 0.525463
vt 0.961653 0.528213
vt 0.965105 0.513386
vt 0.965716 0.517945
vt 0.967938 0.517631
vt 0.966457 0.529862
vt 0.899766 0.003884
vt 0.900284 0.004831
vt 0.899615 0.004662
vt 0.900418 0.005609
vt 0.900802 0.005777
vt 0.898481 0.005013
vt 0.898027 0.003190
vt 0.910864 0.043439
vt 0.916297 0.036983
vt 0.919786 0.043794
vt 0.918429 0.051520
vt 0.921675 0.033142
vt 0.924385 0.043612
vt 0.927095 0.054082
vt 0.719391 0.522644
vt 0.742325 0.522560
vt 0.696324 0.522734
vt 0.700818 0.509938
vt 0.721393 0.511830
vt 0.740130 0.512904
vt 0.725801 0.501300
vt 0.742966 0.503745
vt 0.707226 0.497898
vt 0.715426 0.486858
vt 0.732020 0.490742
vt 0.749086 0.494149
vt 0.680202 0.506412
vt 0.688596 0.492285
vt 0.699135 0.480101
vt 0.673042 0.522330
vt 0.251841 0.805896
vt 0.251841 0.814444
vt 0.247093 0.813953
vt 0.247226 0.806567
vt 0.251841 0.822992
vt 0.246959 0.821339
vt 0.242077 0.819687
vt 0.242345 0.813463
vt 0.242612 0.807238
vt 0.008075 0.839423
vt 0.008671 0.840743
vt 0.008896 0.849766
vt 0.007908 0.849933
vt 0.984125 0.748060
vt 0.989286 0.737301
vt 0.978957 0.757700
vt 0.977438 0.748992
vt 0.980582 0.739581
vt 0.986079 0.727549
vt 0.970197 0.705946
vt 0.978138 0.716748
vt 0.974781 0.733133
vt 0.967674 0.727560
vt 0.972657 0.749246
vt 0.972936 0.764952
vt 0.981974 0.800342
vt 0.986426 0.794067
vt 0.986512 0.794065
vt 0.985854 0.805220
vt 0.761551 0.499949
vt 0.757242 0.506399
vt 0.774016 0.505748
vt 0.770214 0.509226
vt 0.766412 0.512704
vt 0.753271 0.512804
vt 0.892439 0.140437
vt 0.904852 0.134248
vt 0.914226 0.138497
vt 0.885079 0.132054
vt 0.897118 0.129029
vt 0.909157 0.126004
vt 0.914953 0.128685
vt 0.922749 0.131728
vt 0.927643 0.140136
vt 0.930921 0.133695
vt 0.939608 0.134542
vt 0.940252 0.135230
vt 0.940896 0.135918
vt 0.935456 0.143776
vt 0.616209 0.889529
vt 0.616985 0.865266
vt 0.626506 0.856094
vt 0.627949 0.872527
vt 0.617761 0.841002
vt 0.625662 0.840571
vt 0.631322 0.840053
vt 0.634180 0.847694
vt 0.639689 0.855524
vt 0.767439 0.724949
vt 0.775595 0.728952
vt 0.773601 0.736547
vt 0.767959 0.736873
vt 0.769584 0.747559
vt 0.776451 0.742877
vt 0.705543 0.104946
vt 0.722376 0.115092
vt 0.719947 0.122936
vt 0.709396 0.120927
vt 0.717583 0.139096
vt 0.730954 0.136124
vt 0.939633 0.789358
vt 0.930402 0.796809
vt 0.921495 0.785330
vt 0.926278 0.776745
vt 0.779761 0.321192
vt 0.756180 0.328474
vt 0.741285 0.324869
vt 0.783637 0.330071
vt 0.763318 0.332824
vt 0.747939 0.336113
vt 0.735907 0.335485
vt 0.717756 0.334240
vt 0.696021 0.343165
vt 0.720713 0.342332
vt 0.743853 0.339746
vt 0.764616 0.336583
vt 0.784156 0.333385
vt 0.708719 0.362183
vt 0.732822 0.361957
vt 0.730323 0.365219
vt 0.715283 0.366634
vt 0.726647 0.370032
vt 0.742956 0.366938
vt 0.727679 0.386195
vt 0.742465 0.388326
vt 0.730823 0.391958
vt 0.716930 0.392158
vt 0.710604 0.398610
vt 0.710789 0.405090
vt 0.732497 0.395539
vt 0.736085 0.400133
vt 0.759380 0.396080
vt 0.752331 0.391738
vt 0.748702 0.765419
vt 0.745756 0.769833
vt 0.740328 0.765783
vt 0.739982 0.761187
vt 0.731380 0.758313
vt 0.735933 0.765510
vt 0.742036 0.771451
vt 0.189063 0.828707
vt 0.188659 0.824664
vt 0.188794 0.818408
vt 0.189063 0.817302
vt 0.188254 0.820621
vt 0.188659 0.813259
vt 0.189063 0.805896
vt 0.678507 0.005490
vt 0.677334 0.004364
vt 0.697484 0.031491
vt 0.690932 0.027549
vt 0.691511 0.040340
vt 0.685986 0.034990
vt 0.683220 0.029868
vt 0.685577 0.023750
vt 0.684731 0.011682
vt 0.681193 0.020947
vt 0.679480 0.030884
vt 0.681307 0.041892
vt 0.687283 0.051402
vt 0.764529 0.449493
vt 0.746045 0.456015
vt 0.757700 0.467281
vt 0.743951 0.468191
vt 0.732779 0.469459
vt 0.729055 0.462636
vt 0.713324 0.470486
vt 0.724965 0.476923
vt 0.738615 0.479649
vt 0.753393 0.480715
vt 0.670926 0.185264
vt 0.651856 0.209654
vt 0.646900 0.194206
vt 0.656136 0.173912
vt 0.639235 0.167329
vt 0.631846 0.198555
vt 0.628259 0.230051
vt 0.715434 0.323649
vt 0.697294 0.332364
vt 0.680446 0.329986
vt 0.684611 0.323190
vt 0.650244 0.323012
vt 0.659570 0.333033
vt 0.675279 0.339725
vt 0.509452 0.039627
vt 0.511154 0.029887
vt 0.499970 0.036917
vt 0.501009 0.027238
vt 0.502204 0.017092
vt 0.512640 0.020427
vt 0.746340 0.860672
vt 0.740763 0.870735
vt 0.735908 0.866835
vt 0.739867 0.855127
vt 0.735186 0.880798
vt 0.732310 0.879335
vt 0.729434 0.877872
vt 0.730927 0.862802
vt 0.732419 0.847732
vt 0.491306 0.018533
vt 0.491674 0.013593
vt 0.503451 0.014181
vt 0.479468 0.012902
vt 0.479165 0.008674
vt 0.491932 0.009972
vt 0.504699 0.011269
vt 0.489998 0.035887
vt 0.490542 0.026201
vt 0.692707 0.638505
vt 0.678960 0.650109
vt 0.670025 0.634507
vt 0.674809 0.621586
vt 0.656690 0.605513
vt 0.656888 0.630978
vt 0.662147 0.657006
vt 0.670084 0.684179
vt 0.623926 0.007994
vt 0.619724 0.006787
vt 0.624342 0.400318
vt 0.608612 0.397171
vt 0.635228 0.404517
vt 0.626402 0.408274
vt 0.616022 0.407213
vt 0.600487 0.405453
vt 0.592008 0.415053
vt 0.611498 0.415448
vt 0.628088 0.413455
vt 0.643600 0.410036
vt 0.944653 0.582940
vt 0.950335 0.599272
vt 0.943755 0.609982
vt 0.936294 0.601282
vt 0.552579 0.750642
vt 0.574709 0.755530
vt 0.566246 0.762579
vt 0.549711 0.761940
vt 0.586365 0.395939
vt 0.581680 0.402968
vt 0.565518 0.400709
vt 0.561813 0.395855
vt 0.536749 0.396969
vt 0.512073 0.399498
vt 0.552017 0.403424
vt 0.532820 0.406757
vt 0.553233 0.415931
vt 0.571165 0.409900
vt 0.548695 0.069465
vt 0.537403 0.077907
vt 0.532710 0.070361
vt 0.537623 0.063194
vt 0.526602 0.058654
vt 0.516195 0.054490
vt 0.523255 0.069969
vt 0.512314 0.067318
vt 0.507707 0.083893
vt 0.522670 0.083643
vt 0.503803 0.182921
vt 0.484803 0.157825
vt 0.520485 0.214353
vt 0.505099 0.219252
vt 0.490327 0.203086
vt 0.473085 0.184960
vt 0.461758 0.207714
vt 0.480970 0.224400
vt 0.504530 0.238729
vt 0.531637 0.246973
vt 0.545319 0.331704
vt 0.542621 0.341084
vt 0.524293 0.341953
vt 0.518234 0.337794
vt 0.495613 0.343472
vt 0.511632 0.346797
vt 0.532378 0.349442
vt 0.546784 0.447383
vt 0.537454 0.439802
vt 0.547303 0.456584
vt 0.529200 0.455702
vt 0.520490 0.451072
vt 0.507172 0.446842
vt 0.444216 0.467294
vt 0.478992 0.455735
vt 0.498278 0.458619
vt 0.482582 0.468740
vt 0.519241 0.462048
vt 0.508439 0.471620
vt 0.532221 0.478348
vt 0.541432 0.466974
vt 0.546362 0.645585
vt 0.530622 0.652039
vt 0.541557 0.672399
vt 0.527934 0.672795
vt 0.519056 0.674725
vt 0.517396 0.664216
vt 0.505222 0.678850
vt 0.511950 0.687786
vt 0.521503 0.693886
vt 0.535886 0.697722
vt 0.442063 0.028670
vt 0.431261 0.029335
vt 0.452107 0.030106
vt 0.449848 0.033460
vt 0.442853 0.034223
vt 0.433563 0.036123
vt 0.439326 0.057250
vt 0.436132 0.044916
vt 0.446020 0.041390
vt 0.451221 0.050277
vt 0.454404 0.037547
vt 0.460249 0.044566
vt 0.468451 0.040369
vt 0.460900 0.033828
vt 0.482168 0.048443
vt 0.473780 0.050215
vt 0.485630 0.062794
vt 0.477197 0.062633
vt 0.470369 0.061291
vt 0.465975 0.053308
vt 0.458742 0.059871
vt 0.451937 0.070093
vt 0.467674 0.069246
vt 0.462725 0.080539
vt 0.475466 0.093585
vt 0.478439 0.077590
vt 0.489909 0.081195
vt 0.427010 0.147115
vt 0.438761 0.138177
vt 0.439620 0.157172
vt 0.429023 0.166833
vt 0.450511 0.129239
vt 0.451367 0.150085
vt 0.450353 0.165638
vt 0.442146 0.174948
vt 0.449177 0.191072
vt 0.458945 0.172332
vt 0.466366 0.149110
vt 0.469377 0.124357
vt 0.501389 0.373001
vt 0.493509 0.378244
vt 0.477695 0.377468
vt 0.476287 0.374090
vt 0.454647 0.375119
vt 0.464516 0.379299
vt 0.480558 0.382354
vt 0.492586 0.404331
vt 0.511935 0.409994
vt 0.495476 0.412989
vt 0.478200 0.411042
vt 0.468968 0.419938
vt 0.462247 0.430152
vt 0.496281 0.419307
vt 0.494038 0.428028
vt 0.528974 0.427890
vt 0.525436 0.418228
vt 0.459040 0.481806
vt 0.445769 0.485804
vt 0.435770 0.476751
vt 0.467303 0.494718
vt 0.454133 0.495619
vt 0.445180 0.494840
vt 0.436252 0.490524
vt 0.427324 0.486208
vt 0.593767 0.865423
vt 0.594296 0.860840
vt 0.601385 0.864336
vt 0.598931 0.869388
vt 0.593972 0.853296
vt 0.601901 0.858052
vt 0.609830 0.862808
vt 0.609495 0.869707
vt 0.609161 0.876606
vt 0.459530 0.517232
vt 0.459583 0.507060
vt 0.474925 0.509848
vt 0.447885 0.508615
vt 0.446533 0.501728
vt 0.963245 0.683270
vt 0.957357 0.681309
vt 0.967672 0.684934
vt 0.969378 0.691170
vt 0.964776 0.690197
vt 0.960174 0.689223
vt 0.476281 0.771223
vt 0.475890 0.778404
vt 0.486398 0.771497
vt 0.485539 0.775439
vt 0.484681 0.779381
vt 0.480480 0.781484
vt 0.476279 0.783588
vt 0.473750 0.784174
vt 0.502799 0.748630
vt 0.499654 0.757483
vt 0.493117 0.759006
vt 0.492055 0.754785
vt 0.482788 0.762765
vt 0.489757 0.765252
vt 0.950212 0.678685
vt 0.952724 0.685705
vt 0.945273 0.682186
vt 0.942353 0.675729
vt 0.421255 0.032548
vt 0.424433 0.038524
vt 0.417891 0.040828
vt 0.413665 0.037818
vt 0.425477 0.057654
vt 0.425825 0.046670
vt 0.415759 0.057271
vt 0.416657 0.047092
vt 0.889399 0.263890
vt 0.898031 0.284568
vt 0.895037 0.296292
vt 0.887239 0.281635
vt 0.906663 0.305246
vt 0.901604 0.311714
vt 0.898315 0.316590
vt 0.893021 0.309436
vt 0.885079 0.299380
vt 0.885079 0.343041
vt 0.885080 0.321211
vt 0.892873 0.325589
vt 0.893601 0.340480
vt 0.899830 0.328916
vt 0.901064 0.343414
vt 0.908043 0.346577
vt 0.905925 0.329148
vt 0.912304 0.327177
vt 0.514055 0.436261
vt 0.491597 0.443902
vt 0.479131 0.442190
vt 0.486722 0.436242
vt 0.459012 0.439387
vt 0.430626 0.444313
vt 0.459599 0.446886
vt 0.434599 0.454419
vt 0.439408 0.460856
vt 0.466420 0.451977
vt 0.448692 0.539811
vt 0.454365 0.530786
vt 0.438741 0.548047
vt 0.431752 0.544307
vt 0.436603 0.536897
vt 0.438260 0.529306
vt 0.450080 0.521051
vt 0.437331 0.521966
vt 0.436402 0.514626
vt 0.442144 0.511621
vt 0.591625 0.872125
vt 0.588316 0.866429
vt 0.602426 0.879269
vt 0.595692 0.881932
vt 0.588574 0.876482
vt 0.580010 0.869009
vt 0.579971 0.868973
vt 0.579931 0.868935
vt 0.449964 0.637342
vt 0.440438 0.630573
vt 0.448949 0.625069
vt 0.436093 0.640803
vt 0.430390 0.634824
vt 0.424687 0.628844
vt 0.431249 0.624307
vt 0.437206 0.619179
vt 0.428054 0.612377
vt 0.423051 0.617443
vt 0.421541 0.627065
vt 0.418394 0.625286
vt 0.417929 0.615992
vt 0.452586 0.599478
vt 0.447379 0.590232
vt 0.454852 0.608790
vt 0.446066 0.608356
vt 0.441677 0.602478
vt 0.435960 0.594956
vt 0.427377 0.600244
vt 0.433850 0.607168
vt 0.442346 0.613365
vt 0.453607 0.617447
vt 0.457783 0.645490
vt 0.462973 0.654313
vt 0.452412 0.654375
vt 0.444253 0.647589
vt 0.464160 0.673565
vt 0.464401 0.663479
vt 0.445442 0.662580
vt 0.448927 0.658478
vt 0.439864 0.841865
vt 0.448362 0.833316
vt 0.431598 0.848970
vt 0.425494 0.842959
vt 0.427876 0.836751
vt 0.431467 0.828381
vt 0.413533 0.858713
vt 0.422434 0.854376
vt 0.409732 0.848474
vt 0.417608 0.844628
vt 0.410495 0.873222
vt 0.405766 0.861300
vt 0.403212 0.873847
vt 0.401606 0.866369
vt 0.400001 0.858891
vt 0.400240 0.856895
vt 0.400480 0.854899
vt 0.404358 0.852054
vt 0.443269 0.750193
vt 0.453890 0.752878
vt 0.434135 0.745865
vt 0.434571 0.737924
vt 0.440182 0.736402
vt 0.448365 0.733050
vt 0.441548 0.715445
vt 0.435198 0.723303
vt 0.429957 0.730477
vt 0.426463 0.737887
vt 0.894693 0.348799
vt 0.887452 0.343705
vt 0.901495 0.354514
vt 0.901973 0.363232
vt 0.895899 0.353800
vt 0.889824 0.344368
vt 0.907559 0.360858
vt 0.906023 0.372631
vt 0.417080 0.369487
vt 0.418082 0.366118
vt 0.414842 0.369230
vt 0.414243 0.365057
vt 0.235698 0.823287
vt 0.232012 0.819508
vt 0.233241 0.814971
vt 0.235698 0.814591
vt 0.228327 0.815730
vt 0.232012 0.810813
vt 0.235698 0.805896
vt 0.162985 0.812258
vt 0.157730 0.822046
vt 0.155979 0.816663
vt 0.157730 0.809077
vt 0.152475 0.831835
vt 0.152475 0.818866
vt 0.152475 0.805896
vt 0.600846 0.844223
vt 0.592027 0.848256
vt 0.589685 0.854408
vt 0.584430 0.855398
vt 0.583511 0.852333
vt 0.588207 0.860675
vt 0.582181 0.862167
vt 0.408174 0.725379
vt 0.405077 0.721452
vt 0.422078 0.593578
vt 0.416499 0.593750
vt 0.416654 0.584511
vt 0.421916 0.583975
vt 0.427206 0.583067
vt 0.430377 0.588089
vt 0.439392 0.582812
vt 0.431302 0.578038
vt 0.419304 0.360047
vt 0.413272 0.357128
vt 0.412301 0.349198
vt 0.422076 0.353612
vt 0.428225 0.348122
vt 0.412401 0.349403
vt 0.412500 0.349607
vt 0.423077 0.344878
vt 0.412495 0.106531
vt 0.418445 0.114233
vt 0.406500 0.113460
vt 0.405770 0.093315
vt 0.409923 0.087584
vt 0.413856 0.081141
vt 0.418024 0.087253
vt 0.424260 0.092410
vt 0.431793 0.074830
vt 0.422428 0.071405
vt 0.414650 0.069648
vt 0.446836 0.084286
vt 0.437720 0.078669
vt 0.455693 0.092044
vt 0.448977 0.099444
vt 0.442546 0.099766
vt 0.436115 0.100087
vt 0.919407 0.322979
vt 0.925282 0.341796
vt 0.913426 0.304386
vt 0.920189 0.303526
vt 0.926871 0.317873
vt 0.933554 0.332220
vt 0.463914 0.105354
vt 0.449744 0.114342
vt 0.519376 0.581064
vt 0.503623 0.580436
vt 0.502433 0.571761
vt 0.510865 0.567558
vt 0.497007 0.557394
vt 0.491376 0.567310
vt 0.487458 0.577339
vt 0.521092 0.488951
vt 0.508459 0.498370
vt 0.497699 0.490391
vt 0.501323 0.481910
vt 0.479630 0.480180
vt 0.483697 0.492355
vt 0.492394 0.505851
vt 0.490880 0.047124
vt 0.499153 0.047145
vt 0.498681 0.055848
vt 0.493271 0.059603
vt 0.498294 0.073111
vt 0.503858 0.061474
vt 0.507225 0.050147
vt 0.564729 0.652802
vt 0.582790 0.666993
vt 0.572850 0.678692
vt 0.558313 0.675187
vt 0.556305 0.697049
vt 0.578181 0.693313
vt 0.599093 0.684941
vt 0.645320 0.045294
vt 0.654007 0.054197
vt 0.651090 0.065239
vt 0.644343 0.064692
vt 0.644717 0.084905
vt 0.654461 0.077420
vt 0.661842 0.066921
vt 0.734450 0.196179
vt 0.734304 0.215748
vt 0.755907 0.223055
vt 0.752192 0.229785
vt 0.748476 0.236515
vt 0.735951 0.233609
vt 0.741193 0.251121
vt 0.756416 0.251890
vt 0.704712 0.035233
vt 0.712497 0.039922
vt 0.706262 0.044825
vt 0.699074 0.043370
vt 0.697453 0.053913
vt 0.708959 0.052079
vt 0.720559 0.047611
vt 0.916034 0.065467
vt 0.904010 0.063053
vt 0.927405 0.060716
vt 0.927715 0.067350
vt 0.920940 0.074196
vt 0.915599 0.080346
vt 0.908829 0.079992
vt 0.897156 0.082666
vt 0.892575 0.097321
vt 0.905669 0.092156
vt 0.915957 0.087836
vt 0.784277 0.398831
vt 0.762962 0.401341
vt 0.782855 0.405919
vt 0.762697 0.407834
vt 0.747747 0.408441
vt 0.742226 0.404643
vt 0.721719 0.410075
vt 0.737691 0.413791
vt 0.756457 0.416496
vt 0.777107 0.418813
vt 0.903886 0.010453
vt 0.903888 0.010462
vt 0.903636 0.009804
vt 0.909246 0.016418
vt 0.908337 0.017891
vt 0.908009 0.017040
vt 0.909437 0.030240
vt 0.912414 0.027473
vt 0.915461 0.024780
vt 0.317585 0.805896
vt 0.317647 0.805938
vt 0.317626 0.808028
vt 0.317585 0.809052
vt 0.317710 0.805980
vt 0.317647 0.809094
vt 0.317585 0.812208
vt 0.047374 0.822461
vt 0.049983 0.821922
vt 0.414185 0.785547
vt 0.417742 0.791155
vt 0.418387 0.793173
vt 0.414188 0.793154
vt 0.409989 0.793134
vt 0.409663 0.784452
vt 0.009108 0.869720
vt 0.007949 0.861826
vt 0.008135 0.857303
vt 0.010877 0.864797
vt 0.006043 0.851833
vt 0.003190 0.853900
vt 0.007917 0.856887
vt 0.012645 0.859874
vt 0.645875 0.842494
vt 0.642782 0.849009
vt 0.638366 0.840780
vt 0.641065 0.834703
vt 0.633161 0.833203
vt 0.636254 0.826913
vt 0.791147 0.733818
vt 0.785249 0.743161
vt 0.782891 0.734280
vt 0.791088 0.731154
vt 0.784510 0.723423
vt 0.791029 0.728490
vt 0.929546 0.091349
vt 0.924222 0.092901
vt 0.923069 0.083457
vt 0.928631 0.079350
vt 0.349225 0.806068
vt 0.349239 0.805982
vt 0.349243 0.806594
vt 0.349239 0.806943
vt 0.349252 0.805896
vt 0.349252 0.806857
vt 0.349252 0.807818
vt 0.780592 0.119570
vt 0.780602 0.116812
vt 0.781992 0.114246
vt 0.782830 0.114781
vt 0.988097 0.794197
vt 0.987219 0.794133
vt 0.990621 0.779783
vt 0.991899 0.781792
vt 0.996256 0.766554
vt 0.995701 0.769387
vt 0.720135 0.844804
vt 0.712136 0.838544
vt 0.713531 0.828265
vt 0.720050 0.831949
vt 0.714944 0.818844
vt 0.719965 0.819093
vt 0.787631 0.359280
vt 0.762169 0.357573
vt 0.765840 0.351430
vt 0.787662 0.350872
vt 0.791147 0.073062
vt 0.784017 0.063435
vt 0.782157 0.054675
vt 0.789907 0.065672
vt 0.776124 0.043020
vt 0.777998 0.046452
vt 0.783332 0.052367
vt 0.788667 0.058281
vt 0.790542 0.758427
vt 0.787578 0.759558
vt 0.786875 0.751597
vt 0.790845 0.746123
vt 0.785282 0.712486
vt 0.789521 0.714700
vt 0.784903 0.701357
vt 0.788014 0.700909
vt 0.113572 0.806591
vt 0.114986 0.815949
vt 0.114582 0.820881
vt 0.114024 0.806244
vt 0.116400 0.825307
vt 0.114986 0.830654
vt 0.113572 0.836001
vt 0.114231 0.833304
vt 0.114891 0.830608
vt 0.114683 0.818252
vt 0.114475 0.805896
vt 0.993601 0.916625
vt 0.981386 0.918263
vt 0.973776 0.905134
vt 0.993375 0.915571
vt 0.971227 0.921570
vt 0.961660 0.907761
vt 0.952094 0.893951
vt 0.955628 0.886539
vt 0.976450 0.897437
vt 0.993148 0.914517
vt 0.783668 0.069591
vt 0.788378 0.077148
vt 0.994761 0.875103
vt 0.978828 0.864050
vt 0.978231 0.852635
vt 0.994461 0.870211
vt 0.960963 0.842137
vt 0.985123 0.850868
vt 0.994161 0.865320
vt 0.932033 0.129977
vt 0.935865 0.129503
vt 0.927879 0.127252
vt 0.932121 0.124464
vt 0.790081 0.773112
vt 0.785475 0.773595
vt 0.786882 0.766631
vt 0.790311 0.765770
vt 0.996810 0.938195
vt 0.990679 0.938363
vt 0.986423 0.928611
vt 0.995206 0.927410
vt 0.984548 0.938531
vt 0.977887 0.930050
vt 0.776885 0.371287
vt 0.787129 0.369995
vt 0.770723 0.366754
vt 0.787617 0.363397
vt 0.987149 0.847854
vt 0.990826 0.853183
vt 0.535708 0.893392
vt 0.540744 0.890929
vt 0.550820 0.885496
vt 0.541277 0.896641
vt 0.560404 0.870466
vt 0.566230 0.875088
vt 0.556538 0.887489
vt 0.546846 0.899890
vt 0.759480 0.362912
vt 0.787624 0.361338
vt 0.955765 0.162962
vt 0.937334 0.175054
vt 0.934649 0.164354
vt 0.953825 0.158551
vt 0.939906 0.153832
vt 0.951886 0.154140
vt 0.928767 0.118149
vt 0.922627 0.117765
vt 0.924175 0.112490
vt 0.928085 0.112796
vt 0.925377 0.107008
vt 0.927404 0.107442
vt 0.925205 0.100660
vt 0.928475 0.099396
vt 0.782838 0.690133
vt 0.785968 0.686804
vt 0.779938 0.678522
vt 0.783922 0.672699
vt 0.921968 0.123308
vt 0.930444 0.121307
vt 0.912152 0.121722
vt 0.958878 0.174485
vt 0.950237 0.193803
vt 0.939109 0.188741
vt 0.957321 0.168724
vt 0.768106 0.801889
vt 0.768105 0.814192
vt 0.767823 0.812516
vt 0.767996 0.801425
vt 0.768106 0.826495
vt 0.768043 0.824740
vt 0.767980 0.822985
vt 0.767509 0.816618
vt 0.767037 0.810250
vt 0.767462 0.805606
vt 0.767887 0.800962
vt 0.979263 0.891401
vt 0.993400 0.905160
vt 0.981055 0.884633
vt 0.993651 0.895803
vt 0.715526 0.810148
vt 0.721510 0.810028
vt 0.715913 0.801541
vt 0.723054 0.800962
vt 0.941153 0.147216
vt 0.946391 0.145029
vt 0.980286 0.875056
vt 0.994207 0.885453
vt 0.021040 0.850262
vt 0.020032 0.835306
vt 0.026592 0.825636
vt 0.028183 0.831421
vt 0.019025 0.820350
vt 0.025735 0.817176
vt 0.032446 0.814002
vt 0.032967 0.816635
vt 0.033489 0.819268
vt 0.625719 0.826781
vt 0.626232 0.813937
vt 0.616985 0.820982
vt 0.616209 0.800962
vt 0.721478 0.859351
vt 0.717609 0.864147
vt 0.711723 0.850492
vt 0.720806 0.852078
vt 0.403469 0.034182
vt 0.401526 0.034687
vt 0.404972 0.038949
vt 0.401423 0.042966
vt 0.410752 0.695080
vt 0.414782 0.695029
vt 0.414589 0.702891
vt 0.410768 0.703296
vt 0.408415 0.046124
vt 0.401640 0.050816
vt 0.408332 0.058171
vt 0.401857 0.058666
vt 0.416596 0.678449
vt 0.417513 0.685934
vt 0.415283 0.689117
vt 0.413674 0.686765
vt 0.586842 0.882138
vt 0.578022 0.874812
vt 0.595513 0.889283
vt 0.595335 0.896635
vt 0.585685 0.888625
vt 0.576035 0.880614
vt 0.418028 0.567745
vt 0.431879 0.559766
vt 0.434177 0.563637
vt 0.417587 0.567529
vt 0.427853 0.569685
vt 0.417145 0.567313
vt 0.408719 0.071937
vt 0.403813 0.075990
vt 0.412362 0.288166
vt 0.441565 0.292844
vt 0.435651 0.299899
vt 0.412321 0.291918
vt 0.437940 0.308496
vt 0.421461 0.307581
vt 0.419650 0.301632
vt 0.412280 0.295669
vt 0.412022 0.338182
vt 0.426334 0.338556
vt 0.419610 0.342473
vt 0.412261 0.343895
vt 0.418367 0.514332
vt 0.428313 0.521819
vt 0.426920 0.534306
vt 0.418487 0.531786
vt 0.425180 0.546774
vt 0.418608 0.549241
vt 0.413476 0.307248
vt 0.414684 0.307185
vt 0.414567 0.310998
vt 0.412668 0.312756
vt 0.419634 0.313465
vt 0.411860 0.318265
vt 0.404457 0.814499
vt 0.413396 0.811884
vt 0.420076 0.818062
vt 0.404570 0.818051
vt 0.421295 0.808910
vt 0.429868 0.812714
vt 0.438442 0.816517
vt 0.434954 0.822449
vt 0.417572 0.825803
vt 0.404684 0.821602
vt 0.080664 0.828086
vt 0.081897 0.821064
vt 0.089216 0.821405
vt 0.088599 0.832840
vt 0.083130 0.814041
vt 0.089832 0.809969
vt 0.096534 0.805896
vt 0.096534 0.821745
vt 0.096534 0.837595
vt 0.414672 0.303362
vt 0.412878 0.301459
vt 0.416548 0.391589
vt 0.422319 0.393231
vt 0.422395 0.399624
vt 0.415673 0.400032
vt 0.402141 0.837559
vt 0.406722 0.841490
vt 0.403593 0.846314
vt 0.401310 0.846229
vt 0.412110 0.332110
vt 0.442641 0.325722
vt 0.442229 0.332672
vt 0.412066 0.335146
vt 0.421653 0.388317
vt 0.416465 0.387468
vt 0.400001 0.800962
vt 0.403379 0.801484
vt 0.408195 0.806627
vt 0.402229 0.807731
vt 0.406757 0.802006
vt 0.414026 0.805458
vt 0.412989 0.285920
vt 0.425886 0.276721
vt 0.440890 0.284237
vt 0.412675 0.287043
vt 0.436115 0.317471
vt 0.411985 0.325188
vt 0.419949 0.270430
vt 0.413797 0.272270
vt 0.414239 0.835115
vt 0.403412 0.829581
vt 0.423873 0.576297
vt 0.416900 0.575912
vt 0.917038 0.412293
vt 0.915812 0.415748
vt 0.917973 0.418424
vt 0.916568 0.430365
vt 0.457903 0.007233
vt 0.454657 0.009016
vt 0.448241 0.007153
vt 0.448795 0.005717
vt 0.729434 0.801864
vt 0.737415 0.801413
vt 0.740415 0.817760
vt 0.730604 0.822953
vt 0.745397 0.800962
vt 0.750303 0.812958
vt 0.755209 0.824954
vt 0.743098 0.832314
vt 0.731773 0.844041
vt 0.569655 0.827154
vt 0.567943 0.851121
vt 0.564310 0.849558
vt 0.566670 0.826029
vt 0.562425 0.838685
vt 0.563685 0.824903
vt 0.841039 0.485112
vt 0.843858 0.473110
vt 0.854501 0.474890
vt 0.849786 0.486718
vt 0.846676 0.461108
vt 0.855388 0.464063
vt 0.864101 0.467018
vt 0.863124 0.470107
vt 0.862148 0.473195
vt 0.860467 0.479989
vt 0.858532 0.488323
vt 0.745190 0.843920
vt 0.732096 0.845887
vt 0.757664 0.833809
vt 0.760119 0.842664
vt 0.753230 0.851668
vt 0.866247 0.482975
vt 0.862329 0.492025
vt 0.870041 0.470659
vt 0.877934 0.468122
vt 0.872178 0.486201
vt 0.866422 0.504279
vt 0.559379 0.832153
vt 0.559450 0.821818
vt 0.465612 0.012218
vt 0.468534 0.007953
vt 0.195443 0.805896
vt 0.201425 0.814095
vt 0.199431 0.817714
vt 0.195443 0.815424
vt 0.207408 0.822295
vt 0.201425 0.823624
vt 0.195443 0.824952
vt 0.975400 0.699566
vt 0.972389 0.695368
vt 0.970147 0.686627
vt 0.971777 0.688348
vt 0.968123 0.677882
vt 0.968154 0.677129
vt 0.964727 0.608533
vt 0.960253 0.601408
vt 0.962179 0.592910
vt 0.964282 0.595340
vt 0.708278 0.780254
vt 0.711914 0.774673
vt 0.721015 0.774902
vt 0.721624 0.780441
vt 0.964518 0.657901
vt 0.967008 0.656291
vt 0.961977 0.653815
vt 0.966462 0.646613
vt 0.966186 0.635582
vt 0.955423 0.636016
vt 0.955328 0.617063
vt 0.965457 0.622058
vt 0.943663 0.642741
vt 0.943709 0.626362
vt 0.419134 0.793251
vt 0.418906 0.793878
vt 0.421649 0.793123
vt 0.419424 0.794582
vt 0.968273 0.512681
vt 0.970114 0.512201
vt 0.968390 0.508444
vt 0.972289 0.506771
vt 0.675563 0.779918
vt 0.683495 0.772745
vt 0.690136 0.774414
vt 0.684236 0.780077
vt 0.696761 0.775416
vt 0.692910 0.780235
vt 0.703892 0.775149
vt 0.700594 0.780244
vt 0.956453 0.648751
vt 0.966324 0.641098
vt 0.944894 0.651192
vt 0.428221 0.792007
vt 0.430884 0.793099
vt 0.324090 0.807398
vt 0.324216 0.806647
vt 0.324258 0.808238
vt 0.324216 0.809409
vt 0.324342 0.805896
vt 0.324342 0.808658
vt 0.324342 0.811420
vt 0.967868 0.500309
vt 0.973845 0.503758
vt 0.962318 0.505255
vt 0.971315 0.492276
vt 0.975400 0.500746
vt 0.385444 0.807191
vt 0.383385 0.806544
vt 0.385430 0.811521
vt 0.383385 0.814004
vt 0.381327 0.805896
vt 0.387474 0.809039
vt 0.393621 0.812182
vt 0.387474 0.816499
vt 0.381327 0.820816
vt 0.035411 0.805896
vt 0.035411 0.828283
vt 0.031429 0.831189
vt 0.034450 0.812582
vt 0.035411 0.850669
vt 0.028225 0.850466
vt 0.368203 0.813570
vt 0.368326 0.813650
vt 0.361979 0.813151
vt 0.361918 0.809733
vt 0.368449 0.813729
vt 0.362040 0.816568
vt 0.355632 0.819408
vt 0.355632 0.812652
vt 0.355632 0.805896
vt 0.519506 0.834713
vt 0.519340 0.831843
vt 0.519468 0.838997
vt 0.512859 0.836278
vt 0.513036 0.834446
vt 0.513214 0.832614
vt 0.525394 0.846928
vt 0.518298 0.845247
vt 0.523438 0.854469
vt 0.516788 0.851477
vt 0.509695 0.850829
vt 0.511277 0.843554
vt 0.522771 0.856921
vt 0.515646 0.855741
vt 0.522103 0.859372
vt 0.514899 0.859232
vt 0.507147 0.858680
vt 0.508421 0.854755
vt 0.522096 0.863163
vt 0.514662 0.863156
vt 0.522089 0.866954
vt 0.514605 0.868679
vt 0.507218 0.866820
vt 0.507183 0.862750
vt 0.521931 0.877336
vt 0.514511 0.877278
vt 0.521773 0.887718
vt 0.514556 0.885942
vt 0.506896 0.887585
vt 0.507057 0.877203
vt 0.521889 0.891251
vt 0.515084 0.891936
vt 0.522005 0.894784
vt 0.516498 0.898395
vt 0.509218 0.897424
vt 0.508057 0.892505
vt 0.294678 0.819850
vt 0.294402 0.820025
vt 0.294652 0.813053
vt 0.295178 0.813058
vt 0.294126 0.820200
vt 0.294126 0.813048
vt 0.294126 0.805896
vt 0.294902 0.806081
vt 0.295679 0.806266
vt 0.525667 0.907266
vt 0.519528 0.908808
vt 0.529328 0.919747
vt 0.523268 0.921054
vt 0.517208 0.922360
vt 0.513213 0.909892
vt 0.892323 0.520814
vt 0.889896 0.509479
vt 0.894473 0.532722
vt 0.888916 0.532857
vt 0.886615 0.521719
vt 0.884313 0.510582
vt 0.901856 0.545100
vt 0.895484 0.545241
vt 0.902481 0.558303
vt 0.895572 0.558007
vt 0.889756 0.557764
vt 0.889336 0.545311
vt 0.901227 0.571279
vt 0.894650 0.570529
vt 0.899972 0.584256
vt 0.893547 0.581153
vt 0.886480 0.582743
vt 0.888118 0.570254
vt 0.899488 0.587974
vt 0.893022 0.587710
vt 0.899003 0.591692
vt 0.893191 0.593671
vt 0.886288 0.592446
vt 0.886384 0.587595
vt 0.902197 0.611336
vt 0.904298 0.621182
vt 0.897836 0.621542
vt 0.896051 0.612052
vt 0.906399 0.631027
vt 0.899251 0.629071
vt 0.893147 0.631773
vt 0.891466 0.622393
vt 0.889784 0.613013
vt 0.906457 0.632394
vt 0.899729 0.632683
vt 0.906514 0.633761
vt 0.899759 0.636747
vt 0.893079 0.633946
vt 0.893113 0.632859
vt 0.900600 0.601514
vt 0.894379 0.602270
vt 0.888036 0.602730
vt 0.906346 0.658412
vt 0.904757 0.663114
vt 0.898158 0.660959
vt 0.899217 0.655027
vt 0.896542 0.665114
vt 0.890622 0.662642
vt 0.891690 0.659252
vt 0.892757 0.655861
vt 0.906430 0.646087
vt 0.899637 0.645573
vt 0.892918 0.644904
vt 0.898250 0.683828
vt 0.900074 0.689969
vt 0.893454 0.690894
vt 0.892192 0.684787
vt 0.901897 0.696109
vt 0.894790 0.696412
vt 0.888570 0.698192
vt 0.886815 0.691966
vt 0.885059 0.685740
vt 0.897990 0.679121
vt 0.891916 0.678682
vt 0.892554 0.673159
vt 0.885604 0.678101
vt 0.886149 0.670462
vt 0.894314 0.668924
vt 0.888386 0.666552
vt 0.902422 0.703895
vt 0.902524 0.707002
vt 0.895449 0.707057
vt 0.895521 0.704039
vt 0.902626 0.710108
vt 0.895327 0.709360
vt 0.887958 0.710076
vt 0.888388 0.707290
vt 0.888817 0.704504
vt 0.902160 0.700002
vt 0.895373 0.700585
vt 0.888694 0.701348
vt 0.902593 0.710684
vt 0.895236 0.710532
vt 0.902560 0.711260
vt 0.895010 0.712727
vt 0.887868 0.710170
vt 0.887913 0.710123
vt 0.901747 0.717976
vt 0.894455 0.718296
vt 0.900933 0.724692
vt 0.894013 0.724061
vt 0.886403 0.726962
vt 0.887136 0.718566
vt 0.901128 0.725019
vt 0.894216 0.727032
vt 0.901323 0.725346
vt 0.895042 0.730051
vt 0.887893 0.731103
vt 0.887148 0.729033
vt 0.905777 0.743197
vt 0.904802 0.753326
vt 0.897713 0.753170
vt 0.897862 0.744210
vt 0.903827 0.763455
vt 0.896917 0.762483
vt 0.890007 0.761511
vt 0.890785 0.752927
vt 0.891563 0.744343
vt 0.903550 0.734272
vt 0.896602 0.736224
vt 0.889728 0.737723
vt 0.892089 0.008217
vt 0.892162 0.008371
vt 0.895691 0.006476
vt 0.896446 0.006997
vt 0.892236 0.008525
vt 0.895131 0.005857
vt 0.823869 0.464433
vt 0.820438 0.472851
vt 0.814108 0.471018
vt 0.817490 0.462770
vt 0.817006 0.481270
vt 0.810737 0.479496
vt 0.804437 0.477147
vt 0.807774 0.469128
vt 0.811111 0.461108
vt 0.813804 0.489912
vt 0.807506 0.488507
vt 0.810601 0.498553
vt 0.805180 0.497865
vt 0.797527 0.496885
vt 0.800982 0.487016
vt 0.811236 0.507321
vt 0.804892 0.507418
vt 0.811870 0.516087
vt 0.805721 0.516304
vt 0.799012 0.518478
vt 0.798270 0.507681
vt 0.813462 0.522197
vt 0.807197 0.523588
vt 0.815053 0.528307
vt 0.809155 0.531248
vt 0.802608 0.531292
vt 0.800810 0.524885
vt 0.817774 0.539552
vt 0.811749 0.541301
vt 0.820495 0.550797
vt 0.814799 0.551583
vt 0.808610 0.554691
vt 0.805609 0.542992
vt 0.824231 0.558056
vt 0.818263 0.559891
vt 0.827967 0.565316
vt 0.821427 0.567025
vt 0.816130 0.569345
vt 0.812370 0.562018
vt 0.826710 0.604139
vt 0.824053 0.613566
vt 0.817405 0.612358
vt 0.819417 0.604874
vt 0.821395 0.622992
vt 0.815361 0.620611
vt 0.808115 0.621318
vt 0.810766 0.610959
vt 0.813417 0.600600
vt 0.820941 0.626863
vt 0.814373 0.626366
vt 0.820486 0.630735
vt 0.814103 0.631146
vt 0.807138 0.630906
vt 0.807627 0.626112
vt 0.829739 0.572396
vt 0.823441 0.573433
vt 0.831511 0.579476
vt 0.824515 0.579121
vt 0.818625 0.579955
vt 0.817377 0.574650
vt 0.831058 0.584059
vt 0.824498 0.583773
vt 0.830605 0.588640
vt 0.823769 0.588470
vt 0.817606 0.586997
vt 0.818115 0.583476
vt 0.828964 0.595486
vt 0.822416 0.594127
vt 0.827323 0.602331
vt 0.821098 0.599079
vt 0.814114 0.598894
vt 0.815860 0.592945
vt 0.827017 0.603235
vt 0.820364 0.601588
vt 0.813765 0.599747
vt 0.821102 0.635780
vt 0.814520 0.636639
vt 0.821718 0.640825
vt 0.815993 0.644648
vt 0.808208 0.642831
vt 0.807673 0.636868
vt 0.826090 0.656198
vt 0.819274 0.657601
vt 0.830461 0.671570
vt 0.822766 0.671499
vt 0.816602 0.674707
vt 0.812405 0.658769
vt 0.831964 0.682071
vt 0.824882 0.682732
vt 0.833466 0.692572
vt 0.825570 0.692685
vt 0.819712 0.692720
vt 0.818157 0.683713
vt 0.831140 0.703352
vt 0.824279 0.702613
vt 0.828814 0.714132
vt 0.821613 0.713111
vt 0.815809 0.710742
vt 0.817761 0.701731
vt 0.824128 0.726816
vt 0.817640 0.724660
vt 0.819443 0.739500
vt 0.813512 0.735426
vt 0.806569 0.734657
vt 0.811189 0.722699
vt 0.816803 0.745705
vt 0.810273 0.743481
vt 0.814163 0.751910
vt 0.807808 0.751769
vt 0.800529 0.747739
vt 0.803549 0.741198
vt 0.813334 0.764143
vt 0.806329 0.763385
vt 0.812506 0.776376
vt 0.806032 0.776502
vt 0.797527 0.776763
vt 0.799028 0.762251
vt 0.814871 0.789058
vt 0.807550 0.789402
vt 0.817236 0.801740
vt 0.809409 0.799931
vt 0.802762 0.803912
vt 0.800144 0.790338
vt 0.817608 0.804511
vt 0.810335 0.805510
vt 0.817981 0.807283
vt 0.811005 0.810916
vt 0.803490 0.809191
vt 0.803126 0.806552
vt 0.819366 0.819743
vt 0.812076 0.820712
vt 0.820750 0.832202
vt 0.813170 0.831504
vt 0.806072 0.833675
vt 0.804781 0.821433
vt 0.821220 0.839225
vt 0.813848 0.839796
vt 0.821689 0.846248
vt 0.814260 0.845458
vt 0.807016 0.848373
vt 0.806544 0.841024
vt 0.821885 0.847102
vt 0.814479 0.847643
vt 0.822080 0.847957
vt 0.814625 0.848346
vt 0.807170 0.848734
vt 0.807093 0.848554
vt 0.310198 0.819303
vt 0.310701 0.819204
vt 0.310466 0.812629
vt 0.310701 0.812599
vt 0.311205 0.819105
vt 0.310232 0.812658
vt 0.309258 0.806211
vt 0.310232 0.806054
vt 0.311205 0.805896
vt 0.884587 0.791379
vt 0.884450 0.786214
vt 0.891784 0.786287
vt 0.891935 0.792246
vt 0.884313 0.781049
vt 0.891998 0.780966
vt 0.898897 0.781073
vt 0.899027 0.786200
vt 0.899157 0.791326
vt 0.885360 0.808272
vt 0.884974 0.799826
vt 0.892239 0.799788
vt 0.892596 0.807914
vt 0.899491 0.799605
vt 0.899824 0.807884
vt 0.886071 0.823696
vt 0.885716 0.815984
vt 0.892969 0.816086
vt 0.893362 0.826159
vt 0.900217 0.815714
vt 0.900610 0.823544
vt 0.884313 0.896914
vt 0.885538 0.876956
vt 0.892969 0.877520
vt 0.891786 0.897425
vt 0.886763 0.856998
vt 0.893778 0.858299
vt 0.901727 0.857888
vt 0.900494 0.877912
vt 0.899260 0.897935
vt 0.886417 0.840347
vt 0.893748 0.840871
vt 0.901169 0.840716
vt 0.806312 0.135075
vt 0.812762 0.135941
vt 0.811088 0.147009
vt 0.815274 0.125968
vt 0.820886 0.126889
vt 0.819022 0.136508
vt 0.817158 0.146127
vt 0.287530 0.820026
vt 0.287291 0.819916
vt 0.283105 0.814301
vt 0.284374 0.813882
vt 0.287052 0.819807
vt 0.282000 0.814786
vt 0.276948 0.809765
vt 0.278881 0.808682
vt 0.287746 0.820120
vt 0.287638 0.820073
vt 0.286010 0.813596
vt 0.287746 0.813008
vt 0.169385 0.825844
vt 0.169375 0.815870
vt 0.175624 0.817656
vt 0.175629 0.827627
vt 0.169365 0.805896
vt 0.175620 0.807686
vt 0.181874 0.809475
vt 0.181874 0.819443
vt 0.181874 0.829411
vt 0.819036 0.115980
vt 0.823048 0.106540
vt 0.828282 0.107771
vt 0.824584 0.117330
vt 0.802004 0.180450
vt 0.801991 0.178285
vt 0.809193 0.177922
vt 0.809254 0.183490
vt 0.809395 0.172165
vt 0.816249 0.175458
vt 0.816340 0.177600
vt 0.816432 0.179742
vt 0.802375 0.209505
vt 0.802189 0.194977
vt 0.809469 0.194812
vt 0.810239 0.208892
vt 0.816610 0.193958
vt 0.816788 0.208174
vt 0.808519 0.242924
vt 0.808053 0.241516
vt 0.815094 0.238951
vt 0.815810 0.241240
vt 0.807588 0.240109
vt 0.814098 0.234275
vt 0.821776 0.235817
vt 0.822205 0.236983
vt 0.822635 0.238148
vt 0.810148 0.160370
vt 0.816703 0.160792
vt 0.804981 0.224807
vt 0.812139 0.223038
vt 0.819282 0.221996
vt 0.811097 0.250565
vt 0.809808 0.246745
vt 0.816904 0.244472
vt 0.818329 0.248633
vt 0.823918 0.241967
vt 0.825202 0.245785
vt 0.816950 0.281154
vt 0.817185 0.280870
vt 0.823920 0.283200
vt 0.822311 0.285936
vt 0.817420 0.280586
vt 0.824390 0.280436
vt 0.832147 0.282564
vt 0.830941 0.285538
vt 0.829735 0.288511
vt 0.814884 0.260749
vt 0.812990 0.255657
vt 0.820067 0.253691
vt 0.821671 0.259122
vt 0.827176 0.251630
vt 0.829150 0.257476
vt 0.816075 0.271558
vt 0.815480 0.266154
vt 0.822671 0.264622
vt 0.823396 0.270180
vt 0.829932 0.263075
vt 0.830714 0.268675
vt 0.816747 0.276072
vt 0.824050 0.275738
vt 0.831430 0.275620
vt 0.807865 0.292638
vt 0.812408 0.286896
vt 0.818926 0.290396
vt 0.815690 0.294535
vt 0.825408 0.293976
vt 0.821080 0.299441
vt 0.807387 0.293775
vt 0.807626 0.293206
vt 0.814469 0.296295
vt 0.813647 0.298587
vt 0.821214 0.299250
vt 0.821347 0.299059
vt 0.801986 0.310334
vt 0.804687 0.302055
vt 0.811691 0.304539
vt 0.809499 0.311462
vt 0.818755 0.306780
vt 0.816164 0.314501
vt 0.799601 0.320421
vt 0.800794 0.315377
vt 0.808002 0.316913
vt 0.806863 0.321865
vt 0.815120 0.318574
vt 0.814075 0.322648
vt 0.797527 0.333654
vt 0.798564 0.327037
vt 0.805902 0.327302
vt 0.805690 0.332887
vt 0.813051 0.327530
vt 0.812027 0.332413
vt 0.802590 0.346114
vt 0.800058 0.339884
vt 0.807157 0.338339
vt 0.809626 0.344461
vt 0.814005 0.336627
vt 0.815983 0.340841
vt 0.809430 0.363805
vt 0.806010 0.354960
vt 0.812758 0.352223
vt 0.815828 0.359848
vt 0.819522 0.349520
vt 0.823060 0.358199
vt 0.813545 0.373306
vt 0.811487 0.368556
vt 0.818209 0.365506
vt 0.820463 0.370329
vt 0.824962 0.362666
vt 0.826863 0.367133
vt 0.819220 0.382227
vt 0.816382 0.377767
vt 0.823065 0.375417
vt 0.825262 0.382071
vt 0.829849 0.372676
vt 0.832834 0.378219
vt 0.812405 0.429133
vt 0.814122 0.422655
vt 0.820790 0.423966
vt 0.819145 0.429894
vt 0.815839 0.416177
vt 0.822602 0.417323
vt 0.829329 0.418625
vt 0.827417 0.425456
vt 0.825504 0.432287
vt 0.809923 0.438102
vt 0.811164 0.433617
vt 0.817918 0.434455
vt 0.817443 0.439232
vt 0.824485 0.435238
vt 0.823465 0.438188
vt 0.374829 0.820882
vt 0.374829 0.820881
vt 0.374859 0.813389
vt 0.374888 0.813390
vt 0.374829 0.820881
vt 0.374829 0.813389
vt 0.374829 0.805896
vt 0.374888 0.805897
vt 0.374947 0.805898
vt 0.775074 0.847430
vt 0.776274 0.830813
vt 0.783123 0.830633
vt 0.782285 0.845532
vt 0.777473 0.814196
vt 0.783569 0.816684
vt 0.791147 0.812841
vt 0.790072 0.830216
vt 0.788996 0.847591
vt 0.775979 0.808936
vt 0.782704 0.808236
vt 0.774485 0.803677
vt 0.781245 0.802319
vt 0.788006 0.800962
vt 0.789577 0.806901
vt 0.774485 0.868418
vt 0.774780 0.857924
vt 0.781821 0.857186
vt 0.781556 0.867256
vt 0.788812 0.856843
vt 0.788628 0.866094
vt 0.302122 0.806543
vt 0.302500 0.806219
vt 0.302484 0.813050
vt 0.302090 0.813145
vt 0.302878 0.805896
vt 0.302878 0.812956
vt 0.302878 0.820016
vt 0.302468 0.819881
vt 0.302058 0.819746
vt 0.969046 0.023401
vt 0.967152 0.014436
vt 0.974351 0.013386
vt 0.976027 0.022523
vt 0.965257 0.005471
vt 0.972463 0.004331
vt 0.979670 0.003190
vt 0.981602 0.012315
vt 0.983535 0.021440
vt 0.969509 0.086987
vt 0.968628 0.082358
vt 0.975549 0.081308
vt 0.976844 0.086387
vt 0.967748 0.077729
vt 0.975017 0.076251
vt 0.981600 0.076761
vt 0.982279 0.080252
vt 0.982959 0.083744
vt 0.975587 0.102924
vt 0.972548 0.094955
vt 0.979257 0.093213
vt 0.982045 0.100911
vt 0.985871 0.091253
vt 0.988784 0.098762
vt 0.819368 0.402953
vt 0.819294 0.392590
vt 0.826051 0.391931
vt 0.825775 0.402221
vt 0.833073 0.391166
vt 0.833312 0.404112
vt 0.817604 0.409565
vt 0.824407 0.410328
vt 0.831321 0.411368
vt 0.813035 0.454728
vt 0.811479 0.446415
vt 0.818335 0.445886
vt 0.819826 0.453409
vt 0.825041 0.445139
vt 0.826618 0.452089
vt 0.970923 0.041874
vt 0.969985 0.032637
vt 0.977202 0.031617
vt 0.977941 0.038978
vt 0.984528 0.031029
vt 0.985521 0.040619
vt 0.970993 0.043223
vt 0.970958 0.042548
vt 0.978113 0.042485
vt 0.977787 0.045926
vt 0.985391 0.042438
vt 0.985262 0.044258
vt 0.968599 0.061378
vt 0.969796 0.052301
vt 0.976845 0.053033
vt 0.975812 0.061560
vt 0.983917 0.053410
vt 0.982571 0.062562
vt 0.968173 0.069554
vt 0.975186 0.069467
vt 0.982086 0.069661
vt 0.980274 0.118304
vt 0.977931 0.110614
vt 0.984587 0.108662
vt 0.986569 0.115088
vt 0.991384 0.107041
vt 0.993984 0.115319
vt 0.981034 0.121642
vt 0.980654 0.119973
vt 0.987526 0.118585
vt 0.987995 0.122032
vt 0.994519 0.117210
vt 0.995054 0.119101
vt 0.981188 0.135180
vt 0.981111 0.128411
vt 0.988273 0.128289
vt 0.988113 0.135831
vt 0.995543 0.127846
vt 0.996033 0.136592
vt 0.978338 0.149334
vt 0.979763 0.142257
vt 0.987081 0.143286
vt 0.985864 0.149473
vt 0.994446 0.144632
vt 0.992859 0.152672
vt 0.973571 0.161692
vt 0.975479 0.157362
vt 0.981108 0.159798
vt 0.978820 0.164832
vt 0.977388 0.153033
vt 0.983698 0.155803
vt 0.991608 0.157178
vt 0.986660 0.161974
vt 0.981712 0.166769
vt 0.977863 0.151183
vt 0.984995 0.152971
vt 0.992234 0.154925
vt 0.971988 0.176892
vt 0.972780 0.169292
vt 0.978531 0.171092
vt 0.978837 0.178416
vt 0.984134 0.172627
vt 0.986555 0.178485
vt 0.970446 0.195700
vt 0.971217 0.186296
vt 0.978467 0.187103
vt 0.977659 0.196332
vt 0.985825 0.187775
vt 0.985095 0.197065
vt 0.968378 0.213343
vt 0.969412 0.204522
vt 0.976596 0.205520
vt 0.975355 0.214503
vt 0.983825 0.206571
vt 0.982554 0.216076
vt 0.965257 0.230014
vt 0.966818 0.221679
vt 0.973903 0.223107
vt 0.972362 0.231546
vt 0.981010 0.224577
vt 0.979466 0.233078
vt 0.885607 0.775441
vt 0.892926 0.775564
vt 0.886901 0.769834
vt 0.894168 0.770086
vt 0.901435 0.770338
vt 0.900166 0.775706
vt 0.214507 0.816378
vt 0.214147 0.817190
vt 0.218047 0.816035
vt 0.218227 0.820122
vt 0.213787 0.818001
vt 0.217867 0.811949
vt 0.221947 0.805896
vt 0.221947 0.814881
vt 0.221947 0.823866
vt 0.853881 0.506934
vt 0.853912 0.491801
vt 0.858143 0.493359
vt 0.859770 0.502768
vt 0.853943 0.476667
vt 0.856238 0.482495
vt 0.854254 0.508424
vt 0.854068 0.507679
vt 0.860669 0.507124
vt 0.860944 0.509805
vt 0.867425 0.506962
vt 0.868428 0.509645
vt 0.852538 0.515829
vt 0.853396 0.512127
vt 0.860476 0.513516
vt 0.859772 0.517169
vt 0.867616 0.514919
vt 0.866804 0.520193
vt 0.845471 0.543405
vt 0.848515 0.531086
vt 0.855523 0.533247
vt 0.853096 0.542441
vt 0.851558 0.518766
vt 0.857967 0.523947
vt 0.865894 0.523086
vt 0.862527 0.535434
vt 0.859160 0.547782
vt 0.840050 0.565750
vt 0.841698 0.558841
vt 0.848822 0.560337
vt 0.847681 0.566651
vt 0.843346 0.551931
vt 0.850058 0.554486
vt 0.857260 0.554821
vt 0.855921 0.561717
vt 0.854582 0.568613
vt 0.839846 0.577086
vt 0.839948 0.571418
vt 0.847179 0.572093
vt 0.847016 0.576887
vt 0.854326 0.572929
vt 0.854069 0.577245
vt 0.842122 0.608437
vt 0.841349 0.601300
vt 0.848333 0.600871
vt 0.848840 0.607721
vt 0.840577 0.594162
vt 0.847792 0.594408
vt 0.854857 0.592958
vt 0.855325 0.600346
vt 0.855792 0.607734
vt 0.842158 0.619904
vt 0.842140 0.614171
vt 0.849139 0.614127
vt 0.849310 0.621263
vt 0.856170 0.613900
vt 0.856548 0.620066
vt 0.842259 0.640916
vt 0.842209 0.630410
vt 0.849390 0.630772
vt 0.849419 0.642176
vt 0.856585 0.630659
vt 0.856621 0.641253
vt 0.847329 0.748213
vt 0.845085 0.732195
vt 0.852081 0.731889
vt 0.854533 0.746209
vt 0.842841 0.716176
vt 0.850405 0.719888
vt 0.856704 0.716120
vt 0.858882 0.731003
vt 0.861060 0.745886
vt 0.853856 0.773703
vt 0.850592 0.760958
vt 0.857629 0.759327
vt 0.860767 0.771264
vt 0.864655 0.757991
vt 0.868250 0.770096
vt 0.858548 0.793849
vt 0.856202 0.783776
vt 0.863379 0.781929
vt 0.865392 0.791718
vt 0.870706 0.780300
vt 0.873161 0.790504
vt 0.860128 0.810134
vt 0.859338 0.801992
vt 0.866561 0.800722
vt 0.867501 0.810171
vt 0.873841 0.799340
vt 0.874521 0.808176
vt 0.852048 0.517298
vt 0.859133 0.519686
vt 0.866349 0.521639
vt 0.844697 0.545596
vt 0.845084 0.544501
vt 0.851991 0.546316
vt 0.851463 0.548096
vt 0.858754 0.548655
vt 0.858348 0.549528
vt 0.844022 0.548764
vt 0.850882 0.550634
vt 0.857804 0.552175
vt 0.839869 0.585374
vt 0.839858 0.581230
vt 0.847002 0.581131
vt 0.847106 0.585202
vt 0.854117 0.581076
vt 0.854164 0.584906
vt 0.840223 0.589768
vt 0.847383 0.589441
vt 0.854511 0.588932
vt 0.842238 0.669907
vt 0.842249 0.655411
vt 0.849412 0.655856
vt 0.849455 0.671872
vt 0.856563 0.655716
vt 0.856505 0.670179
vt 0.842887 0.711962
vt 0.842563 0.690934
vt 0.849638 0.690760
vt 0.849813 0.706873
vt 0.856714 0.691280
vt 0.856923 0.712381
vt 0.842864 0.714069
vt 0.849893 0.714004
vt 0.856814 0.714251
vt 0.862886 0.834453
vt 0.861507 0.822294
vt 0.868686 0.821124
vt 0.869795 0.830644
vt 0.875883 0.820311
vt 0.877245 0.832447
vt 0.863785 0.838707
vt 0.863335 0.836580
vt 0.870435 0.835216
vt 0.870859 0.837543
vt 0.877589 0.834413
vt 0.877934 0.836380
vt 0.146096 0.805896
vt 0.146096 0.818510
vt 0.138725 0.819310
vt 0.138725 0.806697
vt 0.146096 0.831123
vt 0.138725 0.831924
vt 0.131354 0.832724
vt 0.131354 0.820111
vt 0.131354 0.807498
vt 0.854511 0.003190
vt 0.855191 0.012035
vt 0.847813 0.012876
vt 0.847101 0.003788
vt 0.855871 0.020880
vt 0.848584 0.021147
vt 0.841147 0.023457
vt 0.840420 0.013921
vt 0.839692 0.004385
vt 0.856802 0.026540
vt 0.849508 0.027769
vt 0.857734 0.032199
vt 0.850631 0.035112
vt 0.843180 0.034182
vt 0.842164 0.028819
vt 0.859365 0.044727
vt 0.852031 0.045477
vt 0.860995 0.057255
vt 0.853228 0.054727
vt 0.846317 0.058831
vt 0.844749 0.046507
vt 0.861054 0.057813
vt 0.853691 0.058555
vt 0.861112 0.058371
vt 0.853964 0.062585
vt 0.846434 0.059662
vt 0.846376 0.059246
vt 0.861784 0.071575
vt 0.854560 0.072548
vt 0.862456 0.084778
vt 0.855480 0.084076
vt 0.848073 0.086597
vt 0.847254 0.073129
vt 0.863880 0.091992
vt 0.856833 0.093092
vt 0.865303 0.099205
vt 0.858563 0.101064
vt 0.851312 0.102309
vt 0.849693 0.094453
vt 0.867565 0.107549
vt 0.860743 0.109272
vt 0.869827 0.115893
vt 0.862865 0.116476
vt 0.856557 0.120183
vt 0.853934 0.111246
vt 0.871009 0.118881
vt 0.864442 0.120985
vt 0.872190 0.121868
vt 0.865897 0.124941
vt 0.859255 0.126275
vt 0.857906 0.123229
vt 0.874141 0.128678
vt 0.867614 0.130483
vt 0.876092 0.135487
vt 0.869326 0.138152
vt 0.862921 0.137239
vt 0.861088 0.131757
vt 0.877396 0.148391
vt 0.870690 0.149342
vt 0.878700 0.161295
vt 0.871595 0.163677
vt 0.865275 0.161775
vt 0.864098 0.149507
vt 0.878510 0.181791
vt 0.871758 0.181857
vt 0.878321 0.202287
vt 0.871456 0.200225
vt 0.864967 0.201977
vt 0.865121 0.181876
vt 0.877491 0.215923
vt 0.870766 0.215378
vt 0.876661 0.229560
vt 0.869851 0.229031
vt 0.863229 0.228437
vt 0.864098 0.215207
vt 0.875489 0.243093
vt 0.868769 0.242328
vt 0.874317 0.256626
vt 0.867793 0.253868
vt 0.860816 0.255567
vt 0.862023 0.242002
vt 0.873933 0.262139
vt 0.867194 0.261523
vt 0.873549 0.267651
vt 0.866602 0.268394
vt 0.860090 0.266641
vt 0.860453 0.261104
vt 0.872286 0.277960
vt 0.865651 0.277116
vt 0.871023 0.288270
vt 0.864607 0.285459
vt 0.857990 0.286094
vt 0.859040 0.276368
vt 0.870191 0.292176
vt 0.863731 0.290775
vt 0.862982 0.294308
vt 0.856464 0.293545
vt 0.857228 0.289819
vt 0.865566 0.312258
vt 0.859247 0.310399
vt 0.861398 0.301474
vt 0.863063 0.324270
vt 0.856947 0.319390
vt 0.849721 0.319658
vt 0.852955 0.308522
vt 0.856190 0.297386
vt 0.862347 0.326435
vt 0.855551 0.324344
vt 0.861630 0.328600
vt 0.854388 0.329866
vt 0.847673 0.324563
vt 0.848697 0.322110
vt 0.859908 0.342713
vt 0.852856 0.340660
vt 0.858186 0.356826
vt 0.851513 0.351009
vt 0.843841 0.352873
vt 0.845757 0.338718
vt 0.858081 0.357241
vt 0.851004 0.355065
vt 0.857975 0.357656
vt 0.850582 0.358388
vt 0.843968 0.353274
vt 0.843904 0.353073
vt 0.856472 0.367921
vt 0.849544 0.366297
vt 0.854970 0.378186
vt 0.848473 0.374217
vt 0.841280 0.376068
vt 0.842624 0.364671
vt 0.854905 0.378627
vt 0.854447 0.382751
vt 0.847304 0.382089
vt 0.847700 0.378889
vt 0.853989 0.386876
vt 0.846841 0.386132
vt 0.839692 0.385389
vt 0.840176 0.381216
vt 0.840661 0.377043
vt 0.862293 0.297025
vt 0.856327 0.295465
vt 0.854937 0.378407
vt 0.847980 0.377296
vt 0.840970 0.376556
vt 0.268304 0.820710
vt 0.263313 0.820753
vt 0.263853 0.813325
vt 0.269436 0.813303
vt 0.258321 0.820796
vt 0.258271 0.813346
vt 0.258220 0.805896
vt 0.264394 0.805896
vt 0.270568 0.805896
vn -0.986600 0.015500 0.162400
vn -0.986500 0.015500 0.162900
vn -0.923400 0.015500 0.383500
vn -0.923200 0.015500 0.384000
vn -0.988700 0.069500 0.133000
vn -0.989400 0.007200 0.145300
vn -0.916500 0.007200 0.399900
vn -0.909400 0.069500 0.410000
vn -0.045000 -0.990600 -0.129300
vn -0.043800 -0.991200 -0.125200
vn 0.029000 -0.991200 0.129400
vn 0.030200 -0.990600 0.133500
vn 0.577300 -0.003500 -0.816500
vn 0.515600 -0.003300 -0.856800
vn 0.914800 -0.004700 -0.403900
vn 0.914600 -0.004700 -0.404200
vn 0.990100 -0.004700 -0.140600
vn 0.990000 -0.004700 -0.141000
vn 0.275000 -0.000000 0.961400
vn 0.274800 0.022200 0.961300
vn 0.274000 -0.049500 0.960500
vn 0.274600 -0.024000 0.961300
vn -0.989100 -0.024800 0.145200
vn -0.916200 -0.024800 0.399800
vn -0.044600 -0.990800 -0.128100
vn 0.029800 -0.990800 0.132300
vn 0.193400 0.726500 0.659400
vn 0.206200 0.678800 0.704800
vn 0.206100 0.678900 0.704700
vn -0.996900 0.066900 -0.040200
vn -0.988300 -0.014900 -0.152000
vn -0.801000 0.006000 0.598600
vn -0.883900 0.005200 0.467700
vn -0.961400 0.006700 0.275000
vn 0.182400 0.707000 0.683300
vn 0.103600 0.900200 0.422900
vn 0.183000 0.706900 0.683200
vn 0.274300 0.046300 0.960500
vn 0.777300 -0.005300 0.629100
vn 0.769000 -0.005200 0.639200
vn 0.768400 -0.005100 0.639900
vn 0.905000 -0.077000 -0.418400
vn 0.911300 -0.052000 -0.408400
vn 0.989400 -0.052000 -0.135400
vn 0.989400 -0.077000 -0.123500
vn -0.989300 -0.039600 0.140700
vn -0.914000 -0.039600 0.403800
vn -0.958100 -0.083000 0.274100
vn -0.984600 -0.001900 0.174800
vn -0.986500 0.047200 0.156900
vn -0.920200 0.047200 0.388500
vn -0.928100 -0.001900 0.372400
vn -0.046200 0.990600 -0.128800
vn -0.043400 0.991900 -0.119200
vn 0.026200 0.991900 0.124200
vn 0.028900 0.990600 0.133800
vn 0.961400 -0.000000 -0.275000
vn -0.000000 -1.000000 -0.000000
vn -0.042900 0.992100 -0.117800
vn 0.025900 0.992100 0.122700
vn 0.916500 -0.003800 -0.399900
vn 0.989400 -0.003800 -0.145300
vn -0.275000 -0.000000 -0.961400
vn 0.916100 0.029600 -0.399800
vn 0.989000 0.029600 -0.145200
vn -0.027500 -0.988200 -0.150600
vn -0.027300 -0.988300 -0.150200
vn 0.056200 -0.988300 0.142000
vn 0.056400 -0.988200 0.142400
vn -0.783300 0.002700 -0.621700
vn -0.775100 0.002600 -0.631800
vn 0.217200 -0.587900 0.779300
vn 0.232100 -0.503800 0.832100
vn 0.232100 -0.503600 0.832200
vn -0.325600 0.002700 0.945500
vn -0.311500 0.002600 0.950200
vn -0.312600 0.002600 0.949900
vn -0.546300 0.006800 0.837500
vn -0.486800 0.006300 0.873500
vn -0.486600 0.006300 0.873600
vn 0.334000 -0.060200 0.940700
vn 0.333900 0.060000 0.940700
vn 0.214700 0.060800 0.974800
vn 0.214700 -0.059900 0.974800
vn 0.906600 -0.003400 0.421900
vn 0.874900 -0.003200 0.484300
vn 0.874800 -0.003200 0.484400
vn -0.275300 -0.025800 -0.961000
vn -0.275400 -0.053300 -0.959800
vn -0.275200 0.025500 -0.961100
vn -0.232200 -0.582000 -0.779300
vn -0.244700 -0.505800 -0.827200
vn -0.244700 -0.506200 -0.827000
vn -0.228700 0.582100 -0.780300
vn -0.241600 0.506600 -0.827600
vn -0.241600 0.506200 -0.827900
vn -0.921800 0.006900 -0.387600
vn -0.891000 0.006400 -0.454000
vn -0.891100 0.006400 -0.453900
vn -0.179400 0.721900 -0.668300
vn -0.192900 0.674100 -0.713000
vn -0.192800 0.674400 -0.712800
vn -0.212800 -0.060500 -0.975200
vn -0.334600 -0.060200 -0.940400
vn -0.334200 0.061200 -0.940500
vn -0.212400 0.060100 -0.975300
vn 0.266400 0.258800 0.928500
vn 0.196600 0.707100 0.679200
vn 0.154200 0.834000 0.529800
vn 0.155400 0.831100 0.533900
vn 0.040300 0.990700 0.129700
vn 0.040500 0.990600 0.130300
vn -0.031300 0.004700 0.999500
vn -0.560900 0.011900 0.827800
vn -0.698300 0.013500 0.715700
vn -0.701400 0.013600 0.712700
vn 0.270900 -0.232400 0.934100
vn 0.215000 -0.665500 0.714700
vn 0.176100 -0.801800 0.571100
vn 0.175400 -0.803700 0.568600
vn 0.514500 -0.001200 0.857500
vn 0.874300 -0.003300 0.485400
vn 0.951200 -0.003900 0.308500
vn 0.950300 -0.003900 0.311300
vn -0.034600 0.990600 -0.132000
vn -0.034400 0.990700 -0.131400
vn -0.149300 0.834000 -0.531200
vn -0.150500 0.831100 -0.535300
vn -0.192400 0.707100 -0.680400
vn -0.264900 0.258800 -0.928900
vn -0.971200 0.013500 -0.238100
vn -0.972200 0.013600 -0.233900
vn -0.913800 0.011900 -0.405900
vn -0.555200 0.004700 -0.831700
vn -0.152600 -0.801800 -0.577800
vn -0.151900 -0.803700 -0.575300
vn -0.195500 -0.665500 -0.720300
vn -0.264100 -0.232400 -0.936100
vn 0.644200 -0.003900 -0.764900
vn 0.641900 -0.003900 -0.766700
vn 0.485400 -0.003300 -0.874300
vn -0.016800 -0.001200 -0.999900
vn 0.208100 -0.679300 0.703800
vn 0.208200 -0.678600 0.704400
vn 0.238600 -0.527700 0.815200
vn 0.238400 -0.529100 0.814400
vn 0.263600 -0.320700 0.909800
vn 0.263400 -0.322400 0.909200
vn 0.759300 -0.002400 0.650800
vn 0.759000 -0.002400 0.651000
vn 0.580100 -0.001400 0.814600
vn 0.579700 -0.001400 0.814800
vn 0.236900 0.528400 0.815300
vn 0.236800 0.528600 0.815200
vn 0.262500 0.321700 0.909800
vn 0.262500 0.321700 0.909700
vn -0.301500 0.004800 0.953500
vn -0.300800 0.004800 0.953700
vn -0.063100 0.002900 0.998000
vn -0.062300 0.002900 0.998100
vn 0.195500 -0.726600 0.658700
vn 0.144900 -0.835400 0.530100
vn 0.138900 -0.849300 0.509400
vn 0.189200 -0.707100 0.681300
vn 0.263700 -0.258800 0.929200
vn -0.711500 0.038800 0.701600
vn -0.733100 -0.001700 0.680100
vn -0.449100 0.059900 0.891500
vn -0.605200 -0.001500 0.796100
vn -0.065300 -0.000600 0.997900
vn -0.051400 0.002400 0.998700
vn 0.045000 0.023200 0.998700
vn -0.637400 0.060000 0.768200
vn -0.462700 0.035300 0.885800
vn 0.047300 0.021800 0.998600
vn 0.024300 0.010100 0.999700
vn -0.671100 0.006200 0.741400
vn -0.485300 0.005100 0.874300
vn 0.016900 0.001900 0.999900
vn -0.670800 -0.021300 0.741400
vn -0.485100 -0.017700 0.874300
vn 0.016900 -0.006500 0.999800
vn -0.642900 -0.033100 0.765200
vn -0.484800 -0.028300 0.874200
vn 0.017000 -0.010300 0.999800
vn 0.138000 0.850200 0.508000
vn 0.133400 0.859500 0.493400
vn 0.179600 0.739500 0.648800
vn 0.184100 0.723200 0.665700
vn 0.262900 0.270300 0.926200
vn 0.262300 0.282100 0.922900
vn 0.950300 -0.045000 0.308100
vn 0.931600 -0.062300 0.358200
vn 0.865200 -0.026500 0.500700
vn 0.841500 -0.051700 0.537800
vn 0.489000 -0.018000 0.872100
vn 0.492700 -0.016300 0.870000
vn 0.510300 -0.007900 0.859900
vn 0.961700 -0.003300 0.274300
vn 0.874300 -0.002700 0.485400
vn 0.514500 -0.001000 0.857500
vn 0.961300 0.025300 0.274500
vn 0.874000 0.021100 0.485500
vn 0.514400 0.007700 0.857500
vn 0.989100 0.043900 -0.140600
vn 0.950000 0.036700 0.310100
vn 0.873600 0.031300 0.485500
vn 0.514300 0.011500 0.857600
vn 0.145800 0.830700 0.537400
vn 0.188300 0.707100 0.681600
vn 0.263400 0.258800 0.929300
vn 0.147100 -0.830300 0.537600
vn -0.267600 -0.258800 -0.928100
vn -0.199800 -0.707100 -0.678300
vn -0.157400 -0.835400 -0.526600
vn -0.151600 -0.849300 -0.505800
vn -0.583100 -0.000600 -0.812400
vn -0.489900 0.023200 -0.871500
vn -0.571700 0.002400 -0.820400
vn -0.934600 -0.001500 -0.355600
vn -0.852600 0.059900 -0.519100
vn -0.974900 0.038900 -0.219200
vn -0.981900 -0.001700 -0.189500
vn -0.508100 0.010100 -0.861300
vn -0.487900 0.021800 -0.872600
vn -0.861100 0.035300 -0.507100
vn -0.947200 0.060000 -0.315000
vn -0.514500 0.001900 -0.857500
vn -0.874300 0.005100 -0.485400
vn -0.961600 0.006200 -0.274300
vn -0.514400 -0.006500 -0.857500
vn -0.874100 -0.017700 -0.485500
vn -0.961400 -0.021300 -0.274400
vn -0.514300 -0.010300 -0.857500
vn -0.873800 -0.028300 -0.485500
vn -0.950400 -0.033100 -0.309400
vn -0.266700 0.270300 -0.925100
vn -0.265400 0.282000 -0.922000
vn -0.195800 0.723200 -0.662300
vn -0.190500 0.739400 -0.645700
vn -0.151400 0.850200 -0.504200
vn -0.147700 0.859500 -0.489300
vn -0.046200 -0.018000 -0.998800
vn -0.021700 -0.007900 -0.999700
vn -0.041900 -0.016300 -0.999000
vn 0.429800 -0.051700 -0.901400
vn 0.469500 -0.026500 -0.882500
vn 0.643600 -0.045000 -0.764100
vn 0.601200 -0.062300 -0.796700
vn -0.016900 -0.001000 -0.999900
vn 0.485300 -0.002700 -0.874400
vn 0.671100 -0.003300 -0.741300
vn -0.017000 0.007700 -0.999800
vn 0.485000 0.021100 -0.874300
vn 0.670700 0.025300 -0.741300
vn -0.017100 0.011500 -0.999800
vn 0.484700 0.031300 -0.874100
vn 0.642300 0.036700 -0.765600
vn 0.913800 0.043900 -0.403800
vn -0.267900 0.258800 -0.928000
vn -0.200700 0.707100 -0.678100
vn -0.160400 0.830700 -0.533200
vn -0.159500 -0.830300 -0.534000
vn 0.270400 0.153900 0.950400
vn 0.270400 0.153700 0.950400
vn 0.261600 0.279500 0.923800
vn 0.261700 0.279100 0.923900
vn 0.250400 0.385500 0.888100
vn 0.250500 0.385100 0.888200
vn -0.124900 0.001600 0.992200
vn -0.149300 0.001700 0.988800
vn -0.146600 0.001700 0.989200
vn -0.270900 0.002300 0.962600
vn -0.268800 0.002300 0.963200
vn 0.268600 -0.172200 0.947700
vn 0.268500 -0.173300 0.947600
vn 0.254400 -0.339700 0.905500
vn 0.254300 -0.340200 0.905300
vn 0.638400 -0.003400 0.769700
vn 0.654200 -0.003600 0.756300
vn 0.656100 -0.003600 0.754600
vn 0.740600 -0.004700 0.671900
vn 0.741800 -0.004700 0.670600
vn 0.243700 0.436000 0.866300
vn 0.012900 0.969100 0.246200
vn 0.059700 0.939000 0.338600
vn 0.130300 0.801300 0.583900
vn 0.064200 0.892400 0.446700
vn -0.044000 0.999000 0.012600
vn -0.030900 0.999500 0.008800
vn -0.692200 0.002800 0.721700
vn -0.569800 0.005200 0.821800
vn -0.702800 0.002600 0.711400
vn 0.336000 -0.005300 -0.941900
vn 0.324700 -0.005200 -0.945800
vn -0.514500 0.001700 -0.857500
vn -0.669300 0.004200 -0.743000
vn -0.789700 0.091700 -0.606600
vn -0.903400 0.056100 -0.425100
vn -0.889900 -0.027300 -0.455300
vn -0.795900 -0.023300 -0.605000
vn -0.520000 0.000600 -0.854200
vn -0.735100 -0.046300 -0.676400
vn -0.017800 0.999800 0.005100
vn -0.257500 -0.320600 -0.911500
vn -0.257400 -0.322200 -0.911000
vn -0.229200 -0.525200 -0.819600
vn -0.229000 -0.526500 -0.818800
vn -0.197000 -0.674100 -0.711900
vn -0.196900 -0.674700 -0.711300
vn 0.071100 -0.001500 -0.997500
vn 0.071000 -0.001500 -0.997500
vn 0.321200 -0.002500 -0.947000
vn 0.321100 -0.002500 -0.947000
vn -0.255400 0.321900 -0.911700
vn -0.255500 0.321000 -0.912000
vn -0.225700 0.526100 -0.819900
vn -0.225800 0.525500 -0.820300
vn -0.589700 0.002900 -0.807600
vn -0.589400 0.002900 -0.807800
vn -0.774600 0.004900 -0.632400
vn -0.774400 0.004900 -0.632700
vn -0.183800 -0.722000 -0.667000
vn -0.260500 0.352400 -0.898900
vn -0.260500 0.351900 -0.899000
vn -0.272000 0.183700 -0.944600
vn -0.272000 0.183500 -0.944600
vn -0.275100 0.053500 -0.959900
vn -0.748300 0.002400 -0.663400
vn -0.748300 0.002400 -0.663300
vn -0.663200 0.001800 -0.748400
vn -0.663500 0.001800 -0.748200
vn -0.644700 0.001700 -0.764400
vn -0.262700 -0.350900 -0.898800
vn -0.262600 -0.351800 -0.898500
vn -0.273100 -0.182300 -0.944500
vn -0.273000 -0.183800 -0.944300
vn 0.288200 -0.004800 -0.957500
vn 0.288300 -0.004800 -0.957500
vn 0.177800 -0.003800 -0.984100
vn 0.178000 -0.003800 -0.984000
vn 0.154900 -0.003600 -0.987900
vn -0.985200 -0.013800 -0.171000
vn -0.985200 -0.012300 -0.171100
vn -0.823600 -0.013200 0.566900
vn -0.743500 -0.014000 0.668600
vn 0.961400 -0.007200 -0.275000
vn 0.959200 -0.067600 -0.274400
vn -0.970100 -0.007900 -0.242600
vn -0.991200 -0.012700 -0.131500
vn -0.818600 -0.015300 0.574200
vn -0.689800 -0.013900 0.723900
vn -0.890700 -0.015100 0.454300
vn 0.961100 0.025000 -0.275000
vn 0.960000 -0.054300 -0.274600
vn 0.961400 0.001900 -0.275000
vn 0.960700 0.040000 -0.274800
vn -0.217700 0.766300 0.604400
vn -0.872100 -0.004000 -0.489200
vn -0.873200 -0.008000 -0.487300
vn -0.874200 -0.010800 -0.485400
vn -0.874300 -0.009700 -0.485400
vn -0.481300 -0.011100 0.876500
vn -0.477400 -0.010200 0.878600
vn 0.049500 -0.933200 0.356100
vn 0.490900 0.043100 0.870100
vn 0.504700 0.043200 0.862200
vn 0.529400 0.084500 0.844200
vn 0.528000 0.078000 0.845600
vn 0.529100 0.017500 0.848400
vn 0.550500 0.063000 0.832500
vn 0.574100 0.095600 0.813200
vn 0.562800 0.109100 0.819400
vn 0.562000 0.091500 0.822100
vn 0.416500 0.273200 0.867100
vn 0.404000 0.321100 0.856500
vn 0.424800 0.320100 0.846800
vn 0.450900 0.332300 0.828400
vn 0.392500 0.292200 0.872100
vn 0.404600 0.279000 0.870900
vn 0.418200 0.270100 0.867300
vn 0.440300 0.297800 0.847000
vn 0.467800 0.338700 0.816400
vn 0.409000 0.184700 0.893700
vn 0.408700 0.139900 0.901900
vn 0.399100 0.212900 0.891800
vn 0.390200 0.235600 0.890100
vn 0.413500 0.115300 0.903200
vn 0.416100 0.199500 0.887200
vn 0.427600 0.132800 0.894200
vn 0.461800 0.260700 0.847800
vn 0.438100 0.220800 0.871400
vn 0.421900 0.117700 0.899000
vn 0.360200 0.060900 0.930900
vn 0.382700 0.095600 0.918900
vn 0.390000 0.032000 0.920200
vn 0.381100 0.032200 0.924000
vn 0.400700 0.077200 0.913000
vn 0.402000 0.007800 0.915600
vn 0.409500 -0.007800 0.912300
vn 0.398700 0.012000 0.917000
vn 0.391900 0.024400 0.919700
vn 0.421000 0.016800 0.906900
vn 0.404900 0.018100 0.914200
vn 0.433500 -0.026200 0.900800
vn 0.428500 -0.002400 0.903500
vn 0.440100 -0.026600 0.897600
vn 0.469500 -0.051700 0.881400
vn 0.468200 -0.192500 0.862400
vn 0.538400 -0.325400 0.777300
vn 0.488000 -0.284800 0.825000
vn 0.200000 -0.000200 0.979800
vn 0.183100 -0.007200 0.983100
vn 0.180100 -0.000500 0.983600
vn 0.189300 0.004200 0.981900
vn -0.668800 0.014500 0.743300
vn -0.700300 0.008300 0.713800
vn -0.363500 -0.018200 0.931400
vn -0.356600 0.022500 0.934000
vn -0.564100 -0.038700 0.824800
vn -0.235500 -0.040000 0.971100
vn 0.034300 -0.052000 0.998100
vn 0.077200 -0.138500 0.987300
vn 0.018300 -0.159100 0.987100
vn -0.041900 -0.106000 0.993500
vn 0.094800 -0.144700 0.984900
vn 0.085300 -0.162500 0.983000
vn 0.064000 -0.172600 0.982900
vn -0.045200 -0.193700 0.980000
vn -0.136000 -0.210900 0.968000
vn -0.094000 -0.149200 0.984300
vn -0.141600 -0.071800 0.987300
vn 0.144300 -0.018000 0.989400
vn 0.120000 -0.097100 0.988000
vn 0.104100 -0.134600 0.985400
vn 0.113400 -0.104700 0.988000
vn 0.081900 -0.135600 0.987400
vn 0.073900 -0.153200 0.985400
vn 0.182800 -0.294200 0.938100
vn 0.184000 -0.314800 0.931200
vn 0.193600 -0.325900 0.925400
vn 0.197700 -0.305200 0.931500
vn 0.179900 -0.363800 0.913900
vn 0.192700 -0.361600 0.912200
vn 0.295300 -0.907000 0.300200
vn 0.192100 -0.794000 0.576700
vn 0.197600 -0.793600 0.575400
vn 0.275500 -0.953200 0.124300
vn 0.068900 -0.853400 0.516700
vn 0.065900 -0.860800 0.504700
vn 0.216300 -0.316600 0.923600
vn 0.205000 -0.336000 0.919300
vn 0.213400 -0.188600 0.958600
vn 0.205100 -0.203400 0.957400
vn 0.228100 -0.231400 0.945700
vn 0.231100 -0.228200 0.945800
vn 0.195900 -0.233500 0.952400
vn 0.217300 -0.250000 0.943600
vn 0.230600 -0.267100 0.935700
vn 0.237300 -0.264300 0.934800
vn 0.233900 -0.266100 0.935100
vn 0.205500 -0.276600 0.938700
vn 0.187300 -0.267300 0.945200
vn 0.227100 -0.287100 0.930600
vn 0.153100 0.036100 0.987600
vn 0.131100 0.036400 0.990700
vn 0.147900 0.012900 0.988900
vn 0.172100 0.010700 0.985000
vn 0.107300 0.021100 0.994000
vn 0.119100 0.005200 0.992900
vn 0.130600 -0.013500 0.991300
vn 0.156800 -0.017700 0.987500
vn 0.181100 -0.023500 0.983200
vn 0.048200 -0.014700 0.998700
vn 0.079700 -0.025700 0.996500
vn 0.095100 -0.011000 0.995400
vn 0.083200 0.001600 0.996500
vn 0.102400 -0.042800 0.993800
vn 0.118000 -0.029200 0.992600
vn 0.181800 -0.069400 0.980900
vn 0.182900 -0.055000 0.981600
vn 0.148500 -0.043300 0.988000
vn 0.128600 -0.057700 0.990000
vn 0.302300 0.320800 0.897600
vn 0.168500 0.474600 0.863900
vn 0.236400 0.356600 0.903800
vn 0.276400 0.290500 0.916100
vn 0.026100 0.637400 0.770100
vn 0.153000 0.484900 0.861100
vn 0.212700 0.452500 0.866000
vn 0.229800 0.364500 0.902400
vn 0.243300 0.277400 0.929400
vn 0.257500 0.259900 0.930700
vn 0.271200 0.245100 0.930800
vn 0.261000 0.287200 0.921600
vn 0.242200 0.263400 0.933800
vn 0.245500 0.321800 0.914400
vn 0.279800 0.382600 0.880500
vn 0.251100 0.242800 0.937000
vn 0.242700 0.254100 0.936200
vn 0.253100 0.427000 0.868100
vn 0.312100 0.451700 0.835800
vn 0.381000 0.182800 0.906300
vn 0.304500 0.194700 0.932400
vn 0.267000 0.223600 0.937400
vn 0.294300 0.212100 0.931900
vn 0.448100 -0.118800 0.886100
vn 0.445800 -0.102200 0.889300
vn 0.429200 -0.067400 0.900700
vn 0.416200 -0.065400 0.906900
vn 0.448800 -0.083200 0.889800
vn 0.437800 -0.058300 0.897200
vn 0.428800 -0.037800 0.902600
vn 0.416900 -0.035000 0.908300
vn 0.395400 -0.029800 0.918000
vn 0.401400 -0.135300 0.905900
vn 0.410200 -0.059000 0.910100
vn 0.429100 -0.053100 0.901700
vn 0.438200 -0.084500 0.894900
vn 0.414500 -0.032600 0.909500
vn 0.424300 -0.028800 0.905100
vn 0.360100 -0.001800 0.932900
vn 0.378400 -0.003800 0.925600
vn 0.408800 -0.014300 0.912500
vn 0.400100 -0.017100 0.916300
vn 0.481300 -0.020700 0.876300
vn 0.479300 -0.025400 0.877300
vn 0.502300 -0.019500 0.864500
vn 0.504900 -0.024000 0.862800
vn 0.473700 -0.046500 0.879400
vn 0.498900 -0.031100 0.866100
vn 0.513700 -0.018600 0.857800
vn 0.519500 -0.013700 0.854300
vn 0.523400 -0.027200 0.851700
vn 0.454600 -0.110700 0.883800
vn 0.475200 -0.034800 0.879200
vn 0.493600 -0.043000 0.868700
vn 0.464400 -0.072400 0.882700
vn 0.488400 0.008900 0.872600
vn 0.510300 -0.011100 0.859900
vn 0.411500 -0.058100 0.909500
vn 0.425400 -0.064800 0.902700
vn 0.461000 -0.123000 0.878900
vn 0.369600 -0.018600 0.929000
vn 0.390000 -0.023500 0.920500
vn 0.402400 -0.037700 0.914700
vn 0.431100 -0.075900 0.899100
vn 0.467400 -0.132000 0.874100
vn 0.546500 0.117200 0.829200
vn 0.542600 0.054400 0.838200
vn 0.685700 0.050500 0.726100
vn 0.668600 0.061600 0.741100
vn 0.538200 0.012200 0.842700
vn 0.552800 0.010200 0.833300
vn 0.943300 0.053700 0.327600
vn 0.980700 0.044300 0.190400
vn 0.895400 0.056900 0.441700
vn 0.841000 0.042100 0.539400
vn 0.459500 0.097300 0.882800
vn 0.480900 0.091200 0.872000
vn 0.419500 0.029900 0.907300
vn 0.408700 0.026100 0.912300
vn 0.487000 0.099300 0.867700
vn 0.429700 0.050700 0.901500
vn 0.393700 0.021700 0.919000
vn 0.372900 -0.002400 0.927900
vn 0.358400 -0.013300 0.933500
vn 0.525100 0.111800 0.843700
vn 0.582800 0.095600 0.807000
vn 0.502600 0.057600 0.862600
vn 0.494600 0.106900 0.862500
vn 0.683700 0.101100 0.722700
vn 0.603900 0.056700 0.795000
vn 0.550700 -0.008700 0.834600
vn 0.472400 0.007000 0.881300
vn 0.436700 0.241800 0.866500
vn 0.393900 0.245200 0.885800
vn 0.404700 0.366900 0.837600
vn 0.432800 0.211000 0.876500
vn 0.396100 0.137900 0.907800
vn 0.380300 0.121000 0.916900
vn 0.375300 0.238200 0.895800
vn 0.351700 0.312700 0.882300
vn 0.392300 0.422400 0.817100
vn 0.366700 0.607300 0.704800
vn 0.426000 0.184300 0.885800
vn 0.349900 0.078800 0.933500
vn 0.372000 0.104200 0.922300
vn 0.421300 0.189900 0.886800
vn 0.316700 0.034600 0.947900
vn 0.359700 0.087400 0.929000
vn 0.439100 0.178100 0.880600
vn 0.337300 0.063400 0.939200
vn 0.467500 0.158300 0.869700
vn 0.320500 0.042100 0.946300
vn 0.277100 -0.001700 0.960800
vn 0.282800 0.000100 0.959200
vn 0.208600 0.013100 0.977900
vn 0.215400 0.015200 0.976400
vn 0.209500 0.002000 0.977800
vn 0.211000 -0.000000 0.977500
vn 0.220600 0.003700 0.975400
vn 0.209400 -0.004400 0.977800
vn 0.193300 -0.003800 0.981100
vn 0.180500 -0.009800 0.983500
vn 0.105900 -0.122600 0.986800
vn 0.147900 -0.037600 0.988300
vn 0.142100 -0.039300 0.989100
vn 0.192300 -0.128900 0.972800
vn 0.201300 -0.012600 0.979500
vn 0.264700 -0.557800 0.786600
vn 0.273600 -0.250100 0.928700
vn 0.266100 -0.356700 0.895500
vn 0.078000 -0.047300 0.995800
vn 0.205100 0.011600 0.978700
vn 0.193900 -0.008400 0.981000
vn 0.191000 -0.015800 0.981500
vn 0.188400 -0.006800 0.982100
vn 0.189800 -0.015700 0.981700
vn 0.195500 -0.018500 0.980500
vn 0.181200 -0.020100 0.983200
vn 0.168100 -0.022600 0.985500
vn 0.157600 -0.020900 0.987300
vn 0.203000 -0.011200 0.979100
vn 0.195600 -0.011800 0.980600
vn 0.178000 -0.015200 0.983900
vn 0.119300 -0.037000 0.992200
vn 0.147800 -0.023000 0.988700
vn 0.439400 -0.037100 0.897500
vn 0.492000 -0.054300 0.868900
vn 0.688500 -0.101300 0.718100
vn 0.541100 -0.083200 0.836800
vn 0.874000 -0.066800 0.481400
vn 0.773200 -0.060900 0.631300
vn 0.865500 -0.034100 0.499700
vn 0.632000 -0.025900 0.774500
vn 0.380900 0.020500 0.924400
vn 0.358400 0.004100 0.933600
vn 0.398800 0.072400 0.914200
vn 0.384200 0.010700 0.923200
vn 0.362000 -0.003300 0.932200
vn 0.344100 -0.014300 0.938800
vn 0.340800 -0.012300 0.940000
vn 0.399000 0.034700 0.916300
vn 0.388700 0.019400 0.921100
vn 0.412200 0.042900 0.910100
vn 0.348700 -0.011900 0.937200
vn 0.582800 0.150800 0.798500
vn 0.611000 0.150100 0.777300
vn 0.569700 0.117900 0.813300
vn 0.606900 0.171500 0.776100
vn 0.632300 0.167800 0.756300
vn 0.649800 0.167600 0.741300
vn 0.643800 0.152900 0.749800
vn 0.633600 0.125900 0.763400
vn 0.603600 0.127200 0.787100
vn 0.616500 0.162100 0.770500
vn 0.582300 0.162600 0.796600
vn 0.667800 0.144800 0.730100
vn 0.659600 0.168800 0.732400
vn 0.406500 -0.039300 0.912800
vn 0.411500 -0.064200 0.909100
vn 0.435100 -0.046100 0.899200
vn 0.433900 -0.023300 0.900700
vn 0.419600 -0.102200 0.902000
vn 0.444600 -0.083500 0.891800
vn 0.476900 -0.053300 0.877400
vn 0.474400 -0.017500 0.880200
vn 0.474500 0.001900 0.880200
vn 0.498100 -0.093100 0.862100
vn 0.428000 -0.120600 0.895700
vn 0.594000 -0.073100 0.801100
vn 0.623300 -0.060500 0.779600
vn 0.559100 -0.059200 0.827000
vn 0.392500 0.123300 0.911400
vn 0.411800 0.077900 0.907900
vn 0.417500 0.089100 0.904300
vn 0.402500 0.132400 0.905800
vn 0.431400 0.019800 0.902000
vn 0.438700 0.032500 0.898000
vn 0.454100 0.065400 0.888500
vn 0.433200 0.120100 0.893200
vn 0.416600 0.165100 0.894000
vn 0.451300 -0.104600 0.886200
vn 0.585200 0.018900 0.810700
vn 0.512000 0.003600 0.859000
vn 0.446000 -0.038600 0.894200
vn 0.813300 0.213900 0.541200
vn 0.637400 0.061600 0.768100
vn 0.599800 0.065700 0.797400
vn 0.534500 0.065400 0.842600
vn 0.399900 0.032000 0.916000
vn 0.411500 0.048300 0.910100
vn 0.412000 0.028900 0.910700
vn 0.401700 0.021200 0.915500
vn 0.437100 0.119700 0.891400
vn 0.422400 0.079600 0.902900
vn 0.450500 0.099800 0.887200
vn 0.429200 0.058600 0.901300
vn 0.424200 0.055000 0.903900
vn 0.453800 0.102000 0.885200
vn 0.380500 -0.052500 0.923300
vn 0.388600 -0.074500 0.918400
vn 0.349500 -0.064700 0.934700
vn 0.361200 -0.092600 0.927900
vn 0.379200 -0.118300 0.917700
vn 0.397800 -0.114300 0.910300
vn 0.243700 -0.014400 0.969700
vn 0.331300 -0.030000 0.943000
vn 0.342300 -0.091500 0.935100
vn 0.313800 -0.064400 0.947300
vn 0.372500 -0.067300 0.925600
vn 0.370900 -0.123100 0.920500
vn 0.402700 -0.132300 0.905700
vn 0.402000 -0.079400 0.912200
vn 0.480300 -0.097300 0.871700
vn 0.482700 -0.050300 0.874300
vn 0.505600 -0.073500 0.859600
vn 0.504700 -0.113000 0.855800
vn 0.483600 -0.032500 0.874700
vn 0.504800 -0.050700 0.861700
vn 0.519800 -0.064300 0.851900
vn 0.523100 -0.085300 0.848000
vn 0.524400 -0.115400 0.843600
vn 0.505000 -0.037600 0.862300
vn 0.482600 -0.026200 0.875400
vn 0.524800 -0.052000 0.849700
vn 0.349200 0.577200 0.738200
vn 0.338800 0.328700 0.881600
vn 0.315900 0.332200 0.888700
vn 0.365700 0.741700 0.562200
vn -0.150200 0.794900 -0.587900
vn -0.093500 0.926500 -0.364500
vn -0.260300 0.692100 -0.673200
vn -0.197500 0.859300 -0.471800
vn 0.390100 0.242200 0.888300
vn 0.344100 0.448900 0.824700
vn 0.266500 0.654000 0.708000
vn 0.301300 0.678600 0.669900
vn 0.269600 0.613300 0.742500
vn 0.279500 0.105300 0.954400
vn 0.286600 0.074200 0.955200
vn 0.290700 0.100000 0.951600
vn 0.264700 0.144800 0.953400
vn 0.326300 0.049300 0.944000
vn 0.332000 0.068300 0.940800
vn 0.340200 0.099500 0.935100
vn 0.315000 0.133500 0.939700
vn 0.287900 0.169500 0.942500
vn 0.413700 0.030800 0.909900
vn 0.404300 0.057600 0.912800
vn 0.375300 0.057000 0.925200
vn 0.368700 0.033100 0.929000
vn 0.406100 0.110700 0.907100
vn 0.377700 0.105100 0.919900
vn 0.333100 0.188000 0.924000
vn 0.360700 0.155200 0.919700
vn 0.406300 0.162800 0.899100
vn 0.369000 0.143800 0.918200
vn 0.369200 0.138800 0.918900
vn 0.389600 0.105000 0.915000
vn 0.341100 0.161800 0.926000
vn 0.343200 0.172800 0.923200
vn 0.350800 0.138500 0.926100
vn 0.371000 0.105200 0.922700
vn 0.390600 0.063900 0.918300
vn 0.275400 0.183700 0.943600
vn 0.303300 0.207900 0.930000
vn 0.320100 0.191400 0.927900
vn 0.311000 0.174100 0.934300
vn 0.336100 0.152600 0.929400
vn 0.342200 0.141100 0.929000
vn 0.407500 0.033100 0.912600
vn 0.394400 0.023000 0.918700
vn 0.369100 0.073600 0.926500
vn 0.369000 0.088100 0.925300
vn 0.424200 0.058800 0.903600
vn 0.453000 0.042000 0.890500
vn 0.444900 -0.020600 0.895400
vn 0.429800 0.057300 0.901100
vn 0.454200 0.058500 0.889000
vn 0.466500 0.058800 0.882600
vn 0.467500 0.035100 0.883300
vn 0.460900 -0.025700 0.887100
vn 0.421700 0.041400 0.905800
vn 0.451400 0.072700 0.889300
vn 0.454200 0.061900 0.888700
vn 0.427900 0.048300 0.902500
vn 0.469100 0.086000 0.879000
vn 0.469200 0.068300 0.880500
vn 0.507800 -0.008400 0.861500
vn 0.471900 -0.014000 0.881600
vn 0.474800 0.046500 0.878900
vn 0.482800 0.067500 0.873100
vn 0.348300 -0.042400 0.936400
vn 0.385700 -0.027800 0.922200
vn 0.411800 -0.012200 0.911200
vn 0.400600 -0.030600 0.915700
vn 0.419300 -0.019300 0.907700
vn 0.431900 -0.009200 0.901900
vn 0.444900 -0.008000 0.895500
vn 0.436800 -0.013400 0.899500
vn 0.431800 -0.040000 0.901100
vn 0.457800 -0.017600 0.888900
vn 0.452600 -0.018200 0.891500
vn 0.462000 -0.016400 0.886700
vn 0.454600 -0.062000 0.888500
vn 0.460500 -0.028400 0.887200
vn 0.347400 -0.145700 0.926300
vn 0.400500 -0.123900 0.907900
vn 0.431300 -0.121700 0.894000
vn 0.411700 -0.158500 0.897400
vn 0.425300 -0.123400 0.896600
vn 0.444200 -0.109100 0.889200
vn 0.453900 -0.106900 0.884600
vn 0.449400 -0.128500 0.884000
vn 0.442200 -0.173800 0.879900
vn 0.449000 -0.106500 0.887200
vn 0.431000 -0.135200 0.892100
vn 0.455400 -0.101200 0.884500
vn 0.453600 -0.165100 0.875800
vn 0.454700 -0.125100 0.881800
vn 0.427600 -0.138400 0.893300
vn 0.445400 -0.170500 0.879000
vn 0.460200 -0.171600 0.871100
vn 0.403700 -0.154800 0.901700
vn 0.424200 -0.183700 0.886700
vn 0.440800 -0.203500 0.874200
vn 0.456500 -0.200200 0.866900
vn 0.471200 -0.197200 0.859700
vn 0.410000 -0.192000 0.891700
vn 0.380200 -0.164700 0.910100
vn 0.437700 -0.207000 0.875000
vn 0.470300 -0.184500 0.863000
vn 0.456300 -0.200000 0.867000
vn 0.337500 -0.171200 0.925600
vn 0.320900 -0.156200 0.934200
vn 0.360800 -0.111900 0.925900
vn 0.318000 -0.190800 0.928700
vn 0.302700 -0.182200 0.935500
vn 0.300700 -0.182600 0.936100
vn 0.316400 -0.156500 0.935600
vn 0.345800 -0.118400 0.930800
vn 0.331300 -0.135500 0.933800
vn 0.335700 -0.130200 0.932900
vn 0.296700 -0.258400 0.919300
vn 0.314500 -0.168000 0.934300
vn 0.291100 -0.297300 0.909300
vn 0.276900 -0.418700 0.864900
vn 0.243500 -0.428300 0.870200
vn 0.201600 -0.520000 0.830000
vn 0.193800 -0.593600 0.781100
vn 0.360400 -0.065400 0.930500
vn 0.382000 -0.052000 0.922700
vn 0.385400 -0.087800 0.918600
vn 0.394300 -0.078700 0.915600
vn 0.417300 -0.057800 0.906900
vn 0.414200 -0.038100 0.909400
vn 0.429200 -0.084900 0.899200
vn 0.420100 -0.101200 0.901800
vn 0.442700 -0.057300 0.894900
vn 0.451000 -0.028600 0.892100
vn 0.251900 0.313600 0.915500
vn 0.260600 0.310400 0.914200
vn 0.263400 0.308600 0.914000
vn -0.051600 0.974800 -0.217100
vn -0.188800 0.705800 -0.682800
vn -0.082900 0.959300 -0.270100
vn -0.036400 0.966400 -0.254400
vn -0.197700 0.746700 -0.635100
vn -0.099000 0.973000 -0.208400
vn 0.285000 0.226900 0.931300
vn 0.291200 0.253200 0.922500
vn 0.284900 0.275900 0.918000
vn 0.287400 0.270300 0.918900
vn 0.291700 0.267300 0.918400
vn 0.282700 0.286900 0.915300
vn 0.275800 0.302900 0.912200
vn 0.275800 0.302700 0.912300
vn 0.279300 0.305600 0.910300
vn 0.225700 0.419800 0.879100
vn 0.261100 0.349900 0.899600
vn 0.283700 0.272500 0.919400
vn 0.194300 0.489700 0.850000
vn 0.237900 0.448600 0.861500
vn 0.250200 0.457600 0.853200
vn 0.264000 0.381500 0.885900
vn 0.194700 0.079900 0.977600
vn 0.264200 0.083200 0.960900
vn 0.290600 0.061900 0.954800
vn 0.265800 0.063100 0.962000
vn 0.300400 0.031200 0.953300
vn 0.311100 0.024000 0.950100
vn 0.336100 0.023600 0.941500
vn 0.333000 0.045000 0.941900
vn 0.327600 0.042400 0.943900
vn 0.371300 -0.030800 0.928000
vn 0.340400 -0.012000 0.940200
vn 0.324700 -0.015200 0.945700
vn 0.386200 -0.014100 0.922300
vn 0.361100 0.003300 0.932500
vn 0.382300 0.034400 0.923400
vn 0.376300 0.026800 0.926100
vn 0.400500 0.013500 0.916200
vn 0.372800 0.077900 0.924700
vn 0.385500 0.074100 0.919700
vn 0.315700 0.074400 0.945900
vn 0.330400 0.068300 0.941400
vn 0.352600 0.052700 0.934300
vn 0.392500 0.054500 0.918100
vn 0.282600 0.050300 0.957900
vn 0.252900 0.056100 0.965900
vn 0.330500 0.035500 0.943100
vn 0.387200 0.035800 0.921300
vn 0.308000 -0.058600 0.949600
vn 0.313600 -0.076300 0.946500
vn 0.335900 -0.074600 0.938900
vn 0.268900 -0.071900 0.960500
vn 0.278600 -0.085900 0.956600
vn 0.287700 -0.101300 0.952300
vn 0.313200 -0.102800 0.944100
vn 0.331800 -0.103900 0.937600
vn 0.240200 -0.101200 0.965400
vn 0.247800 -0.098000 0.963800
vn 0.230100 -0.080400 0.969800
vn 0.271100 -0.122700 0.954700
vn 0.276300 -0.116400 0.954000
vn 0.331500 -0.134000 0.933900
vn 0.305700 -0.127700 0.943500
vn 0.301400 -0.140000 0.943200
vn 0.296700 -0.148600 0.943300
vn 0.297000 -0.156800 0.941900
vn 0.333000 -0.149500 0.931000
vn 0.263800 -0.164100 0.950500
vn 0.266000 -0.175300 0.947900
vn 0.270600 -0.196000 0.942500
vn 0.290600 -0.193300 0.937100
vn 0.317700 -0.189500 0.929100
vn 0.234900 -0.216300 0.947600
vn 0.244500 -0.199100 0.949000
vn 0.237900 -0.179100 0.954600
vn 0.247600 -0.240200 0.938600
vn 0.255800 -0.222300 0.940800
vn 0.292900 -0.260100 0.920100
vn 0.305800 -0.233800 0.923000
vn 0.277500 -0.234400 0.931700
vn 0.265000 -0.256000 0.929600
vn 0.264300 0.176400 0.948200
vn 0.267700 0.167200 0.948900
vn 0.288000 0.201500 0.936200
vn 0.233100 0.129300 0.963800
vn 0.240100 0.122100 0.963000
vn 0.254200 0.111900 0.960700
vn 0.277600 0.136100 0.951000
vn 0.298600 0.168700 0.939400
vn 0.159700 0.089000 0.983200
vn 0.205800 0.061900 0.976600
vn 0.216600 0.082200 0.972800
vn 0.197600 0.093200 0.975800
vn 0.239800 0.063800 0.968700
vn 0.245800 0.080500 0.966000
vn 0.302200 0.136700 0.943400
vn 0.277600 0.100000 0.955500
vn 0.270600 0.075500 0.959700
vn 0.263300 0.055700 0.963100
vn 0.272300 0.058000 0.960500
vn 0.237100 0.052600 0.970100
vn 0.236700 0.038500 0.970800
vn 0.252800 0.031600 0.967000
vn 0.266400 0.027000 0.963500
vn 0.194100 0.047300 0.979800
vn 0.209600 0.048800 0.976600
vn 0.207900 0.021800 0.977900
vn 0.220300 0.028400 0.975000
vn 0.261100 -0.005200 0.965300
vn 0.238100 0.009900 0.971200
vn 0.220100 -0.007900 0.975400
vn 0.193600 0.047500 0.979900
vn 0.227100 0.079400 0.970600
vn 0.249100 0.056200 0.966900
vn 0.233600 -0.019200 0.972200
vn 0.243400 0.098900 0.964900
vn 0.259500 0.098400 0.960700
vn 0.278400 0.104600 0.954700
vn 0.278300 0.067300 0.958100
vn 0.280600 -0.028500 0.959400
vn 0.298500 0.129000 0.945700
vn 0.275900 0.120200 0.953600
vn 0.256300 0.121100 0.959000
vn 0.311800 0.126600 0.941700
vn 0.293400 0.117400 0.948800
vn 0.326800 0.010000 0.945000
vn 0.308500 0.092100 0.946700
vn 0.328300 0.119400 0.937000
vn 0.123000 0.109100 0.986400
vn 0.121600 0.083700 0.989000
vn 0.108600 0.129500 0.985600
vn 0.107800 0.157500 0.981600
vn 0.126500 0.073600 0.989200
vn 0.111500 0.114400 0.987200
vn 0.095800 0.160000 0.982400
vn 0.092000 0.184800 0.978400
vn 0.085500 0.222200 0.971200
vn 0.148600 -0.012200 0.988800
vn 0.120100 0.074800 0.989900
vn 0.143800 0.059500 0.987800
vn 0.113800 -0.011200 0.993400
vn 0.101500 0.101500 0.989600
vn 0.208100 0.042700 0.977200
vn 0.212900 0.082800 0.973600
vn 0.205600 0.186800 0.960600
vn 0.197700 0.083700 0.976700
vn 0.215900 0.123400 0.968600
vn 0.223200 0.103000 0.969300
vn 0.116400 0.778900 0.616200
vn 0.189500 0.358300 0.914200
vn 0.157400 0.542300 0.825300
vn 0.197400 0.338300 0.920100
vn 0.184300 0.186500 0.965000
vn 0.175300 0.124600 0.976600
vn 0.016600 -0.064000 0.997800
vn 0.033100 -0.084400 0.995900
vn 0.026600 -0.096600 0.995000
vn 0.013600 -0.103400 0.994500
vn 0.044500 -0.072500 0.996400
vn 0.036300 -0.076500 0.996400
vn 0.026000 -0.080000 0.996500
vn 0.015800 -0.096100 0.995200
vn 0.008400 -0.112800 0.993600
vn 0.017200 -0.003400 0.999800
vn 0.035700 -0.041500 0.998500
vn 0.052000 -0.040900 0.997800
vn -0.003400 -0.012100 0.999900
vn 0.014400 -0.049900 0.998600
vn 0.015300 -0.124400 0.992100
vn -0.051000 -0.141100 0.988700
vn -0.058500 -0.123500 0.990600
vn -0.016900 -0.121200 0.992500
vn -0.074500 -0.143800 0.986800
vn -0.072600 -0.124700 0.989500
vn -0.070100 -0.115100 0.990900
vn -0.060600 -0.117000 0.991300
vn -0.028200 -0.126100 0.991600
vn -0.032300 -0.091200 0.995300
vn -0.006100 -0.082900 0.996500
vn -0.056400 -0.112300 0.992100
vn -0.066800 -0.129800 0.989300
vn 0.004000 -0.078200 0.996900
vn -0.049700 -0.103100 0.993400
vn -0.006300 -0.128200 0.991700
vn -0.041400 -0.106600 0.993400
vn 0.022100 -0.080100 0.996500
vn 0.038500 -0.126800 0.991200
vn 0.064700 -0.118500 0.990800
vn 0.023600 -0.141100 0.989700
vn 0.079100 -0.154300 0.984900
vn 0.100800 -0.146700 0.984000
vn 0.122900 -0.140300 0.982500
vn 0.071400 -0.181700 0.980800
vn 0.040700 -0.157300 0.986700
vn 0.112800 -0.184800 0.976300
vn 0.097400 -0.172900 0.980100
vn 0.175900 -0.164400 0.970600
vn 0.149500 -0.171800 0.973700
vn 0.167000 -0.181900 0.969000
vn -0.125300 0.127500 0.983900
vn -0.300500 0.096900 0.948800
vn -0.226800 0.081900 0.970500
vn -0.057500 0.083200 0.994900
vn -0.507000 0.073700 0.858800
vn -0.580900 0.113800 0.806000
vn -0.863200 0.121500 0.490000
vn -0.879900 0.118600 0.460100
vn -0.066400 0.030300 0.997300
vn -0.026400 0.038600 0.998900
vn -0.088700 0.059200 0.994300
vn 0.005900 0.039200 0.999200
vn 0.086400 -0.014100 0.996200
vn 0.054200 0.004400 0.998500
vn -0.013600 -0.013900 0.999800
vn -0.005800 -0.011900 0.999900
vn -0.198300 -0.034700 0.979500
vn -0.172200 -0.073400 0.982300
vn -0.095800 -0.037900 0.994700
vn -0.091200 -0.009900 0.995800
vn 0.105800 0.125800 0.986400
vn -0.035800 0.047700 0.998200
vn 0.024600 0.059200 0.997900
vn 0.111300 0.111500 0.987500
vn -0.233000 -0.039200 0.971700
vn -0.132700 0.028400 0.990700
vn -0.192900 0.017700 0.981100
vn -0.059600 -0.004500 0.998200
vn 0.068900 -0.027000 0.997300
vn 0.100200 0.012600 0.994900
vn 0.123200 0.059300 0.990600
vn 0.137800 -0.008100 0.990400
vn 0.116100 -0.058200 0.991500
vn 0.079100 -0.097400 0.992100
vn -0.053800 -0.028500 0.998100
vn -0.062900 -0.040600 0.997200
vn -0.096800 -0.032200 0.994800
vn -0.073300 -0.023400 0.997000
vn -0.975300 0.170400 -0.140900
vn -0.878500 0.010600 -0.477600
vn -0.999700 -0.007300 -0.022500
vn -0.754100 0.164100 0.635900
vn -0.936900 -0.150000 -0.315700
vn -0.846600 -0.220400 0.484400
vn 0.191700 0.043900 0.980500
vn 0.215800 0.016100 0.976300
vn 0.208200 0.064600 0.976000
vn 0.251900 0.003300 0.967800
vn 0.161100 0.034000 0.986300
vn -0.020200 0.073500 0.997100
vn 0.098100 0.040400 0.994400
vn 0.213500 0.002600 0.976900
vn -0.028500 -0.070600 0.997100
vn 0.032500 -0.020400 0.999300
vn 0.047700 -0.035900 0.998200
vn -0.008300 -0.043600 0.999000
vn 0.041500 -0.006500 0.999100
vn 0.077700 0.019400 0.996800
vn 0.092100 0.013300 0.995700
vn 0.113800 -0.004200 0.993500
vn 0.169200 0.016000 0.985500
vn 0.057700 0.056000 0.996800
vn 0.142500 0.093200 0.985400
vn 0.087800 0.026100 0.995800
vn -0.316600 0.001800 0.948600
vn -0.182100 0.040500 0.982400
vn -0.289700 0.001800 0.957100
vn -0.010100 0.138000 0.990400
vn -0.009000 -0.010900 0.999900
vn 0.081400 -0.031300 0.996200
vn -0.098300 0.003200 0.995200
vn -0.140200 -0.003300 0.990100
vn -0.031700 -0.028200 0.999100
vn 0.072100 -0.062800 0.995400
vn 0.011900 -0.018500 0.999800
vn 0.038200 -0.013100 0.999200
vn 0.040200 -0.048600 0.998000
vn 0.011000 -0.002500 0.999900
vn 0.036600 -0.002100 0.999300
vn 0.057400 -0.002100 0.998300
vn 0.065900 -0.011600 0.997800
vn 0.066300 -0.042500 0.996900
vn 0.009700 -0.017800 0.999800
vn 0.045400 -0.017000 0.998800
vn 0.040500 -0.008800 0.999100
vn 0.011900 -0.005700 0.999900
vn 0.082700 -0.017300 0.996400
vn 0.071500 -0.008700 0.997400
vn 0.106400 -0.044800 0.993300
vn 0.096000 -0.016600 0.995200
vn 0.124400 -0.027900 0.991800
vn 0.179200 0.121800 0.976200
vn 0.241700 0.087300 0.966400
vn 0.166100 0.087000 0.982300
vn 0.211900 0.061800 0.975300
vn 0.248400 0.035800 0.968000
vn 0.285900 0.038800 0.957500
vn 0.198400 0.015000 0.980000
vn 0.194100 0.027400 0.980600
vn 0.154000 0.051200 0.986700
vn 0.253300 -0.006700 0.967400
vn 0.250500 0.006200 0.968100
vn 0.298100 -0.004900 0.954500
vn 0.303700 -0.027200 0.952400
vn 0.214100 0.008500 0.976800
vn 0.272700 -0.009200 0.962100
vn 0.314700 0.018700 0.949000
vn 0.201000 -0.024900 0.979300
vn 0.243100 -0.049400 0.968700
vn 0.276200 -0.062900 0.959100
vn 0.308200 -0.037200 0.950600
vn 0.338700 -0.007500 0.940900
vn 0.232600 -0.076800 0.969500
vn 0.195900 -0.046800 0.979500
vn 0.279900 -0.088400 0.956000
vn 0.351500 -0.029000 0.935700
vn 0.321600 -0.059400 0.945000
vn 0.297900 0.228900 0.926700
vn 0.310700 0.200700 0.929100
vn 0.313300 0.223500 0.923000
vn 0.303200 0.245900 0.920700
vn 0.280100 0.177500 0.943400
vn 0.314100 0.180800 0.932000
vn 0.274800 0.222900 0.935300
vn 0.309700 0.221200 0.924800
vn 0.296800 0.249600 0.921700
vn 0.267900 0.250800 0.930200
vn 0.383800 -0.208400 0.899600
vn 0.354500 -0.192400 0.915000
vn 0.381400 -0.238500 0.893100
vn 0.359600 -0.221300 0.906500
vn 0.348600 -0.222200 0.910600
vn 0.338200 -0.205600 0.918300
vn 0.320300 -0.252200 0.913100
vn 0.351200 -0.231400 0.907200
vn 0.340700 -0.235400 0.910200
vn 0.349200 -0.268600 0.897700
vn 0.372300 -0.251700 0.893300
vn 0.384900 -0.245800 0.889600
vn 0.381200 -0.228200 0.895900
vn 0.380400 -0.221900 0.897800
vn 0.404400 -0.198600 0.892800
vn 0.397600 -0.226500 0.889200
vn 0.393300 -0.250800 0.884600
vn 0.474800 -0.187300 0.859900
vn 0.467700 -0.162300 0.868800
vn 0.483400 -0.197700 0.852800
vn 0.492700 -0.198900 0.847200
vn 0.492800 -0.200600 0.846700
vn 0.492200 -0.195400 0.848300
vn 0.482900 -0.176700 0.857700
vn 0.489500 -0.179700 0.853300
vn 0.472600 -0.143300 0.869500
vn 0.460900 -0.082300 0.883600
vn 0.498400 -0.182200 0.847600
vn 0.512100 -0.160300 0.843800
vn 0.494700 -0.122400 0.860400
vn 0.478100 -0.066000 0.875800
vn 0.492500 0.320200 0.809200
vn 0.524500 0.324000 0.787400
vn 0.480800 0.326000 0.814000
vn 0.510500 0.394600 0.764000
vn 0.515900 0.365900 0.774500
vn 0.522800 0.322300 0.789200
vn 0.473300 0.333500 0.815400
vn 0.494500 0.376100 0.783600
vn 0.474700 0.234700 0.848300
vn 0.489000 0.313400 0.814100
vn 0.427100 0.054300 0.902600
vn 0.447800 0.070100 0.891400
vn 0.469300 0.041700 0.882000
vn 0.422200 0.063900 0.904300
vn 0.435700 0.072300 0.897200
vn 0.840300 0.138200 0.524200
vn 0.934100 0.142600 0.327200
vn 0.933800 0.142700 0.328000
vn 0.842200 0.139400 0.520700
vn 0.822400 0.056900 0.566100
vn 0.823900 0.050800 0.564500
vn 0.434700 0.024300 0.900200
vn 0.433600 0.054700 0.899500
vn 0.420700 0.047900 0.905900
vn 0.995500 0.032800 -0.088900
vn 0.995400 0.031900 -0.090000
vn 0.993600 0.090300 0.068100
vn 0.994000 0.089300 0.063500
vn 0.687700 0.104400 0.718500
vn 0.591300 0.107500 0.799200
vn 0.969500 0.049300 -0.240300
vn 0.842300 -0.022600 -0.538500
vn 0.997900 0.061100 -0.021900
vn 0.228600 -0.216600 0.949100
vn 0.172900 -0.265500 0.948500
vn 0.262900 -0.211200 0.941400
vn 0.249800 -0.271000 0.929600
vn 0.181900 -0.399200 0.898600
vn 0.326500 0.002400 0.945200
vn 0.310100 0.004400 0.950700
vn 0.323900 0.008500 0.946100
vn 0.318200 -0.004400 0.948000
vn 0.314600 -0.007000 0.949200
vn 0.313500 -0.002100 0.949600
vn 0.304900 0.008000 0.952400
vn 0.303600 0.011600 0.952700
vn 0.510300 0.090500 0.855200
vn 0.518400 0.049200 0.853700
vn 0.477600 0.061400 0.876400
vn 0.489400 0.031900 0.871500
vn 0.499400 0.009500 0.866300
vn 0.516000 0.008000 0.856500
vn 0.473700 0.029000 0.880200
vn 0.468500 0.016100 0.883300
vn 0.446300 0.037600 0.894100
vn 0.515600 0.025000 0.856500
vn 0.497700 0.000600 0.867300
vn 0.356700 0.451600 0.817800
vn 0.293200 0.697900 0.653500
vn 0.274800 0.745200 0.607600
vn 0.336800 0.525600 0.781200
vn 0.369000 0.319600 0.872800
vn 0.383100 0.306000 0.871500
vn 0.328700 0.305700 0.893600
vn 0.353800 0.446800 0.821700
vn 0.353300 0.280800 0.892400
vn 0.359700 0.300000 0.883500
vn 0.282700 0.732100 0.619800
vn 0.379100 0.260700 0.887900
vn 0.381600 0.241800 0.892100
vn 0.262700 -0.282700 0.922500
vn 0.259000 -0.430700 0.864600
vn 0.267500 -0.390700 0.880800
vn 0.245700 -0.301000 0.921400
vn 0.239000 -0.530400 0.813300
vn 0.196800 -0.795900 0.572600
vn 0.236800 -0.621000 0.747200
vn 0.236800 -0.562200 0.792400
vn 0.114100 -0.046500 0.992400
vn 0.127200 -0.027300 0.991500
vn 0.097600 -0.084800 0.991600
vn 0.115800 -0.093200 0.988900
vn 0.138400 -0.069800 0.987900
vn 0.156800 -0.041300 0.986800
vn 0.184100 -0.057700 0.981200
vn 0.153500 -0.096100 0.983500
vn 0.163400 -0.104300 0.981000
vn 0.119300 -0.121500 0.985400
vn 0.121000 -0.129600 0.984200
vn 0.249700 0.044000 0.967300
vn 0.203500 0.001300 0.979100
vn -0.111500 -0.000900 0.993800
vn -0.282100 0.030400 0.958900
vn -0.353200 -0.052300 0.934100
vn -0.185800 -0.028200 0.982200
vn -0.522400 -0.057700 0.850700
vn -0.258800 -0.020900 0.965700
vn 0.180200 -0.013500 0.983500
vn 0.178000 -0.014500 0.983900
vn -0.290000 0.000400 0.957000
vn -0.274500 -0.014800 0.961500
vn -0.111400 0.000200 0.993800
vn -0.097400 0.049600 0.994000
vn 0.024200 0.060500 0.997900
vn -0.250500 -0.001400 0.968100
vn -0.212100 0.043400 0.976300
vn -0.194000 0.071800 0.978400
vn -0.099700 0.091700 0.990800
vn 0.006000 0.119100 0.992900
vn 0.022900 0.122600 0.992200
vn 0.004800 0.136100 0.990700
vn -0.092200 0.112200 0.989400
vn -0.093800 0.133600 0.986600
vn -0.192400 0.097000 0.976500
vn -0.235700 0.146300 0.960800
vn -0.328100 0.127100 0.936000
vn -0.450900 0.116600 0.884900
vn -0.470000 0.120000 0.874500
vn -0.420600 0.140600 0.896300
vn -0.718900 -0.335400 -0.608900
vn -0.662900 -0.399100 -0.633500
vn -0.747300 -0.322700 -0.580800
vn -0.779200 -0.179700 -0.600500
vn -0.712000 -0.320800 -0.624700
vn -0.840000 -0.347100 -0.417100
vn -0.429600 0.104300 0.897000
vn -0.375800 0.102800 0.921000
vn -0.985600 0.023900 -0.167500
vn -0.827600 -0.120600 -0.548200
vn -0.904900 -0.024600 -0.424900
vn 0.131500 -0.104300 0.985800
vn 0.111800 -0.122000 0.986200
vn 0.102900 -0.110200 0.988600
vn 0.112500 -0.092100 0.989400
vn 0.160200 0.046400 0.986000
vn 0.156200 0.108100 0.981800
vn 0.168600 0.134500 0.976500
vn 0.145000 0.052600 0.988000
vn 0.147600 0.097800 0.984200
vn 0.146300 0.124100 0.981400
vn 0.149900 0.139400 0.978800
vn 0.151900 0.170800 0.973500
vn 0.124700 0.137300 0.982600
vn 0.138300 0.109600 0.984300
vn 0.134500 0.072800 0.988200
vn 0.123000 0.150700 0.980900
vn 0.139200 0.132600 0.981300
vn 0.136000 0.159300 0.977800
vn 0.138300 0.144400 0.979800
vn 0.118900 0.148000 0.981800
vn 0.180700 0.082100 0.980100
vn 0.191300 0.113000 0.975000
vn 0.147600 0.138800 0.979300
vn 0.162300 0.161700 0.973400
vn 0.170600 0.169000 0.970700
vn 0.194800 0.141400 0.970600
vn 0.093700 0.234500 0.967600
vn 0.121900 0.242200 0.962500
vn 0.136600 0.207500 0.968700
vn 0.116900 0.194300 0.974000
vn 0.146600 0.244600 0.958500
vn 0.158500 0.202000 0.966500
vn 0.024700 -0.044100 0.998700
vn 0.051500 -0.035600 0.998000
vn 0.034600 -0.084200 0.995900
vn 0.063900 -0.073100 0.995300
vn 0.087900 -0.062300 0.994200
vn 0.088800 -0.035000 0.995400
vn 0.082000 -0.105900 0.991000
vn 0.078800 -0.102600 0.991600
vn 0.036600 -0.117800 0.992400
vn 0.131200 -0.088500 0.987400
vn 0.113800 -0.077500 0.990500
vn 0.126700 -0.046900 0.990800
vn 0.168900 -0.069600 0.983200
vn 0.292100 -0.040300 0.955600
vn 0.252500 -0.016500 0.967500
vn 0.242500 -0.034300 0.969500
vn 0.257100 -0.055600 0.964800
vn 0.205100 0.001100 0.978700
vn 0.207900 -0.029000 0.977700
vn 0.218200 -0.060000 0.974100
vn 0.190700 0.136900 0.972100
vn 0.215500 0.107800 0.970500
vn 0.186200 0.110700 0.976300
vn 0.204100 0.097400 0.974100
vn 0.217400 0.096300 0.971300
vn 0.230500 0.102300 0.967700
vn 0.177000 0.076900 0.981200
vn 0.192600 0.075700 0.978300
vn 0.175200 0.057400 0.982900
vn 0.208900 0.146700 0.966900
vn 0.216100 0.099200 0.971300
vn 0.237300 0.120400 0.964000
vn 0.239400 0.177700 0.954500
vn 0.284000 0.268900 0.920400
vn 0.277800 0.226800 0.933500
vn 0.279700 0.309100 0.909000
vn 0.267900 0.303600 0.914400
vn 0.263700 0.271500 0.925600
vn 0.254400 0.235800 0.937900
vn 0.192900 0.259600 0.946200
vn 0.222800 0.247900 0.942800
vn 0.233800 0.281700 0.930600
vn 0.205100 0.293500 0.933700
vn 0.249500 0.319500 0.914100
vn 0.221700 0.332500 0.916700
vn 0.370600 -0.145500 0.917300
vn 0.349000 -0.186000 0.918500
vn 0.376600 -0.183800 0.907900
vn 0.401000 -0.151200 0.903500
vn 0.340900 -0.228300 0.911900
vn 0.380600 -0.209300 0.900700
vn 0.410100 -0.173400 0.895400
vn 0.377500 0.149000 0.913900
vn 0.361500 0.143200 0.921300
vn 0.368800 0.164200 0.914900
vn 0.353800 0.145300 0.924000
vn 0.340300 0.135200 0.930600
vn 0.341500 0.134800 0.930200
vn 0.342300 0.137000 0.929600
vn 0.363200 0.151300 0.919300
vn 0.327900 0.132000 0.935500
vn 0.319000 0.133300 0.938400
vn 0.365100 0.016800 0.930800
vn 0.367800 0.014000 0.929800
vn 0.406100 0.025600 0.913500
vn 0.330200 -0.002700 0.943900
vn 0.337800 -0.006400 0.941200
vn 0.353200 -0.015000 0.935400
vn 0.375600 -0.004400 0.926800
vn 0.403400 0.005300 0.915000
vn 0.320000 -0.037000 0.946700
vn 0.297900 -0.027800 0.954200
vn 0.348200 -0.039200 0.936600
vn 0.404300 -0.018900 0.914400
vn 0.379100 -0.031000 0.924800
vn 0.478600 0.152200 0.864800
vn 0.490500 0.168400 0.855000
vn 0.509200 0.157500 0.846100
vn 0.472300 0.166100 0.865600
vn 0.478600 0.177500 0.859900
vn 0.487900 0.178400 0.854500
vn 0.502900 0.174900 0.846500
vn 0.525400 0.173600 0.832900
vn 0.450000 0.180600 0.874600
vn 0.463100 0.178900 0.868100
vn 0.449400 0.166700 0.877600
vn 0.482700 0.173500 0.858400
vn 0.484700 0.175800 0.856800
vn 0.532600 0.162900 0.830500
vn 0.508100 0.167400 0.844900
vn 0.509500 0.152400 0.846900
vn 0.466400 0.046200 0.883400
vn 0.504800 0.053500 0.861600
vn 0.508700 0.051900 0.859400
vn 0.535100 0.063000 0.842400
vn 0.568700 0.073500 0.819300
vn 0.545200 0.060200 0.836200
vn 0.365600 -0.017300 0.930600
vn 0.337500 -0.003200 0.941300
vn 0.365500 -0.030900 0.930300
vn 0.343800 -0.007600 0.939000
vn 0.328900 0.002700 0.944400
vn 0.322900 0.002100 0.946400
vn 0.334900 -0.136400 0.932300
vn 0.342700 -0.033300 0.938800
vn 0.356000 -0.061900 0.932400
vn 0.342800 -0.111800 0.932700
vn 0.331400 -0.014500 0.943400
vn 0.317900 -0.185300 0.929800
vn -0.000700 -0.995300 0.096700
vn 0.169000 -0.854200 0.491800
vn 0.022400 -0.999600 -0.019600
vn 0.279400 -0.772700 0.570000
vn 0.332500 -0.204500 0.920700
vn 0.270100 -0.413800 0.869400
vn 0.210200 -0.608800 0.764900
vn 0.132100 -0.791700 0.596500
vn 0.108700 -0.836900 0.536500
vn 0.327200 -0.282700 0.901700
vn 0.452900 -0.141800 0.880200
vn 0.448100 -0.102900 0.888000
vn 0.502700 0.076600 -0.861100
vn 0.413400 0.074700 -0.907500
vn 0.684300 -0.001600 -0.729200
vn 0.790800 -0.023100 -0.611700
vn 0.925200 0.358400 0.124800
vn 0.617800 -0.008000 0.786300
vn 0.669800 -0.042600 0.741300
vn 0.631900 -0.078300 0.771100
vn 0.717700 -0.030700 0.695600
vn 0.755400 -0.055100 0.652900
vn 0.782300 -0.098700 0.615000
vn 0.460300 -0.100700 0.882000
vn 0.445400 -0.078800 0.891900
vn 0.455800 -0.066800 0.887600
vn 0.442000 -0.056700 0.895200
vn 0.425500 -0.043000 0.903900
vn 0.426900 -0.057300 0.902500
vn 0.465800 -0.012200 0.884800
vn 0.449900 -0.014600 0.893000
vn 0.466200 0.030500 0.884200
vn 0.445800 0.032900 0.894500
vn 0.431900 -0.008600 0.901900
vn 0.415900 0.003000 0.909400
vn 0.407000 -0.028100 0.913000
vn 0.432400 0.042300 0.900700
vn 0.403200 -0.042600 0.914100
vn 0.569500 0.316800 0.758500
vn 0.535400 0.280200 0.796700
vn 0.551800 0.247800 0.796300
vn 0.584900 0.209400 0.783600
vn 0.459500 0.165900 0.872500
vn 0.490000 0.125700 0.862600
vn 0.553400 0.151200 0.819100
vn 0.541300 0.149100 0.827500
vn 0.568500 0.174200 0.804000
vn 0.581800 0.175100 0.794300
vn 0.531500 0.150800 0.833500
vn 0.553100 0.174900 0.814600
vn 0.564100 0.172200 0.807500
vn 0.732300 0.045400 0.679500
vn 0.881800 -0.022900 0.471200
vn 0.554700 -0.241300 -0.796300
vn 0.887800 -0.285700 -0.360900
vn 0.658200 0.118900 0.743400
vn 0.481600 -0.012700 0.876300
vn 0.470900 -0.074500 0.879000
vn 0.490700 -0.080000 0.867700
vn 0.510600 -0.035800 0.859100
vn 0.491200 -0.139500 0.859800
vn 0.476400 -0.119100 0.871100
vn 0.513100 -0.140700 0.846700
vn 0.504000 -0.111000 0.856600
vn 0.530700 -0.153400 0.833500
vn 0.581800 -0.103300 0.806800
vn 0.651200 -0.071000 0.755600
vn 0.621500 -0.181400 0.762100
vn 0.675200 -0.309500 0.669600
vn 0.587900 -0.226200 0.776700
vn 0.459600 -0.016600 0.888000
vn 0.469800 -0.010400 0.882700
vn 0.470600 0.025400 0.882000
vn 0.466700 0.027500 0.884000
vn 0.387500 -0.046100 0.920700
vn 0.363800 -0.020800 0.931300
vn 0.332600 -0.011800 0.943000
vn 0.346100 -0.018200 0.938000
vn 0.340000 0.003100 0.940400
vn 0.313600 0.005700 0.949500
vn 0.441900 0.164000 0.882000
vn 0.430300 0.116900 0.895100
vn 0.456700 0.121700 0.881200
vn 0.474200 0.157700 0.866200
vn 0.431400 0.067600 0.899600
vn 0.466700 0.093300 0.879500
vn 0.497000 0.128500 0.858200
vn 0.402400 0.001500 0.915500
vn 0.400400 0.039400 0.915500
vn 0.392100 0.013300 0.919800
vn 0.391900 0.037200 0.919300
vn 0.396100 0.047400 0.917000
vn 0.402600 0.050400 0.914000
vn 0.387000 0.025100 0.921700
vn 0.383200 0.007200 0.923600
vn 0.393300 0.032200 0.918900
vn 0.403500 0.036700 0.914200
vn 0.377500 0.163900 0.911400
vn 0.382200 0.183000 0.905800
vn 0.391700 0.195400 0.899100
vn 0.397900 0.174400 0.900700
vn 0.391000 0.160200 0.906300
vn 0.403900 0.191100 0.894600
vn 0.408400 0.067600 0.910300
vn 0.406600 0.026700 0.913200
vn 0.418800 0.001500 0.908100
vn 0.426400 0.010100 0.904500
vn 0.423600 -0.058300 0.904000
vn 0.410800 -0.018700 0.911600
vn 0.433900 -0.101000 0.895300
vn 0.426400 -0.053600 0.902900
vn 0.438100 -0.053100 0.897300
vn 0.443800 -0.109500 0.889400
vn 0.391400 -0.032800 0.919600
vn 0.402100 -0.045700 0.914400
vn 0.391700 -0.057300 0.918300
vn 0.383000 -0.049000 0.922400
vn 0.391800 -0.067800 0.917600
vn 0.376500 -0.079800 0.923000
vn 0.366200 -0.079600 0.927100
vn 0.275700 0.405500 0.871600
vn 0.326500 0.582000 0.744800
vn -0.061400 0.979300 -0.193100
vn 0.278600 0.337500 0.899200
vn -0.299900 0.828100 -0.473600
vn -0.182600 0.983100 -0.011100
vn 0.383100 0.227000 0.895400
vn 0.417600 0.186200 0.889300
vn 0.344400 0.261600 0.901600
vn 0.337100 0.239800 0.910400
vn 0.366500 0.206900 0.907100
vn 0.411000 0.175600 0.894600
vn 0.304200 0.280500 0.910400
vn 0.298900 0.238300 0.924100
vn 0.390500 0.166400 0.905400
vn 0.333200 0.195400 0.922400
vn 0.489300 0.089400 0.867500
vn 0.518800 0.070100 0.852000
vn 0.469300 0.097100 0.877700
vn 0.474000 0.089900 0.875900
vn 0.491000 0.087100 0.866800
vn 0.516600 0.078700 0.852600
vn 0.451500 0.077700 0.888900
vn 0.461600 0.069700 0.884400
vn 0.508000 0.067300 0.858700
vn 0.482300 0.064600 0.873600
vn 0.353200 0.020000 0.935300
vn 0.319800 0.036600 0.946800
vn 0.310700 0.022400 0.950200
vn 0.323400 0.004600 0.946300
vn 0.284300 0.052700 0.957300
vn 0.284300 0.023900 0.958400
vn 0.290400 -0.003500 0.956900
vn 0.394600 -0.018700 0.918700
vn 0.376300 -0.003500 0.926500
vn 0.375900 0.006100 0.926600
vn 0.387700 0.000800 0.921800
vn 0.347800 0.018600 0.937400
vn 0.362100 0.006100 0.932100
vn 0.374300 -0.001900 0.927300
vn 0.172800 0.298900 0.938500
vn 0.161000 0.270200 0.949300
vn 0.189600 0.336600 0.922300
vn 0.160700 0.323100 0.932600
vn 0.141400 0.292700 0.945700
vn 0.126100 0.272900 0.953700
vn 0.241400 0.438700 0.865600
vn 0.201700 0.493000 0.846300
vn 0.250600 0.525300 0.813200
vn 0.204800 0.628600 0.750300
vn 0.154400 0.718300 0.678400
vn 0.167100 0.512200 0.842500
vn 0.148200 0.479200 0.865100
vn 0.144500 0.289900 0.946100
vn 0.127300 0.711700 0.690800
vn 0.134200 0.625700 0.768400
vn 0.135100 0.621000 0.772000
vn 0.159600 0.245100 0.956300
vn 0.121700 0.271900 0.954600
vn 0.101200 0.261100 0.960000
vn 0.407300 -0.113400 0.906200
vn 0.380700 -0.094200 0.919900
vn 0.372400 -0.109400 0.921600
vn 0.385500 -0.128500 0.913700
vn 0.354100 -0.082900 0.931500
vn 0.350000 -0.106300 0.930700
vn 0.358400 -0.135100 0.923700
vn 0.191300 0.652600 0.733100
vn 0.094900 0.779300 0.619500
vn 0.250800 0.217000 0.943400
vn 0.282800 0.204500 0.937100
vn 0.235300 0.158700 0.958900
vn 0.262200 0.152100 0.953000
vn 0.296800 0.138600 0.944800
vn 0.322800 0.154700 0.933700
vn 0.251500 0.086000 0.964000
vn 0.216900 0.085300 0.972500
vn 0.306500 0.089600 0.947600
vn 0.352000 0.100100 0.930600
vn 0.253600 -0.266800 0.929800
vn 0.243200 -0.252800 0.936500
vn 0.236800 -0.271000 0.933000
vn 0.240400 -0.283600 0.928300
vn 0.233500 -0.238100 0.942800
vn 0.232200 -0.269900 0.934500
vn 0.229600 0.208900 0.950600
vn 0.202100 0.177600 0.963100
vn 0.202700 0.148900 0.967900
vn 0.217300 0.155900 0.963600
vn 0.145400 0.016500 0.989200
vn 0.174500 0.106600 0.978900
vn 0.147600 0.005700 0.989000
vn 0.178000 0.091200 0.979800
vn 0.192400 0.084200 0.977700
vn 0.151300 0.006100 0.988500
vn 0.260100 0.182200 0.948200
vn 0.239000 0.199300 0.950300
vn 0.220600 0.166100 0.961100
vn 0.228500 0.141600 0.963200
vn 0.179300 0.219900 0.958900
vn 0.206600 0.212000 0.955200
vn 0.162300 0.171400 0.971700
vn 0.191400 0.165200 0.967500
vn 0.189200 0.121300 0.974400
vn 0.147600 0.123800 0.981300
vn 0.164900 0.055000 0.984800
vn 0.183100 0.037800 0.982400
vn 0.146800 0.027700 0.988800
vn 0.162000 0.017800 0.986600
vn 0.175200 0.006800 0.984500
vn 0.195000 0.015300 0.980700
vn 0.140500 -0.008000 0.990000
vn 0.119100 0.001900 0.992900
vn 0.168400 -0.015700 0.985600
vn 0.195800 -0.015000 0.980500
vn 0.164800 0.026600 0.986000
vn 0.139000 0.038200 0.989600
vn 0.148600 0.009100 0.988900
vn 0.166700 -0.003700 0.986000
vn 0.132600 0.045400 0.990100
vn 0.143200 0.016300 0.989600
vn 0.161300 -0.008200 0.986900
vn 0.109600 0.143200 0.983600
vn 0.125900 0.148500 0.980900
vn 0.076100 0.162100 0.983800
vn 0.089200 0.151900 0.984400
vn 0.106000 0.117000 0.987500
vn 0.129700 0.105800 0.985900
vn 0.062000 0.108900 0.992100
vn 0.071600 0.128500 0.989100
vn 0.053700 0.144900 0.988000
vn 0.090700 0.085600 0.992200
vn 0.094300 0.096800 0.990800
vn 0.122700 0.069900 0.990000
vn 0.118700 0.062200 0.991000
vn 0.190000 -0.096500 0.977000
vn 0.219600 -0.096800 0.970800
vn 0.144800 -0.099700 0.984400
vn 0.160800 -0.119900 0.979700
vn 0.199600 -0.124200 0.972000
vn 0.222500 -0.128500 0.966400
vn 0.096300 -0.108800 0.989400
vn 0.143200 -0.131900 0.980900
vn 0.218100 -0.158400 0.963000
vn 0.191500 -0.151100 0.969800
vn 0.188900 0.034000 0.981400
vn 0.166300 0.062500 0.984100
vn 0.158200 0.061700 0.985500
vn 0.140700 0.086700 0.986200
vn 0.122900 0.108900 0.986400
vn 0.132500 0.111300 0.984900
vn 0.029000 0.135400 0.990400
vn 0.052200 0.171300 0.983800
vn 0.099600 0.128700 0.986700
vn 0.110500 0.098600 0.989000
vn 0.060700 0.191000 0.979700
vn 0.091300 0.150400 0.984400
vn 0.098800 0.167100 0.981000
vn 0.073900 0.207500 0.975400
vn 0.064600 0.217200 0.974000
vn 0.075600 0.225300 0.971400
vn 0.047300 0.207500 0.977100
vn 0.053500 0.198500 0.978600
vn 0.071000 0.191800 0.978900
vn 0.078800 0.187300 0.979100
vn 0.007800 0.190200 0.981700
vn 0.029100 0.197200 0.979900
vn 0.051400 0.178900 0.982500
vn 0.052100 0.183800 0.981600
vn 0.103600 0.137900 0.985000
vn 0.083800 0.160900 0.983400
vn 0.101500 0.143600 0.984400
vn 0.003300 0.088400 0.996100
vn -0.021700 0.121600 0.992300
vn 0.046900 0.045900 0.997800
vn 0.084400 0.057600 0.994800
vn 0.075100 0.085800 0.993500
vn 0.059700 0.114600 0.991600
vn 0.091300 0.016100 0.995700
vn 0.122900 0.039600 0.991600
vn 0.119600 0.106200 0.987100
vn 0.131100 0.072100 0.988700
vn 0.172300 0.166100 0.970900
vn 0.152700 0.184500 0.970900
vn 0.156900 0.145500 0.976800
vn 0.170100 0.129600 0.976900
vn 0.134600 0.157000 0.978400
vn 0.142500 0.111600 0.983500
vn 0.159800 0.061600 0.985200
vn 0.116000 -0.077800 0.990200
vn 0.099800 -0.126300 0.987000
vn 0.105000 -0.112100 0.988100
vn 0.120100 -0.071600 0.990200
vn 0.076200 -0.045500 0.996100
vn 0.089700 -0.121700 0.988500
vn 0.089900 -0.023800 0.995700
vn 0.100000 -0.100800 0.989900
vn 0.119600 -0.058700 0.991100
vn 0.115500 0.023500 0.993000
vn -0.017400 0.101800 0.994700
vn 0.019500 0.065800 0.997600
vn 0.044100 0.081200 0.995700
vn -0.047000 0.041400 0.998000
vn -0.011200 0.023500 0.999700
vn 0.005300 0.008700 0.999900
vn 0.031300 0.025400 0.999200
vn 0.052800 0.038600 0.997900
vn -0.074600 -0.065900 0.995000
vn -0.053300 -0.062800 0.996600
vn -0.033100 -0.028700 0.999000
vn -0.066000 -0.023700 0.997500
vn -0.028700 -0.052100 0.998200
vn -0.007900 -0.027600 0.999600
vn 0.052900 0.003300 0.998600
vn 0.023500 -0.011600 0.999700
vn 0.003800 -0.033300 0.999400
vn 0.161300 -0.282100 0.945700
vn 0.165300 -0.294400 0.941300
vn 0.133700 -0.263700 0.955300
vn 0.140500 -0.279900 0.949700
vn 0.148400 -0.325300 0.933900
vn 0.163900 -0.341700 0.925400
vn 0.112400 -0.335500 0.935300
vn 0.110100 -0.228900 0.967200
vn 0.105400 -0.480100 0.870800
vn 0.018600 -0.684600 0.728700
vn 0.081900 -0.552100 0.829800
vn 0.166200 -0.194700 0.966700
vn 0.125100 -0.200900 0.971600
vn 0.139200 -0.227200 0.963900
vn 0.166600 -0.225600 0.959900
vn 0.104200 -0.222100 0.969400
vn 0.132000 -0.247800 0.959800
vn 0.163700 -0.262100 0.951100
vn 0.205600 0.014100 0.978500
vn 0.212300 0.003100 0.977200
vn 0.191500 0.022500 0.981200
vn 0.176000 0.038200 0.983600
vn 0.136500 0.063000 0.988600
vn 0.102100 0.060800 0.992900
vn 0.175700 0.026500 0.984100
vn 0.154200 0.025600 0.987700
vn -0.032600 0.111400 0.993200
vn -0.160100 0.172700 0.971900
vn -0.088100 0.182400 0.979300
vn -0.065900 0.108500 0.991900
vn -0.220200 0.170400 0.960500
vn -0.291700 0.196200 0.936200
vn -0.221700 0.193700 0.955700
vn -0.129900 0.187000 0.973700
vn -0.358400 0.167500 0.918400
vn -0.287800 0.173300 0.941900
vn -0.135800 0.114800 0.984100
vn -0.351400 0.176800 0.919400
vn -0.315000 0.191900 0.929500
vn -0.131300 0.162500 0.977900
vn -0.235300 0.180400 0.955000
vn -0.257200 0.160600 0.952900
vn 0.088100 0.105800 0.990500
vn 0.073700 0.081100 0.994000
vn 0.055200 0.139700 0.988700
vn 0.065700 0.153100 0.986000
vn 0.055000 0.069000 0.996100
vn 0.038300 0.133900 0.990200
vn 0.041600 0.149600 0.987900
vn -0.006900 -0.003400 1.000000
vn -0.009600 0.023500 0.999700
vn -0.039100 0.008600 0.999200
vn -0.036300 0.035400 0.998700
vn -0.044900 0.032600 0.998500
vn -0.024900 0.017000 0.999500
vn -0.026300 -0.037500 0.998900
vn -0.049300 -0.058400 0.997100
vn -0.067800 -0.054100 0.996200
vn -0.051600 -0.031700 0.998200
vn -0.205200 -0.114000 0.972100
vn -0.117400 -0.075300 0.990200
vn -0.320900 -0.149100 0.935300
vn -0.251400 -0.112000 0.961400
vn -0.238600 -0.037100 0.970400
vn -0.160500 -0.046400 0.985900
vn -0.016000 -0.003000 0.999900
vn -0.024100 -0.008700 0.999700
vn -0.012700 -0.028600 0.999500
vn -0.029000 0.001600 0.999600
vn -0.037100 0.000700 0.999300
vn -0.053200 -0.008600 0.998500
vn -0.045900 -0.026800 0.998600
vn -0.040900 -0.054900 0.997700
vn -0.187100 -0.021000 0.982100
vn -0.037400 -0.008600 0.999300
vn -0.517500 -0.088900 0.851100
vn -0.409200 -0.025300 0.912100
vn -0.219400 -0.020400 0.975400
vn -0.005000 -0.063300 0.998000
vn -0.011400 -0.022200 0.999700
vn -0.013300 -0.054000 0.998400
vn -0.021400 -0.019900 0.999600
vn -0.023200 -0.003400 0.999700
vn -0.011700 -0.002900 0.999900
vn -0.025200 -0.012700 0.999600
vn -0.024200 -0.040200 0.998900
vn -0.025100 0.000200 0.999700
vn -0.012600 -0.000900 0.999900
vn -0.001600 -0.055300 0.998500
vn -0.036400 -0.083800 0.995800
vn -0.024700 -0.105200 0.994100
vn 0.003500 -0.095700 0.995400
vn -0.007300 -0.132400 0.991200
vn -0.030600 -0.153800 0.987600
vn -0.048100 -0.139100 0.989100
vn -0.067800 -0.165900 0.983800
vn -0.060700 -0.167200 0.984100
vn -0.082900 -0.179400 0.980300
vn -0.086600 -0.179100 0.980000
vn -0.078700 -0.166800 0.982800
vn -0.078400 -0.154800 0.984800
vn -0.078400 -0.139800 0.987100
vn -0.092600 -0.173800 0.980400
vn -0.105300 -0.166100 0.980500
vn -0.162700 -0.098000 0.981800
vn -0.349200 -0.177400 0.920100
vn -0.688500 -0.180100 0.702500
vn -0.461000 -0.096700 0.882100
vn -0.318500 0.046900 0.946700
vn -0.190400 -0.007700 0.981700
vn 0.095400 -0.044200 0.994500
vn 0.073700 -0.048400 0.996100
vn 0.125100 -0.027000 0.991800
vn 0.143500 -0.020800 0.989400
vn 0.064800 -0.047100 0.996800
vn 0.127300 -0.020300 0.991700
vn 0.171900 -0.005400 0.985100
vn -0.788000 0.001000 0.615600
vn -0.972300 -0.148000 0.180900
vn -0.808500 -0.007500 0.588400
vn -0.622100 0.078600 0.779000
vn -0.436200 0.105000 0.893700
vn -0.624700 0.054800 0.778900
vn -0.065900 0.154300 0.985800
vn 0.084300 0.111900 0.990100
vn -0.279500 0.187900 0.941600
vn -0.410500 0.064800 0.909600
vn -0.399700 0.036200 0.915900
vn -0.178900 -0.101200 0.978600
vn -0.151100 -0.060800 0.986600
vn -0.288900 -0.075300 0.954400
vn -0.412100 -0.059500 0.909200
vn -0.202900 -0.012500 0.979100
vn -0.344600 -0.024900 0.938400
vn -0.150500 0.132200 0.979700
vn -0.316500 0.158200 0.935300
vn -0.392100 0.069300 0.917300
vn -0.210100 0.067600 0.975300
vn -0.237900 -0.032100 0.970800
vn -0.390700 -0.056900 0.918800
vn 0.092100 0.076100 0.992800
vn -0.196300 0.191000 0.961800
vn -0.145500 -0.054400 0.987900
vn -0.003900 -0.091000 0.995800
vn -0.002100 -0.111400 0.993800
vn -0.140700 -0.090100 0.985900
vn -0.303800 -0.073100 0.949900
vn -0.415100 0.009800 0.909700
vn 0.003500 -0.102600 0.994700
vn 0.002500 -0.117800 0.993000
vn -0.006600 0.175300 0.984500
vn 0.039900 0.197700 0.979500
vn -0.034000 0.231900 0.972100
vn -0.118400 0.204900 0.971600
vn 0.084400 0.178300 0.980400
vn 0.033200 0.201800 0.978900
vn -0.034700 0.166800 0.985400
vn 0.005300 0.190500 0.981700
vn -0.106800 0.064700 0.992200
vn 0.062900 0.057700 0.996400
vn 0.121100 0.034800 0.992000
vn 0.000700 0.035400 0.999400
vn -0.181700 0.034100 0.982800
vn -0.473700 0.084300 0.876600
vn 0.079000 0.052900 0.995500
vn 0.134900 0.028300 0.990500
vn -0.021000 0.189600 0.981600
vn -0.047400 0.178300 0.982800
vn 0.016900 0.167500 0.985700
vn 0.040400 0.177100 0.983400
vn -0.041100 0.149300 0.987900
vn 0.038200 0.142400 0.989100
vn 0.090200 0.144600 0.985400
vn 0.095300 -0.064100 0.993400
vn 0.083100 -0.056800 0.994900
vn 0.064600 -0.069300 0.995500
vn 0.064700 -0.069100 0.995500
vn 0.067100 -0.045100 0.996700
vn 0.053200 -0.069500 0.996200
vn 0.044200 -0.074900 0.996200
vn 0.111800 0.055500 0.992200
vn 0.088500 0.074300 0.993300
vn 0.084700 0.051800 0.995100
vn 0.096900 0.036100 0.994600
vn 0.063600 0.083100 0.994500
vn 0.069500 0.047000 0.996500
vn 0.076600 0.016400 0.996900
vn 0.086700 0.236900 0.967700
vn 0.087700 0.193800 0.977100
vn 0.110400 0.211000 0.971200
vn 0.115600 0.244200 0.962800
vn 0.112000 0.153100 0.981800
vn 0.134500 0.188300 0.972900
vn 0.152300 0.233800 0.960300
vn 0.241700 -0.109600 0.964100
vn 0.237400 -0.132900 0.962300
vn 0.255400 -0.138400 0.956900
vn 0.266200 -0.127200 0.955500
vn 0.235800 -0.158900 0.958700
vn 0.260700 -0.154100 0.953000
vn 0.286800 -0.144500 0.947000
vn 0.243400 0.247000 0.937900
vn 0.241700 0.224800 0.944000
vn 0.249400 0.223300 0.942300
vn 0.255700 0.236500 0.937400
vn 0.249300 0.189300 0.949700
vn 0.264900 0.201000 0.943100
vn 0.298400 0.215400 0.929800
vn 0.448100 0.033800 0.893300
vn 0.435600 0.013800 0.900000
vn 0.466500 0.019500 0.884300
vn 0.489000 0.038200 0.871400
vn 0.432400 -0.008300 0.901700
vn 0.473600 0.011300 0.880700
vn 0.448800 0.148100 0.881300
vn 0.448500 0.153500 0.880500
vn 0.466200 0.143800 0.872900
vn 0.464400 0.131500 0.875800
vn 0.446400 0.153200 0.881600
vn 0.469000 0.150600 0.870300
vn 0.471000 0.137600 0.871300
vn 0.600600 0.058400 0.797400
vn 0.545000 0.070200 0.835500
vn 0.569300 0.066400 0.819400
vn 0.666800 0.081100 0.740800
vn 0.739800 0.097100 0.665800
vn 0.702500 0.044200 0.710300
vn 0.535700 0.070100 0.841500
vn 0.566500 0.071600 0.820900
vn 0.448100 -0.148900 0.881500
vn 0.458800 -0.165200 0.873100
vn 0.441700 -0.130300 0.887600
vn 0.448100 -0.135700 0.883600
vn 0.453400 -0.143000 0.879800
vn 0.472300 -0.159000 0.867000
vn 0.440200 -0.089700 0.893400
vn 0.451300 -0.094900 0.887300
vn 0.488100 -0.112400 0.865500
vn 0.460200 -0.092800 0.883000
vn 0.467300 -0.174900 0.866600
vn 0.485800 -0.169000 0.857600
vn 0.971800 -0.105600 -0.210800
vn 0.949800 -0.194200 0.245200
vn 0.947500 -0.195300 0.253000
vn 0.978000 -0.114300 -0.174400
vn 0.648800 -0.154700 0.745100
vn 0.835200 -0.184200 0.518200
vn 0.436500 0.000800 0.899700
vn 0.582100 -0.361200 0.728500
vn 0.991200 -0.001400 -0.132400
vn 0.479500 0.025000 0.877200
vn 0.837900 0.022200 0.545300
vn 0.838200 0.015000 0.545200
vn 0.192000 0.009100 0.981400
vn -0.119100 -0.075200 0.990000
vn -0.100000 -0.114700 0.988400
vn -0.089400 -0.126000 0.988000
vn -0.071400 -0.176800 0.981700
vn -0.173400 -0.585100 0.792200
vn -0.112200 -0.304100 0.946000
vn 0.195500 -0.005500 0.980700
vn 0.737200 0.060400 0.673000
vn 0.768400 0.069800 0.636200
vn 0.643100 0.102800 0.758800
vn 0.910600 0.131700 0.391700
vn 0.759000 0.190000 0.622700
vn 0.396500 -0.004400 0.918000
vn 0.703800 -0.051400 0.708600
vn 0.687500 0.000600 0.726200
vn 0.578700 -0.009400 0.815500
vn 0.584200 -0.057800 0.809600
vn 0.633600 0.059600 0.771400
vn 0.565300 0.039300 0.824000
vn 0.443300 0.030000 0.895900
vn 0.446400 0.005100 0.894800
vn 0.369900 0.006400 0.929000
vn 0.379700 0.021200 0.924900
vn 0.486900 -0.009800 0.873400
vn 0.417500 -0.006200 0.908600
vn 0.897300 0.094100 0.431200
vn 0.826400 0.081300 0.557200
vn 0.706200 0.075900 0.704000
vn 0.729400 0.100000 0.676700
vn 0.267800 -0.214200 -0.939400
vn 0.439300 -0.219000 -0.871200
vn 0.276200 -0.158000 -0.948000
vn 0.418100 -0.114400 -0.901200
vn 0.712400 0.134200 0.688800
vn 0.693400 0.158800 0.702900
vn 0.494200 -0.179100 -0.850700
vn 0.564200 -0.136500 -0.814300
vn 0.768900 -0.076400 -0.634800
vn 0.717400 -0.144500 -0.681500
vn 0.660300 0.140800 0.737700
vn 0.679600 0.112500 0.724900
vn 0.402600 -0.157000 -0.901800
vn 0.699000 -0.109700 -0.706700
vn 0.663000 0.164200 0.730400
vn 0.658900 -0.204700 0.723900
vn 0.705500 -0.200900 0.679700
vn 0.608300 -0.198300 0.768500
vn 0.578300 -0.206200 0.789300
vn 0.749300 -0.155000 0.643800
vn 0.633100 -0.159900 0.757400
vn 0.570900 0.003100 0.821000
vn 0.588300 -0.059900 0.806400
vn 0.436000 -0.029100 0.899500
vn 0.435000 0.042400 0.899400
vn 0.500300 -0.024900 0.865500
vn 0.481800 -0.021600 0.876000
vn 0.390100 -0.026700 0.920400
vn 0.412900 -0.021700 0.910500
vn 0.472200 -0.036900 0.880700
vn 0.590300 0.001300 0.807200
vn 0.501700 0.028300 0.864600
vn 0.420000 0.016700 0.907400
vn 0.605900 -0.017400 0.795400
vn 0.318900 0.002600 0.947800
vn 0.575000 -0.014000 0.818000
vn 0.477400 -0.011100 0.878600
vn 0.683300 -0.021300 0.729900
vn 0.678000 -0.021200 0.734800
vn 0.398800 -0.036500 0.916300
vn 0.390600 0.036500 0.919800
vn 0.362700 0.053200 0.930400
vn 0.374900 0.045900 0.925900
vn 0.432600 -0.118600 0.893700
vn 0.389700 -0.115400 0.913700
vn 0.368300 -0.183900 0.911300
vn 0.445600 -0.199100 0.872800
vn 0.307200 -0.668400 0.677400
vn 0.300500 -0.404000 0.864000
vn 0.293100 -0.365600 0.883400
vn 0.280100 -0.359000 0.890300
vn 0.627300 0.058000 0.776700
vn 0.606200 0.055400 0.793400
vn 0.535500 0.033800 0.843800
vn 0.558600 0.038500 0.828500
vn 0.604500 0.034800 0.795800
vn 0.566800 0.044500 0.822700
vn 0.526100 -0.026700 0.850000
vn 0.441300 -0.013300 0.897300
vn 0.670000 0.037200 0.741400
vn 0.604000 -0.034500 0.796300
vn 0.535000 -0.017200 0.844700
vn 0.589700 0.022500 0.807300
vn 0.578500 -0.089300 0.810800
vn 0.581500 -0.054900 0.811700
vn 0.793400 -0.181900 0.580900
vn 0.711700 -0.152600 0.685700
vn 0.776800 -0.002900 0.629700
vn 0.634000 -0.076100 0.769600
vn 0.509100 -0.112500 0.853300
vn 0.585400 -0.061800 0.808400
vn 0.568400 -0.073700 0.819500
vn 0.408000 -0.073200 0.910000
vn 0.325300 -0.013900 0.945500
vn 0.642600 0.019300 0.766000
vn 0.571300 0.010100 0.820700
vn 0.557000 0.171800 0.812600
vn 0.503600 0.161200 0.848800
vn 0.498600 0.245900 0.831200
vn 0.456500 0.225400 0.860700
vn 0.774100 -0.087400 0.627000
vn 0.775700 -0.019500 0.630800
vn 0.901200 0.191700 0.388700
vn 0.402000 -0.020600 0.915400
vn 0.335100 -0.015700 0.942000
vn 0.381700 0.027100 0.923900
vn 0.403800 -0.020100 0.914600
vn 0.275700 -0.009000 0.961200
vn 0.265600 -0.016700 0.963900
vn 0.566500 0.177200 0.804800
vn 0.423900 0.161800 0.891100
vn 0.603900 -0.046400 0.795700
vn 0.616200 -0.134300 0.776100
vn 0.561200 -0.087000 0.823100
vn 0.566100 -0.034800 0.823600
vn 0.650600 -0.205500 0.731100
vn 0.587700 -0.160800 0.792900
vn 0.756000 -0.091600 0.648100
vn 0.896000 -0.082800 0.436300
vn 0.720100 -0.006100 0.693800
vn 0.636000 -0.039000 0.770700
vn 0.994100 0.001100 0.108600
vn 0.992500 -0.007700 0.121800
vn 0.589500 0.096700 0.801900
vn 0.973400 0.105200 0.203600
vn 0.982600 0.098000 0.157600
vn 0.585700 0.117100 0.802000
vn 0.681300 -0.039100 0.731000
vn 0.564100 -0.063400 0.823300
vn 0.649000 -0.082000 0.756300
vn 0.564600 -0.110200 0.817900
vn 0.713900 -0.045700 0.698800
vn 0.583000 -0.068600 0.809500
vn 0.559500 0.064400 0.826300
vn 0.581600 0.011500 0.813400
vn 0.538200 0.005600 0.842800
vn 0.529500 0.047400 0.847000
vn 0.452000 -0.127900 0.882800
vn 0.373000 -0.049300 0.926500
vn 0.645100 0.048200 0.762600
vn 0.605200 0.055900 0.794100
vn 0.689100 0.065400 0.721700
vn 0.642100 0.072000 0.763200
vn 0.734100 -0.095700 0.672300
vn 0.613000 -0.106800 0.782800
vn 0.685200 -0.147500 0.713200
vn 0.641500 -0.139900 0.754300
vn 0.706000 0.075200 0.704200
vn 0.635000 0.069900 0.769300
vn 0.382400 -0.023700 0.923700
vn 0.306500 -0.014500 0.951800
vn 0.318400 -0.020600 0.947700
vn 0.285100 -0.010800 0.958400
vn 0.267500 -0.018400 0.963400
vn 0.280000 -0.005200 0.960000
vn 0.574700 0.079300 0.814500
vn 0.536400 0.060400 0.841800
vn 0.641500 -0.147300 0.752900
vn 0.554900 -0.179000 0.812400
vn -0.164800 0.006400 0.986300
vn -0.164100 0.021900 0.986200
vn -0.019300 -0.050900 0.998500
vn 0.080300 -0.026200 0.996400
vn 0.201400 0.000900 0.979500
vn -0.955700 0.035400 0.292200
vn -0.428600 -0.003800 0.903500
vn -0.419700 -0.003000 0.907700
vn -0.590600 -0.013000 0.806900
vn 0.048200 -0.000300 0.998800
vn 0.005300 -0.028300 0.999600
vn 0.015400 -0.008800 0.999800
vn 0.128000 -0.007800 0.991700
vn -0.024600 0.015300 0.999600
vn 0.087900 0.014300 0.996000
vn -0.957500 0.146700 0.248500
vn -0.617100 0.035200 0.786100
vn -0.020400 -0.043600 0.998800
vn -0.249500 -0.031700 0.967900
vn -0.154600 -0.030800 0.987500
vn -0.238000 0.007600 0.971200
vn -0.136900 0.012000 0.990500
vn -0.119200 -0.047700 0.991700
vn -0.103500 -0.040400 0.993800
vn -0.026000 -0.069200 0.997300
vn -0.064700 -0.032900 0.997400
vn -0.145800 -0.042100 0.988400
vn -0.059400 -0.074700 0.995400
vn -0.097500 0.023700 0.995000
vn 0.050500 0.022900 0.998500
vn -0.080200 -0.099800 0.991800
vn 0.046300 -0.033200 0.998400
vn 0.072600 -0.094300 0.992900
vn 0.077100 -0.128000 0.988800
vn -0.012500 0.042600 0.999000
vn 0.042700 -0.034600 0.998500
vn 0.072100 -0.098400 0.992500
vn 0.092800 -0.105600 0.990100
vn -0.453200 0.577700 0.678800
vn -0.100500 0.332200 0.937800
vn -0.066600 0.326000 0.943000
vn 0.012500 0.386700 0.922100
vn -0.245400 0.036300 0.968700
vn -0.143800 0.037200 0.988900
vn -0.241100 0.016700 0.970400
vn -0.148000 0.024500 0.988700
vn -0.781300 -0.034500 0.623300
vn -0.787700 -0.079600 0.610900
vn -0.781000 -0.032700 0.623700
vn -0.025500 -0.224000 0.974300
vn 0.040400 -0.152200 0.987500
vn -0.018000 -0.180300 0.983400
vn -0.107300 -0.272700 0.956100
vn 0.056600 -0.094800 0.993900
vn -0.254900 -0.140600 0.956700
vn -0.197600 -0.145700 0.969400
vn -0.102200 -0.125400 0.986800
vn -0.140300 -0.105300 0.984500
vn -0.197200 -0.135900 0.970900
vn -0.136900 -0.152800 0.978700
vn -0.180600 -0.017400 0.983400
vn -0.110400 -0.004100 0.993900
vn -0.073200 0.084100 0.993800
vn -0.004100 -0.008700 1.000000
vn -0.772800 0.012100 0.634600
vn -0.250000 -0.153300 0.956000
vn -0.206300 -0.172200 0.963200
vn -0.071600 -0.164400 0.983800
vn -0.073300 -0.152400 0.985600
vn -0.316000 -0.043700 0.947800
vn -0.644200 -0.061700 0.762300
vn -0.415800 -0.114700 0.902200
vn -0.219600 -0.107300 0.969700
vn -0.067600 -0.007100 0.997700
vn -0.142500 0.106000 0.984100
vn 0.064800 0.168900 0.983500
vn 0.080800 0.002000 0.996700
vn -0.157900 0.566000 0.809100
vn -0.267100 -0.106600 0.957800
vn -0.088100 -0.110900 0.989900
vn -0.352200 -0.091700 0.931400
vn -0.189200 -0.067300 0.979600
vn -0.026500 -0.160500 0.986700
vn -0.119100 -0.178200 0.976800
vn 0.072000 -0.126000 0.989400
vn 0.024000 -0.123600 0.992000
vn -0.101700 -0.177500 0.978800
vn 0.077100 -0.100200 0.992000
vn -0.127300 -0.089800 0.987800
vn -0.063900 -0.076100 0.995000
vn -0.217300 -0.111500 0.969700
vn -0.143200 -0.154400 0.977600
vn -0.227300 -0.057500 0.972100
vn -0.100400 -0.087000 0.991100
vn -0.769700 -0.056700 0.635900
vn -0.551700 0.026100 0.833600
vn 0.216300 0.572400 0.790900
vn 0.096800 0.946600 0.307500
vn 0.168300 0.681700 0.712000
vn 0.214300 0.650700 0.728500
vn 0.208900 0.145900 0.967000
vn 0.224200 0.149100 0.963100
vn 0.242200 0.458100 0.855300
vn 0.258000 0.386300 0.885500
vn 0.244300 0.452400 0.857700
vn 0.260200 0.384000 0.885900
vn 0.251500 0.023800 0.967600
vn 0.250900 0.024400 0.967700
vn 0.272200 0.006700 0.962200
vn 0.261800 0.006100 0.965100
vn 0.405000 0.322300 0.855600
vn 0.386100 0.238100 0.891200
vn 0.383600 0.227600 0.895000
vn 0.343700 0.072300 0.936300
vn -0.493100 -0.677500 -0.545700
vn -0.347900 -0.814500 -0.464200
vn -0.612600 -0.611500 -0.500700
vn -0.579700 -0.612100 -0.537900
vn 0.154800 -0.259500 0.953200
vn 0.252700 -0.035200 0.966900
vn 0.268600 -0.009300 0.963200
vn 0.035700 -0.170300 0.984700
vn -0.667900 -0.530800 -0.521700
vn -0.813000 -0.369700 -0.449900
vn 0.259100 0.467200 0.845300
vn 0.261400 0.382300 0.886300
vn 0.253800 -0.010000 0.967200
vn 0.220400 -0.022100 0.975200
vn 0.265500 -0.001300 0.964100
vn 0.377400 0.342100 0.860500
vn 0.390000 0.227700 0.892200
vn 0.170200 0.557300 0.812700
vn 0.192100 0.544800 0.816300
vn 0.179000 0.178400 0.967500
vn 0.332000 -0.404100 0.852300
vn 0.398700 -0.458800 0.794100
vn 0.485300 -0.527400 0.697400
vn 0.417500 0.020200 0.908500
vn -0.142700 -0.789600 -0.596800
vn -0.113900 -0.954900 -0.274100
vn -0.162200 -0.587600 -0.792700
vn -0.154100 -0.751500 -0.641500
vn 0.155000 -0.380900 0.911500
vn 0.170000 -0.406400 0.897800
vn 0.154400 -0.546900 0.822900
vn 0.099200 -0.841200 0.531600
vn 0.110900 -0.890000 0.442200
vn 0.192500 -0.469000 0.862000
vn 0.239800 -0.325600 0.914600
vn 0.287100 -0.450600 0.845300
vn 0.267900 -0.433500 0.860400
vn 0.285900 -0.304500 0.908600
vn 0.303100 -0.311300 0.900700
vn 0.196200 -0.776900 0.598200
vn 0.198700 -0.601600 0.773700
vn 0.288600 -0.494800 0.819700
vn 0.258300 -0.430700 0.864700
vn 0.217200 -0.442700 0.870000
vn 0.192300 -0.463200 0.865100
vn 0.214600 -0.362600 0.906900
vn 0.228100 -0.355300 0.906500
vn -0.055600 -0.806300 0.589000
vn -0.230900 -0.521500 0.821400
vn 0.151600 -0.813800 0.561000
vn 0.180700 -0.696700 0.694200
vn 0.151400 -0.750100 0.643700
vn 0.202100 -0.029400 0.978900
vn 0.217700 -0.018700 0.975800
vn 0.180800 -0.923900 0.337200
vn 0.155300 -0.928600 0.337000
vn 0.396300 -0.706900 0.585800
vn 0.389600 -0.480000 0.786000
vn 0.350300 -0.299700 0.887400
vn 0.338300 -0.474400 0.812700
vn 0.309700 -0.463800 0.830000
vn 0.337400 -0.347200 0.875000
vn 0.361100 -0.349600 0.864500
vn 0.300600 -0.494300 0.815700
vn 0.330500 -0.362300 0.871500
vn 0.304300 -0.495200 0.813700
vn 0.325000 -0.341600 0.881900
vn 0.251800 -0.435200 0.864400
vn 0.247100 -0.338100 0.908100
vn 0.218700 -0.697800 0.682100
vn 0.232700 -0.556800 0.797400
vn 0.220600 -0.015100 0.975200
vn -0.090300 -0.620400 -0.779100
vn -0.037200 -0.796900 -0.603000
vn 0.182400 -0.427700 0.885300
vn 0.393000 -0.544900 0.740700
vn 0.388100 -0.360900 0.848000
vn -0.491300 -0.045800 -0.869800
vn -0.529700 -0.080900 -0.844300
vn -0.531500 -0.090000 -0.842300
vn -0.505600 -0.047900 -0.861400
vn -0.546400 -0.089100 -0.832800
vn -0.540800 -0.105700 -0.834500
vn -0.535700 -0.109800 -0.837300
vn -0.533100 -0.084900 -0.841800
vn -0.518600 -0.028100 -0.854500
vn -0.416600 -0.232800 -0.878800
vn -0.447400 -0.324100 -0.833500
vn -0.423300 -0.323900 -0.846100
vn -0.407600 -0.294800 -0.864300
vn -0.471200 -0.363200 -0.803800
vn -0.439700 -0.314800 -0.841200
vn -0.416100 -0.288400 -0.862400
vn -0.403200 -0.289700 -0.868000
vn -0.392600 -0.288500 -0.873300
vn -0.409700 -0.183900 -0.893500
vn -0.389000 -0.240800 -0.889200
vn -0.397100 -0.217900 -0.891500
vn -0.409400 -0.133000 -0.902600
vn -0.414400 -0.203100 -0.887100
vn -0.412000 -0.089900 -0.906700
vn -0.519200 -0.405700 -0.752200
vn -0.412200 -0.072700 -0.908200
vn -0.438200 -0.231300 -0.868600
vn -0.473000 -0.301700 -0.827800
vn -0.361200 -0.058700 -0.930600
vn -0.381400 -0.036400 -0.923700
vn -0.389700 -0.040100 -0.920100
vn -0.383000 -0.093500 -0.919000
vn -0.391100 -0.027800 -0.919900
vn -0.395900 -0.024900 -0.918000
vn -0.399500 -0.015000 -0.916600
vn -0.397600 -0.028800 -0.917100
vn -0.397000 -0.082200 -0.914100
vn -0.398600 -0.036200 -0.916400
vn -0.356300 -0.152800 -0.921800
vn -0.383600 -0.045400 -0.922400
vn -0.401000 -0.029000 -0.915600
vn -0.265500 -0.269800 -0.925600
vn -0.342700 -0.188700 -0.920300
vn -0.357900 -0.029600 -0.933300
vn -0.379000 -0.021500 -0.925100
vn -0.240700 -0.003500 -0.970600
vn -0.261300 -0.018000 -0.965100
vn -0.264500 -0.001800 -0.964400
vn -0.244400 0.010200 -0.969600
vn -0.752900 -0.042700 -0.656700
vn -0.800900 0.020400 -0.598400
vn -0.649200 -0.005300 -0.760600
vn -0.584700 -0.049300 -0.809800
vn -0.756200 0.032300 -0.653600
vn -0.626400 0.041300 -0.778400
vn -0.047200 0.050000 -0.997600
vn -0.096000 0.172300 -0.980400
vn -0.098900 0.153900 -0.983100
vn -0.078900 0.128700 -0.988500
vn -0.150300 0.218400 -0.964200
vn -0.147200 0.173900 -0.973700
vn -0.162500 0.144100 -0.976100
vn -0.127700 0.154400 -0.979700
vn -0.080000 0.166100 -0.982900
vn -0.086900 0.158500 -0.983500
vn -0.093100 0.143200 -0.985300
vn -0.143300 0.021500 -0.989500
vn -0.110700 0.112100 -0.987500
vn -0.100900 0.141600 -0.984800
vn -0.117600 0.109200 -0.987000
vn -0.084400 0.159300 -0.983600
vn -0.090300 0.146900 -0.985000
vn -0.181800 0.290200 -0.939500
vn -0.198600 0.289900 -0.936200
vn -0.187200 0.290100 -0.938500
vn -0.175600 0.297500 -0.938400
vn -0.212500 0.281700 -0.935700
vn -0.208700 0.277400 -0.937800
vn -0.237500 0.021500 -0.971100
vn -0.174300 0.032400 -0.984200
vn -0.169100 0.031700 -0.985100
vn -0.238400 0.019600 -0.971000
vn -0.134600 -0.180200 -0.974400
vn -0.107400 -0.072600 -0.991600
vn -0.175800 0.267800 -0.947300
vn -0.169900 0.274100 -0.946600
vn -0.214800 0.189500 -0.958100
vn -0.231600 0.229400 -0.945400
vn -0.229000 0.232700 -0.945200
vn -0.206400 0.204400 -0.956900
vn -0.234200 0.257600 -0.937500
vn -0.234800 0.258400 -0.937100
vn -0.228600 0.265000 -0.936800
vn -0.218400 0.251000 -0.943000
vn -0.197100 0.234300 -0.952000
vn -0.188200 0.268300 -0.944800
vn -0.206400 0.277600 -0.938300
vn -0.220800 0.280300 -0.934200
vn -0.151600 -0.035900 -0.987800
vn -0.170800 -0.010500 -0.985200
vn -0.147200 -0.012800 -0.989000
vn -0.130400 -0.036300 -0.990800
vn -0.180400 0.023600 -0.983300
vn -0.156400 0.017600 -0.987500
vn -0.130300 0.013300 -0.991400
vn -0.118800 -0.005400 -0.992900
vn -0.107200 -0.021200 -0.994000
vn -0.047800 0.014800 -0.998700
vn -0.083200 -0.001600 -0.996500
vn -0.094900 0.010800 -0.995400
vn -0.079400 0.025800 -0.996500
vn -0.117700 0.028900 -0.992600
vn -0.101600 0.042500 -0.993900
vn -0.181300 0.069400 -0.981000
vn -0.127800 0.057000 -0.990200
vn -0.148000 0.042900 -0.988100
vn -0.182500 0.055000 -0.981700
vn -0.316800 -0.273100 -0.908300
vn -0.284200 -0.283200 -0.916000
vn -0.293300 -0.230400 -0.927800
vn -0.364000 -0.168500 -0.916000
vn -0.268700 -0.246100 -0.931300
vn -0.258500 -0.255800 -0.931500
vn -0.246200 -0.262800 -0.932900
vn -0.257900 -0.216000 -0.941700
vn -0.269200 -0.169400 -0.948100
vn -0.340400 -0.152500 -0.927800
vn -0.411100 -0.075700 -0.908400
vn -0.261900 -0.264300 -0.928200
vn -0.211200 -0.202000 -0.956300
vn -0.231300 -0.234900 -0.944100
vn -0.239700 -0.258600 -0.935800
vn -0.185900 -0.164300 -0.968700
vn -0.226800 -0.180100 -0.957100
vn -0.241000 -0.250800 -0.937500
vn -0.247800 -0.243300 -0.937800
vn -0.383300 -0.183800 -0.905100
vn -0.291500 -0.213200 -0.932500
vn -0.263500 -0.226200 -0.937800
vn -0.303900 -0.195600 -0.932400
vn -0.445100 0.116200 -0.887900
vn -0.412400 0.065900 -0.908600
vn -0.426800 0.068100 -0.901800
vn -0.443900 0.102100 -0.890200
vn -0.392800 0.031200 -0.919100
vn -0.414800 0.035800 -0.909200
vn -0.428500 0.038100 -0.902700
vn -0.437600 0.058300 -0.897300
vn -0.448600 0.082800 -0.889900
vn -0.401900 0.136400 -0.905500
vn -0.439700 0.082700 -0.894300
vn -0.430900 0.052300 -0.900900
vn -0.413200 0.057100 -0.908800
vn -0.425200 0.027900 -0.904700
vn -0.416300 0.031100 -0.908700
vn -0.359500 0.001700 -0.933100
vn -0.399300 0.016000 -0.916700
vn -0.407500 0.013900 -0.913100
vn -0.377400 0.004400 -0.926000
vn -0.482100 0.020500 -0.875900
vn -0.505500 0.024100 -0.862500
vn -0.503100 0.018800 -0.864000
vn -0.480300 0.024600 -0.876800
vn -0.517600 0.026700 -0.855200
vn -0.515500 0.014200 -0.856800
vn -0.512400 0.017400 -0.858600
vn -0.499600 0.029300 -0.865800
vn -0.474400 0.045300 -0.879100
vn -0.454800 0.110700 -0.883700
vn -0.464500 0.071400 -0.882700
vn -0.493800 0.040900 -0.868600
vn -0.475800 0.032200 -0.879000
vn -0.506600 0.011400 -0.862100
vn -0.484900 -0.006300 -0.874500
vn -0.457300 0.117400 -0.881600
vn -0.422800 0.061700 -0.904100
vn -0.408900 0.056700 -0.910800
vn -0.447100 0.133200 -0.884500
vn -0.402300 0.082600 -0.911800
vn -0.366400 0.042400 -0.929500
vn -0.364800 0.019100 -0.930900
vn -0.353900 0.015500 -0.935200
vn -0.542600 -0.120000 -0.831400
vn -0.486800 -0.091100 -0.868700
vn -0.449500 -0.038900 -0.892400
vn -0.525400 -0.050200 -0.849400
vn -0.406800 -0.068800 -0.910900
vn -0.350100 -0.018200 -0.936500
vn -0.284300 0.011100 -0.958700
vn -0.407000 -0.004900 -0.913400
vn -0.515400 -0.013900 -0.856800
vn -0.454600 -0.093200 -0.885800
vn -0.405200 -0.025900 -0.913900
vn -0.415700 -0.026500 -0.909100
vn -0.473300 -0.082500 -0.877000
vn -0.340100 0.015500 -0.940300
vn -0.351900 0.004800 -0.936000
vn -0.367500 -0.023800 -0.929700
vn -0.416700 -0.048500 -0.907700
vn -0.475000 -0.090200 -0.875400
vn -0.493600 -0.099000 -0.864000
vn -0.474700 -0.097500 -0.874700
vn -0.354200 -0.073800 -0.932300
vn -0.337500 -0.061100 -0.939300
vn -0.286100 -0.060300 -0.956300
vn -0.232800 -0.091500 -0.968200
vn -0.253800 -0.072900 -0.964500
vn -0.237900 -0.047800 -0.970100
vn -0.401900 -0.044000 -0.914600
vn -0.417500 -0.083900 -0.904800
vn -0.431200 -0.217300 -0.875700
vn -0.393100 0.079200 -0.916100
vn -0.408400 0.033700 -0.912200
vn -0.427500 0.029300 -0.903500
vn -0.400900 -0.009600 -0.916100
vn -0.375500 -0.084200 -0.923000
vn -0.394300 -0.132300 -0.909400
vn -0.425100 -0.201000 -0.882500
vn -0.409400 -0.166000 -0.897100
vn -0.411700 -0.181900 -0.893000
vn -0.371800 -0.113900 -0.921300
vn -0.358400 -0.094300 -0.928800
vn -0.347100 -0.060600 -0.935900
vn -0.313300 -0.025400 -0.949300
vn -0.349100 -0.080200 -0.933700
vn -0.410500 -0.150400 -0.899400
vn -0.277200 0.004100 -0.960800
vn -0.261300 -0.004900 -0.965200
vn -0.291700 -0.048000 -0.955300
vn -0.389100 -0.127700 -0.912300
vn -0.207800 -0.002100 -0.978200
vn -0.213200 -0.014600 -0.976900
vn -0.243800 -0.024400 -0.969500
vn -0.176100 0.006600 -0.984400
vn -0.182000 -0.009400 -0.983300
vn -0.191400 -0.046200 -0.980400
vn -0.211200 -0.050600 -0.976100
vn -0.239200 -0.054500 -0.969400
vn -0.105600 0.112200 -0.988100
vn -0.167300 0.039600 -0.985100
vn -0.178400 -0.009100 -0.983900
vn -0.143100 0.031600 -0.989200
vn -0.238100 0.027700 -0.970900
vn -0.265300 0.040800 -0.963300
vn -0.080400 -0.290300 -0.953600
vn -0.130300 -0.198600 -0.971400
vn -0.085500 -0.205400 -0.974900
vn -0.254600 -0.012900 -0.966900
vn -0.193200 0.008200 -0.981100
vn -0.193600 0.019600 -0.980900
vn -0.236100 0.016500 -0.971600
vn -0.155200 0.021500 -0.987700
vn -0.166200 0.023300 -0.985800
vn -0.180100 0.020100 -0.983400
vn -0.195900 0.020900 -0.980400
vn -0.222000 0.023500 -0.974800
vn -0.223900 0.015000 -0.974500
vn -0.202400 0.011000 -0.979200
vn -0.175900 0.014200 -0.984300
vn -0.144200 0.022000 -0.989300
vn -0.116400 0.035100 -0.992600
vn -0.429300 0.041100 -0.902200
vn -0.428100 0.147200 -0.891700
vn -0.384500 0.139500 -0.912500
vn -0.395000 0.066500 -0.916300
vn -0.386900 0.181900 -0.904000
vn -0.362100 0.179500 -0.914700
vn -0.303700 0.077100 -0.949600
vn 0.198500 0.717000 -0.668200
vn 0.585500 0.808600 -0.057900
vn 0.285300 0.747700 -0.599600
vn 0.156900 0.684600 -0.711800
vn 0.676100 0.712600 0.187400
vn 0.615500 0.777900 -0.126500
vn -0.313900 0.080000 -0.946100
vn -0.276200 0.061200 -0.959200
vn -0.312700 0.058000 -0.948100
vn -0.340500 0.039800 -0.939400
vn -0.355000 0.056000 -0.933200
vn -0.374300 0.011000 -0.927200
vn -0.409300 -0.042900 -0.911400
vn -0.386100 -0.020000 -0.922200
vn -0.323100 0.024900 -0.946000
vn -0.516200 -0.101300 -0.850500
vn -0.594300 -0.139200 -0.792100
vn -0.570200 -0.142200 -0.809100
vn -0.518000 -0.122800 -0.846500
vn -0.584100 -0.152600 -0.797200
vn -0.618100 -0.164400 -0.768800
vn -0.624900 -0.161000 -0.763900
vn -0.600100 -0.166400 -0.782400
vn -0.581700 -0.162800 -0.797000
vn -0.615700 -0.161300 -0.771300
vn -0.594600 -0.144700 -0.790900
vn -0.613400 -0.169000 -0.771500
vn -0.599300 -0.171500 -0.781900
vn -0.406200 0.039100 -0.913000
vn -0.433600 0.022900 -0.900800
vn -0.434700 0.046100 -0.899400
vn -0.411000 0.064300 -0.909400
vn -0.466800 0.000400 -0.884400
vn -0.463600 0.020500 -0.885800
vn -0.461300 0.050800 -0.885800
vn -0.439300 0.080400 -0.894700
vn -0.417800 0.100500 -0.903000
vn -0.423200 0.114400 -0.898800
vn -0.424200 0.096100 -0.900500
vn -0.420000 0.040200 -0.906700
vn -0.388300 0.031000 -0.921000
vn -0.384900 0.097900 -0.917800
vn -0.391500 -0.127100 -0.911300
vn -0.401500 -0.137400 -0.905500
vn -0.416800 -0.092900 -0.904200
vn -0.410700 -0.081000 -0.908200
vn -0.411000 -0.156600 -0.898100
vn -0.424500 -0.110100 -0.898700
vn -0.437300 -0.056900 -0.897500
vn -0.433100 -0.032100 -0.900800
vn -0.429900 -0.019400 -0.902700
vn -0.433600 0.118200 -0.893300
vn -0.440700 0.045400 -0.896500
vn -0.399100 0.022300 -0.916600
vn -0.365300 0.101100 -0.925400
vn -0.387700 -0.044900 -0.920700
vn -0.353200 -0.040800 -0.934700
vn -0.320600 0.042400 -0.946300
vn -0.295300 0.099200 -0.950200
vn -0.321200 0.149800 -0.935100
vn -0.359800 0.078400 -0.929700
vn -0.396100 -0.003700 -0.918200
vn -0.410300 -0.012500 -0.911900
vn -0.407000 -0.004600 -0.913400
vn -0.425000 -0.063600 -0.902900
vn -0.439000 -0.112600 -0.891400
vn -0.430200 -0.051400 -0.901300
vn -0.450200 -0.095100 -0.887800
vn -0.450300 -0.099000 -0.887400
vn -0.422100 -0.053600 -0.904900
vn -0.388700 0.074500 -0.918400
vn -0.380600 0.052200 -0.923300
vn -0.397600 0.111600 -0.910700
vn -0.379600 0.115200 -0.918000
vn -0.362100 0.091400 -0.927600
vn -0.350100 0.064200 -0.934500
vn -0.243100 0.014700 -0.969900
vn -0.314700 0.063700 -0.947100
vn -0.343300 0.089700 -0.934900
vn -0.332600 0.032000 -0.942500
vn -0.371800 0.117800 -0.920800
vn -0.373300 0.066900 -0.925300
vn -0.401000 0.075900 -0.912900
vn -0.401600 0.124900 -0.907300
vn -0.480200 0.097200 -0.871800
vn -0.501900 0.113800 -0.857400
vn -0.505900 0.074300 -0.859400
vn -0.482600 0.051400 -0.874300
vn -0.511200 0.112800 -0.852000
vn -0.518400 0.079800 -0.851400
vn -0.517900 0.062800 -0.853100
vn -0.505100 0.051900 -0.861500
vn -0.483700 0.033900 -0.874600
vn -0.483100 0.026600 -0.875200
vn -0.505400 0.038200 -0.862000
vn -0.519200 0.048600 -0.853300
vn -0.329300 -0.242800 -0.912500
vn -0.336500 -0.241600 -0.910200
vn -0.311300 -0.133600 -0.940900
vn -0.332100 0.301400 -0.893800
vn -0.300500 0.227600 -0.926200
vn -0.319500 0.129000 -0.938800
vn -0.343000 0.177400 -0.922400
vn -0.292600 -0.062800 -0.954200
vn -0.433000 -0.111500 -0.894500
vn -0.412200 -0.021900 -0.910800
vn -0.451700 -0.028500 -0.891700
vn -0.433200 0.065800 -0.898900
vn -0.279000 -0.105600 -0.954400
vn -0.263700 -0.145600 -0.953600
vn -0.289400 -0.099600 -0.952000
vn -0.285700 -0.073800 -0.955500
vn -0.286300 -0.170400 -0.942900
vn -0.314000 -0.133300 -0.940000
vn -0.339700 -0.098500 -0.935400
vn -0.331300 -0.067200 -0.941100
vn -0.325700 -0.048600 -0.944200
vn -0.413900 -0.030100 -0.909800
vn -0.368400 -0.032400 -0.929100
vn -0.375400 -0.056000 -0.925200
vn -0.404500 -0.056700 -0.912800
vn -0.378600 -0.104500 -0.919600
vn -0.407200 -0.110200 -0.906600
vn -0.408500 -0.162800 -0.898100
vn -0.361400 -0.155200 -0.919400
vn -0.332900 -0.188100 -0.924000
vn -0.388300 -0.109000 -0.915100
vn -0.367700 -0.142700 -0.918900
vn -0.368000 -0.147100 -0.918100
vn -0.390900 -0.065300 -0.918100
vn -0.370700 -0.107700 -0.922500
vn -0.349600 -0.142200 -0.926000
vn -0.341800 -0.176100 -0.923100
vn -0.340500 -0.163400 -0.926000
vn -0.275500 -0.183200 -0.943700
vn -0.311200 -0.174500 -0.934200
vn -0.318700 -0.194100 -0.927800
vn -0.302300 -0.209800 -0.929800
vn -0.341600 -0.144600 -0.928700
vn -0.335500 -0.156400 -0.929000
vn -0.409400 -0.030000 -0.911900
vn -0.370000 -0.088400 -0.924800
vn -0.370500 -0.073600 -0.925900
vn -0.396600 -0.021300 -0.917800
vn -0.446500 0.023900 -0.894500
vn -0.453300 -0.037700 -0.890600
vn -0.425400 -0.055700 -0.903300
vn -0.461100 0.027800 -0.886900
vn -0.466700 -0.030800 -0.883900
vn -0.466300 -0.056000 -0.882900
vn -0.454900 -0.056700 -0.888700
vn -0.431300 -0.056300 -0.900400
vn -0.422700 -0.041900 -0.905300
vn -0.429400 -0.048700 -0.901800
vn -0.454900 -0.061900 -0.888400
vn -0.452000 -0.073100 -0.889000
vn -0.468500 -0.066200 -0.881000
vn -0.468400 -0.083700 -0.879500
vn -0.498700 0.008800 -0.866700
vn -0.481300 -0.062600 -0.874300
vn -0.473500 -0.042100 -0.879800
vn -0.470800 0.016800 -0.882100
vn -0.349300 0.042500 -0.936100
vn -0.401900 0.030700 -0.915200
vn -0.412600 0.012700 -0.910800
vn -0.386200 0.028200 -0.922000
vn -0.432400 0.040300 -0.900800
vn -0.437300 0.014800 -0.899200
vn -0.445000 0.009300 -0.895500
vn -0.432700 0.009800 -0.901500
vn -0.420000 0.019200 -0.907300
vn -0.453500 0.017900 -0.891100
vn -0.458300 0.017600 -0.888600
vn -0.462000 0.018000 -0.886700
vn -0.460200 0.029900 -0.887300
vn -0.454800 0.061900 -0.888500
vn -0.347800 0.145700 -0.926200
vn -0.413400 0.158700 -0.896600
vn -0.432900 0.122800 -0.893000
vn -0.402000 0.124200 -0.907200
vn -0.443100 0.172800 -0.879600
vn -0.450400 0.129800 -0.883300
vn -0.455000 0.108000 -0.883900
vn -0.446000 0.109600 -0.888300
vn -0.427300 0.123100 -0.895700
vn -0.431700 0.134000 -0.892000
vn -0.450000 0.104700 -0.886900
vn -0.455700 0.101200 -0.884300
vn -0.454200 0.125300 -0.882100
vn -0.452700 0.163200 -0.876600
vn -0.460500 0.173000 -0.870700
vn -0.445600 0.171500 -0.878700
vn -0.427400 0.138700 -0.893400
vn -0.471300 0.196600 -0.859800
vn -0.456700 0.199900 -0.866900
vn -0.441400 0.203300 -0.874000
vn -0.424700 0.183900 -0.886500
vn -0.403700 0.154800 -0.901700
vn -0.380400 0.164300 -0.910100
vn -0.410900 0.191200 -0.891400
vn -0.438600 0.205000 -0.875000
vn -0.455900 0.197300 -0.867900
vn -0.469000 0.180800 -0.864500
vn -0.362100 0.114200 -0.925100
vn -0.318800 0.164600 -0.933400
vn -0.335900 0.177600 -0.925000
vn -0.347600 0.115600 -0.930500
vn -0.314600 0.150800 -0.937200
vn -0.301800 0.157600 -0.940200
vn -0.305200 0.167700 -0.937400
vn -0.318500 0.177200 -0.931200
vn -0.342000 0.087900 -0.935600
vn -0.355800 -0.043100 -0.933600
vn -0.330600 0.054500 -0.942200
vn -0.342100 0.112600 -0.932900
vn -0.357600 -0.315700 -0.878900
vn -0.352800 -0.057100 -0.934000
vn -0.309200 -0.022400 -0.950700
vn -0.306500 0.061600 -0.949900
vn -0.381800 0.052300 -0.922800
vn -0.360000 0.065800 -0.930600
vn -0.414400 0.038100 -0.909300
vn -0.417200 0.057700 -0.907000
vn -0.393400 0.079200 -0.915900
vn -0.384700 0.088200 -0.918800
vn -0.419800 0.101300 -0.902000
vn -0.428900 0.084800 -0.899400
vn -0.442800 0.057000 -0.894800
vn -0.451800 0.028000 -0.891700
vn -0.271000 -0.261500 -0.926400
vn -0.262200 -0.257500 -0.930000
vn -0.247200 -0.270100 -0.930600
vn -0.267900 0.255800 -0.928900
vn -0.249100 0.258500 -0.933300
vn -0.257300 0.156900 -0.953500
vn -0.276600 0.151700 -0.948900
vn -0.252000 0.245900 -0.936000
vn -0.243200 0.148200 -0.958600
vn -0.285500 -0.228500 -0.930700
vn -0.287700 -0.272100 -0.918300
vn -0.284900 -0.277100 -0.917600
vn -0.291400 -0.254600 -0.922100
vn -0.281400 -0.296200 -0.912700
vn -0.279100 -0.290600 -0.915200
vn -0.277900 -0.286400 -0.916900
vn -0.282800 -0.279600 -0.917500
vn -0.291600 -0.266100 -0.918800
vn -0.285700 -0.266500 -0.920500
vn -0.289200 -0.232000 -0.928700
vn -0.304900 -0.176700 -0.935900
vn -0.279900 -0.230200 -0.932000
vn -0.282100 -0.184600 -0.941400
vn -0.293600 -0.176800 -0.939400
vn -0.317100 -0.145700 -0.937100
vn -0.192000 -0.078100 -0.978300
vn -0.265600 -0.062600 -0.962000
vn -0.290500 -0.061500 -0.954900
vn -0.263600 -0.083000 -0.961000
vn -0.328300 -0.042000 -0.943600
vn -0.333500 -0.044300 -0.941700
vn -0.336500 -0.023300 -0.941400
vn -0.311600 -0.023700 -0.949900
vn -0.301700 -0.031000 -0.952900
vn -0.326300 0.015600 -0.945100
vn -0.341300 0.012200 -0.939900
vn -0.372300 0.030900 -0.927600
vn -0.361600 -0.002700 -0.932300
vn -0.386700 0.014500 -0.922100
vn -0.401000 -0.013200 -0.916000
vn -0.377100 -0.026100 -0.925800
vn -0.383500 -0.034300 -0.922900
vn -0.386900 -0.072200 -0.919300
vn -0.374600 -0.075500 -0.924100
vn -0.394000 -0.054000 -0.917500
vn -0.353100 -0.052500 -0.934100
vn -0.331100 -0.067700 -0.941200
vn -0.316700 -0.073000 -0.945700
vn -0.252200 -0.054900 -0.966100
vn -0.282100 -0.050000 -0.958100
vn -0.331200 -0.035600 -0.942900
vn -0.388700 -0.036100 -0.920700
vn -0.336200 0.074900 -0.938800
vn -0.314200 0.076700 -0.946300
vn -0.308600 0.059200 -0.949400
vn -0.331800 0.104000 -0.937600
vn -0.313500 0.102900 -0.944000
vn -0.288100 0.101500 -0.952200
vn -0.279100 0.086200 -0.956400
vn -0.269400 0.072200 -0.960300
vn -0.230400 0.080500 -0.969800
vn -0.248300 0.098300 -0.963700
vn -0.240900 0.101800 -0.965200
vn -0.276800 0.116500 -0.953800
vn -0.271400 0.123000 -0.954600
vn -0.301300 0.139900 -0.943200
vn -0.305800 0.127600 -0.943500
vn -0.331400 0.133900 -0.933900
vn -0.333200 0.149000 -0.931000
vn -0.296500 0.156500 -0.942100
vn -0.296300 0.148500 -0.943500
vn -0.317100 0.189300 -0.929300
vn -0.290000 0.193300 -0.937300
vn -0.270100 0.196100 -0.942600
vn -0.265600 0.175300 -0.948000
vn -0.263600 0.164000 -0.950600
vn -0.238200 0.179200 -0.954500
vn -0.244500 0.199400 -0.948900
vn -0.235200 0.216900 -0.947400
vn -0.255300 0.222800 -0.940800
vn -0.247200 0.241000 -0.938500
vn -0.293300 0.249600 -0.922900
vn -0.264200 0.257000 -0.929600
vn -0.276600 0.235100 -0.931800
vn -0.304800 0.234400 -0.923100
vn -0.288600 -0.202900 -0.935700
vn -0.268200 -0.167600 -0.948700
vn -0.264800 -0.176900 -0.948000
vn -0.298600 -0.169600 -0.939200
vn -0.277800 -0.135800 -0.951000
vn -0.254200 -0.110900 -0.960800
vn -0.240200 -0.121200 -0.963100
vn -0.233200 -0.128400 -0.963900
vn -0.160300 -0.088400 -0.983100
vn -0.197900 -0.092000 -0.975900
vn -0.216800 -0.080900 -0.972900
vn -0.206300 -0.061000 -0.976600
vn -0.245900 -0.079300 -0.966000
vn -0.240000 -0.063000 -0.968700
vn -0.270500 -0.075000 -0.959800
vn -0.277700 -0.099500 -0.955500
vn -0.301700 -0.137000 -0.943500
vn -0.271800 -0.057600 -0.960600
vn -0.263200 -0.055300 -0.963100
vn -0.266100 -0.026900 -0.963600
vn -0.252600 -0.031500 -0.967000
vn -0.236800 -0.038300 -0.970800
vn -0.237300 -0.052200 -0.970000
vn -0.210000 -0.048300 -0.976500
vn -0.194700 -0.046700 -0.979700
vn -0.220500 -0.028300 -0.975000
vn -0.208200 -0.021700 -0.977800
vn -0.220200 0.007500 -0.975400
vn -0.238100 -0.010100 -0.971200
vn -0.260900 0.004900 -0.965300
vn -0.193800 -0.046700 -0.979900
vn -0.234600 0.014200 -0.972000
vn -0.248000 -0.053100 -0.967300
vn -0.226800 -0.074200 -0.971100
vn -0.280400 0.020800 -0.959700
vn -0.278500 -0.060100 -0.958600
vn -0.278500 -0.095000 -0.955700
vn -0.259400 -0.092500 -0.961300
vn -0.243100 -0.096000 -0.965200
vn -0.256200 -0.121300 -0.959000
vn -0.276200 -0.118200 -0.953800
vn -0.298700 -0.128900 -0.945600
vn -0.294500 -0.108700 -0.949500
vn -0.312800 -0.120300 -0.942200
vn -0.330200 -0.108700 -0.937600
vn -0.310200 -0.083400 -0.947000
vn -0.325800 -0.010400 -0.945400
vn -0.124100 -0.105600 -0.986600
vn -0.111200 -0.153700 -0.981800
vn -0.108500 -0.122600 -0.986500
vn -0.122000 -0.078500 -0.989400
vn -0.097600 -0.194900 -0.975900
vn -0.096200 -0.154500 -0.983300
vn -0.098800 -0.131500 -0.986400
vn -0.110900 -0.101700 -0.988600
vn -0.125600 -0.066500 -0.989800
vn -0.142500 -0.052700 -0.988400
vn -0.119400 -0.066800 -0.990600
vn -0.145700 0.011300 -0.989300
vn -0.104000 -0.085600 -0.990900
vn -0.113400 0.002000 -0.993500
vn -0.212300 -0.030700 -0.976700
vn -0.257900 0.031700 -0.965700
vn -0.251300 0.084300 -0.964200
vn -0.219900 -0.065000 -0.973400
vn -0.285900 0.077000 -0.955200
vn -0.279300 0.112400 -0.953600
vn -0.257700 0.216300 -0.941700
vn -0.256600 0.217900 -0.941600
vn -0.214100 0.474800 -0.853700
vn -0.233400 0.303300 -0.923900
vn -0.215700 -0.077900 -0.973300
vn -0.234500 -0.053200 -0.970700
vn -0.016200 0.063700 -0.997800
vn -0.013100 0.102600 -0.994600
vn -0.026300 0.097000 -0.994900
vn -0.032700 0.084000 -0.995900
vn -0.019600 0.123400 -0.992200
vn -0.023200 0.101700 -0.994500
vn -0.029400 0.083100 -0.996100
vn -0.036500 0.077700 -0.996300
vn -0.044400 0.073200 -0.996300
vn -0.052000 0.041500 -0.997800
vn -0.036000 0.042000 -0.998500
vn -0.016600 0.002800 -0.999900
vn -0.021300 0.051500 -0.998400
vn -0.003200 0.006800 -1.000000
vn -0.012900 0.124400 -0.992100
vn 0.021400 0.120300 -0.992500
vn 0.062200 0.122600 -0.990500
vn 0.053900 0.141500 -0.988500
vn 0.032400 0.121800 -0.992000
vn 0.063500 0.112000 -0.991700
vn 0.069800 0.111000 -0.991400
vn 0.072700 0.123100 -0.989700
vn 0.074700 0.143000 -0.986900
vn 0.023800 0.087500 -0.995900
vn 0.062900 0.126500 -0.990000
vn 0.051600 0.108800 -0.992700
vn -0.000300 0.079500 -0.996800
vn 0.045800 0.097200 -0.994200
vn -0.008800 0.073700 -0.997200
vn -0.022800 0.074500 -0.997000
vn 0.040100 0.098300 -0.994400
vn 0.006200 0.121500 -0.992600
vn -0.062600 0.118300 -0.991000
vn -0.035400 0.126100 -0.991400
vn -0.123100 0.140300 -0.982400
vn -0.100600 0.146800 -0.984000
vn -0.079200 0.154000 -0.984900
vn -0.020700 0.139200 -0.990000
vn -0.039500 0.154500 -0.987200
vn -0.072400 0.178800 -0.981200
vn -0.097500 0.172700 -0.980100
vn -0.112600 0.184300 -0.976400
vn -0.168300 0.182900 -0.968600
vn -0.151300 0.172700 -0.973300
vn -0.177900 0.164800 -0.970100
vn 0.118100 -0.130900 -0.984300
vn 0.044100 -0.081700 -0.995700
vn -0.023100 -0.071000 -0.997200
vn 0.059200 -0.131900 -0.989500
vn -0.013900 -0.037700 -0.999200
vn 0.004700 -0.036300 -0.999300
vn 0.005400 -0.035500 -0.999400
vn -0.106800 -0.031500 -0.993800
vn -0.209600 -0.017900 -0.977600
vn -0.119900 -0.054800 -0.991300
vn -0.046000 -0.116700 -0.992100
vn -0.091900 0.014200 -0.995700
vn -0.090600 0.005900 -0.995900
vn -0.054800 -0.023200 -0.998200
vn -0.060100 -0.005800 -0.998200
vn -0.119600 0.002400 -0.992800
vn -0.102100 -0.031200 -0.994300
vn -0.097500 -0.073900 -0.992500
vn -0.094500 -0.055100 -0.994000
vn -0.123000 -0.138500 -0.982700
vn -0.119100 -0.126700 -0.984800
vn -0.137000 -0.073200 -0.987900
vn -0.186700 -0.152700 -0.970500
vn -0.125400 -0.066200 -0.989900
vn -0.106500 -0.012800 -0.994200
vn -0.089000 0.032800 -0.995500
vn -0.155200 0.042900 -0.986900
vn -0.205200 0.050400 -0.977400
vn -0.211900 -0.081400 -0.973900
vn -0.272200 -0.188300 -0.943600
vn -0.114100 0.068100 -0.991100
vn -0.136700 0.013400 -0.990500
vn -0.091400 0.106400 -0.990100
vn 0.006100 0.031100 -0.999500
vn 0.002700 0.013700 -0.999900
vn -0.010700 0.035300 -0.999300
vn -0.004800 0.055800 -0.998400
vn -0.445400 -0.083900 -0.891400
vn -0.524600 0.011500 -0.851300
vn -0.415400 -0.108300 -0.903200
vn -0.318900 -0.096000 -0.942900
vn -0.472500 0.133600 -0.871100
vn -0.342800 0.151400 -0.927100
vn -0.428200 0.141000 -0.892600
vn -0.224000 -0.002900 -0.974600
vn -0.268400 0.023200 -0.963000
vn -0.241800 0.002000 -0.970300
vn -0.351200 0.036400 -0.935600
vn -0.444200 0.065300 -0.893600
vn -0.306500 0.019900 -0.951700
vn -0.226100 -0.018200 -0.973900
vn -0.259800 0.034400 -0.965100
vn -0.049500 0.034800 -0.998200
vn -0.036300 0.017500 -0.999200
vn 0.010400 0.069500 -0.997500
vn -0.119800 0.004800 -0.992800
vn -0.113300 -0.018600 -0.993400
vn -0.121800 -0.022600 -0.992300
vn -0.088600 0.006200 -0.996000
vn -0.053900 0.050200 -0.997300
vn -0.324700 -0.007500 -0.945800
vn -0.255200 -0.019800 -0.966700
vn -0.188400 -0.013700 -0.982000
vn -0.388700 0.030300 -0.920900
vn -0.386600 -0.022000 -0.922000
vn -0.406400 -0.032500 -0.913100
vn -0.405000 -0.035100 -0.913600
vn -0.156300 -0.032100 -0.987200
vn -0.088700 0.033400 -0.995500
vn -0.102500 0.026300 -0.994400
vn -0.084700 0.059100 -0.994700
vn -0.117500 0.049700 -0.991800
vn -0.156500 0.051700 -0.986300
vn -0.132500 0.026400 -0.990800
vn -0.039400 0.048100 -0.998100
vn -0.037500 0.014300 -0.999200
vn -0.011500 0.019800 -0.999700
vn -0.064300 0.041900 -0.997100
vn -0.063900 0.012400 -0.997900
vn -0.056100 0.002800 -0.998400
vn -0.035800 0.002800 -0.999400
vn -0.010400 0.003400 -0.999900
vn -0.009000 0.016200 -0.999800
vn -0.011200 0.005000 -0.999900
vn -0.039400 0.008000 -0.999200
vn -0.044200 0.015700 -0.998900
vn -0.069500 0.008400 -0.997500
vn -0.080900 0.016600 -0.996600
vn -0.122900 0.028000 -0.992000
vn -0.094000 0.016700 -0.995400
vn -0.104000 0.044100 -0.993600
vn -0.241500 -0.087000 -0.966500
vn -0.177300 -0.120100 -0.976800
vn -0.287600 -0.038500 -0.957000
vn -0.249000 -0.035400 -0.967800
vn -0.211600 -0.061900 -0.975400
vn -0.164400 -0.086800 -0.982600
vn -0.152500 -0.051200 -0.987000
vn -0.192900 -0.027300 -0.980800
vn -0.197300 -0.014600 -0.980200
vn -0.251000 -0.005900 -0.968000
vn -0.253400 0.007300 -0.967300
vn -0.304700 0.027800 -0.952100
vn -0.299600 0.005400 -0.954100
vn -0.315700 -0.016900 -0.948700
vn -0.273100 0.008900 -0.961900
vn -0.213000 -0.007900 -0.977000
vn -0.340100 0.007600 -0.940400
vn -0.308800 0.034400 -0.950500
vn -0.276700 0.059100 -0.959100
vn -0.243000 0.046100 -0.968900
vn -0.200200 0.023700 -0.979500
vn -0.196200 0.039200 -0.979800
vn -0.233800 0.066700 -0.970000
vn -0.280100 0.076300 -0.956900
vn -0.321500 0.050500 -0.945600
vn -0.352000 0.022900 -0.935700
vn -0.298100 -0.230300 -0.926300
vn -0.302400 -0.246800 -0.920700
vn -0.312100 -0.224800 -0.923000
vn -0.309900 -0.202100 -0.929000
vn -0.312900 -0.182100 -0.932200
vn -0.279700 -0.179400 -0.943200
vn -0.308000 -0.222500 -0.925000
vn -0.274800 -0.224200 -0.935000
vn -0.268000 -0.251100 -0.930100
vn -0.295900 -0.250200 -0.921900
vn -0.354100 0.196400 -0.914400
vn -0.381800 0.212300 -0.899500
vn -0.336600 0.185600 -0.923200
vn -0.351800 0.190100 -0.916600
vn -0.366300 0.207000 -0.907200
vn -0.383600 0.226200 -0.895400
vn -0.340500 0.236100 -0.910100
vn -0.351900 0.231800 -0.906900
vn -0.326700 0.233600 -0.915800
vn -0.380400 0.222800 -0.897600
vn -0.381300 0.229800 -0.895400
vn -0.383800 0.238500 -0.892100
vn -0.369500 0.235400 -0.898900
vn -0.353500 0.225400 -0.907800
vn -0.395700 0.229000 -0.889400
vn -0.403300 0.199000 -0.893100
vn -0.392100 0.238300 -0.888500
vn -0.467800 0.164500 -0.868400
vn -0.475400 0.188400 -0.859400
vn -0.482600 0.195200 -0.853800
vn -0.484200 0.201400 -0.851500
vn -0.487500 0.198000 -0.850400
vn -0.483600 0.196000 -0.853100
vn -0.481100 0.171400 -0.859700
vn -0.476900 0.178400 -0.860700
vn -0.460800 0.082500 -0.883600
vn -0.472800 0.146400 -0.869000
vn -0.466200 0.066000 -0.882200
vn -0.480100 0.128900 -0.867700
vn -0.488500 0.163800 -0.857100
vn -0.485000 0.180500 -0.855700
vn -0.473600 -0.264600 -0.840100
vn -0.464500 -0.280000 -0.840200
vn -0.521200 -0.345000 -0.780600
vn -0.516200 -0.391500 -0.761700
vn -0.505300 -0.391400 -0.769100
vn -0.467400 -0.296700 -0.832800
vn -0.467200 -0.316300 -0.825600
vn -0.502900 -0.405600 -0.763300
vn -0.525200 -0.434800 -0.731500
vn -0.543400 -0.438300 -0.716000
vn -0.370800 -0.040100 -0.927800
vn -0.340500 -0.053200 -0.938700
vn -0.414200 -0.039600 -0.909300
vn -0.285400 -0.058600 -0.956600
vn -0.244100 -0.054300 -0.968200
vn -0.031000 -0.047000 -0.998400
vn -0.170600 -0.039300 -0.984600
vn -0.401900 -0.054100 -0.914100
vn -0.403600 -0.051000 -0.913500
vn -0.400100 -0.037800 -0.915700
vn -0.394400 -0.039000 -0.918100
vn -0.390600 -0.034600 -0.919900
vn -0.086400 -0.004900 -0.996200
vn 0.032500 -0.008300 -0.999400
vn -0.042300 0.038200 -0.998400
vn 0.070200 0.044000 -0.996600
vn -0.464200 -0.078700 -0.882200
vn -0.197300 -0.048800 -0.979100
vn -0.176100 -0.053400 -0.982900
vn 0.059100 -0.105700 -0.992600
vn -0.056900 -0.111900 -0.992100
vn -0.475700 -0.091700 -0.874800
vn -0.159000 0.074200 -0.984500
vn -0.173300 0.032200 -0.984300
vn -0.157200 -0.012200 -0.987500
vn -0.155900 -0.023100 -0.987500
vn -0.325500 -0.007800 -0.945500
vn -0.311600 -0.004200 -0.950200
vn -0.327200 -0.002600 -0.945000
vn -0.290800 -0.006400 -0.956800
vn -0.283600 -0.001400 -0.958900
vn -0.273600 -0.002800 -0.961800
vn -0.285900 -0.008000 -0.958200
vn -0.298500 -0.017500 -0.954200
vn -0.517700 -0.047600 -0.854200
vn -0.509800 -0.090100 -0.855600
vn -0.514200 -0.011400 -0.857600
vn -0.498500 -0.009800 -0.866800
vn -0.489000 -0.030400 -0.871700
vn -0.477200 -0.060300 -0.876700
vn -0.446300 -0.036900 -0.894100
vn -0.469100 -0.015800 -0.883000
vn -0.475200 -0.029500 -0.879400
vn -0.496300 -0.004200 -0.868100
vn -0.511900 -0.027100 -0.858600
vn -0.416000 -0.170300 -0.893300
vn -0.383900 -0.282400 -0.879100
vn -0.374700 -0.279600 -0.884000
vn -0.377200 -0.273600 -0.884800
vn -0.391600 -0.019400 -0.919900
vn -0.412200 -0.028700 -0.910700
vn -0.391100 -0.019800 -0.920100
vn -0.340100 -0.194500 -0.920000
vn -0.326400 -0.293700 -0.898500
vn -0.361800 -0.042100 -0.931300
vn -0.363600 -0.281000 -0.888100
vn -0.353300 -0.277600 -0.893400
vn -0.381200 -0.243600 -0.891800
vn -0.378600 -0.264800 -0.886900
vn -0.287900 0.176800 -0.941200
vn -0.262100 0.164800 -0.950900
vn -0.260300 0.264400 -0.928600
vn -0.287800 0.103300 -0.952100
vn -0.261100 0.084900 -0.961600
vn -0.247900 0.025800 -0.968400
vn -0.250900 0.125300 -0.959900
vn -0.249500 0.264900 -0.931400
vn -0.127500 0.027100 -0.991500
vn -0.114100 0.046500 -0.992400
vn -0.156600 0.040700 -0.986800
vn -0.137600 0.069600 -0.988000
vn -0.116500 0.090700 -0.989000
vn -0.100500 0.080200 -0.991700
vn -0.160800 0.099000 -0.982000
vn -0.151800 0.095500 -0.983800
vn -0.183400 0.056800 -0.981400
vn -0.120600 0.127800 -0.984400
vn -0.120300 0.118900 -0.985600
vn -0.285600 0.004400 -0.958300
vn -0.313600 -0.033900 -0.948900
vn -0.248200 0.027600 -0.968300
vn -0.601600 -0.064000 -0.796200
vn -0.580300 -0.010800 -0.814300
vn -0.602000 -0.053700 -0.796700
vn -0.584700 -0.067800 -0.808400
vn -0.577700 -0.054800 -0.814400
vn -0.572100 -0.031400 -0.819600
vn -0.237800 0.021900 -0.971100
vn -0.575800 0.002300 -0.817600
vn -0.574000 0.025100 -0.818500
vn -0.034800 -0.057000 -0.997800
vn -0.058400 -0.080500 -0.995000
vn -0.092800 -0.040100 -0.994900
vn -0.018200 -0.114100 -0.993300
vn -0.036300 -0.118700 -0.992300
vn -0.062400 -0.128600 -0.989700
vn -0.088200 -0.104700 -0.990600
vn -0.132400 -0.074900 -0.988400
vn -0.026800 -0.124000 -0.991900
vn -0.016700 -0.124900 -0.992000
vn -0.021100 -0.133400 -0.990800
vn -0.012900 -0.137200 -0.990500
vn -0.056500 -0.105200 -0.992800
vn -0.047200 -0.135700 -0.989600
vn 0.131700 -0.102100 -0.986000
vn 0.268400 -0.151800 -0.951300
vn 0.203100 -0.132500 -0.970200
vn 0.117800 -0.094700 -0.988500
vn -0.361100 -0.377100 -0.852900
vn -0.448300 -0.584100 -0.676700
vn -0.378700 -0.590400 -0.712800
vn -0.310400 -0.467200 -0.827900
vn -0.497600 -0.555900 -0.665900
vn -0.416300 -0.511500 -0.751700
vn 0.035700 -0.058000 -0.997700
vn 0.012600 -0.065900 -0.997700
vn -0.537100 -0.431900 -0.724500
vn -0.430100 -0.389900 -0.814200
vn -0.350100 -0.041600 -0.935800
vn -0.348600 -0.041400 -0.936400
vn -0.398300 -0.047700 -0.916000
vn -0.129400 0.092000 -0.987300
vn -0.113000 0.069500 -0.991200
vn -0.104300 0.100700 -0.989400
vn -0.111900 0.121000 -0.986300
vn -0.167000 -0.131500 -0.977100
vn -0.155300 -0.108200 -0.981900
vn -0.159900 -0.048400 -0.985900
vn -0.151300 -0.171900 -0.973400
vn -0.149300 -0.140800 -0.978700
vn -0.145900 -0.124600 -0.981400
vn -0.147100 -0.098300 -0.984200
vn -0.145200 -0.053900 -0.987900
vn -0.135200 -0.071200 -0.988300
vn -0.138400 -0.108300 -0.984400
vn -0.129100 -0.132400 -0.982700
vn -0.139300 -0.132700 -0.981300
vn -0.132900 -0.142400 -0.980800
vn -0.132600 -0.145100 -0.980500
vn -0.138800 -0.147400 -0.979300
vn -0.137400 -0.167500 -0.976200
vn -0.192100 -0.114500 -0.974700
vn -0.179700 -0.080500 -0.980400
vn -0.191200 -0.120600 -0.974100
vn -0.171500 -0.156000 -0.972800
vn -0.165400 -0.162200 -0.972800
vn -0.149200 -0.137300 -0.979200
vn -0.095300 -0.233300 -0.967700
vn -0.119800 -0.193200 -0.973800
vn -0.140000 -0.207300 -0.968200
vn -0.124100 -0.241400 -0.962400
vn -0.159100 -0.179500 -0.970800
vn -0.147900 -0.216500 -0.965000
vn -0.050700 0.034800 -0.998100
vn -0.024300 0.043100 -0.998800
vn -0.087700 0.034600 -0.995500
vn -0.087400 0.061900 -0.994200
vn -0.063700 0.072900 -0.995300
vn -0.034300 0.084200 -0.995900
vn -0.035900 0.118000 -0.992400
vn -0.078900 0.102300 -0.991600
vn -0.081600 0.105600 -0.991100
vn -0.114200 0.077300 -0.990400
vn -0.132000 0.088500 -0.987300
vn -0.169900 0.070000 -0.983000
vn -0.125900 0.046800 -0.990900
vn -0.292800 0.040900 -0.955300
vn -0.257400 0.055900 -0.964700
vn -0.242800 0.034600 -0.969500
vn -0.252500 0.017100 -0.967400
vn -0.204200 -0.000800 -0.978900
vn -0.207300 0.029200 -0.977800
vn -0.218200 0.060000 -0.974100
vn -0.216000 -0.103500 -0.970900
vn -0.190300 -0.131500 -0.972900
vn -0.230500 -0.101900 -0.967700
vn -0.217800 -0.098800 -0.971000
vn -0.204900 -0.100300 -0.973600
vn -0.186500 -0.114600 -0.975700
vn -0.175700 -0.063500 -0.982400
vn -0.193300 -0.081300 -0.977800
vn -0.179000 -0.083100 -0.980300
vn -0.216700 -0.105000 -0.970600
vn -0.211500 -0.150300 -0.965700
vn -0.240200 -0.176400 -0.954600
vn -0.237400 -0.121900 -0.963700
vn -0.278800 -0.228400 -0.932800
vn -0.284800 -0.270800 -0.919500
vn -0.255700 -0.237000 -0.937200
vn -0.265100 -0.273100 -0.924700
vn -0.268200 -0.300300 -0.915400
vn -0.280200 -0.301300 -0.911400
vn -0.193100 -0.260800 -0.945900
vn -0.205700 -0.294900 -0.933100
vn -0.235000 -0.283100 -0.929900
vn -0.223800 -0.248900 -0.942300
vn -0.219100 -0.317500 -0.922600
vn -0.248500 -0.310400 -0.917600
vn -0.371500 0.144900 -0.917100
vn -0.402300 0.150700 -0.903000
vn -0.376900 0.183900 -0.907800
vn -0.349000 0.185800 -0.918500
vn -0.340400 0.228900 -0.912000
vn -0.380700 0.209600 -0.900600
vn -0.410600 0.173100 -0.895200
vn -0.361300 -0.143100 -0.921400
vn -0.377100 -0.149600 -0.914000
vn -0.341600 -0.135600 -0.930000
vn -0.340800 -0.132700 -0.930700
vn -0.354300 -0.141100 -0.924400
vn -0.369700 -0.157900 -0.915600
vn -0.364300 -0.140500 -0.920600
vn -0.343200 -0.129500 -0.930300
vn -0.328500 -0.128000 -0.935800
vn -0.319400 -0.133600 -0.938200
vn -0.405900 -0.025100 -0.913600
vn -0.367600 -0.013700 -0.929900
vn -0.364900 -0.016400 -0.930900
vn -0.403200 -0.005200 -0.915100
vn -0.375500 0.004400 -0.926800
vn -0.353200 0.014800 -0.935400
vn -0.337700 0.006300 -0.941200
vn -0.330100 0.002600 -0.943900
vn -0.298000 0.027300 -0.954200
vn -0.320400 0.036600 -0.946600
vn -0.348500 0.038700 -0.936500
vn -0.379100 0.030700 -0.924800
vn -0.404000 0.018700 -0.914600
vn -0.504700 -0.151300 -0.849900
vn -0.488300 -0.165400 -0.856800
vn -0.475800 -0.149200 -0.866800
vn -0.524000 -0.171500 -0.834300
vn -0.501700 -0.174100 -0.847300
vn -0.487900 -0.178300 -0.854500
vn -0.479100 -0.176700 -0.859800
vn -0.473100 -0.165800 -0.865200
vn -0.453100 -0.167700 -0.875500
vn -0.465300 -0.179600 -0.866700
vn -0.453000 -0.181200 -0.872900
vn -0.485900 -0.177000 -0.855900
vn -0.484100 -0.174800 -0.857400
vn -0.509700 -0.154100 -0.846400
vn -0.508000 -0.168600 -0.844700
vn -0.532300 -0.163800 -0.830600
vn -0.506100 -0.053300 -0.860800
vn -0.466500 -0.045600 -0.883300
vn -0.535900 -0.056900 -0.842300
vn -0.553200 -0.073900 -0.829800
vn -0.533500 -0.067800 -0.843100
vn -0.506100 -0.053900 -0.860800
vn -0.338000 0.000700 -0.941100
vn -0.365100 0.015200 -0.930800
vn -0.308700 -0.040400 -0.950300
vn -0.322800 -0.038500 -0.945700
vn -0.346500 -0.012500 -0.938000
vn -0.367300 0.022200 -0.929900
vn -0.357700 0.055900 -0.932200
vn -0.347200 -0.015500 -0.937700
vn -0.339900 -0.018000 -0.940300
vn -0.323300 -0.057700 -0.944600
vn -0.337900 -0.048600 -0.939900
vn -0.338600 0.064100 -0.938700
vn -0.333600 -0.110500 -0.936200
vn -0.313500 -0.409500 -0.856700
vn -0.277000 -0.393600 -0.876600
vn -0.276200 -0.540700 -0.794600
vn -0.317400 -0.446200 -0.836700
vn -0.324500 0.153700 -0.933300
vn -0.360600 0.101500 -0.927200
vn -0.368600 -0.000900 -0.929600
vn -0.327700 0.075400 -0.941800
vn -0.401700 0.126300 -0.907000
vn -0.412300 0.153400 -0.898000
vn -0.074700 0.213600 -0.974100
vn 0.088400 0.105200 -0.990500
vn -0.022400 0.151000 -0.988300
vn 0.095700 0.123500 -0.987700
vn -0.003800 0.125000 -0.992200
vn -0.434800 0.076900 -0.897200
vn -0.425100 0.020400 -0.904900
vn -0.474500 -0.030800 -0.879700
vn -0.353200 0.095000 -0.930700
vn -0.375800 0.011900 -0.926600
vn -0.426000 -0.053200 -0.903200
vn -0.445700 0.079500 -0.891600
vn -0.460600 0.102600 -0.881700
vn -0.427500 0.057500 -0.902200
vn -0.425500 0.044200 -0.903900
vn -0.441700 0.058800 -0.895200
vn -0.455100 0.069900 -0.887700
vn -0.449300 0.015400 -0.893200
vn -0.465100 0.012600 -0.885200
vn -0.431600 0.009100 -0.902000
vn -0.445700 -0.034000 -0.894500
vn -0.466100 -0.032200 -0.884200
vn -0.407300 0.028700 -0.912900
vn -0.415900 -0.002900 -0.909400
vn -0.432700 -0.043200 -0.900500
vn -0.404000 0.042700 -0.913800
vn -0.487600 -0.243800 -0.838300
vn -0.496000 -0.202800 -0.844300
vn -0.510200 -0.236000 -0.827100
vn -0.507500 -0.261800 -0.820900
vn 0.601300 0.788100 0.132100
vn 0.648300 0.552800 0.523600
vn -0.530100 -0.326800 -0.782400
vn -0.530800 -0.219900 -0.818500
vn 0.643500 0.506300 0.574100
vn -0.543600 -0.143100 -0.827000
vn -0.575900 -0.170400 -0.799600
vn -0.563300 -0.167500 -0.809100
vn -0.533600 -0.139300 -0.834200
vn -0.525600 -0.141200 -0.838900
vn -0.551400 -0.170600 -0.816600
vn -0.563200 -0.171600 -0.808300
vn -0.493300 -0.152500 -0.856400
vn -0.598900 -0.168100 -0.783000
vn -0.269300 -0.259600 -0.927400
vn -0.166300 -0.214200 -0.962500
vn -0.419900 -0.146000 -0.895700
vn -0.480800 0.012400 -0.876700
vn -0.502200 0.036700 -0.863900
vn -0.486300 0.086000 -0.869600
vn -0.469800 0.078800 -0.879200
vn -0.476100 0.123300 -0.870700
vn -0.488300 0.138500 -0.861600
vn -0.495200 0.120300 -0.860400
vn -0.495500 0.141500 -0.857000
vn -0.478900 0.143500 -0.866100
vn -0.444800 0.101900 -0.889800
vn -0.394700 0.064400 -0.916600
vn -0.419500 0.136900 -0.897400
vn -0.396400 0.202200 -0.895500
vn -0.452400 0.170600 -0.875300
vn -0.460700 0.013500 -0.887500
vn -0.461700 -0.023100 -0.886700
vn -0.451000 -0.026600 -0.892100
vn -0.455800 0.004900 -0.890100
vn -0.384700 0.046600 -0.921900
vn -0.334400 0.019000 -0.942300
vn -0.327200 0.014000 -0.944800
vn -0.363100 0.022600 -0.931500
vn -0.341400 -0.001900 -0.939900
vn -0.303700 -0.002400 -0.952800
vn -0.443700 -0.164000 -0.881000
vn -0.475000 -0.158400 -0.865600
vn -0.456800 -0.121600 -0.881200
vn -0.430900 -0.116500 -0.894900
vn -0.431300 -0.066800 -0.899700
vn -0.466400 -0.092900 -0.879700
vn -0.496900 -0.129100 -0.858100
vn -0.399400 -0.032100 -0.916200
vn -0.401500 0.002300 -0.915800
vn -0.401100 -0.044400 -0.915000
vn -0.395500 -0.042300 -0.917500
vn -0.391700 -0.032600 -0.919500
vn -0.392000 -0.010800 -0.919900
vn -0.383500 -0.009400 -0.923500
vn -0.387100 -0.024500 -0.921700
vn -0.392900 -0.030000 -0.919100
vn -0.402100 -0.032800 -0.915000
vn -0.379800 -0.152100 -0.912500
vn -0.396300 -0.158200 -0.904400
vn -0.392400 -0.184800 -0.901000
vn -0.383300 -0.174400 -0.907000
vn -0.390700 -0.161400 -0.906300
vn -0.401100 -0.180600 -0.898100
vn -0.407200 -0.070800 -0.910600
vn -0.425800 -0.009900 -0.904800
vn -0.418800 -0.001900 -0.908100
vn -0.407100 -0.026900 -0.913000
vn -0.412800 0.020900 -0.910600
vn -0.426800 0.060800 -0.902300
vn -0.428200 0.057900 -0.901800
vn -0.437100 0.107400 -0.893000
vn -0.444500 0.117600 -0.888000
vn -0.438500 0.058000 -0.896900
vn -0.390900 0.030900 -0.919900
vn -0.384400 0.043300 -0.922200
vn -0.394000 0.053000 -0.917600
vn -0.404200 0.043700 -0.913600
vn -0.394800 0.065800 -0.916400
vn -0.378700 0.078000 -0.922200
vn -0.367100 0.076900 -0.927000
vn -0.216100 -0.204700 -0.954700
vn -0.239200 0.303000 -0.922500
vn -0.263200 0.140900 -0.954400
vn -0.179900 -0.096900 -0.978900
vn -0.318900 -0.244700 -0.915700
vn -0.383700 0.231800 -0.893900
vn -0.391000 0.091100 -0.915900
vn -0.419500 -0.183900 -0.888900
vn -0.383600 -0.226600 -0.895200
vn -0.414800 -0.173900 -0.893100
vn -0.366800 -0.206700 -0.907100
vn -0.335500 -0.242000 -0.910400
vn -0.342900 -0.263300 -0.901700
vn -0.301200 -0.283100 -0.910600
vn -0.295200 -0.240600 -0.924600
vn -0.332000 -0.196900 -0.922500
vn -0.393300 -0.166700 -0.904200
vn -0.513600 -0.064600 -0.855600
vn -0.488000 -0.085500 -0.868600
vn -0.515700 -0.076400 -0.853300
vn -0.490500 -0.085900 -0.867200
vn -0.473600 -0.089500 -0.876200
vn -0.468900 -0.095100 -0.878100
vn -0.451900 -0.078300 -0.888600
vn -0.461700 -0.070700 -0.884200
vn -0.482300 -0.066000 -0.873500
vn -0.508400 -0.068500 -0.858400
vn -0.353100 -0.019600 -0.935400
vn -0.323200 -0.004700 -0.946300
vn -0.310500 -0.022400 -0.950300
vn -0.319300 -0.036200 -0.946900
vn -0.283700 -0.052400 -0.957500
vn -0.283900 -0.023900 -0.958500
vn -0.290300 0.003200 -0.956900
vn -0.394500 0.021300 -0.918600
vn -0.387900 0.001300 -0.921700
vn -0.376800 -0.002500 -0.926300
vn -0.376900 0.008700 -0.926200
vn -0.348900 -0.014500 -0.937000
vn -0.363300 -0.003700 -0.931700
vn -0.375100 0.000100 -0.927000
vn -0.160200 -0.271400 -0.949000
vn -0.172600 -0.300100 -0.938200
vn -0.124900 -0.273500 -0.953700
vn -0.140900 -0.292900 -0.945700
vn -0.160400 -0.296200 -0.941600
vn -0.187300 -0.315600 -0.930200
vn -0.196000 -0.224300 -0.954600
vn -0.218100 -0.253600 -0.942400
vn -0.176000 -0.177400 -0.968300
vn -0.180400 -0.085700 -0.979800
vn -0.196600 -0.155600 -0.968100
vn -0.211300 -0.197600 -0.957200
vn -0.145900 -0.259800 -0.954600
vn -0.162800 -0.122800 -0.979000
vn -0.163900 -0.075200 -0.983600
vn -0.165300 0.031100 -0.985800
vn -0.165600 -0.014300 -0.986100
vn -0.101100 -0.260700 -0.960100
vn -0.122200 -0.271100 -0.954800
vn -0.407000 0.113300 -0.906400
vn -0.385200 0.128300 -0.913900
vn -0.372100 0.109300 -0.921700
vn -0.380400 0.094200 -0.920000
vn -0.353900 0.083200 -0.931600
vn -0.349700 0.106300 -0.930800
vn -0.358200 0.135000 -0.923800
vn -0.292500 -0.060000 -0.954400
vn -0.308700 0.156900 -0.938100
vn -0.281800 -0.207500 -0.936800
vn -0.251300 -0.217000 -0.943300
vn -0.322400 -0.157800 -0.933400
vn -0.296300 -0.141400 -0.944600
vn -0.261500 -0.154400 -0.952800
vn -0.235300 -0.161100 -0.958500
vn -0.216200 -0.084800 -0.972700
vn -0.250900 -0.085400 -0.964200
vn -0.307100 -0.088800 -0.947500
vn -0.353000 -0.100200 -0.930200
vn -0.253000 0.267500 -0.929700
vn -0.244800 0.271900 -0.930700
vn -0.238800 0.265800 -0.934000
vn -0.242800 0.253600 -0.936300
vn -0.233500 0.239000 -0.942500
vn -0.234600 0.261100 -0.936400
vn -0.231800 -0.208600 -0.950100
vn -0.219100 -0.157900 -0.962800
vn -0.205800 -0.151800 -0.966700
vn -0.206200 -0.179100 -0.962000
vn -0.177500 -0.109900 -0.978000
vn -0.145200 -0.017200 -0.989300
vn -0.179300 -0.092200 -0.979500
vn -0.145200 -0.005300 -0.989400
vn -0.148200 -0.006400 -0.988900
vn -0.192300 -0.084200 -0.977700
vn -0.260700 -0.182500 -0.948000
vn -0.228600 -0.140700 -0.963300
vn -0.220800 -0.165000 -0.961300
vn -0.239800 -0.199400 -0.950100
vn -0.207100 -0.212000 -0.955100
vn -0.179000 -0.220200 -0.958900
vn -0.191300 -0.164200 -0.967700
vn -0.161500 -0.170700 -0.972000
vn -0.146700 -0.123000 -0.981500
vn -0.189200 -0.120100 -0.974600
vn -0.183700 -0.037400 -0.982300
vn -0.166400 -0.054100 -0.984600
vn -0.195300 -0.015300 -0.980600
vn -0.175500 -0.007000 -0.984500
vn -0.162700 -0.017700 -0.986500
vn -0.148400 -0.027100 -0.988600
vn -0.120500 -0.001500 -0.992700
vn -0.141100 0.007900 -0.990000
vn -0.168600 0.015100 -0.985600
vn -0.195800 0.014500 -0.980500
vn -0.163100 -0.024200 -0.986300
vn -0.165500 0.003800 -0.986200
vn -0.148100 -0.008100 -0.988900
vn -0.138300 -0.034400 -0.989800
vn -0.133200 -0.042800 -0.990200
vn -0.143600 -0.017200 -0.989500
vn -0.161200 0.004800 -0.986900
vn -0.123200 -0.145100 -0.981700
vn -0.107900 -0.134600 -0.985000
vn -0.128000 -0.105000 -0.986200
vn -0.104800 -0.115900 -0.987700
vn -0.088000 -0.148400 -0.985000
vn -0.075500 -0.155200 -0.985000
vn -0.053800 -0.143800 -0.988100
vn -0.071400 -0.127800 -0.989200
vn -0.062400 -0.109600 -0.992000
vn -0.093800 -0.096400 -0.990900
vn -0.090500 -0.085500 -0.992200
vn -0.117800 -0.061900 -0.991100
vn -0.121700 -0.069600 -0.990100
vn -0.220600 0.097500 -0.970500
vn -0.191300 0.097100 -0.976700
vn -0.224000 0.129000 -0.966000
vn -0.201500 0.124500 -0.971500
vn -0.161800 0.120000 -0.979500
vn -0.145600 0.099700 -0.984300
vn -0.095400 0.108300 -0.989500
vn -0.144100 0.131700 -0.980800
vn -0.193700 0.151400 -0.969300
vn -0.219800 0.158700 -0.962600
vn -0.163700 -0.061300 -0.984600
vn -0.185500 -0.034300 -0.982000
vn -0.131900 -0.107900 -0.985400
vn -0.122500 -0.108100 -0.986600
vn -0.140400 -0.087000 -0.986300
vn -0.157200 -0.063600 -0.985500
vn -0.034600 -0.132100 -0.990600
vn -0.113200 -0.099200 -0.988600
vn -0.103300 -0.127700 -0.986400
vn -0.058600 -0.168400 -0.984000
vn -0.094100 -0.146900 -0.984700
vn -0.064900 -0.186800 -0.980200
vn -0.076400 -0.204100 -0.976000
vn -0.100600 -0.163600 -0.981400
vn -0.075300 -0.225100 -0.971400
vn -0.065200 -0.216200 -0.974200
vn -0.076900 -0.188400 -0.979100
vn -0.069800 -0.193000 -0.978700
vn -0.053200 -0.199500 -0.978500
vn -0.049500 -0.205900 -0.977300
vn -0.033000 -0.196000 -0.980000
vn -0.011700 -0.188500 -0.982000
vn -0.051900 -0.185300 -0.981300
vn -0.051600 -0.180400 -0.982200
vn -0.101500 -0.144600 -0.984300
vn -0.082900 -0.162300 -0.983300
vn -0.102400 -0.138300 -0.985100
vn 0.019700 -0.121600 -0.992400
vn -0.005700 -0.087500 -0.996200
vn -0.063200 -0.114200 -0.991400
vn -0.078900 -0.084500 -0.993300
vn -0.088000 -0.056400 -0.994500
vn -0.050300 -0.044500 -0.997700
vn -0.094000 -0.015100 -0.995500
vn -0.125900 -0.038400 -0.991300
vn -0.133900 -0.070900 -0.988500
vn -0.121900 -0.105600 -0.986900
vn -0.170700 -0.164200 -0.971500
vn -0.169900 -0.135800 -0.976100
vn -0.157100 -0.155300 -0.975300
vn -0.152500 -0.189300 -0.970000
vn -0.136600 -0.169200 -0.976100
vn -0.143900 -0.121000 -0.982200
vn -0.160000 -0.066100 -0.984900
vn -0.112900 0.082900 -0.990100
vn -0.115300 0.071000 -0.990800
vn -0.100200 0.109100 -0.989000
vn -0.096800 0.124100 -0.987500
vn -0.086800 0.109600 -0.990200
vn -0.074700 0.037300 -0.996500
vn -0.095200 0.088800 -0.991500
vn -0.087300 0.016700 -0.996000
vn -0.111900 -0.022200 -0.993500
vn -0.114300 0.053700 -0.992000
vn -0.045500 -0.082000 -0.995600
vn -0.021200 -0.066700 -0.997500
vn 0.003400 -0.094000 -0.995600
vn -0.053800 -0.038200 -0.997800
vn -0.032100 -0.024600 -0.999200
vn -0.005700 -0.007200 -1.000000
vn 0.010400 -0.022200 -0.999700
vn 0.024200 -0.030500 -0.999200
vn 0.045900 0.058300 -0.997200
vn 0.038800 0.030500 -0.998800
vn 0.034300 0.033400 -0.998900
vn 0.045700 0.060400 -0.997100
vn 0.009100 0.030400 -0.999500
vn 0.029000 0.052900 -0.998200
vn -0.002800 0.033600 -0.999400
vn -0.023000 0.012800 -0.999700
vn -0.053000 -0.002800 -0.998600
vn -0.167600 0.295600 -0.940500
vn -0.163400 0.283800 -0.944900
vn -0.176700 0.269600 -0.946600
vn -0.170500 0.257000 -0.951300
vn -0.154600 0.266300 -0.951400
vn -0.139900 0.262900 -0.954600
vn -0.119600 0.220700 -0.968000
vn -0.162000 0.129500 -0.978300
vn -0.184600 0.074800 -0.980000
vn -0.202300 -0.006600 -0.979300
vn -0.174900 0.021100 -0.984400
vn -0.166400 0.195500 -0.966500
vn -0.167000 0.226100 -0.959700
vn -0.140200 0.228300 -0.963500
vn -0.125100 0.200800 -0.971600
vn -0.108300 0.223000 -0.968800
vn -0.134800 0.248600 -0.959200
vn -0.165300 0.263300 -0.950400
vn -0.202400 -0.015600 -0.979200
vn -0.173700 -0.040800 -0.984000
vn -0.193900 -0.026600 -0.980700
vn -0.220900 -0.009700 -0.975300
vn -0.101900 -0.062500 -0.992800
vn -0.137100 -0.064400 -0.988500
vn -0.166600 -0.027500 -0.985600
vn -0.184100 -0.030700 -0.982400
vn 0.079100 -0.175000 -0.981400
vn 0.143900 -0.159600 -0.976600
vn 0.024000 -0.104800 -0.994200
vn 0.128900 -0.183600 -0.974500
vn 0.216000 -0.184500 -0.958800
vn 0.269400 -0.183000 -0.945500
vn 0.188100 -0.153300 -0.970100
vn 0.043300 -0.100400 -0.994000
vn 0.071200 -0.098300 -0.992600
vn 0.235200 -0.154000 -0.959700
vn 0.286500 -0.163600 -0.944000
vn 0.295300 -0.182600 -0.937800
vn 0.316700 -0.184900 -0.930300
vn 0.247100 -0.170800 -0.953800
vn 0.238600 -0.178800 -0.954500
vn 0.134000 -0.162500 -0.977600
vn -0.087800 -0.098800 -0.991200
vn -0.066300 -0.142300 -0.987600
vn -0.058500 -0.125000 -0.990400
vn -0.074200 -0.073100 -0.994600
vn -0.057700 -0.060500 -0.996500
vn -0.042300 -0.121600 -0.991700
vn -0.042600 -0.145200 -0.988500
vn 0.011200 -0.024200 -0.999600
vn 0.008400 0.003100 -1.000000
vn 0.016500 -0.027300 -0.999500
vn 0.022700 -0.037800 -0.999000
vn 0.023200 -0.031800 -0.999200
vn 0.028500 -0.006600 -0.999600
vn 0.027600 0.037100 -0.998900
vn 0.038600 0.029500 -0.998800
vn 0.045000 0.054300 -0.997500
vn 0.043800 0.057300 -0.997400
vn 0.012500 0.060900 -0.998100
vn -0.038600 0.028700 -0.998800
vn -0.011700 0.070100 -0.997500
vn -0.051600 0.082300 -0.995300
vn -0.061600 0.038800 -0.997300
vn -0.094000 0.013900 -0.995500
vn 0.013100 0.026400 -0.999600
vn 0.024500 0.006700 -0.999700
vn 0.016400 0.001700 -0.999900
vn 0.028200 0.045400 -0.998600
vn 0.025700 0.012400 -0.999600
vn 0.019300 -0.000700 -0.999800
vn 0.024400 -0.001500 -0.999700
vn 0.025800 -0.002000 -0.999700
vn 0.022100 0.004500 -0.999700
vn -0.083800 -0.016700 -0.996300
vn -0.090600 -0.008200 -0.995900
vn -0.168400 -0.010600 -0.985700
vn -0.211400 -0.050700 -0.976100
vn 0.011600 0.023800 -0.999700
vn 0.005200 0.063100 -0.998000
vn 0.012200 0.004300 -0.999900
vn 0.023100 0.005200 -0.999700
vn 0.020800 0.021900 -0.999500
vn 0.009700 0.055800 -0.998400
vn 0.009300 0.048600 -0.998800
vn 0.024100 0.014900 -0.999600
vn 0.024700 0.000800 -0.999700
vn 0.013100 0.000700 -0.999900
vn 0.001800 0.054200 -0.998500
vn -0.003100 0.096100 -0.995400
vn 0.022000 0.104800 -0.994300
vn 0.028700 0.080300 -0.996400
vn 0.032600 0.155000 -0.987400
vn 0.008500 0.133500 -0.991000
vn 0.061900 0.171700 -0.983200
vn 0.041700 0.140200 -0.989200
vn 0.062900 0.167900 -0.983800
vn 0.079200 0.165800 -0.983000
vn 0.085000 0.183400 -0.979400
vn 0.079200 0.188100 -0.979000
vn 0.060100 0.133200 -0.989300
vn 0.075800 0.151400 -0.985600
vn 0.070900 0.171900 -0.982600
vn 0.086600 0.183000 -0.979300
vn -0.034400 0.139800 -0.989600
vn -0.136100 0.147700 -0.979600
vn -0.183400 0.206100 -0.961200
vn -0.159300 0.155400 -0.974900
vn -0.205100 0.137100 -0.969100
vn -0.090600 0.148800 -0.984700
vn -0.093400 0.043300 -0.994700
vn -0.140400 0.021700 -0.989900
vn -0.121100 0.029300 -0.992200
vn -0.073800 0.047900 -0.996100
vn -0.066400 0.047400 -0.996700
vn -0.125000 0.023000 -0.991900
vn -0.173300 0.006600 -0.984800
vn 0.065800 -0.270300 -0.960500
vn 0.152500 -0.231300 -0.960900
vn 0.049500 -0.240200 -0.969500
vn -0.048800 -0.291500 -0.955300
vn 0.139800 -0.187400 -0.972300
vn 0.033500 -0.181800 -0.982800
vn -0.121700 -0.127300 -0.984400
vn -0.220400 -0.120400 -0.968000
vn -0.328100 -0.142600 -0.933800
vn -0.325600 -0.160300 -0.931800
vn -0.298500 -0.108200 -0.948300
vn -0.133100 0.065400 -0.988900
vn -0.147800 0.144900 -0.978300
vn -0.244400 0.067900 -0.967300
vn -0.194000 0.177600 -0.964800
vn -0.150000 0.004200 -0.988700
vn -0.209400 -0.016000 -0.977700
vn -0.031600 -0.074000 -0.996800
vn -0.056900 -0.000600 -0.998400
vn -0.125900 0.024800 -0.991700
vn -0.094500 -0.034200 -0.994900
vn -0.062300 0.036600 -0.997400
vn -0.122800 0.036800 -0.991800
vn -0.443100 -0.008700 -0.896400
vn -0.477100 0.031800 -0.878300
vn -0.117300 0.102300 -0.987800
vn -0.243300 0.137200 -0.960200
vn -0.217400 0.129300 -0.967500
vn -0.139100 0.129100 -0.981800
vn -0.027700 0.119100 -0.992500
vn -0.009400 0.090900 -0.995800
vn -0.002800 0.101400 -0.994800
vn -0.019800 0.130400 -0.991300
vn -0.203000 -0.125000 -0.971200
vn -0.252900 -0.108700 -0.961400
vn -0.219000 -0.098500 -0.970700
vn -0.181200 -0.117300 -0.976400
vn -0.136700 -0.175000 -0.975000
vn -0.197300 -0.193800 -0.961000
vn -0.193700 -0.334000 -0.922500
vn -0.143300 -0.277800 -0.949900
vn -0.170900 -0.061500 -0.983400
vn -0.304600 -0.041400 -0.951600
vn -0.320800 -0.051100 -0.945800
vn -0.254700 -0.044500 -0.966000
vn -0.141800 -0.037900 -0.989200
vn -0.075000 -0.060300 -0.995400
vn -0.076300 -0.053900 -0.995600
vn -0.151500 -0.029000 -0.988000
vn 0.017800 -0.188300 -0.981900
vn -0.041600 -0.178200 -0.983100
vn -0.019700 -0.168300 -0.985500
vn 0.045300 -0.178100 -0.983000
vn 0.039700 -0.150000 -0.987900
vn -0.040800 -0.143300 -0.988800
vn -0.091900 -0.145400 -0.985100
vn -0.093700 0.063000 -0.993600
vn -0.063000 0.067700 -0.995700
vn -0.063200 0.069000 -0.995600
vn -0.081800 0.056500 -0.995000
vn -0.066500 0.045500 -0.996700
vn -0.052500 0.069700 -0.996200
vn -0.043300 0.074000 -0.996300
vn -0.111300 -0.055300 -0.992200
vn -0.096900 -0.036100 -0.994600
vn -0.084900 -0.051500 -0.995100
vn -0.088600 -0.074200 -0.993300
vn -0.064200 -0.083500 -0.994400
vn -0.070100 -0.046800 -0.996400
vn -0.076800 -0.016200 -0.996900
vn -0.085400 -0.237100 -0.967700
vn -0.113800 -0.244800 -0.962900
vn -0.108400 -0.211500 -0.971300
vn -0.085300 -0.194400 -0.977200
vn -0.110100 -0.153300 -0.982000
vn -0.132700 -0.188300 -0.973100
vn -0.151300 -0.234600 -0.960200
vn -0.242100 0.110400 -0.963900
vn -0.266200 0.127800 -0.955400
vn -0.255500 0.138700 -0.956800
vn -0.238000 0.133300 -0.962100
vn -0.236300 0.158900 -0.958600
vn -0.260500 0.154200 -0.953100
vn -0.286600 0.144600 -0.947100
vn -0.243000 -0.247800 -0.937800
vn -0.253100 -0.237600 -0.937800
vn -0.247300 -0.225000 -0.942400
vn -0.242000 -0.226300 -0.943500
vn -0.248900 -0.191200 -0.949500
vn -0.263000 -0.202600 -0.943300
vn -0.296600 -0.216000 -0.930300
vn -0.448300 -0.033300 -0.893300
vn -0.485200 -0.038300 -0.873600
vn -0.464300 -0.019000 -0.885500
vn -0.435700 -0.013700 -0.900000
vn -0.432100 0.008200 -0.901800
vn -0.468600 -0.010400 -0.883300
vn -0.451000 -0.143700 -0.880900
vn -0.464700 -0.128100 -0.876200
vn -0.468400 -0.142300 -0.872000
vn -0.452700 -0.151900 -0.878600
vn -0.451100 -0.154000 -0.879100
vn -0.470500 -0.150800 -0.869400
vn -0.469100 -0.135600 -0.872700
vn -0.503500 -0.047400 -0.862700
vn -0.452000 -0.046500 -0.890800
vn -0.438800 -0.033000 -0.898000
vn -0.481500 -0.044600 -0.875300
vn -0.549500 -0.059000 -0.833400
vn -0.540600 -0.064600 -0.838800
vn -0.536900 -0.070600 -0.840700
vn -0.549800 -0.070400 -0.832300
vn -0.440600 0.167400 -0.882000
vn -0.448600 0.153300 -0.880500
vn -0.455300 0.150100 -0.877600
vn -0.453700 0.138900 -0.880200
vn -0.450000 0.132000 -0.883200
vn -0.444900 0.132900 -0.885700
vn -0.443600 0.091200 -0.891600
vn -0.453300 0.092900 -0.886500
vn -0.460100 0.089500 -0.883400
vn -0.476400 0.103700 -0.873100
vn -0.432300 0.174900 -0.884600
vn 0.026900 0.156900 -0.987200
vn -0.100700 0.155600 -0.982700
vn -0.217100 0.143400 -0.965600
vn -0.334300 0.150200 -0.930400
vn -0.402400 0.120500 -0.907500
vn -0.315200 0.123700 -0.940900
vn -0.388900 -0.039700 -0.920400
vn 0.122000 -0.003600 -0.992500
vn -0.026500 0.061100 -0.997800
vn -0.232300 -0.269600 -0.934500
vn -0.353700 -0.003100 -0.935400
vn -0.290600 0.003700 -0.956800
vn -0.263100 -0.032000 -0.964200
vn -0.258100 -0.056400 -0.964500
vn -0.534500 -0.627700 -0.565900
vn -0.485700 -0.205600 -0.849600
vn -0.502400 -0.141000 -0.853000
vn -0.521400 -0.327400 -0.788000
vn -0.495000 -0.156700 -0.854600
vn -0.512500 -0.101000 -0.852700
vn 0.503500 0.309800 -0.806500
vn 0.373900 0.426800 -0.823400
vn 0.346700 0.270800 -0.898000
vn -0.147100 0.200700 -0.968500
vn -0.199800 0.181300 -0.962900
vn -0.071800 0.199800 -0.977200
vn -0.362100 -0.157700 -0.918700
vn -0.319200 -0.124200 -0.939500
vn -0.280300 -0.136400 -0.950200
vn -0.301300 -0.147500 -0.942100
vn -0.346400 0.045100 -0.937000
vn -0.410500 0.058800 -0.909900
vn -0.390700 -0.003300 -0.920500
vn -0.328900 -0.015000 -0.944200
vn -0.385600 -0.031100 -0.922200
vn -0.346200 -0.030200 -0.937700
vn -0.113900 0.015300 -0.993400
vn -0.186700 0.005600 -0.982400
vn -0.224400 0.000100 -0.974500
vn -0.123000 -0.012800 -0.992300
vn -0.213800 -0.015200 -0.976800
vn -0.106300 -0.030400 -0.993900
vn -0.367400 -0.076400 -0.926900
vn -0.448400 -0.083400 -0.889900
vn -0.464600 -0.063300 -0.883300
vn -0.402300 -0.054100 -0.913900
vn -0.131800 -0.256100 -0.957600
vn -0.043300 -0.242100 -0.969300
vn -0.577200 -0.175000 -0.797600
vn -0.559900 -0.182500 -0.808200
vn -0.030500 -0.212800 -0.976600
vn -0.127800 -0.206700 -0.970000
vn 0.031200 -0.251000 -0.967500
vn -0.034800 -0.265200 -0.963600
vn 0.010400 -0.207300 -0.978200
vn 0.128700 -0.214700 -0.968200
vn -0.468100 -0.124100 -0.874900
vn -0.534600 -0.152300 -0.831300
vn -0.148700 -0.227300 -0.962400
vn -0.033800 -0.218100 -0.975300
vn -0.585700 -0.167700 -0.793000
vn -0.383400 0.196200 -0.902500
vn -0.433500 0.197600 -0.879200
vn -0.426400 0.182800 -0.885900
vn -0.372400 0.179800 -0.910500
vn -0.418900 0.163100 -0.893300
vn -0.358900 0.161400 -0.919300
vn -0.290500 -0.067600 -0.954500
vn -0.391100 -0.074900 -0.917300
vn -0.385400 -0.026700 -0.922400
vn -0.269400 -0.034800 -0.962400
vn -0.082700 0.020100 -0.996400
vn -0.051900 0.064600 -0.996600
vn -0.026300 0.135800 -0.990400
vn -0.036400 0.086900 -0.995500
vn -0.296800 0.034100 -0.954300
vn -0.307100 0.027100 -0.951300
vn -0.081100 0.223900 -0.971200
vn -0.010200 0.124700 -0.992100
vn 0.027700 -0.004000 -0.999600
vn 0.039400 -0.019000 -0.999000
vn -0.148000 0.005900 -0.989000
vn -0.054000 0.016300 -0.998400
vn -0.260800 0.000600 -0.965400
vn -0.046500 0.000700 -0.998900
vn -0.062100 -0.011200 -0.998000
vn -0.330500 -0.000800 -0.943800
vn -0.339100 0.040600 -0.939900
vn -0.046300 0.063200 -0.996900
vn -0.046800 0.064000 -0.996800
vn -0.231800 0.164800 -0.958700
vn -0.258000 0.206400 -0.943800
vn -0.274900 0.233600 -0.932700
vn -0.334700 -0.170400 -0.926800
vn -0.289200 -0.462100 -0.838300
vn -0.328400 -0.189300 -0.925400
vn -0.337700 -0.175800 -0.924700
vn 0.025400 -0.941800 -0.335200
vn 0.082700 -0.933300 -0.349400
vn 0.051500 -0.960100 -0.274900
vn 0.031200 -0.948500 -0.315300
vn 0.092300 -0.722100 -0.685600
vn 0.271100 -0.960300 0.065700
vn -0.423700 0.004800 -0.905800
vn -0.454800 -0.003300 -0.890600
vn -0.484300 -0.036100 -0.874100
vn -0.449900 -0.022200 -0.892800
vn -0.508700 -0.070600 -0.858000
vn -0.489000 -0.078400 -0.868700
vn -0.217200 -0.007700 -0.976100
vn -0.159900 -0.050300 -0.985900
vn -0.481300 -0.040700 -0.875600
vn -0.503500 -0.031000 -0.863400
vn -0.502900 -0.013000 -0.864200
vn -0.476800 -0.027800 -0.878600
vn -0.466600 -0.025000 -0.884100
vn -0.465000 -0.041100 -0.884400
vn -0.381900 0.135900 -0.914100
vn -0.347700 0.118900 -0.930000
vn -0.427300 0.162000 -0.889500
vn -0.347300 0.190700 -0.918200
vn -0.076100 -0.129000 -0.988700
vn -0.106500 -0.171400 -0.979400
vn -0.015100 -0.072300 -0.997300
vn 0.008800 -0.058300 -0.998300
vn -0.279900 -0.021800 -0.959800
vn -0.265900 -0.011800 -0.963900
vn -0.439100 0.011700 -0.898400
vn -0.404100 0.013200 -0.914600
vn -0.394400 -0.086200 -0.914900
vn -0.365500 -0.068900 -0.928300
vn -0.399300 -0.119500 -0.909000
vn -0.378700 -0.087200 -0.921400
vn -0.368400 -0.001700 -0.929700
vn -0.364200 -0.025800 -0.931000
vn -0.188600 -0.030600 -0.981600
vn -0.173600 -0.077100 -0.981800
vn -0.152200 0.088600 -0.984400
vn 0.033500 0.246800 -0.968500
vn -0.085700 0.057600 -0.994700
vn -0.061800 -0.007800 -0.998100
vn -0.401000 -0.142600 -0.904900
vn -0.310400 -0.081400 -0.947100
vn -0.480600 0.028000 -0.876500
vn -0.499200 0.026000 -0.866100
vn -0.503600 0.056500 -0.862100
vn -0.473200 0.040200 -0.880100
vn -0.475000 0.077300 -0.876600
vn -0.434500 0.055000 -0.899000
vn -0.396100 -0.043000 -0.917200
vn -0.459900 -0.029500 -0.887500
vn -0.430000 -0.101500 -0.897100
vn -0.346600 -0.114900 -0.931000
vn -0.532600 -0.110100 -0.839200
vn -0.296800 -0.122600 -0.947000
vn -0.296000 -0.121700 -0.947400
vn -0.414000 -0.102300 -0.904500
vn -0.317900 -0.096200 -0.943200
vn -0.266500 0.115900 -0.956900
vn -0.181100 0.140400 -0.973400
vn -0.364200 0.167400 -0.916100
vn -0.309000 0.187900 -0.932300
vn -0.471900 0.078200 -0.878200
vn -0.396400 0.095100 -0.913200
vn -0.449300 -0.002500 -0.893400
vn -0.461200 -0.010300 -0.887200
vn -0.497300 0.007300 -0.867600
vn -0.474000 0.008200 -0.880500
vn -0.033000 -0.615200 -0.787700
vn 0.275500 -0.516800 -0.810600
vn -0.088000 -0.727400 -0.680600
vn -0.289600 -0.041100 -0.956300
vn -0.128500 -0.202200 -0.970900
vn -0.524100 -0.087600 -0.847200
vn -0.507600 -0.100700 -0.855700
vn -0.521800 -0.080800 -0.849200
vn -0.501500 -0.093200 -0.860100
vn -0.418500 0.123600 -0.899700
vn -0.357100 0.120400 -0.926300
vn -0.422400 0.130200 -0.897000
vn -0.392300 0.129700 -0.910700
vn -0.517600 -0.059900 -0.853500
vn -0.488900 -0.067500 -0.869700
vn 0.311400 0.041900 -0.949400
vn 0.232000 0.223600 -0.946700
vn 0.170200 0.304500 -0.937200
vn 0.146300 0.183100 -0.972100
vn 0.238300 0.440200 -0.865700
vn 0.232400 0.488000 -0.841300
vn 0.083700 0.379300 -0.921500
vn -0.035100 0.253000 -0.966800
vn -0.416500 -0.027700 -0.908700
vn -0.397300 -0.022100 -0.917400
vn -0.431800 0.198400 -0.879900
vn -0.371300 0.205600 -0.905500
vn -0.535400 0.020500 -0.844300
vn -0.535600 0.008800 -0.844400
vn -0.362600 -0.023900 -0.931600
vn -0.262900 0.003300 -0.964800
vn -0.433600 -0.046900 -0.899900
vn -0.431500 0.053900 -0.900500
vn -0.432800 0.057200 -0.899600
vn -0.415600 0.001600 -0.909600
vn -0.415400 0.000200 -0.909600
vn -0.106200 0.035100 -0.993700
vn -0.136900 0.001200 -0.990600
vn -0.293000 -0.022600 -0.955900
vn -0.388600 -0.021700 -0.921200
vn -0.293900 -0.013900 -0.955700
vn -0.390200 -0.013800 -0.920600
vn -0.389300 0.139300 -0.910500
vn -0.359700 0.162600 -0.918800
vn -0.089800 0.063200 -0.994000
vn -0.018400 0.034100 -0.999300
vn -0.063200 0.046600 -0.996900
vn -0.028800 -0.003100 -0.999600
vn -0.078200 0.005200 -0.996900
vn -0.070800 -0.009700 -0.997400
vn -0.034800 -0.001900 -0.999400
vn -0.041600 0.078500 -0.996000
vn -0.110200 0.127900 -0.985600
vn -0.088100 0.171300 -0.981300
vn -0.152700 0.200400 -0.967700
vn -0.389000 -0.023400 -0.920900
vn -0.383600 -0.030800 -0.923000
vn -0.186600 -0.024100 -0.982100
vn -0.212100 0.151900 -0.965400
vn -0.112400 0.137000 -0.984200
vn -0.106000 0.148600 -0.983200
vn -0.119800 0.223500 -0.967300
vn -0.095000 0.097900 -0.990600
vn -0.089500 0.095000 -0.991400
vn -0.117900 0.201600 -0.972300
vn -0.165600 0.278000 -0.946200
vn -0.162000 -0.139700 -0.976900
vn -0.116500 -0.168100 -0.978900
vn -0.171500 -0.244200 -0.954400
vn -0.189900 -0.257800 -0.947300
vn -0.040100 -0.026900 -0.998800
vn -0.091500 -0.022700 -0.995500
vn -0.041900 -0.038600 -0.998400
vn -0.087500 -0.040200 -0.995400
vn -0.439100 0.094100 -0.893500
vn -0.439300 0.096300 -0.893200
vn -0.436300 0.067700 -0.897300
vn -0.128500 -0.001900 -0.991700
vn -0.159600 -0.012100 -0.987100
vn -0.094000 0.092200 -0.991300
vn -0.172100 -0.060700 -0.983200
vn -0.215300 -0.076200 -0.973600
vn -0.087600 0.007100 -0.996100
vn -0.027200 0.032000 -0.999100
vn 0.019800 0.117400 -0.992900
vn -0.041900 0.097700 -0.994300
vn 0.029500 0.189200 -0.981500
vn -0.010800 0.200600 -0.979600
vn -0.031500 -0.036600 -0.998800
vn -0.069100 -0.043900 -0.996600
vn -0.150100 0.209200 -0.966300
vn -0.213100 0.295600 -0.931300
vn -0.441900 0.123500 -0.888500
vn -0.191900 0.156100 -0.968900
vn -0.134800 0.156200 -0.978500
vn -0.133800 0.161200 -0.977800
vn -0.181500 0.156900 -0.970800
vn -0.075600 0.294500 -0.952700
vn -0.013900 0.249900 -0.968200
vn -0.119400 0.206900 -0.971000
vn -0.207600 0.216500 -0.954000
vn -0.202600 -0.041800 -0.978400
vn -0.111200 -0.022500 -0.993500
vn -0.102700 -0.116000 -0.987900
vn -0.204100 -0.070400 -0.976400
vn -0.146900 0.120200 -0.981800
vn -0.204000 0.120100 -0.971600
vn -0.063900 -0.006000 -0.997900
vn -0.135700 -0.017700 -0.990600
vn -0.137800 0.034800 -0.989900
vn -0.112000 0.051400 -0.992400
vn -0.107200 0.103900 -0.988800
vn -0.217900 0.064700 -0.973800
vn -0.110900 0.030700 -0.993400
vn -0.228200 -0.050100 -0.972300
vn -0.137600 0.051000 -0.989200
vn -0.161200 0.044300 -0.985900
vn 0.047300 0.221200 -0.974100
vn -0.007000 0.258300 -0.966000
vn -0.118500 0.167600 -0.978700
vn -0.194300 0.177200 -0.964800
vn -0.157400 -0.029900 -0.987100
vn -0.216400 -0.049800 -0.975000
vn -0.148000 0.155800 -0.976600
vn -0.175900 0.062700 -0.982400
vn -0.180200 0.331000 -0.926300
vn -0.148300 0.511800 -0.846200
vn -0.221400 -0.053300 -0.973700
vn -0.281300 -0.241500 -0.928700
vn -0.284800 -0.199600 -0.937600
vn -0.280900 -0.257200 -0.924600
vn -0.283200 -0.217000 -0.934200
vn -0.042900 0.444500 -0.894700
vn 0.012900 0.351600 -0.936100
vn -0.192100 0.143900 -0.970800
vn -0.180200 0.361500 -0.914800
vn -0.277800 0.087600 -0.956600
vn -0.297900 0.145900 -0.943400
vn -0.007200 0.284200 -0.958700
vn -0.054800 0.296100 -0.953600
vn 0.004000 0.353500 -0.935400
vn 0.070800 0.351900 -0.933400
vn -0.115900 0.310200 -0.943600
vn -0.090300 0.324000 -0.941800
vn 0.191000 0.473100 -0.860000
vn 0.117900 0.286200 -0.950900
vn -0.260200 -0.274900 -0.925600
vn -0.247600 -0.217100 -0.944200
vn 0.204100 0.504300 -0.839000
vn 0.079400 0.425000 -0.901700
vn -0.345300 0.044000 -0.937500
vn -0.373300 0.094000 -0.922900
vn -0.168300 -0.035200 -0.985100
vn -0.162100 0.069300 -0.984300
vn -0.237700 -0.227200 -0.944400
vn -0.280300 -0.207000 -0.937300
vn -0.200900 0.116600 -0.972600
vn -0.157500 -0.263000 -0.951900
vn -0.174300 -0.162100 -0.971300
vn -0.164400 -0.247600 -0.954800
vn -0.179800 0.238200 -0.954400
vn -0.181700 0.236900 -0.954400
vn -0.179400 -0.223100 -0.958200
vn -0.169600 -0.292500 -0.941100
vn -0.274800 0.119700 -0.954000
vn -0.264900 0.157800 -0.951300
vn -0.255700 0.099500 -0.961600
vn -0.267900 0.012400 -0.963400
vn -0.318900 -0.002900 -0.947800
vn -0.317500 0.081500 -0.944700
vn -0.308000 0.071800 -0.948700
vn -0.309400 -0.010600 -0.950900
vn -0.218600 0.115100 -0.969000
vn -0.207100 0.045300 -0.977300
vn -0.197300 0.191200 -0.961500
vn -0.181300 0.148600 -0.972100
vn -0.240800 0.170200 -0.955500
vn -0.237200 0.218300 -0.946600
vn -0.249200 0.217100 -0.943800
vn -0.256600 0.159600 -0.953300
vn -0.593800 -0.535700 -0.600300
vn -0.293300 -0.933500 -0.206400
vn -0.226400 -0.080200 -0.970700
vn -0.246700 -0.082600 -0.965600
vn 0.012800 -0.986700 -0.162000
vn -0.070100 -0.946900 -0.313800
vn -0.053000 -0.898600 -0.435600
vn -0.366000 -0.051500 -0.929200
vn -0.360200 -0.048900 -0.931600
vn -0.355800 0.106600 -0.928500
vn -0.358300 0.207500 -0.910300
vn -0.342900 0.020500 -0.939100
vn -0.403000 0.085000 -0.911200
vn -0.395800 0.153400 -0.905400
vn -0.385100 0.121500 -0.914900
vn -0.397100 0.056800 -0.916000
vn -0.362800 0.088700 -0.927600
vn -0.374600 0.016900 -0.927000
vn -0.335600 0.081400 -0.938500
vn -0.341100 -0.003000 -0.940000
vn -0.220000 0.235600 -0.946600
vn -0.215700 0.175500 -0.960600
vn -0.043900 -0.710200 -0.702700
vn 0.017200 -0.863700 -0.503700
vn -0.200400 -0.081600 -0.976300
vn -0.153900 -0.204900 -0.966600
vn -0.156700 -0.271500 -0.949600
vn -0.173800 0.225000 -0.958700
vn -0.383300 0.168200 -0.908200
vn -0.370700 0.072700 -0.925900
vn -0.942800 -0.191100 -0.273100
vn -0.645700 -0.393700 -0.654300
vn -0.989100 -0.082800 -0.121600
vn -0.432800 0.200800 -0.878800
vn -0.395800 0.233900 -0.888100
vn -0.451500 0.183500 -0.873200
vn -0.491600 0.145100 -0.858600
vn 0.143700 0.086800 -0.985800
vn -0.085100 0.157200 -0.983900
vn 0.055100 0.115000 -0.991800
vn 0.991400 -0.009600 -0.130500
vn 0.996500 -0.045400 -0.070200
vn 0.991300 -0.119200 0.056300
vn 0.352700 0.104900 -0.929800
vn 0.313600 -0.036300 -0.948800
vn 0.984700 -0.161600 -0.064600
vn 0.936200 -0.176200 -0.304100
vn 0.740000 -0.078700 -0.668000
vn 0.455700 0.020900 -0.889900
vn 0.176200 -0.202700 -0.963300
vn 0.118600 -0.243200 -0.962700
vn 0.221000 -0.169900 -0.960300
vn 0.577400 0.103600 -0.809900
vn 0.504700 0.191100 -0.841900
vn 0.860300 0.154000 -0.486000
vn 0.781600 0.201900 -0.590200
vn 0.253700 0.058100 -0.965500
vn 0.994100 0.043900 0.099100
vn 0.931800 0.076700 -0.354700
vn 0.960000 -0.038200 0.277300
vn 0.930000 -0.071600 -0.360600
vn 0.597000 -0.006400 -0.802200
vn 0.609300 0.147400 -0.779200
vn 0.964000 -0.142100 0.224600
vn 0.966700 -0.166200 0.194500
vn 0.981200 -0.185200 0.054600
vn 0.984300 -0.175900 0.016400
vn 0.426800 -0.187500 -0.884700
vn 0.298100 -0.207700 -0.931700
vn 0.310100 -0.212600 -0.926600
vn 0.457400 -0.166400 -0.873500
vn 0.972600 -0.082500 -0.217300
vn 0.967300 -0.068600 -0.244300
vn 0.863100 0.001900 -0.505100
vn 0.508900 -0.037700 -0.860000
vn 0.235000 -0.123000 -0.964200
vn 0.233300 -0.056300 -0.970800
vn 0.236900 -0.129400 -0.962900
vn 0.466700 -0.047400 -0.883100
vn 0.419800 -0.113800 -0.900500
vn 0.278000 -0.063800 -0.958500
vn 0.341300 -0.198800 -0.918700
vn 0.243000 -0.220100 -0.944700
vn 0.089400 -0.208200 -0.974000
vn 0.118300 -0.204900 -0.971600
vn 0.071100 -0.179600 -0.981200
vn 0.164400 -0.202700 -0.965400
vn 0.256800 -0.141100 -0.956100
vn 0.072600 -0.130300 -0.988800
vn 0.344600 -0.083900 -0.935000
vn 0.351400 -0.070600 -0.933600
vn -0.084800 -0.072100 -0.993800
vn -0.087300 -0.084300 -0.992600
vn -0.064300 -0.131900 -0.989200
vn 0.343200 -0.028600 -0.938800
vn 0.106900 -0.025000 -0.994000
vn 0.300500 -0.000100 -0.953800
vn 0.127600 0.002300 -0.991800
vn -0.008000 -0.000700 -1.000000
vn -0.060800 -0.035100 -0.997500
vn 0.342500 -0.015900 -0.939400
vn 0.151000 -0.016300 -0.988400
vn 0.605300 -0.111800 -0.788100
vn 0.770200 -0.172600 -0.614000
vn -0.124400 -0.058400 -0.990500
vn -0.078800 -0.041700 -0.996000
vn 0.004900 -0.001200 -1.000000
vn 0.923500 -0.183500 -0.336700
vn 0.944700 -0.134300 -0.299300
vn 0.945200 -0.064700 -0.320100
vn 0.929300 -0.040400 -0.367000
vn -0.203300 -0.064400 -0.977000
vn -0.222000 -0.066400 -0.972800
vn -0.220400 -0.063200 -0.973400
vn -0.186200 -0.069400 -0.980000
vn 0.885500 -0.031800 -0.463600
vn 0.961100 -0.055100 -0.270600
vn 0.979700 -0.057100 -0.192000
vn 0.899600 -0.039500 -0.434800
vn 0.998900 -0.047300 -0.000100
vn 0.998200 -0.039900 0.045800
vn -0.239400 -0.117100 -0.963800
vn -0.245500 -0.098700 -0.964400
vn -0.246400 -0.109200 -0.963000
vn -0.231700 -0.113300 -0.966200
vn -0.220400 -0.101500 -0.970100
vn -0.218100 -0.095300 -0.971300
vn 0.999200 0.029000 0.028700
vn 0.996900 0.071000 -0.033500
vn 0.965200 0.115400 -0.234500
vn 0.957000 0.108000 -0.269400
vn -0.206800 -0.016800 -0.978200
vn -0.155400 0.021500 -0.987600
vn -0.164400 0.022200 -0.986100
vn -0.224600 -0.050100 -0.973200
vn 0.892100 -0.015700 -0.451500
vn 0.880100 -0.017400 -0.474400
vn -0.218400 -0.081200 -0.972500
vn -0.220800 -0.076100 -0.972300
vn 0.860200 -0.025000 -0.509300
vn 0.867400 0.048500 -0.495300
vn 0.867700 0.043500 -0.495200
vn 0.859500 -0.023100 -0.510700
vn 0.732700 0.171400 -0.658600
vn 0.737200 0.170700 -0.653700
vn -0.067700 0.088400 -0.993800
vn -0.033100 0.174000 -0.984200
vn -0.026400 0.177700 -0.983700
vn -0.066800 0.093100 -0.993400
vn -0.083100 0.016100 -0.996400
vn -0.083300 0.015700 -0.996400
vn 0.890200 0.044600 -0.453300
vn 0.889500 0.043900 -0.454800
vn -0.108800 0.013100 -0.994000
vn -0.112200 0.014000 -0.993600
vn 0.364300 -0.047600 -0.930100
vn 0.353400 -0.056800 -0.933800
vn 0.203200 -0.064100 -0.977000
vn 0.170000 -0.048300 -0.984300
vn 0.304900 -0.052500 -0.950900
vn 0.220200 -0.055700 -0.973900
vn 0.083200 -0.068300 -0.994200
vn 0.036000 -0.045600 -0.998300
vn 0.348900 0.053800 -0.935600
vn 0.340000 -0.003700 -0.940400
vn 0.139600 0.003400 -0.990200
vn 0.136900 0.064100 -0.988500
vn 0.010700 0.006100 -0.999900
vn 0.004800 0.063100 -0.998000
vn 0.478100 0.125700 -0.869200
vn 0.184700 0.145500 -0.972000
vn 0.002900 0.133800 -0.991000
vn 0.298800 0.003800 -0.954300
vn 0.476500 -0.127000 -0.869900
vn 0.324900 -0.083500 -0.942100
vn 0.256000 0.026700 -0.966300
vn 0.652500 -0.329500 -0.682400
vn 0.365000 -0.222500 -0.904000
vn 0.160400 -0.140100 -0.977100
vn 0.275700 -0.027800 -0.960800
vn 0.229800 -0.020900 -0.973000
vn 0.710800 -0.677100 0.190300
vn 0.839000 -0.183500 0.512300
vn 0.805100 -0.129100 0.579000
vn 0.809500 -0.135700 0.571200
vn -0.107600 -0.078500 -0.991100
vn -0.126900 -0.056100 -0.990300
vn -0.131900 -0.050400 -0.990000
vn -0.018700 -0.414500 -0.909900
vn 0.748800 -0.081000 0.657800
vn 0.718700 -0.018700 0.695100
vn -0.164100 -0.038000 -0.985700
vn -0.191300 -0.059900 -0.979700
vn 0.760600 0.184000 0.622600
vn 0.857800 0.322800 0.400000
vn 0.872500 0.312900 0.375200
vn -0.198400 -0.051700 -0.978800
vn -0.157700 -0.036300 -0.986800
vn -0.160100 -0.035500 -0.986500
vn 0.908100 0.016800 -0.418500
vn 0.716300 0.037500 -0.696700
vn 0.293200 0.019500 -0.955900
vn 0.904600 0.015100 -0.425900
vn 0.442100 0.089100 -0.892500
vn 0.259000 0.061700 -0.963900
vn 0.110000 0.040900 -0.993100
vn 0.036100 0.002700 -0.999300
vn -0.010000 -0.048900 -0.998800
vn -0.009200 -0.048200 -0.998800
vn 0.986900 0.161000 -0.008700
vn 0.987300 0.157800 -0.016800
vn -0.074900 -0.057100 -0.995600
vn -0.071400 -0.057500 -0.995800
vn 0.234100 0.087200 -0.968300
vn 0.225000 0.132000 -0.965400
vn 0.258900 0.147800 -0.954500
vn 0.223700 0.151200 -0.962900
vn 0.315700 0.120600 -0.941200
vn 0.210000 0.133900 -0.968500
vn 0.118300 0.143700 -0.982500
vn 0.398100 0.082200 -0.913700
vn 0.187100 0.107100 -0.976500
vn 0.453400 0.047000 -0.890100
vn 0.453500 0.046800 -0.890000
vn -0.009400 0.078800 -0.996800
vn -0.010300 0.077200 -0.997000
vn 0.039200 0.119600 -0.992100
vn 0.501600 -0.016300 -0.864900
vn 0.504200 -0.019600 -0.863400
vn 0.616500 -0.079900 -0.783300
vn 0.620400 -0.080500 -0.780100
vn -0.049900 0.006300 -0.998700
vn -0.102700 -0.052300 -0.993300
vn -0.100200 -0.050800 -0.993700
vn -0.048300 0.009300 -0.998800
vn 0.672400 -0.033900 -0.739400
vn 0.675000 -0.040200 -0.736700
vn 0.545800 -0.006800 -0.837900
vn 0.562400 -0.003300 -0.826800
vn -0.131400 -0.053700 -0.989900
vn -0.114400 -0.042800 -0.992500
vn -0.109900 -0.044100 -0.993000
vn -0.131600 -0.051900 -0.989900
vn 0.401800 -0.044100 -0.914700
vn 0.410900 -0.041100 -0.910800
vn 0.313300 -0.072000 -0.946900
vn 0.105800 -0.081300 -0.991100
vn -0.073300 -0.061100 -0.995400
vn -0.033900 -0.087900 -0.995600
vn -0.069400 -0.063700 -0.995600
vn 0.253400 -0.093300 -0.962900
vn 0.110100 -0.101200 -0.988800
vn 0.245500 -0.107300 -0.963400
vn 0.114900 -0.110100 -0.987300
vn 0.009300 -0.111200 -0.993700
vn -0.000400 -0.106700 -0.994300
vn 0.878600 0.130200 -0.459400
vn 0.767100 0.016800 -0.641300
vn 0.765600 0.008900 -0.643200
vn 0.872400 0.129200 -0.471500
vn 0.869500 -0.171800 -0.463100
vn 0.877800 -0.178900 -0.444300
vn -0.064700 0.119600 -0.990700
vn -0.152700 0.043700 -0.987300
vn -0.152800 0.043600 -0.987300
vn -0.064600 0.119700 -0.990700
vn -0.057800 0.194500 -0.979200
vn -0.058300 0.195100 -0.979000
vn 0.984600 -0.174900 -0.004300
vn 0.983100 -0.181700 -0.022000
vn 0.971000 -0.052200 0.233200
vn 0.974500 -0.066400 0.214500
vn -0.231400 0.023300 -0.972600
vn -0.261800 0.020200 -0.964900
vn -0.262900 0.018100 -0.964600
vn -0.234800 0.023800 -0.971800
vn 0.321800 -0.107100 -0.940700
vn 0.121100 -0.098600 -0.987700
vn 0.462700 -0.071000 -0.883600
vn 0.463800 -0.070600 -0.883100
vn -0.070000 -0.026400 -0.997200
vn -0.068600 -0.030100 -0.997200
vn -0.025000 -0.091100 -0.995500
vn 0.561200 0.054500 -0.825900
vn 0.562600 0.062600 -0.824400
vn 0.532100 0.155300 -0.832300
vn 0.204500 0.171000 -0.963800
vn -0.064000 0.088000 -0.994100
vn -0.010000 0.169800 -0.985400
vn -0.066100 0.080800 -0.994500
vn 0.508300 0.069300 -0.858400
vn 0.204200 0.105200 -0.973200
vn 0.638400 -0.125200 -0.759400
vn 0.648000 -0.134500 -0.749600
vn -0.069500 0.058000 -0.995900
vn -0.066100 0.059600 -0.996000
vn 0.006700 0.131400 -0.991300
vn 0.870300 -0.062300 -0.488600
vn 0.878500 -0.046900 -0.475400
vn -0.096300 0.126300 -0.987300
vn -0.097100 0.122200 -0.987700
vn 0.955200 0.068700 0.288000
vn 0.957300 0.036700 0.286800
vn 0.993100 0.109800 0.042300
vn 0.979100 0.116100 0.166800
vn -0.254700 0.013100 -0.966900
vn -0.200400 0.004900 -0.979700
vn -0.176400 -0.002300 -0.984300
vn -0.248600 0.013900 -0.968500
vn 0.904900 0.048800 -0.422900
vn 0.953400 0.072200 -0.292800
vn 0.750100 -0.009500 -0.661200
vn 0.774000 -0.000500 -0.633200
vn -0.095200 -0.021600 -0.995200
vn -0.005800 -0.035600 -0.999400
vn 0.001200 -0.036300 -0.999300
vn -0.071100 -0.025700 -0.997100
vn 0.679200 -0.023300 -0.733600
vn 0.683400 -0.024300 -0.729700
vn 0.652800 0.011500 -0.757400
vn 0.654300 0.007400 -0.756200
vn 0.014800 -0.021700 -0.999700
vn -0.000700 0.035100 -0.999400
vn -0.002000 0.042700 -0.999100
vn 0.013000 -0.017600 -0.999800
vn 0.630300 0.057200 -0.774200
vn 0.630700 0.056600 -0.774000
vn 0.640200 0.071500 -0.764900
vn 0.641400 0.071200 -0.763900
vn -0.003800 0.105800 -0.994400
vn -0.000000 0.150000 -0.988700
vn -0.000000 0.149900 -0.988700
vn -0.003200 0.109300 -0.994000
vn 0.723000 0.054200 -0.688700
vn 0.732800 0.051800 -0.678500
vn 0.842300 0.037500 -0.537800
vn 0.852100 0.037500 -0.522000
vn -0.011500 0.173200 -0.984800
vn -0.018500 0.195300 -0.980600
vn -0.018800 0.192900 -0.981000
vn -0.010200 0.171800 -0.985100
vn 0.909200 0.081000 -0.408400
vn 0.909700 0.083200 -0.406800
vn 0.883800 0.123700 -0.451300
vn 0.434200 0.193400 -0.879800
vn 0.019400 0.214200 -0.976600
vn 0.134300 0.197900 -0.971000
vn 0.015500 0.213300 -0.976900
vn 0.857200 0.090900 -0.506900
vn 0.557200 0.134400 -0.819500
vn 0.926000 0.042100 -0.375100
vn 0.715100 0.068800 -0.695600
vn 0.503000 0.081700 -0.860400
vn 0.324900 0.143200 -0.934800
vn 0.997900 0.006400 -0.063800
vn 0.848500 0.015600 -0.528900
vn 0.969400 -0.010500 0.245400
vn 0.922800 -0.015300 -0.385000
vn 0.566000 -0.013200 -0.824300
vn 0.581100 0.024500 -0.813500
vn 0.924300 0.007000 0.381500
vn 0.926300 0.002700 0.376700
vn 0.943200 0.020100 0.331700
vn 0.959800 0.022600 -0.279700
vn 0.548000 -0.005300 -0.836400
vn 0.618000 0.013000 -0.786100
vn 0.548800 -0.001800 -0.835900
vn 0.983200 0.004500 0.182300
vn 0.958100 0.004700 -0.286500
vn 0.996900 -0.026000 0.074600
vn 0.948400 -0.028000 -0.315800
vn 0.754300 -0.032100 -0.655800
vn 0.719400 -0.003300 -0.694600
vn 0.989000 -0.087500 0.119100
vn 0.930900 -0.095800 -0.352400
vn 0.934900 -0.209000 0.287000
vn 0.885500 -0.253500 -0.389300
vn 0.486800 -0.225600 -0.843900
vn 0.674500 -0.091800 -0.732600
vn 0.855400 -0.355800 0.376500
vn 0.869600 -0.324600 0.372100
vn 0.833600 -0.413600 0.366000
vn 0.831300 -0.411100 0.374100
vn 0.345900 -0.433700 -0.832000
vn 0.228300 -0.707000 -0.669400
vn 0.836300 -0.416700 0.356300
vn 0.741200 0.196700 0.641800
vn 0.831100 0.131100 0.540500
vn 0.818000 0.141800 0.557500
vn 0.162900 0.289400 -0.943200
vn 0.225600 0.202800 -0.952900
vn 0.220800 0.209700 -0.952500
vn 0.160900 -0.844900 -0.510100
vn -0.879900 0.083600 0.467700
vn -0.968000 -0.025900 0.249800
vn -0.999600 -0.007000 -0.026800
vn -0.996100 0.085500 -0.022900
vn -0.992400 -0.121000 -0.020500
vn -0.992400 -0.120000 -0.028900
vn -0.992200 -0.119000 -0.037200
vn -0.960600 -0.019500 -0.277100
vn -0.906300 0.070500 -0.416600
vn -0.903900 -0.037300 0.426100
vn -0.936200 0.023400 0.350600
vn -0.999700 0.021900 -0.010500
vn -0.998900 -0.042900 -0.020900
vn -0.947800 0.021800 -0.318200
vn -0.922400 -0.034800 -0.384600
vn -0.869900 -0.011700 0.493100
vn -0.840100 -0.034900 0.541400
vn -0.996500 -0.038400 -0.073900
vn -0.984800 -0.026600 -0.171700
vn -0.858700 -0.038300 -0.511000
vn -0.817900 -0.029300 -0.574700
vn -0.977000 -0.015400 -0.212500
vn -0.824500 -0.033800 -0.564900
vn -0.774100 -0.054500 -0.630700
vn -0.998800 -0.019300 0.044000
vn -0.887400 -0.039600 -0.459300
vn -0.734300 -0.047100 -0.677200
vn -0.690500 -0.045900 -0.721800
vn -0.686600 -0.065200 -0.724100
vn -0.956400 -0.015600 0.291700
vn -0.948800 -0.034800 -0.314000
vn -0.785000 -0.039400 -0.618200
vn -0.686100 -0.012900 -0.727400
vn -0.738800 -0.053100 -0.671800
vn -0.732100 -0.044600 -0.679700
vn -0.570700 -0.018500 -0.820900
vn -0.750100 -0.124400 -0.649500
vn -0.755000 -0.109900 -0.646500
vn -0.419400 -0.063700 -0.905600
vn -0.380100 -0.121900 -0.916900
vn -0.372300 -0.138300 -0.917800
vn -0.411700 -0.073500 -0.908300
vn -0.471300 -0.024000 -0.881600
vn -0.728100 -0.226600 -0.646900
vn -0.630500 -0.534400 -0.563000
vn -0.693500 -0.091600 -0.714600
vn -0.559800 -0.522000 -0.643500
vn -0.527900 -0.324100 -0.785000
vn -0.621000 -0.220200 -0.752200
vn -0.566900 -0.249600 -0.785100
vn -0.499100 -0.254000 -0.828500
vn -0.497700 -0.220200 -0.838900
vn -0.442600 -0.265700 -0.856500
vn -0.390200 -0.228300 -0.892000
vn -0.696200 -0.181600 -0.694500
vn -0.713500 -0.169400 -0.679900
vn -0.363100 -0.176200 -0.914900
vn -0.364100 -0.190500 -0.911700
vn -0.975500 -0.024600 0.218700
vn -0.989100 -0.132800 -0.063600
vn -0.993500 -0.110700 0.024800
vn -0.974300 -0.017800 0.224500
vn -0.835800 -0.088000 -0.542000
vn -0.636500 -0.084100 -0.766700
vn -0.407600 -0.040800 -0.912200
vn -0.478300 -0.049900 -0.876800
vn -0.414700 -0.054700 -0.908300
vn -0.400500 -0.001000 -0.916300
vn -0.400000 -0.004800 -0.916500
vn -0.997700 0.060700 -0.028700
vn -0.984500 0.046000 0.169200
vn -0.983400 0.044600 0.176100
vn -0.997900 0.060900 -0.019700
vn -0.420900 0.029700 -0.906600
vn -0.421100 0.029900 -0.906500
vn -0.464800 0.055300 -0.883700
vn -0.465200 0.055500 -0.883400
vn -0.434700 -0.216000 0.874300
vn -0.330500 -0.051800 0.942400
vn -0.775100 -0.235400 0.586300
vn -0.759400 -0.241200 0.604200
vn -0.328000 0.046800 -0.943500
vn -0.381500 0.000300 -0.924400
vn -0.390500 0.003600 -0.920600
vn -0.326800 0.166300 -0.930400
vn -0.697400 -0.026400 -0.716200
vn -0.599100 -0.026400 -0.800200
vn -0.509000 -0.020200 -0.860500
vn -0.998800 -0.024400 0.042800
vn -0.998000 -0.030600 0.055500
vn -0.466100 0.043200 -0.883700
vn -0.469900 0.046700 -0.881500
vn -0.723200 0.324200 0.609800
vn -0.348900 0.109200 0.930800
vn -0.364200 0.140300 0.920700
vn -0.727500 0.325000 0.604200
vn -0.366700 0.290600 -0.883800
vn -0.358200 0.275000 -0.892200
vn -0.492600 0.319100 -0.809700
vn -0.496500 0.317200 -0.808000
vn -0.596400 0.651700 0.468600
vn -0.769100 0.533500 0.352000
vn -0.304000 -0.006400 0.952600
vn -0.315700 0.121200 0.941100
vn -0.318200 -0.038100 -0.947300
vn -0.303900 -0.047200 -0.951500
vn -0.409100 -0.082000 -0.908800
vn -0.389800 -0.068300 -0.918300
vn -0.809700 0.078200 -0.581700
vn -0.912000 0.204800 -0.355500
vn -0.780200 0.207900 -0.590000
vn -0.756300 0.083300 -0.648900
vn -0.660500 0.184900 -0.727700
vn -0.708700 0.087200 -0.700100
vn -0.859800 -0.363800 0.358300
vn -0.887900 -0.067000 -0.455100
vn -0.744800 -0.037300 -0.666300
vn -0.848000 -0.366900 0.382400
vn -0.634900 -0.000100 -0.772600
vn -0.450100 -0.091500 -0.888300
vn -0.462000 -0.088600 -0.882400
vn -0.390200 -0.244300 0.887700
vn -0.341600 -0.076400 -0.936700
vn -0.802500 -0.045800 0.594900
vn -0.931600 0.154300 0.329200
vn -0.932800 0.181700 0.311300
vn -0.821400 -0.044100 0.568600
vn -0.534600 -0.226200 -0.814300
vn -0.528000 -0.214300 -0.821800
vn -0.567000 -0.340200 -0.750100
vn -0.567800 -0.339900 -0.749700
vn -0.958500 0.177300 0.223300
vn -0.826200 0.108500 0.552800
vn -0.816600 0.091000 0.570000
vn -0.954700 0.183400 0.234500
vn -0.548400 -0.349600 -0.759600
vn -0.537800 -0.068000 -0.840300
vn -0.502500 -0.053100 -0.863000
vn -0.543600 -0.070500 -0.836400
vn -0.927900 -0.058400 -0.368300
vn -0.991200 0.019300 -0.131300
vn -0.811100 -0.057500 -0.582100
vn -0.796700 -0.095700 -0.596800
vn -0.623300 -0.103200 -0.775200
vn -0.668900 -0.119900 -0.733600
vn -0.932000 -0.155400 -0.327500
vn -0.899500 -0.118300 -0.420700
vn -0.778400 -0.136800 -0.612700
vn -0.759700 -0.165000 -0.629000
vn -0.663300 -0.149200 -0.733300
vn -0.601900 -0.160500 -0.782300
vn -0.941700 0.054400 -0.332100
vn -0.963700 -0.052200 -0.261900
vn -0.963500 -0.059400 -0.261000
vn -0.941400 0.054600 -0.332900
vn -0.545800 -0.073300 -0.834700
vn -0.545200 -0.070900 -0.835300
vn -0.534200 0.043100 -0.844200
vn -0.534500 0.044900 -0.844000
vn -0.939900 0.083100 -0.331200
vn -0.921300 0.073600 -0.381700
vn -0.921500 0.074100 -0.381100
vn -0.941900 0.083600 -0.325400
vn -0.541200 0.116400 -0.832800
vn -0.541200 0.118100 -0.832500
vn -0.539200 0.153700 -0.828000
vn -0.539300 0.153400 -0.828100
vn -0.999700 -0.007900 -0.022700
vn -0.975500 0.062000 -0.211100
vn -0.977800 0.058200 -0.201100
vn -0.999900 -0.013300 -0.007700
vn -0.524600 0.154300 -0.837200
vn -0.526200 0.155500 -0.836000
vn -0.491100 0.139200 -0.859900
vn -0.493800 0.140100 -0.858200
vn -0.985400 0.169700 -0.010600
vn -0.987600 0.038400 0.152200
vn -0.986100 0.050500 0.158600
vn -0.985400 0.169800 -0.011600
vn -0.478600 0.178700 -0.859700
vn -0.478200 0.176300 -0.860300
vn -0.504900 0.220500 -0.834600
vn -0.508600 0.219500 -0.832600
vn -0.830400 0.044200 -0.555400
vn -0.910600 0.122000 -0.395000
vn -0.698400 0.152100 -0.699400
vn -0.659300 0.053800 -0.749900
vn -0.539900 0.144800 -0.829200
vn -0.537200 0.056000 -0.841600
vn -0.993600 -0.008300 -0.112500
vn -0.996700 -0.078200 -0.023600
vn -0.997200 -0.072000 -0.020500
vn -0.990000 0.002600 -0.141200
vn -0.984700 -0.109700 -0.135200
vn -0.987600 -0.108200 -0.113500
vn -0.354600 -0.139100 -0.924600
vn -0.379000 -0.142200 -0.914400
vn -0.383700 -0.140500 -0.912700
vn -0.356500 -0.140600 -0.923700
vn -0.355800 -0.103000 -0.928900
vn -0.353800 -0.109400 -0.928900
vn -0.851500 0.064400 -0.520400
vn -0.934700 0.055100 -0.351200
vn -0.921600 0.059400 -0.383500
vn -0.844500 0.062300 -0.531900
vn -0.387000 -0.032200 -0.921500
vn -0.381500 -0.043000 -0.923300
vn -0.423300 0.031600 -0.905500
vn -0.420800 0.028000 -0.906700
vn -0.985700 0.071200 -0.152800
vn -0.973400 -0.040300 -0.225400
vn -0.972000 -0.046200 -0.230500
vn -0.986100 0.072200 -0.149900
vn -0.901400 -0.080700 -0.425300
vn -0.904000 -0.086400 -0.418700
vn -0.364400 0.042100 -0.930300
vn -0.397800 0.010700 -0.917400
vn -0.397700 0.010700 -0.917400
vn -0.363200 0.048900 -0.930400
vn -0.354800 0.095600 -0.930000
vn -0.355200 0.093800 -0.930100
vn -0.970800 -0.021700 -0.239000
vn -0.954000 0.000200 -0.299700
vn -0.954600 0.001800 -0.298000
vn -0.971300 -0.022100 -0.236900
vn -0.962700 0.015400 -0.270300
vn -0.964600 0.017400 -0.263200
vn -0.394100 -0.019000 -0.918900
vn -0.378600 0.009800 -0.925500
vn -0.380600 0.005400 -0.924700
vn -0.394600 -0.019700 -0.918600
vn -0.393200 -0.032800 -0.918900
vn -0.394100 -0.032100 -0.918500
vn -0.975300 0.039700 -0.217300
vn -0.976700 0.044400 -0.209800
vn -0.363400 0.059300 -0.929700
vn -0.365200 0.051600 -0.929500
vn -0.954600 -0.053800 0.292900
vn -0.998600 -0.051400 -0.008800
vn -0.998500 -0.053500 0.014100
vn -0.948700 -0.051500 0.312000
vn -0.366000 -0.039800 -0.929800
vn -0.371200 -0.039200 -0.927700
vn -0.347800 -0.010100 -0.937500
vn -0.348900 -0.019700 -0.937000
vn -0.952400 0.210900 0.220100
vn -0.914600 0.068500 0.398400
vn -0.914600 0.114000 0.387900
vn -0.966000 0.202800 0.160300
vn -0.345300 0.010400 -0.938400
vn -0.454200 0.221800 -0.862900
vn -0.417700 0.238300 -0.876800
vn -0.445100 0.226000 -0.866500
vn -0.924400 0.110000 -0.365200
vn -0.977800 0.155800 -0.140400
vn -0.973900 0.150700 -0.169900
vn -0.719600 0.129100 -0.682300
vn -0.515400 0.179900 -0.837900
vn -0.512000 0.182900 -0.839300
vn -0.557000 0.135300 -0.819400
vn -0.972300 0.083300 0.218300
vn -0.992600 -0.036900 0.115500
vn -0.994200 -0.047100 0.096400
vn -0.972100 0.081400 0.219900
vn -0.972500 -0.106100 -0.207200
vn -0.966700 -0.102900 -0.234500
vn -0.327600 0.100400 -0.939500
vn -0.373200 0.008700 -0.927700
vn -0.368500 0.012000 -0.929500
vn -0.325300 0.112000 -0.939000
vn -0.320100 0.211600 -0.923400
vn -0.321200 0.215300 -0.922200
vn -0.900800 0.251000 -0.354300
vn -0.980000 0.197100 0.028400
vn -0.980700 0.191400 0.040900
vn -0.658000 0.282400 -0.698100
vn -0.364400 0.268800 -0.891600
vn -0.369700 0.272000 -0.888400
vn -0.466100 0.272500 -0.841800
vn -0.870300 -0.066400 -0.488000
vn -0.823800 -0.010400 -0.566900
vn -0.642300 -0.011900 -0.766400
vn -0.882000 -0.073500 -0.465500
vn -0.514700 -0.004400 -0.857400
vn -0.465300 -0.072200 -0.882200
vn -0.475300 -0.061700 -0.877700
vn -0.941400 -0.103200 -0.321100
vn -0.950400 -0.106200 -0.292500
vn -0.416800 -0.119000 -0.901200
vn -0.425400 -0.111200 -0.898200
vn -0.839800 0.027100 -0.542200
vn -0.844600 0.019800 -0.535000
vn -0.430600 0.046400 -0.901400
vn -0.431300 0.047100 -0.901000
vn -0.868800 0.114000 -0.481900
vn -0.715900 0.122500 -0.687400
vn -0.707100 0.109000 -0.698600
vn -0.591100 0.122100 -0.797300
vn -0.685700 0.008500 -0.727800
vn -0.660500 -0.066400 -0.747900
vn -0.828300 -0.021100 -0.559900
vn -0.791300 -0.041700 -0.610000
vn -0.647300 -0.042000 -0.761100
vn -0.826800 -0.020200 -0.562100
vn -0.532000 -0.037200 -0.846000
vn -0.487900 -0.013600 -0.872800
vn -0.486500 -0.013600 -0.873600
vn -0.887000 -0.057300 -0.458200
vn -0.882100 -0.054000 -0.468000
vn -0.436500 -0.013500 -0.899600
vn -0.434000 -0.013500 -0.900800
vn -0.788100 0.117400 -0.604300
vn -0.791900 0.184600 -0.582100
vn -0.651400 0.202800 -0.731200
vn -0.649300 0.145600 -0.746400
vn -0.535200 0.210300 -0.818100
vn -0.536500 0.162000 -0.828200
vn -0.878100 0.221300 -0.424200
vn -0.856200 0.173500 -0.486600
vn -0.669600 0.185200 -0.719300
vn -0.721800 0.240300 -0.649000
vn -0.536200 0.201800 -0.819600
vn -0.599100 0.236700 -0.764900
vn -0.790700 0.178400 -0.585600
vn -0.860900 0.088000 -0.501100
vn -0.699400 0.184100 -0.690600
vn -0.769100 0.097100 -0.631800
vn -0.999300 0.002600 0.037100
vn -0.992800 0.014200 -0.118900
vn -0.907100 0.020400 -0.420300
vn -0.932300 0.001500 -0.361600
vn -0.797100 0.023800 -0.603400
vn -0.805900 0.001800 -0.592000
vn -0.894000 0.327800 0.305500
vn -0.785300 0.053400 0.616800
vn -0.767800 0.332000 0.547900
vn -0.937700 0.321600 -0.131400
vn -0.807300 0.265000 -0.527200
vn -0.936500 0.283400 -0.206400
vn -0.966100 -0.025700 0.256900
vn -0.949100 0.164700 0.268300
vn -0.943100 0.111500 -0.313200
vn -0.795800 0.107200 -0.596000
vn -0.816500 -0.155600 0.556000
vn -0.964300 -0.147900 0.219500
vn -0.950800 -0.224900 0.213200
vn -0.984800 -0.133200 -0.111400
vn -0.979500 -0.015300 0.200700
vn -0.998800 -0.034900 -0.034100
vn -0.996400 0.021200 -0.081500
vn -0.962000 -0.017800 -0.272400
vn -0.998900 0.017900 -0.044300
vn -0.999700 -0.024700 -0.002400
vn -0.857400 -0.186100 0.479800
vn -0.885600 -0.112900 0.450500
vn -0.992000 -0.123600 0.026500
vn -0.978800 -0.200500 0.041100
vn -0.935000 -0.112000 -0.336400
vn -0.922400 -0.180100 -0.341800
vn -0.506400 0.849200 0.149900
vn -0.411700 0.773100 0.482500
vn -0.587500 0.803900 -0.092600
vn -0.549000 0.831700 -0.083200
vn -0.206500 0.599100 0.773600
vn -0.212900 0.597900 0.772800
vn -0.492600 0.438500 -0.751700
vn -0.487600 0.438500 -0.755000
vn -0.560900 0.616900 -0.552100
vn -0.560700 0.772700 -0.297500
vn -0.011100 -0.996700 -0.080100
vn -0.138000 -0.954400 -0.264900
vn -0.427000 -0.596100 -0.679900
vn 0.083300 -0.036100 -0.995900
vn 0.010600 -0.131800 -0.991200
vn 0.051900 -0.077800 -0.995600
vn 0.049400 0.123000 -0.991200
vn 0.212100 0.415100 0.884700
vn 0.213600 0.424200 0.880000
vn 0.209000 0.395500 0.894400
vn 0.179600 -0.067100 0.981400
vn 0.002400 0.383300 -0.923600
vn -0.062100 0.576600 -0.814600
vn 0.265100 0.670800 0.692600
vn 0.226200 0.440200 0.868900
vn 0.262000 0.541900 0.798500
vn 0.241900 0.742000 0.625300
vn -0.192500 0.580800 -0.791000
vn -0.299500 0.577400 -0.759500
vn -0.269000 0.573300 -0.774000
vn 0.029200 0.950300 0.309800
vn 0.157500 0.867100 0.472500
vn 0.124200 0.892600 0.433400
vn 0.013600 0.958000 0.286300
vn -0.384300 0.573200 -0.723700
vn -0.366000 0.576500 -0.730600
vn -0.439700 0.533700 -0.722400
vn -0.433000 0.542900 -0.719600
vn -0.324200 0.766000 -0.555000
vn -0.265300 0.830600 -0.489700
vn -0.364600 0.628000 -0.687500
vn -0.404200 0.554300 -0.727600
vn -0.145200 0.941400 -0.304400
vn -0.310300 0.706800 -0.635700
vn -0.380800 0.496000 -0.780300
vn -0.405900 0.469700 -0.784000
vn -0.435000 0.400800 -0.806300
vn -0.282700 0.471600 -0.835300
vn -0.303400 0.492600 -0.815600
vn -0.248200 0.560700 -0.789900
vn -0.269900 0.442900 -0.855000
vn -0.286200 0.350300 -0.891800
vn -0.362600 0.682800 -0.634300
vn -0.345400 0.485400 -0.803200
vn -0.389000 0.462600 -0.796700
vn -0.388700 0.295200 -0.872800
vn -0.233100 0.466600 -0.853200
vn -0.197900 0.529000 -0.825200
vn -0.208800 0.430900 -0.877900
vn -0.239300 0.417500 -0.876600
vn -0.074500 0.731300 -0.678000
vn -0.142600 0.451800 -0.880600
vn -0.194800 0.254800 -0.947200
vn -0.238000 0.426600 -0.872600
vn -0.249300 0.445400 -0.859900
vn -0.258700 0.718300 -0.645900
vn -0.259300 0.561900 -0.785500
vn -0.279200 0.456200 -0.844900
vn -0.303600 0.456500 -0.836300
vn -0.310600 0.273700 -0.910300
vn -0.135800 0.672700 -0.727400
vn -0.128200 0.716000 -0.686200
vn -0.125100 0.725000 -0.677300
vn -0.165000 0.452400 -0.876400
vn -0.065400 0.851400 -0.520400
vn -0.062200 0.856500 -0.512400
vn -0.198900 0.208200 -0.957700
vn -0.210700 0.138800 -0.967600
vn -0.210000 0.142900 -0.967200
vn -0.197700 0.215200 -0.956300
vn -0.176500 0.288900 -0.940900
vn -0.094400 0.807000 -0.583000
vn -0.117900 0.716400 -0.687700
vn -0.140500 0.518000 -0.843700
vn -0.123900 0.599100 -0.791000
vn -0.150900 0.361400 -0.920100
vn -0.137400 0.432300 -0.891200
vn -0.031300 0.918400 -0.394400
vn -0.056400 0.883900 -0.464200
vn -0.100200 0.686400 -0.720300
vn -0.068600 0.779700 -0.622400
vn -0.119900 0.522000 -0.844500
vn -0.091200 0.651600 -0.753000
vn -0.067400 0.866600 -0.494500
vn -0.084500 0.927000 -0.365500
vn -0.042300 0.996800 0.067600
vn -0.050900 0.998700 -0.000900
vn -0.410200 0.501800 -0.761500
vn -0.419400 0.503600 -0.755300
vn -0.291900 0.646500 -0.704800
vn -0.320700 0.714200 -0.622100
vn -0.383100 0.497200 -0.778500
vn -0.347100 0.466000 -0.813900
vn -0.421300 0.341500 -0.840200
vn -0.374500 0.321000 -0.869900
vn -0.251600 0.606000 -0.754600
vn -0.305800 0.445300 -0.841600
vn -0.318800 0.312800 -0.894700
vn -0.129700 0.935700 -0.328000
vn -0.276600 0.850500 -0.447300
vn -0.282100 0.846300 -0.451900
vn -0.137200 0.932700 -0.333600
vn -0.342500 0.202500 -0.917500
vn -0.339700 0.200500 -0.918900
vn -0.278000 0.165000 -0.946300
vn -0.274700 0.163900 -0.947400
vn -0.009100 0.923400 -0.383600
vn -0.026300 0.930900 -0.364300
vn -0.222100 0.170100 -0.960100
vn -0.211800 0.174000 -0.961700
vn -0.107900 0.949700 -0.294000
vn -0.177800 0.898900 -0.400400
vn -0.160000 0.912800 -0.375700
vn -0.107400 0.950600 -0.291400
vn -0.300700 0.171700 -0.938100
vn -0.304900 0.179800 -0.935200
vn -0.288800 0.139400 -0.947200
vn -0.288800 0.141100 -0.946900
vn -0.083200 0.979100 -0.185600
vn -0.100400 0.964500 -0.244300
vn -0.099100 0.967000 -0.234700
vn -0.080100 0.980100 -0.181900
vn -0.291500 0.114500 -0.949700
vn -0.290900 0.117500 -0.949500
vn -0.289900 0.091100 -0.952700
vn -0.290600 0.093200 -0.952300
vn -0.043200 0.961900 -0.270100
vn -0.039200 0.957700 -0.285100
vn -0.250800 0.096500 -0.963200
vn -0.254100 0.095200 -0.962500
vn -0.024900 0.955600 0.293600
vn 0.012400 0.993400 0.113900
vn -0.078100 0.957700 -0.276800
vn -0.191200 0.955300 -0.225300
vn -0.146500 0.803600 -0.576800
vn -0.228800 0.755400 -0.614000
vn -0.127400 0.778500 0.614600
vn -0.144600 0.707700 0.691600
vn -0.423600 0.512000 -0.747300
vn -0.391200 0.570400 -0.722300
vn -0.503100 -0.416000 -0.757500
vn -0.484000 -0.261900 -0.835000
vn -0.447200 -0.286300 -0.847400
vn -0.403800 -0.313500 -0.859400
vn 0.119300 -0.973700 -0.194000
vn 0.035600 -0.993000 -0.112400
vn -0.117400 -0.871900 -0.475500
vn -0.004300 -0.866600 -0.498900
vn -0.070200 -0.995400 -0.065600
vn -0.223900 -0.836600 -0.499900
vn -0.295000 -0.633400 -0.715300
vn -0.200100 -0.682400 -0.703100
vn -0.101800 -0.708700 -0.698100
vn -0.107800 -0.962200 -0.250200
vn -0.216300 -0.785800 -0.579300
vn -0.215200 -0.749500 -0.626100
vn -0.236700 -0.729700 -0.641500
vn -0.196800 -0.894400 -0.401600
vn -0.273900 -0.722100 -0.635300
vn -0.142300 -0.955500 -0.258200
vn -0.266600 -0.711600 -0.650000
vn -0.094800 -0.964000 -0.248400
vn -0.094600 -0.964400 -0.247000
vn -0.288200 -0.427800 -0.856700
vn -0.287600 -0.425200 -0.858200
vn -0.311600 -0.471300 -0.825100
vn -0.105000 -0.952100 -0.287100
vn -0.105000 -0.952100 -0.287200
vn -0.121900 -0.931300 -0.343100
vn -0.123200 -0.929400 -0.347900
vn -0.288400 -0.403500 -0.868300
vn -0.299600 -0.389100 -0.871100
vn -0.299300 -0.389300 -0.871100
vn -0.288800 -0.402500 -0.868700
vn -0.150000 -0.901700 -0.405500
vn -0.153600 -0.898800 -0.410500
vn -0.183400 -0.887900 -0.421900
vn -0.186500 -0.888800 -0.418700
vn -0.321500 -0.384200 -0.865500
vn -0.353400 -0.368900 -0.859700
vn -0.349900 -0.371500 -0.859900
vn -0.319400 -0.384300 -0.866200
vn -0.196500 -0.903200 -0.381500
vn -0.195600 -0.906900 -0.373200
vn -0.188200 -0.907700 -0.375000
vn -0.186900 -0.904600 -0.383100
vn -0.381200 -0.331900 -0.862800
vn -0.391200 -0.298800 -0.870400
vn -0.391100 -0.301400 -0.869600
vn -0.378600 -0.337300 -0.861900
vn -0.183600 -0.828000 -0.529800
vn -0.183500 -0.820100 -0.542000
vn -0.231800 -0.677800 -0.697800
vn -0.302500 -0.487900 -0.818800
vn -0.366500 -0.298500 -0.881200
vn -0.343600 -0.336800 -0.876600
vn -0.368300 -0.297800 -0.880700
vn -0.291700 -0.598800 -0.745900
vn -0.325300 -0.473500 -0.818500
vn -0.294000 -0.618100 -0.729000
vn -0.323500 -0.461400 -0.826100
vn -0.339100 -0.331000 -0.880600
vn -0.347900 -0.364300 -0.863900
vn -0.246800 -0.698200 -0.672000
vn -0.293200 -0.454500 -0.841100
vn -0.195000 -0.745200 -0.637700
vn -0.193600 -0.745100 -0.638200
vn -0.279800 -0.246900 -0.927800
vn -0.280100 -0.247000 -0.927700
vn -0.311300 -0.274100 -0.909900
vn -0.181600 -0.696200 -0.694500
vn -0.233900 -0.445300 -0.864300
vn -0.195600 -0.607000 -0.770300
vn -0.224900 -0.442400 -0.868200
vn -0.240800 -0.313100 -0.918700
vn -0.255000 -0.267300 -0.929300
vn -0.213000 -0.589800 -0.778900
vn -0.235600 -0.443400 -0.864800
vn -0.216500 -0.698800 -0.681800
vn -0.253600 -0.448300 -0.857200
vn -0.260900 -0.268800 -0.927200
vn -0.245200 -0.324900 -0.913400
vn -0.158700 -0.881600 -0.444500
vn -0.149600 -0.894000 -0.422300
vn -0.073200 -0.953300 -0.293200
vn -0.076900 -0.952400 -0.295000
vn -0.257600 -0.185500 -0.948300
vn -0.241600 -0.159000 -0.957300
vn -0.240500 -0.158700 -0.957600
vn -0.259300 -0.190700 -0.946800
vn -0.022200 -0.917700 -0.396700
vn -0.029400 -0.930700 -0.364500
vn -0.082500 -0.758600 -0.646300
vn -0.154100 -0.454900 -0.877100
vn -0.214400 -0.171800 -0.961500
vn -0.192600 -0.245100 -0.950200
vn -0.206800 -0.178300 -0.962000
vn -0.167300 -0.617300 -0.768700
vn -0.194500 -0.440200 -0.876600
vn -0.192600 -0.582700 -0.789500
vn -0.212000 -0.429800 -0.877700
vn -0.222100 -0.307300 -0.925300
vn -0.212800 -0.301400 -0.929500
vn -0.144300 -0.574000 -0.806000
vn -0.170400 -0.428900 -0.887100
vn -0.121600 -0.507600 -0.853000
vn -0.143900 -0.418800 -0.896600
vn -0.185100 -0.310600 -0.932400
vn -0.147000 -0.457100 -0.877200
vn -0.160700 -0.410000 -0.897800
vn -0.148200 -0.679800 -0.718300
vn -0.150200 -0.524200 -0.838300
vn -0.145700 -0.392200 -0.908300
vn -0.089200 -0.877300 -0.471600
vn -0.124500 -0.604500 -0.786800
vn 0.031000 -0.983600 -0.177700
vn 0.021400 -0.979200 -0.201700
vn -0.108900 -0.461300 -0.880500
vn -0.110800 -0.453000 -0.884600
vn -0.139300 -0.391600 -0.909500
vn 0.102100 -0.992900 -0.060900
vn 0.032900 -0.879200 -0.475200
vn -0.079700 -0.981500 -0.174200
vn -0.015100 -0.951700 -0.306600
vn -0.046500 -0.898100 -0.437400
vn -0.034400 -0.653100 -0.756500
vn -0.047700 -0.998000 0.041900
vn -0.025600 -0.988000 -0.152100
vn 0.178000 -0.979900 0.089600
vn 0.124400 -0.958300 -0.257400
vn -0.073800 -0.941800 -0.327900
vn 0.133700 -0.970000 0.203100
vn 0.084500 -0.958800 0.271200
vn -0.315600 -0.714500 0.624500
vn -0.500800 -0.851000 0.157800
vn -0.317400 -0.925700 0.205900
vn -0.430800 -0.634100 0.642100
vn -0.648300 -0.751100 0.124800
vn -0.658900 -0.635600 -0.402300
vn -0.566400 -0.743000 -0.356400
vn -0.164100 -0.401300 -0.901100
vn -0.106700 -0.958900 0.262900
vn 0.917500 0.044200 0.395300
vn 0.767500 -0.615800 -0.178100
vn 0.539700 -0.534600 -0.650300
vn 0.519900 -0.524300 -0.674400
vn 0.273800 -0.378400 -0.884200
vn 0.294100 0.101000 -0.950400
mtllib Door_LeafRight.mtl
usemtl Hoja_derecha
f 1/1/1 2/2/2 3/3/3
f 1/1/1 3/3/3 4/4/4
f 5/5/5 6/6/6 7/7/7
f 5/5/5 7/7/7 8/8/8
f 9/9/9 10/10/10 11/11/11
f 9/9/9 11/11/11 12/12/12
f 13/13/13 14/14/13 15/15/14
f 13/13/13 15/15/14 16/16/14
f 17/17/15 18/18/16 19/19/17
f 17/17/15 19/19/17 20/20/18
f 21/21/19 22/22/19 23/23/19
f 21/21/19 23/23/19 24/24/19
f 21/21/19 24/24/19 25/25/19
f 21/21/19 25/25/19 26/25/19
f 21/21/19 26/25/19 27/26/19
f 21/21/19 27/26/19 28/27/20
f 21/21/19 28/27/20 29/28/21
f 21/21/19 29/28/21 30/29/22
f 6/6/6 31/30/23 32/31/24
f 6/6/6 32/31/24 7/7/7
f 10/10/10 33/32/25 34/33/26
f 10/10/10 34/33/26 11/11/11
f 35/34/27 36/35/27 37/36/28
f 35/34/27 37/36/28 38/37/29
f 39/38/30 40/39/31 41/40/32
f 39/38/30 41/40/32 42/41/33
f 39/38/30 42/41/33 43/42/34
f 25/43/35 43/44/36 42/45/37
f 25/43/35 42/45/37 26/43/37
f 21/21/19 30/29/22 44/46/38
f 21/21/19 44/46/38 28/27/20
f 21/21/19 28/27/20 27/26/19
f 21/21/19 27/26/19 45/47/19
f 21/21/19 45/47/19 46/48/19
f 21/21/19 46/48/19 47/49/19
f 21/21/19 47/49/19 48/50/19
f 21/21/19 48/50/19 49/51/19
f 21/21/19 49/51/19 50/52/19
f 21/21/19 50/52/19 51/53/19
f 21/21/19 51/53/19 52/54/19
f 21/21/19 52/54/19 53/55/19
f 21/21/19 53/55/19 54/56/19
f 55/57/39 36/58/39 56/59/40
f 55/57/39 56/59/40 57/60/41
f 58/61/42 59/62/43 60/63/44
f 58/61/42 60/63/44 61/64/45
f 31/30/23 62/65/46 63/66/47
f 31/30/23 63/66/47 32/31/24
f 64/67/48 65/68/48 66/69/48
f 64/67/48 66/69/48 67/70/48
f 33/71/49 68/72/50 69/73/51
f 33/71/49 69/73/51 34/74/52
f 62/75/53 70/76/54 71/77/55
f 62/75/53 71/77/55 63/78/56
f 72/79/57 73/79/57 74/79/57
f 72/79/57 74/79/57 75/79/57
f 72/79/57 75/79/57 21/79/57
f 65/80/58 76/81/58 54/82/58
f 65/80/58 54/82/58 66/83/58
f 70/76/54 58/84/59 61/85/60
f 70/76/54 61/85/60 71/77/55
f 76/86/57 72/87/57 21/88/57
f 76/86/57 21/88/57 54/89/57
f 59/62/43 77/90/61 78/91/62
f 59/62/43 78/91/62 60/63/44
f 79/92/63 73/93/63 72/93/63
f 79/92/63 72/93/63 80/94/63
f 79/92/63 80/94/63 81/95/63
f 79/92/63 81/95/63 82/96/63
f 79/92/63 82/96/63 83/97/63
f 79/92/63 83/97/63 84/98/63
f 85/99/19 25/25/19 24/24/19
f 85/99/19 24/24/19 86/100/19
f 85/99/19 86/100/19 22/22/19
f 85/99/19 22/22/19 21/21/19
f 85/99/19 21/21/19 75/21/19
f 77/90/61 87/101/64 88/102/65
f 77/90/61 88/102/65 78/91/62
f 18/103/66 1/104/67 4/105/68
f 18/103/66 4/105/68 19/106/69
f 68/72/50 5/5/5 8/8/8
f 68/72/50 8/8/8 69/73/51
f 14/107/70 13/108/70 89/109/71
f 14/107/70 89/109/71 90/110/71
f 54/56/19 53/55/19 91/111/19
f 54/56/19 91/111/19 92/112/19
f 54/56/19 92/112/19 93/113/19
f 54/56/19 93/113/19 94/114/19
f 54/56/19 94/114/19 95/115/19
f 54/56/19 95/115/19 46/48/19
f 54/56/19 46/48/19 45/47/19
f 54/56/19 45/47/19 96/116/19
f 54/56/19 96/116/19 67/117/19
f 54/56/19 67/117/19 66/118/19
f 36/58/72 35/119/72 97/120/73
f 36/58/72 97/120/73 56/59/74
f 35/119/75 98/121/75 99/122/76
f 35/119/75 99/122/76 97/120/77
f 36/123/78 55/124/78 100/125/79
f 36/123/78 100/125/79 37/126/80
f 101/127/81 102/128/82 103/129/83
f 101/127/81 103/129/83 104/130/84
f 98/131/85 35/132/85 38/133/86
f 98/131/85 38/133/86 105/134/87
f 72/93/63 106/135/88 107/136/89
f 72/93/63 107/136/89 108/137/90
f 72/93/63 108/137/90 109/138/63
f 72/93/63 109/138/63 83/97/63
f 72/93/63 83/97/63 82/96/63
f 72/93/63 82/96/63 110/139/63
f 72/93/63 110/139/63 80/94/63
f 13/108/91 111/140/91 112/141/92
f 13/108/91 112/141/92 89/109/93
f 113/142/94 14/107/94 90/110/95
f 113/142/94 90/110/95 114/143/96
f 113/144/97 111/145/97 115/146/98
f 113/144/97 115/146/98 116/147/99
f 111/148/100 13/149/100 16/150/101
f 111/148/100 16/150/101 115/151/102
f 117/152/103 118/153/104 119/154/105
f 117/152/103 119/154/105 120/155/106
f 24/24/107 23/23/107 121/156/107
f 24/24/107 121/156/107 122/157/107
f 122/158/108 121/159/108 123/160/109
f 122/158/108 123/160/109 124/161/110
f 124/161/110 123/160/109 3/162/111
f 124/161/110 3/162/111 20/163/112
f 23/23/113 22/22/113 125/164/113
f 23/23/113 125/164/113 121/156/113
f 121/165/114 125/166/114 126/167/115
f 121/165/114 126/167/115 123/168/116
f 123/168/116 126/167/115 4/4/4
f 123/168/116 4/4/4 3/3/3
f 22/22/117 86/100/117 127/169/117
f 22/22/117 127/169/117 125/164/117
f 125/164/118 127/169/118 128/170/119
f 125/164/118 128/170/119 126/171/120
f 126/172/120 128/173/119 19/106/69
f 126/172/120 19/106/69 4/105/68
f 86/100/121 24/24/121 122/157/121
f 86/100/121 122/157/121 127/169/121
f 127/174/122 122/175/122 124/176/123
f 127/174/122 124/176/123 128/177/124
f 128/177/124 124/176/123 20/20/18
f 128/177/124 20/20/18 19/19/17
f 40/178/58 129/179/58 64/180/58
f 40/178/58 64/180/58 67/181/58
f 40/178/58 67/181/58 96/182/58
f 40/178/58 96/182/58 41/183/58
f 17/184/125 2/185/126 130/186/127
f 17/184/125 130/186/127 131/187/128
f 131/188/128 130/189/127 132/190/129
f 131/188/128 132/190/129 133/191/129
f 133/191/130 132/190/130 110/139/130
f 133/191/130 110/139/130 82/96/130
f 2/2/2 1/1/1 134/192/131
f 2/2/2 134/192/131 130/193/132
f 130/193/132 134/192/131 135/194/133
f 130/193/132 135/194/133 132/195/133
f 132/190/134 135/196/134 80/94/134
f 132/190/134 80/94/134 110/139/134
f 1/104/67 18/103/66 136/197/135
f 1/104/67 136/197/135 134/198/136
f 134/199/136 136/200/135 137/201/137
f 134/199/136 137/201/137 135/196/137
f 135/196/138 137/201/138 81/95/138
f 135/196/138 81/95/138 80/94/138
f 18/18/16 17/17/15 131/202/139
f 18/18/16 131/202/139 136/203/140
f 136/203/140 131/202/139 133/204/141
f 136/203/140 133/204/141 137/205/141
f 137/201/142 133/191/142 82/96/142
f 137/201/142 82/96/142 81/95/142
f 2/185/126 17/184/125 20/163/112
f 2/185/126 20/163/112 3/162/111
f 100/206/143 105/207/144 138/208/145
f 100/206/143 138/208/145 139/209/146
f 139/209/146 138/208/145 140/210/147
f 139/209/146 140/210/147 141/211/148
f 141/211/148 140/210/147 101/127/81
f 141/211/148 101/127/81 104/130/84
f 105/207/87 38/212/86 142/213/149
f 105/207/87 142/213/149 138/208/150
f 138/208/150 142/213/149 143/214/151
f 138/208/150 143/214/151 140/210/152
f 140/210/152 143/214/151 102/128/82
f 140/210/152 102/128/82 101/127/81
f 38/212/29 37/215/28 144/216/153
f 38/212/29 144/216/153 142/213/154
f 142/213/154 144/216/153 145/217/155
f 142/213/154 145/217/155 143/214/156
f 143/214/156 145/217/155 103/129/83
f 143/214/156 103/129/83 102/128/82
f 37/215/80 100/206/79 139/209/157
f 37/215/80 139/209/157 144/216/158
f 144/216/158 139/209/157 141/211/159
f 144/216/158 141/211/159 145/217/160
f 145/217/160 141/211/159 104/130/84
f 145/217/160 104/130/84 103/129/83
f 55/218/161 98/219/161 105/220/144
f 55/218/161 105/220/144 100/221/143
f 11/11/11 34/33/26 146/222/162
f 11/11/11 146/222/162 147/223/163
f 147/223/163 146/222/162 148/224/164
f 147/223/163 148/224/164 149/225/164
f 149/226/165 148/227/165 52/54/165
f 149/226/165 52/54/165 51/53/165
f 34/74/52 69/73/51 150/228/166
f 34/74/52 150/228/166 146/229/167
f 146/229/167 150/228/166 151/230/168
f 146/229/167 151/230/168 148/231/169
f 148/227/170 151/232/171 53/55/172
f 148/227/170 53/55/172 52/54/170
f 69/73/51 8/8/8 152/233/173
f 69/73/51 152/233/173 150/228/166
f 150/234/166 152/235/173 153/236/174
f 150/234/166 153/236/174 151/232/168
f 151/232/171 153/236/175 91/111/176
f 151/232/171 91/111/176 53/55/172
f 8/8/8 7/7/7 154/237/177
f 8/8/8 154/237/177 152/233/173
f 152/233/173 154/237/177 155/238/178
f 152/233/173 155/238/178 153/239/174
f 153/236/175 155/240/179 92/112/179
f 153/236/175 92/112/179 91/111/176
f 7/7/7 32/31/24 156/241/180
f 7/7/7 156/241/180 154/237/177
f 154/237/177 156/241/180 157/242/181
f 154/237/177 157/242/181 155/238/178
f 155/240/179 157/243/182 93/113/182
f 155/240/179 93/113/182 92/112/179
f 32/31/24 63/66/47 158/244/183
f 32/31/24 158/244/183 156/241/180
f 156/241/180 158/244/183 159/245/184
f 156/241/180 159/245/184 157/242/181
f 157/243/182 159/246/185 94/114/185
f 157/243/182 94/114/185 93/113/182
f 71/77/55 61/85/60 160/247/186
f 71/77/55 160/247/186 161/248/187
f 161/248/187 160/247/186 162/249/188
f 161/248/187 162/249/188 163/250/189
f 163/251/190 162/252/191 46/48/191
f 163/251/190 46/48/191 95/115/190
f 61/64/45 60/63/44 164/253/192
f 61/64/45 164/253/192 160/254/193
f 160/255/193 164/256/192 165/257/194
f 160/255/193 165/257/194 162/252/195
f 162/252/196 165/257/197 47/49/198
f 162/252/196 47/49/198 46/48/196
f 60/63/44 78/91/62 166/258/199
f 60/63/44 166/258/199 164/253/192
f 164/253/192 166/258/199 167/259/200
f 164/253/192 167/259/200 165/260/194
f 165/257/197 167/261/201 48/50/201
f 165/257/197 48/50/201 47/49/198
f 78/91/62 88/102/65 168/262/202
f 78/91/62 168/262/202 166/258/199
f 166/258/199 168/262/202 169/263/203
f 166/258/199 169/263/203 167/259/200
f 167/261/201 169/264/204 49/51/204
f 167/261/201 49/51/204 48/50/201
f 88/102/65 12/265/205 170/266/206
f 88/102/65 170/266/206 168/262/202
f 168/262/202 170/266/206 171/267/207
f 168/262/202 171/267/207 169/263/203
f 169/264/204 171/268/208 50/52/208
f 169/264/204 50/52/208 49/51/204
f 63/78/56 71/77/55 161/248/187
f 63/78/56 161/248/187 158/269/209
f 158/269/209 161/248/187 163/250/189
f 158/269/209 163/250/189 159/270/210
f 159/246/211 163/251/190 95/115/190
f 159/246/211 95/115/190 94/114/211
f 12/12/12 11/11/11 147/223/163
f 12/12/12 147/223/163 170/271/212
f 170/271/212 147/223/163 149/225/164
f 170/271/212 149/225/164 171/272/164
f 171/268/165 149/226/165 51/53/165
f 171/268/165 51/53/165 50/52/165
f 76/273/63 65/274/63 64/275/63
f 76/273/63 64/275/63 129/276/63
f 76/273/63 129/276/63 172/277/63
f 76/273/63 172/277/63 173/278/63
f 76/273/63 173/278/63 174/279/63
f 76/273/63 174/279/63 175/280/63
f 76/273/63 175/280/63 176/281/63
f 76/273/63 176/281/63 177/282/63
f 76/273/63 177/282/63 178/283/63
f 76/273/63 178/283/63 179/284/63
f 180/285/213 181/286/213 182/287/213
f 180/285/213 182/287/213 183/288/213
f 183/288/214 182/287/214 184/289/215
f 183/288/214 184/289/215 185/290/216
f 185/291/216 184/292/215 33/32/25
f 185/291/216 33/32/25 10/10/10
f 181/286/217 179/284/218 186/293/219
f 181/286/217 186/293/219 182/287/217
f 182/294/220 186/295/221 187/296/222
f 182/294/220 187/296/222 184/297/223
f 184/297/223 187/296/222 68/72/50
f 184/297/223 68/72/50 33/71/49
f 179/284/218 178/283/224 188/298/225
f 179/284/218 188/298/225 186/293/219
f 186/293/221 188/298/226 189/299/227
f 186/293/221 189/299/227 187/300/222
f 187/296/222 189/301/227 5/5/5
f 187/296/222 5/5/5 68/72/50
f 178/283/224 177/282/228 190/302/228
f 178/283/224 190/302/228 188/298/225
f 188/298/226 190/302/229 191/303/230
f 188/298/226 191/303/230 189/299/227
f 189/301/227 191/304/230 6/6/6
f 189/301/227 6/6/6 5/5/5
f 177/282/228 176/281/231 192/305/231
f 177/282/228 192/305/231 190/302/228
f 190/302/229 192/305/232 193/306/233
f 190/302/229 193/306/233 191/303/230
f 191/304/230 193/307/233 31/30/23
f 191/304/230 31/30/23 6/6/6
f 176/281/231 175/280/234 194/308/234
f 176/281/231 194/308/234 192/305/231
f 192/305/232 194/308/235 195/309/236
f 192/305/232 195/309/236 193/306/233
f 193/307/233 195/310/236 62/65/46
f 193/307/233 62/65/46 31/30/23
f 174/279/237 173/278/238 196/311/238
f 174/279/237 196/311/238 197/312/237
f 197/313/239 196/314/240 198/315/241
f 197/313/239 198/315/241 199/316/242
f 199/316/242 198/315/241 58/84/59
f 199/316/242 58/84/59 70/76/54
f 173/278/243 200/317/244 201/318/245
f 173/278/243 201/318/245 196/311/243
f 196/311/246 201/318/247 202/319/248
f 196/311/246 202/319/248 198/320/249
f 198/321/249 202/322/248 59/62/43
f 198/321/249 59/62/43 58/61/42
f 200/317/244 203/323/250 204/324/250
f 200/317/244 204/324/250 201/318/245
f 201/325/247 204/326/251 205/327/252
f 201/325/247 205/327/252 202/322/248
f 202/322/248 205/327/252 77/90/61
f 202/322/248 77/90/61 59/62/43
f 203/323/250 206/328/253 207/329/253
f 203/323/250 207/329/253 204/324/250
f 204/326/251 207/330/254 208/331/255
f 204/326/251 208/331/255 205/327/252
f 205/327/252 208/331/255 87/101/64
f 205/327/252 87/101/64 77/90/61
f 206/328/253 209/332/256 210/333/256
f 206/328/253 210/333/256 207/329/253
f 207/330/254 210/334/257 211/335/258
f 207/330/254 211/335/258 208/331/255
f 208/331/255 211/335/258 9/336/259
f 208/331/255 9/336/259 87/101/64
f 175/280/260 174/279/237 197/312/237
f 175/280/260 197/312/237 194/308/260
f 194/308/261 197/312/239 199/337/242
f 194/308/261 199/337/242 195/309/262
f 195/338/262 199/316/242 70/76/54
f 195/338/262 70/76/54 62/75/53
f 209/332/213 180/285/213 183/288/213
f 209/332/213 183/288/213 210/333/213
f 210/333/214 183/288/214 185/290/216
f 210/333/214 185/290/216 211/339/263
f 211/340/263 185/291/216 10/10/10
f 211/340/263 10/10/10 9/9/9
f 87/101/64 9/336/259 12/265/205
f 87/101/64 12/265/205 88/102/65
f 28/27/20 44/46/38 212/341/264
f 28/27/20 212/341/264 213/342/265
f 213/342/265 212/341/264 214/343/266
f 213/342/265 214/343/266 215/344/267
f 215/344/267 214/343/266 99/122/268
f 215/344/267 99/122/268 57/60/269
f 44/46/270 30/29/270 216/345/271
f 44/46/270 216/345/271 212/341/272
f 212/341/272 216/345/271 217/346/273
f 212/341/272 217/346/273 214/343/274
f 214/343/274 217/346/273 97/120/77
f 214/343/274 97/120/77 99/122/76
f 30/29/22 29/28/21 218/347/275
f 30/29/22 218/347/275 216/345/276
f 216/345/276 218/347/275 219/348/277
f 216/345/276 219/348/277 217/346/278
f 217/346/278 219/348/277 56/59/74
f 217/346/278 56/59/74 97/120/73
f 29/28/279 28/27/279 213/342/280
f 29/28/279 213/342/280 218/347/281
f 218/347/281 213/342/280 215/344/282
f 218/347/281 215/344/282 219/348/283
f 219/348/283 215/344/282 57/60/41
f 219/348/283 57/60/41 56/59/40
f 98/121/284 55/57/284 57/60/269
f 98/121/284 57/60/269 99/122/268
f 74/349/285 220/350/286 85/351/287
f 74/349/285 85/351/287 75/352/288
f 220/350/286 43/44/36 25/43/35
f 220/350/286 25/43/35 85/351/287
f 73/353/289 79/354/290 220/350/286
f 73/353/289 220/350/286 74/349/285
f 27/355/291 41/40/32 96/356/292
f 27/355/291 96/356/292 45/357/292
f 42/41/33 41/40/32 27/355/291
f 42/41/33 27/355/291 26/358/293
f 111/140/294 113/142/294 114/143/295
f 111/140/294 114/143/295 112/141/295
f 83/97/296 221/359/297 84/98/298
f 221/359/297 222/360/299 84/98/298
f 222/360/299 39/361/30 84/98/298
f 40/362/31 223/363/300 224/364/301
f 40/362/31 224/364/301 109/138/302
f 40/362/31 109/138/302 172/277/303
f 40/362/31 172/277/303 129/276/303
f 83/97/296 109/138/302 224/364/301
f 83/97/296 224/364/301 221/359/297
f 221/359/297 224/364/301 223/363/300
f 221/359/297 223/363/300 222/360/299
f 222/365/299 223/366/300 40/39/31
f 222/365/299 40/39/31 39/38/30
f 79/354/290 84/367/304 39/368/304
f 79/354/290 39/368/304 43/44/36
f 79/354/290 43/44/36 220/350/286
f 118/153/104 117/152/103 225/369/305
f 118/153/104 225/369/305 226/370/306
f 226/370/306 225/369/305 227/371/307
f 226/370/306 227/371/307 228/372/308
f 228/372/308 227/371/307 15/373/309
f 228/372/308 15/373/309 116/374/310
f 117/152/103 120/155/106 229/375/311
f 117/152/103 229/375/311 225/369/312
f 225/369/312 229/375/311 230/376/313
f 225/369/312 230/376/313 227/371/314
f 227/371/314 230/376/313 16/377/14
f 227/371/314 16/377/14 15/373/14
f 120/155/106 119/154/105 231/378/315
f 120/155/106 231/378/315 229/375/316
f 229/375/316 231/378/315 232/379/317
f 229/375/316 232/379/317 230/376/318
f 230/376/318 232/379/317 115/380/102
f 230/376/318 115/380/102 16/377/101
f 119/154/105 118/153/104 226/370/319
f 119/154/105 226/370/319 231/378/320
f 231/378/320 226/370/319 228/372/321
f 231/378/320 228/372/321 232/379/322
f 232/379/322 228/372/321 116/374/99
f 232/379/322 116/374/99 115/380/98
f 14/381/323 113/382/323 116/383/310
f 14/381/323 116/383/310 15/384/309
f 114/143/96 90/110/95 233/385/324
f 114/143/96 233/385/324 234/386/325
f 234/386/325 233/385/324 235/387/326
f 234/386/325 235/387/326 236/388/327
f 236/388/327 235/387/326 237/389/328
f 236/388/327 237/389/328 108/137/90
f 90/110/71 89/109/71 238/390/329
f 90/110/71 238/390/329 233/385/330
f 233/385/330 238/390/329 239/391/331
f 233/385/330 239/391/331 235/387/332
f 235/387/332 239/391/331 106/135/333
f 235/387/332 106/135/333 237/389/333
f 89/109/93 112/141/92 240/392/334
f 89/109/93 240/392/334 238/390/335
f 238/390/335 240/392/334 241/393/336
f 238/390/335 241/393/336 239/391/337
f 239/391/337 241/393/336 107/136/89
f 239/391/337 107/136/89 106/135/88
f 112/141/295 114/143/295 234/386/338
f 112/141/295 234/386/338 240/392/339
f 240/392/339 234/386/338 236/388/340
f 240/392/339 236/388/340 241/393/341
f 241/393/341 236/388/340 108/137/342
f 241/393/341 108/137/342 107/136/342
f 72/93/63 76/273/63 179/284/63
f 72/93/63 179/284/63 181/286/63
f 72/93/63 181/286/63 180/285/63
f 72/93/63 180/285/63 209/332/63
f 72/93/63 209/332/63 206/328/63
f 72/93/63 206/328/63 203/323/63
f 72/93/63 203/323/63 200/317/63
f 72/93/63 200/317/63 173/278/63
f 72/93/63 173/278/63 172/277/63
f 72/93/63 172/277/63 109/138/63
f 72/93/63 109/138/63 108/137/90
f 72/93/63 108/137/90 237/389/328
f 72/93/63 237/389/328 106/135/88
f 242/394/343 243/395/344 244/396/345
f 242/394/343 244/396/345 245/397/346
f 246/398/63 247/399/63 248/400/63
f 246/398/63 248/400/63 249/401/63
f 246/398/63 249/401/63 250/402/63
f 246/398/63 250/402/63 251/403/63
f 246/398/63 251/403/63 252/404/63
f 246/398/63 252/404/63 253/405/63
f 246/398/63 253/405/63 254/406/63
f 246/398/63 254/406/63 255/407/63
f 254/408/347 253/409/348 256/410/348
f 254/408/347 256/410/348 257/411/347
f 258/412/349 259/413/350 260/414/351
f 258/412/349 260/414/351 261/415/352
f 258/412/349 261/415/352 262/416/353
f 259/413/350 242/394/343 245/397/346
f 259/413/350 245/397/346 260/414/351
f 255/417/354 254/408/347 257/411/347
f 255/417/354 257/411/347 263/418/354
f 252/419/355 251/420/356 264/421/356
f 252/419/355 264/421/356 265/422/355
f 266/423/19 263/424/19 257/425/19
f 266/423/19 257/425/19 256/426/19
f 266/423/19 256/426/19 265/427/19
f 266/423/19 265/427/19 264/428/19
f 266/423/19 264/428/19 262/429/19
f 266/423/19 262/429/19 261/430/19
f 266/423/19 261/430/19 267/431/19
f 266/423/19 267/431/19 268/432/19
f 246/433/357 255/417/354 263/418/354
f 246/433/357 263/418/354 266/434/357
f 253/409/348 252/419/355 265/422/355
f 253/409/348 265/422/355 256/410/348
f 251/435/358 250/436/358 258/437/358
f 251/435/358 258/437/358 262/438/358
f 251/435/358 262/438/358 264/439/358
f 250/402/359 249/401/360 259/440/350
f 250/402/359 259/440/350 258/441/349
f 249/401/360 248/400/361 242/442/343
f 249/401/360 242/442/343 259/440/350
f 248/400/361 247/399/362 243/443/344
f 248/400/361 243/443/344 242/442/343
f 260/414/351 245/397/346 267/444/363
f 260/414/351 267/444/363 261/415/352
f 245/445/346 244/446/345 268/432/364
f 245/445/346 268/432/364 267/431/363
f 243/447/365 247/448/365 246/449/365
f 243/447/365 246/449/365 266/450/365
f 243/447/365 266/450/365 268/451/365
f 243/447/365 268/451/365 244/452/365
usemtl Tela
f 269/453/366 270/454/367 271/455/368
f 269/453/366 271/455/368 272/456/369
f 270/454/367 273/457/370 274/458/371
f 270/454/367 274/458/371 271/455/368
f 271/455/368 274/458/371 275/459/372
f 271/455/368 275/459/372 276/460/373
f 272/456/369 271/455/368 276/460/373
f 272/456/369 276/460/373 277/461/374
f 278/462/375 279/463/376 280/464/377
f 278/462/375 280/464/377 281/465/378
f 279/463/376 282/466/379 283/467/380
f 279/463/376 283/467/380 280/464/377
f 280/464/377 283/467/380 284/468/381
f 280/464/377 284/468/381 285/469/382
f 281/465/378 280/464/377 285/469/382
f 281/465/378 285/469/382 286/470/383
f 287/471/384 288/472/385 289/473/386
f 287/471/384 289/473/386 290/474/387
f 288/472/385 291/475/388 292/476/389
f 288/472/385 292/476/389 289/473/386
f 289/473/386 292/476/389 284/468/381
f 289/473/386 284/468/381 283/467/380
f 290/474/387 289/473/386 283/467/380
f 290/474/387 283/467/380 282/466/379
f 293/477/390 294/478/391 295/479/392
f 293/477/390 295/479/392 296/480/393
f 294/478/391 286/470/383 285/469/382
f 294/478/391 285/469/382 295/479/392
f 295/479/392 285/469/382 284/468/381
f 295/479/392 284/468/381 292/476/389
f 296/480/393 295/479/392 292/476/389
f 296/480/393 292/476/389 291/475/388
f 297/481/394 298/482/395 299/483/396
f 297/481/394 299/483/396 300/484/397
f 298/482/395 301/485/398 302/486/399
f 298/482/395 302/486/399 299/483/396
f 299/483/396 302/486/399 303/487/400
f 299/483/396 303/487/400 304/488/401
f 300/484/397 299/483/396 304/488/401
f 300/484/397 304/488/401 305/489/402
f 306/490/403 307/491/404 308/492/405
f 306/490/403 308/492/405 309/493/406
f 305/489/402 304/488/401 308/492/405
f 305/489/402 308/492/405 307/491/404
f 303/487/400 310/494/407 308/492/405
f 303/487/400 308/492/405 304/488/401
f 311/495/408 312/496/409 308/492/405
f 311/495/408 308/492/405 310/494/407
f 313/497/410 309/493/411 308/492/405
f 313/497/410 308/492/405 312/496/409
f 314/498/412 315/499/413 316/500/414
f 314/498/412 316/500/414 317/501/415
f 318/502/416 319/503/417 316/500/418
f 318/502/416 316/500/418 315/499/419
f 320/504/420 317/501/421 316/500/418
f 320/504/420 316/500/418 319/503/417
f 321/505/422 322/506/423 323/507/424
f 321/505/422 323/507/424 324/508/425
f 325/509/426 326/510/427 323/507/424
f 325/509/426 323/507/424 322/506/423
f 327/511/428 328/512/429 323/507/424
f 327/511/428 323/507/424 326/510/427
f 329/513/430 330/514/431 323/507/424
f 329/513/430 323/507/424 328/512/429
f 331/515/432 324/508/425 323/507/424
f 331/515/432 323/507/424 330/514/431
f 332/516/433 333/517/434 334/518/435
f 332/516/433 334/518/435 335/519/436
f 333/517/434 336/520/437 337/521/438
f 333/517/434 337/521/438 334/518/435
f 334/518/435 337/521/438 327/511/428
f 334/518/435 327/511/428 326/510/427
f 335/519/436 334/518/435 326/510/427
f 335/519/436 326/510/427 325/509/426
f 338/522/439 339/523/440 340/524/441
f 338/522/439 340/524/441 341/525/442
f 342/526/443 343/527/444 340/524/441
f 342/526/443 340/524/441 339/523/440
f 344/528/445 345/529/446 340/524/447
f 344/528/445 340/524/447 343/527/448
f 346/530/449 347/531/450 340/524/447
f 346/530/449 340/524/447 345/529/446
f 348/532/451 341/525/442 340/524/441
f 348/532/451 340/524/441 347/531/452
f 349/533/453 350/534/454 351/535/455
f 349/533/453 351/535/455 352/536/456
f 350/534/454 353/537/457 354/538/458
f 350/534/454 354/538/458 351/535/455
f 351/535/455 354/538/458 355/539/459
f 351/535/455 355/539/459 356/540/460
f 352/536/456 351/535/455 356/540/460
f 352/536/456 356/540/460 357/541/461
f 338/522/439 341/525/442 358/542/462
f 338/522/439 358/542/462 359/543/463
f 341/525/442 348/532/451 360/544/464
f 341/525/442 360/544/464 358/542/462
f 358/542/462 360/544/464 355/539/459
f 358/542/462 355/539/459 354/538/458
f 359/543/463 358/542/462 354/538/458
f 359/543/463 354/538/458 353/537/457
f 361/545/465 362/546/466 363/547/467
f 361/545/465 363/547/467 364/548/468
f 362/546/466 365/549/469 366/550/470
f 362/546/466 366/550/470 363/547/467
f 363/547/467 366/550/470 367/551/471
f 363/547/467 367/551/471 368/552/472
f 364/548/468 363/547/467 368/552/472
f 364/548/468 368/552/472 369/553/473
f 370/554/474 371/555/475 372/556/476
f 370/554/474 372/556/476 373/557/477
f 371/555/475 374/558/478 375/559/479
f 371/555/475 375/559/479 372/556/476
f 372/556/476 375/559/479 367/551/471
f 372/556/476 367/551/471 366/550/470
f 373/557/477 372/556/476 366/550/470
f 373/557/477 366/550/470 365/549/469
f 376/560/480 377/561/481 378/562/482
f 376/560/480 378/562/482 379/563/483
f 377/561/481 369/553/473 368/552/472
f 377/561/481 368/552/472 378/562/482
f 378/562/482 368/552/472 367/551/471
f 378/562/482 367/551/471 375/559/479
f 379/563/483 378/562/482 375/559/479
f 379/563/483 375/559/479 374/558/478
f 380/564/484 381/565/485 382/566/486
f 380/564/484 382/566/486 383/567/487
f 384/568/488 385/569/489 382/566/486
f 384/568/488 382/566/486 381/565/485
f 386/570/490 387/571/491 382/566/486
f 386/570/490 382/566/486 385/569/489
f 388/572/492 389/573/493 382/566/486
f 388/572/492 382/566/486 387/571/491
f 390/574/494 383/567/487 382/566/486
f 390/574/494 382/566/486 389/573/493
f 391/575/495 392/576/496 393/577/497
f 391/575/495 393/577/497 394/578/498
f 395/579/499 396/580/500 393/577/497
f 395/579/499 393/577/497 392/576/496
f 388/572/492 387/571/491 393/577/497
f 388/572/492 393/577/497 396/580/500
f 386/570/490 397/581/501 393/577/497
f 386/570/490 393/577/497 387/571/491
f 398/582/502 394/578/498 393/577/497
f 398/582/502 393/577/497 397/581/501
f 399/583/503 400/584/504 401/585/505
f 399/583/503 401/585/505 402/586/506
f 400/584/504 390/574/494 389/573/493
f 400/584/504 389/573/493 401/585/505
f 401/585/505 389/573/493 388/572/492
f 401/585/505 388/572/492 396/580/500
f 402/586/506 401/585/505 396/580/500
f 402/586/506 396/580/500 395/579/499
f 403/587/507 404/588/508 405/589/509
f 403/587/507 405/589/509 406/590/510
f 404/588/508 407/591/511 408/592/512
f 404/588/508 408/592/512 405/589/509
f 405/589/509 408/592/512 409/593/513
f 405/589/509 409/593/513 410/594/514
f 406/590/510 405/589/509 410/594/514
f 406/590/510 410/594/514 411/595/515
f 412/596/516 413/597/517 414/598/518
f 412/596/516 414/598/518 415/599/519
f 413/597/517 416/600/520 417/601/521
f 413/597/517 417/601/521 414/598/518
f 414/598/518 417/601/521 409/593/513
f 414/598/518 409/593/513 408/592/512
f 415/599/519 414/598/518 408/592/512
f 415/599/519 408/592/512 407/591/511
f 418/602/522 419/603/523 420/604/524
f 418/602/522 420/604/524 421/605/525
f 419/603/523 411/595/515 410/594/514
f 419/603/523 410/594/514 420/604/524
f 420/604/524 410/594/514 409/593/513
f 420/604/524 409/593/513 417/601/521
f 421/605/525 420/604/524 417/601/521
f 421/605/525 417/601/521 416/600/520
f 422/606/526 423/607/527 424/608/528
f 422/606/526 424/608/528 425/609/529
f 423/607/527 426/610/530 427/611/531
f 423/607/527 427/611/531 424/608/528
f 424/608/528 427/611/531 428/612/532
f 424/608/528 428/612/532 429/613/533
f 425/609/529 424/608/528 429/613/533
f 425/609/529 429/613/533 430/614/534
f 431/615/535 432/616/536 433/617/537
f 431/615/535 433/617/537 434/618/538
f 432/616/536 435/619/539 436/620/540
f 432/616/536 436/620/540 433/617/537
f 433/617/537 436/620/540 428/612/532
f 433/617/537 428/612/532 427/611/531
f 434/618/538 433/617/537 427/611/531
f 434/618/538 427/611/531 426/610/530
f 403/587/507 437/621/541 438/622/542
f 403/587/507 438/622/542 439/623/543
f 437/621/541 440/624/544 441/625/545
f 437/621/541 441/625/545 438/622/542
f 438/622/542 441/625/545 442/626/546
f 438/622/542 442/626/546 443/627/547
f 439/623/543 438/622/542 443/627/547
f 439/623/543 443/627/547 444/628/548
f 445/629/549 446/630/550 447/631/551
f 445/629/549 447/631/551 448/632/552
f 446/630/550 449/633/553 450/634/554
f 446/630/550 450/634/554 447/631/551
f 447/631/551 450/634/555 451/635/556
f 447/631/551 451/635/556 452/636/557
f 448/632/552 447/631/551 452/636/557
f 448/632/552 452/636/557 453/637/558
f 454/638/559 455/639/560 456/640/561
f 454/638/559 456/640/561 457/641/562
f 455/639/560 458/642/563 459/643/564
f 455/639/560 459/643/564 456/640/561
f 456/640/561 459/643/564 460/644/565
f 456/640/561 460/644/565 461/645/566
f 457/641/562 456/640/561 461/645/566
f 457/641/562 461/645/566 462/646/567
f 463/647/568 464/648/569 465/649/570
f 463/647/568 465/649/570 466/650/571
f 467/651/572 468/652/573 465/649/570
f 467/651/572 465/649/570 464/648/569
f 469/653/574 470/654/575 465/649/570
f 469/653/574 465/649/570 468/652/573
f 460/644/565 459/643/564 465/649/570
f 460/644/565 465/649/570 470/654/575
f 458/642/563 466/650/571 465/649/570
f 458/642/563 465/649/570 459/643/564
f 278/462/375 471/655/576 472/656/577
f 278/462/375 472/656/577 473/657/578
f 474/658/579 475/659/580 472/656/577
f 474/658/579 472/656/577 471/655/576
f 476/660/581 477/661/582 472/656/577
f 476/660/581 472/656/577 475/659/580
f 478/662/583 479/663/584 472/656/577
f 478/662/583 472/656/577 477/661/582
f 480/664/585 473/657/578 472/656/577
f 480/664/585 472/656/577 479/663/584
f 481/665/586 482/666/587 483/667/588
f 481/665/586 483/667/588 484/668/589
f 482/666/587 485/669/590 486/670/591
f 482/666/587 486/670/591 483/667/588
f 483/667/588 486/670/591 476/660/581
f 483/667/588 476/660/581 475/659/580
f 484/668/589 483/667/588 475/659/580
f 484/668/589 475/659/580 474/658/579
f 481/665/586 487/671/592 488/672/593
f 481/665/586 488/672/593 482/666/587
f 487/671/592 489/673/594 490/674/595
f 487/671/592 490/674/595 488/672/593
f 488/672/593 490/674/595 491/675/596
f 488/672/593 491/675/596 492/676/597
f 482/666/587 488/672/593 492/676/597
f 482/666/587 492/676/597 485/669/590
f 314/498/412 493/677/598 494/678/599
f 314/498/412 494/678/599 495/679/600
f 493/677/598 496/680/601 497/681/602
f 493/677/598 497/681/602 494/678/599
f 494/678/599 497/681/602 498/682/603
f 494/678/599 498/682/603 499/683/604
f 495/679/600 494/678/599 499/683/604
f 495/679/600 499/683/604 500/684/605
f 501/685/606 502/686/607 503/687/608
f 501/685/606 503/687/608 504/688/609
f 500/684/605 499/683/604 503/687/608
f 500/684/605 503/687/608 502/686/607
f 498/682/603 505/689/610 503/687/608
f 498/682/603 503/687/608 499/683/604
f 506/690/611 507/691/612 503/687/612
f 506/690/611 503/687/612 505/689/613
f 508/692/614 504/688/609 503/687/608
f 508/692/614 503/687/608 507/691/614
f 509/693/615 510/694/616 511/695/617
f 509/693/615 511/695/617 512/696/618
f 510/694/616 513/697/619 514/698/620
f 510/694/616 514/698/620 511/695/617
f 511/695/617 514/698/620 515/699/621
f 511/695/617 515/699/621 516/700/622
f 512/696/618 511/695/617 516/700/622
f 512/696/618 516/700/622 517/701/623
f 314/498/412 495/679/600 518/702/624
f 314/498/412 518/702/624 519/703/625
f 495/679/600 500/684/605 520/704/626
f 495/679/600 520/704/626 518/702/624
f 518/702/624 520/704/626 515/699/621
f 518/702/624 515/699/621 514/698/620
f 519/703/625 518/702/624 514/698/620
f 519/703/625 514/698/620 513/697/619
f 501/685/606 521/705/627 522/706/628
f 501/685/606 522/706/628 502/686/607
f 521/705/627 517/701/623 516/700/622
f 521/705/627 516/700/622 522/706/628
f 522/706/628 516/700/622 515/699/621
f 522/706/628 515/699/621 520/704/626
f 502/686/607 522/706/628 520/704/626
f 502/686/607 520/704/626 500/684/605
f 523/707/629 524/708/630 525/709/631
f 523/707/629 525/709/631 526/710/632
f 527/711/633 528/712/634 525/709/631
f 527/711/633 525/709/631 524/708/635
f 529/713/636 526/710/632 525/709/631
f 529/713/636 525/709/631 528/712/634
f 293/477/390 530/714/637 531/715/638
f 293/477/390 531/715/638 532/716/639
f 530/714/637 533/717/640 534/718/641
f 530/714/637 534/718/641 531/715/638
f 531/715/638 534/718/641 535/719/642
f 531/715/638 535/719/642 536/720/643
f 532/716/639 531/715/638 536/720/643
f 532/716/639 536/720/643 537/721/644
f 454/638/559 457/641/562 538/722/645
f 454/638/559 538/722/645 539/723/646
f 457/641/562 462/646/567 540/724/647
f 457/641/562 540/724/647 538/722/645
f 538/722/645 540/724/647 535/719/642
f 538/722/645 535/719/642 534/718/641
f 539/723/646 538/722/645 534/718/641
f 539/723/646 534/718/641 533/717/640
f 463/725/568 541/726/648 542/727/649
f 463/725/568 542/727/649 543/728/650
f 541/726/648 544/729/651 545/730/652
f 541/726/648 545/730/652 542/727/649
f 542/727/649 545/730/652 546/731/653
f 542/727/649 546/731/653 547/732/654
f 543/728/650 542/727/649 547/732/654
f 543/728/650 547/732/654 548/733/655
f 445/734/549 549/735/656 550/736/657
f 445/734/549 550/736/657 551/737/658
f 549/735/656 552/738/659 553/739/660
f 549/735/656 553/739/660 550/736/657
f 550/736/657 553/739/660 546/731/653
f 550/736/657 546/731/653 545/730/652
f 551/737/658 550/736/657 545/730/652
f 551/737/658 545/730/652 544/729/651
f 554/740/661 555/741/662 556/742/663
f 554/740/661 556/742/663 557/743/664
f 555/741/662 558/744/665 559/745/666
f 555/741/662 559/745/666 556/742/663
f 556/742/663 559/745/666 560/746/667
f 556/742/663 560/746/667 561/747/668
f 557/743/664 556/742/663 561/747/668
f 557/743/664 561/747/668 562/748/669
f 523/749/629 526/750/632 563/751/670
f 523/749/629 563/751/670 564/752/671
f 529/753/636 565/754/672 563/751/670
f 529/753/636 563/751/670 526/750/632
f 566/755/673 567/756/674 563/751/670
f 566/755/673 563/751/670 565/754/672
f 560/746/667 559/745/666 563/751/670
f 560/746/667 563/751/670 567/756/674
f 558/744/665 564/752/671 563/751/670
f 558/744/665 563/751/670 559/745/666
f 568/757/675 569/758/676 570/759/677
f 568/757/675 570/759/677 571/760/678
f 569/758/676 572/761/679 573/762/680
f 569/758/676 573/762/680 570/759/677
f 570/759/677 573/762/680 574/763/681
f 570/759/677 574/763/681 575/764/682
f 571/760/678 570/759/677 575/764/682
f 571/760/678 575/764/682 576/765/683
f 577/766/684 578/767/685 579/768/686
f 577/766/684 579/768/686 580/769/687
f 581/770/688 582/771/689 579/768/686
f 581/770/688 579/768/686 578/767/685
f 583/772/690 584/773/691 579/768/686
f 583/772/690 579/768/686 582/771/689
f 574/763/681 573/762/680 579/768/686
f 574/763/681 579/768/686 584/773/691
f 572/761/679 580/769/687 579/768/686
f 572/761/679 579/768/686 573/762/680
f 293/477/390 296/480/393 585/774/692
f 293/477/390 585/774/692 530/714/637
f 296/480/393 291/475/388 586/775/693
f 296/480/393 586/775/693 585/774/692
f 585/774/692 586/775/693 587/776/694
f 585/774/692 587/776/694 588/777/695
f 530/714/637 585/774/692 588/777/695
f 530/714/637 588/777/695 533/717/640
f 287/471/384 589/778/696 590/779/697
f 287/471/384 590/779/697 288/472/385
f 589/778/696 591/780/698 592/781/699
f 589/778/696 592/781/699 590/779/697
f 590/779/697 592/781/699 587/776/694
f 590/779/697 587/776/694 586/775/693
f 288/472/385 590/779/697 586/775/693
f 288/472/385 586/775/693 291/475/388
f 454/638/559 539/723/646 593/782/700
f 454/638/559 593/782/700 594/783/701
f 539/723/646 533/717/640 588/777/695
f 539/723/646 588/777/695 593/782/700
f 593/782/700 588/777/695 587/776/694
f 593/782/700 587/776/694 592/781/699
f 594/783/701 593/782/700 592/781/699
f 594/783/701 592/781/699 591/780/698
f 554/740/661 595/784/702 596/785/703
f 554/740/661 596/785/703 555/741/662
f 595/784/702 597/786/704 598/787/705
f 595/784/702 598/787/705 596/785/703
f 596/785/703 598/787/705 599/788/706
f 596/785/703 599/788/706 600/789/707
f 555/741/662 596/785/703 600/789/707
f 555/741/662 600/789/707 558/744/665
f 601/790/708 602/791/709 603/792/710
f 601/790/708 603/792/710 604/793/711
f 602/791/709 605/794/712 606/795/713
f 602/791/709 606/795/713 603/792/710
f 603/792/710 606/795/713 599/788/706
f 603/792/710 599/788/706 598/787/705
f 604/793/711 603/792/710 598/787/705
f 604/793/711 598/787/705 597/786/704
f 523/749/629 564/752/671 607/796/714
f 523/749/629 607/796/714 608/797/715
f 564/752/671 558/744/665 600/789/707
f 564/752/671 600/789/707 607/796/714
f 607/796/714 600/789/707 599/788/706
f 607/796/714 599/788/706 606/795/713
f 608/797/715 607/796/714 606/795/713
f 608/797/715 606/795/713 605/794/712
f 609/798/716 610/799/717 611/800/718
f 609/798/716 611/800/718 612/801/719
f 610/799/717 613/802/720 614/803/721
f 610/799/717 614/803/721 611/800/718
f 611/800/718 614/803/721 615/804/722
f 611/800/718 615/804/722 616/805/723
f 612/801/719 611/800/718 616/805/723
f 612/801/719 616/805/723 617/806/724
f 422/606/526 425/609/529 618/807/725
f 422/606/526 618/807/725 619/808/726
f 425/609/529 430/614/534 620/809/727
f 425/609/529 620/809/727 618/807/725
f 618/807/725 620/809/727 615/804/722
f 618/807/725 615/804/722 614/803/721
f 619/808/726 618/807/725 614/803/721
f 619/808/726 614/803/721 613/802/720
f 380/564/484 621/810/728 622/811/729
f 380/564/484 622/811/729 623/812/730
f 624/813/731 625/814/732 622/811/733
f 624/813/731 622/811/733 621/810/728
f 626/815/734 623/812/735 622/811/733
f 626/815/734 622/811/733 625/814/732
f 278/462/375 473/657/578 627/816/736
f 278/462/375 627/816/736 628/817/737
f 480/664/585 629/818/738 627/816/739
f 480/664/585 627/816/739 473/657/578
f 630/819/740 628/817/737 627/816/739
f 630/819/740 627/816/739 629/818/738
f 631/820/741 632/821/742 633/822/743
f 631/820/741 633/822/743 634/823/744
f 632/821/742 635/824/745 636/825/746
f 632/821/742 636/825/746 633/822/743
f 633/822/743 636/825/746 637/826/747
f 633/822/743 637/826/747 638/827/748
f 634/823/744 633/822/743 638/827/748
f 634/823/744 638/827/748 639/828/749
f 640/829/750 641/830/751 642/831/752
f 640/829/750 642/831/752 643/832/753
f 641/830/751 644/833/754 645/834/755
f 641/830/751 645/834/755 642/831/752
f 642/831/752 645/834/755 637/826/747
f 642/831/752 637/826/747 636/825/746
f 643/832/753 642/831/752 636/825/746
f 643/832/753 636/825/746 635/824/745
f 399/583/503 646/835/756 647/836/757
f 399/583/503 647/836/757 648/837/758
f 646/835/756 639/828/749 638/827/748
f 646/835/756 638/827/748 647/836/757
f 647/836/757 638/827/748 637/826/747
f 647/836/757 637/826/747 645/834/755
f 648/837/758 647/836/757 645/834/755
f 648/837/758 645/834/755 644/833/754
f 568/757/675 649/838/759 650/839/760
f 568/757/675 650/839/760 651/840/761
f 649/838/759 652/841/762 653/842/763
f 649/838/759 653/842/763 650/839/760
f 650/839/760 653/842/763 654/843/764
f 650/839/760 654/843/764 655/844/765
f 651/840/761 650/839/760 655/844/765
f 651/840/761 655/844/765 656/845/766
f 657/846/767 658/847/768 659/848/769
f 657/846/767 659/848/769 660/849/770
f 658/847/768 661/850/771 662/851/772
f 658/847/768 662/851/772 659/848/769
f 659/848/769 662/851/772 654/843/764
f 659/848/769 654/843/764 653/842/763
f 660/849/770 659/848/769 653/842/763
f 660/849/770 653/842/763 652/841/762
f 663/852/773 664/853/774 665/854/775
f 663/852/773 665/854/775 666/855/776
f 664/853/774 656/845/766 655/844/765
f 664/853/774 655/844/765 665/854/775
f 665/854/775 655/844/765 654/843/764
f 665/854/775 654/843/764 662/851/772
f 666/855/776 665/854/775 662/851/772
f 666/855/776 662/851/772 661/850/771
f 663/852/773 667/856/777 668/857/778
f 663/852/773 668/857/778 669/858/779
f 667/856/777 670/859/780 671/860/781
f 667/856/777 671/860/781 668/857/778
f 668/857/778 671/860/781 672/861/782
f 668/857/778 672/861/782 673/862/783
f 669/858/779 668/857/778 673/862/783
f 669/858/779 673/862/783 674/863/784
f 675/864/785 676/865/786 677/866/787
f 675/864/785 677/866/787 678/867/788
f 676/865/786 679/868/789 680/869/790
f 676/865/786 680/869/790 677/866/787
f 677/866/787 680/869/790 672/861/782
f 677/866/787 672/861/782 671/860/781
f 678/867/788 677/866/787 671/860/781
f 678/867/788 671/860/781 670/859/780
f 681/870/791 682/871/792 683/872/793
f 681/870/791 683/872/793 684/873/794
f 682/871/792 674/863/784 673/862/783
f 682/871/792 673/862/783 683/872/793
f 683/872/793 673/862/783 672/861/782
f 683/872/793 672/861/782 680/869/790
f 684/873/794 683/872/793 680/869/790
f 684/873/794 680/869/790 679/868/789
f 685/874/795 686/875/796 687/876/797
f 685/874/795 687/876/797 688/877/798
f 686/875/796 689/878/799 690/879/800
f 686/875/796 690/879/800 687/876/797
f 687/876/797 690/879/800 691/880/801
f 687/876/797 691/880/801 692/881/802
f 688/877/798 687/876/797 692/881/802
f 688/877/798 692/881/802 693/882/803
f 422/606/526 619/808/726 694/883/804
f 422/606/526 694/883/804 695/884/805
f 619/808/726 613/802/720 696/885/806
f 619/808/726 696/885/806 694/883/804
f 694/883/804 696/885/806 691/880/801
f 694/883/804 691/880/801 690/879/800
f 695/884/805 694/883/804 690/879/800
f 695/884/805 690/879/800 689/878/799
f 609/798/716 697/886/807 698/887/808
f 609/798/716 698/887/808 610/799/717
f 697/886/807 693/882/803 692/881/802
f 697/886/807 692/881/802 698/887/808
f 698/887/808 692/881/802 691/880/801
f 698/887/808 691/880/801 696/885/806
f 610/799/717 698/887/808 696/885/806
f 610/799/717 696/885/806 613/802/720
f 699/888/809 700/889/810 701/890/811
f 699/888/809 701/890/811 702/891/812
f 700/889/810 703/892/813 704/893/814
f 700/889/810 704/893/814 701/890/811
f 701/890/811 704/893/814 705/894/815
f 701/890/811 705/894/815 706/895/816
f 702/891/812 701/890/811 706/895/816
f 702/891/812 706/895/816 707/896/817
f 412/596/516 415/599/519 708/897/818
f 412/596/516 708/897/818 709/898/819
f 415/599/519 407/591/511 710/899/820
f 415/599/519 710/899/820 708/897/818
f 708/897/818 710/899/820 705/894/815
f 708/897/818 705/894/815 704/893/814
f 709/898/819 708/897/818 704/893/814
f 709/898/819 704/893/814 703/892/813
f 403/587/507 711/900/821 712/901/822
f 403/587/507 712/901/822 404/588/508
f 711/900/821 707/896/817 706/895/816
f 711/900/821 706/895/816 712/901/822
f 712/901/822 706/895/816 705/894/815
f 712/901/822 705/894/815 710/899/820
f 404/588/508 712/901/822 710/899/820
f 404/588/508 710/899/820 407/591/511
f 431/615/535 713/902/823 714/903/824
f 431/615/535 714/903/824 715/904/825
f 713/902/823 716/905/826 717/906/827
f 713/902/823 717/906/827 714/903/824
f 714/903/824 717/906/827 718/907/828
f 714/903/824 718/907/828 719/908/829
f 715/904/825 714/903/824 719/908/829
f 715/904/825 719/908/829 720/909/830
f 699/888/809 702/891/812 721/910/831
f 699/888/809 721/910/831 722/911/832
f 702/891/812 707/896/817 723/912/833
f 702/891/812 723/912/833 721/910/831
f 721/910/831 723/912/833 718/907/828
f 721/910/831 718/907/828 717/906/827
f 722/911/832 721/910/831 717/906/827
f 722/911/832 717/906/827 716/905/826
f 403/587/507 724/913/834 725/914/835
f 403/587/507 725/914/835 711/900/821
f 724/913/834 720/909/830 719/908/829
f 724/913/834 719/908/829 725/914/835
f 725/914/835 719/908/829 718/907/828
f 725/914/835 718/907/828 723/912/833
f 711/900/821 725/914/835 723/912/833
f 711/900/821 723/912/833 707/896/817
f 412/596/516 726/915/836 727/916/837
f 412/596/516 727/916/837 728/917/838
f 726/915/836 729/918/839 730/919/840
f 726/915/836 730/919/840 727/916/837
f 727/916/837 730/919/840 731/920/841
f 727/916/837 731/920/841 732/921/842
f 728/917/838 727/916/837 732/921/842
f 728/917/838 732/921/842 733/922/843
f 734/923/844 735/924/845 736/925/846
f 734/923/844 736/925/846 737/926/847
f 733/922/843 732/921/842 736/925/846
f 733/922/843 736/925/846 735/924/845
f 731/920/841 738/927/848 736/925/846
f 731/920/841 736/925/846 732/921/842
f 739/928/849 740/929/850 736/925/846
f 739/928/849 736/925/846 738/927/848
f 741/930/851 737/926/852 736/925/846
f 741/930/851 736/925/846 740/929/850
f 685/874/795 742/931/853 743/932/854
f 685/874/795 743/932/854 686/875/796
f 742/931/853 744/933/855 745/934/856
f 742/931/853 745/934/856 743/932/854
f 743/932/854 745/934/856 746/935/857
f 743/932/854 746/935/857 747/936/858
f 686/875/796 743/932/854 747/936/858
f 686/875/796 747/936/858 689/878/799
f 431/615/535 434/618/538 748/937/859
f 431/615/535 748/937/859 749/938/860
f 434/618/538 426/610/530 750/939/861
f 434/618/538 750/939/861 748/937/859
f 748/937/859 750/939/861 746/935/857
f 748/937/859 746/935/857 745/934/856
f 749/938/860 748/937/859 745/934/856
f 749/938/860 745/934/856 744/933/855
f 422/606/526 695/884/805 751/940/862
f 422/606/526 751/940/862 423/607/527
f 695/884/805 689/878/799 747/936/858
f 695/884/805 747/936/858 751/940/862
f 751/940/862 747/936/858 746/935/857
f 751/940/862 746/935/857 750/939/861
f 423/607/527 751/940/862 750/939/861
f 423/607/527 750/939/861 426/610/530
f 391/575/495 752/941/863 753/942/864
f 391/575/495 753/942/864 754/943/865
f 755/944/866 756/945/867 753/942/868
f 755/944/866 753/942/868 752/941/869
f 757/946/870 754/943/871 753/942/868
f 757/946/870 753/942/868 756/945/867
f 758/947/872 759/948/873 760/949/874
f 758/947/872 760/949/874 761/950/875
f 759/948/873 762/951/876 763/952/877
f 759/948/873 763/952/877 760/949/874
f 760/949/874 763/952/877 764/953/878
f 760/949/874 764/953/878 765/954/879
f 761/950/875 760/949/874 765/954/879
f 761/950/875 765/954/879 766/955/880
f 391/575/495 767/956/881 768/957/882
f 391/575/495 768/957/882 769/958/883
f 770/959/884 771/960/885 768/957/882
f 770/959/884 768/957/882 767/956/881
f 772/961/886 773/962/887 768/957/882
f 772/961/886 768/957/882 771/960/885
f 764/953/878 763/952/877 768/957/882
f 764/953/878 768/957/882 773/962/887
f 762/951/876 769/958/883 768/957/882
f 762/951/876 768/957/882 763/952/877
f 774/963/888 775/964/889 776/965/890
f 774/963/888 776/965/890 777/966/891
f 775/964/889 778/967/892 779/968/893
f 775/964/889 779/968/893 776/965/890
f 776/965/890 779/968/893 780/969/894
f 776/965/890 780/969/894 781/970/895
f 777/966/891 776/965/890 781/970/895
f 777/966/891 781/970/895 782/971/896
f 685/874/795 783/972/897 784/973/898
f 685/874/795 784/973/898 785/974/899
f 783/972/897 786/975/900 787/976/901
f 783/972/897 787/976/901 784/973/898
f 784/973/898 787/976/901 780/969/894
f 784/973/898 780/969/894 779/968/893
f 785/974/899 784/973/898 779/968/893
f 785/974/899 779/968/893 778/967/892
f 675/864/785 788/977/902 789/978/903
f 675/864/785 789/978/903 790/979/904
f 788/977/902 782/971/896 781/970/895
f 788/977/902 781/970/895 789/978/903
f 789/978/903 781/970/895 780/969/894
f 789/978/903 780/969/894 787/976/901
f 790/979/904 789/978/903 787/976/901
f 790/979/904 787/976/901 786/975/900
f 663/852/773 791/980/905 792/981/906
f 663/852/773 792/981/906 667/856/777
f 791/980/905 793/982/907 794/983/908
f 791/980/905 794/983/908 792/981/906
f 792/981/906 794/983/908 795/984/909
f 792/981/906 795/984/909 796/985/910
f 667/856/777 792/981/906 796/985/910
f 667/856/777 796/985/910 670/859/780
f 774/963/888 777/966/891 797/986/911
f 774/963/888 797/986/911 798/987/912
f 777/966/891 782/971/896 799/988/913
f 777/966/891 799/988/913 797/986/911
f 797/986/911 799/988/913 795/984/909
f 797/986/911 795/984/909 794/983/908
f 798/987/912 797/986/911 794/983/908
f 798/987/912 794/983/908 793/982/907
f 675/864/785 678/867/788 800/989/914
f 675/864/785 800/989/914 788/977/902
f 678/867/788 670/859/780 796/985/910
f 678/867/788 796/985/910 800/989/914
f 800/989/914 796/985/910 795/984/909
f 800/989/914 795/984/909 799/988/913
f 788/977/902 800/989/914 799/988/913
f 788/977/902 799/988/913 782/971/896
f 685/874/795 801/990/915 802/991/916
f 685/874/795 802/991/916 803/992/917
f 801/990/915 804/993/918 805/994/919
f 801/990/915 805/994/919 802/991/916
f 802/991/916 805/994/919 806/995/920
f 802/991/916 806/995/920 807/996/921
f 803/992/917 802/991/916 807/996/921
f 803/992/917 807/996/921 808/997/922
f 376/560/480 809/998/923 810/999/924
f 376/560/480 810/999/924 811/1000/925
f 809/998/923 812/1001/926 813/1002/927
f 809/998/923 813/1002/927 810/999/924
f 810/999/924 813/1002/927 806/995/920
f 810/999/924 806/995/920 805/994/919
f 811/1000/925 810/999/924 805/994/919
f 811/1000/925 805/994/919 804/993/918
f 699/888/809 814/1003/928 815/1004/929
f 699/888/809 815/1004/929 816/1005/930
f 814/1003/928 808/997/922 807/996/921
f 814/1003/928 807/996/921 815/1004/929
f 815/1004/929 807/996/921 806/995/920
f 815/1004/929 806/995/920 813/1002/927
f 816/1005/930 815/1004/929 813/1002/927
f 816/1005/930 813/1002/927 812/1001/926
f 699/888/809 817/1006/931 818/1007/932
f 699/888/809 818/1007/932 819/1008/933
f 817/1006/931 820/1009/934 821/1010/935
f 817/1006/931 821/1010/935 818/1007/932
f 818/1007/932 821/1010/935 822/1011/936
f 818/1007/932 822/1011/936 823/1012/937
f 819/1008/933 818/1007/932 823/1012/937
f 819/1008/933 823/1012/937 824/1013/938
f 349/533/453 825/1014/939 826/1015/940
f 349/533/453 826/1015/940 827/1016/941
f 825/1014/939 828/1017/942 829/1018/943
f 825/1014/939 829/1018/943 826/1015/940
f 826/1015/940 829/1018/943 822/1011/936
f 826/1015/940 822/1011/936 821/1010/935
f 827/1016/941 826/1015/940 821/1010/935
f 827/1016/941 821/1010/935 820/1009/934
f 830/1019/944 831/1020/945 832/1021/946
f 830/1019/944 832/1021/946 833/1022/947
f 831/1020/945 824/1013/938 823/1012/937
f 831/1020/945 823/1012/937 832/1021/946
f 832/1021/946 823/1012/937 822/1011/936
f 832/1021/946 822/1011/936 829/1018/943
f 833/1022/947 832/1021/946 829/1018/943
f 833/1022/947 829/1018/943 828/1017/942
f 758/947/872 834/1023/948 835/1024/949
f 758/947/872 835/1024/949 836/1025/950
f 834/1023/948 837/1026/951 838/1027/952
f 834/1023/948 838/1027/952 835/1024/949
f 835/1024/949 838/1027/952 839/1028/953
f 835/1024/949 839/1028/953 840/1029/954
f 836/1025/950 835/1024/949 840/1029/954
f 836/1025/950 840/1029/954 841/1030/955
f 842/1031/956 843/1032/957 844/1033/958
f 842/1031/956 844/1033/958 845/1034/959
f 843/1032/957 846/1035/960 847/1036/961
f 843/1032/957 847/1036/961 844/1033/958
f 844/1033/958 847/1036/961 839/1028/953
f 844/1033/958 839/1028/953 838/1027/952
f 845/1034/959 844/1033/958 838/1027/952
f 845/1034/959 838/1027/952 837/1026/951
f 631/820/741 848/1037/962 849/1038/963
f 631/820/741 849/1038/963 850/1039/964
f 848/1037/962 841/1030/955 840/1029/954
f 848/1037/962 840/1029/954 849/1038/963
f 849/1038/963 840/1029/954 839/1028/953
f 849/1038/963 839/1028/953 847/1036/961
f 850/1039/964 849/1038/963 847/1036/961
f 850/1039/964 847/1036/961 846/1035/960
f 631/820/741 850/1039/964 851/1040/965
f 631/820/741 851/1040/965 852/1041/966
f 850/1039/964 846/1035/960 853/1042/967
f 850/1039/964 853/1042/967 851/1040/965
f 851/1040/965 853/1042/967 854/1043/968
f 851/1040/965 854/1043/968 855/1044/969
f 852/1041/966 851/1040/965 855/1044/969
f 852/1041/966 855/1044/969 856/1045/970
f 842/1031/956 857/1046/971 858/1047/972
f 842/1031/956 858/1047/972 843/1032/957
f 857/1046/971 859/1048/973 860/1049/974
f 857/1046/971 860/1049/974 858/1047/972
f 858/1047/972 860/1049/974 854/1043/968
f 858/1047/972 854/1043/968 853/1042/967
f 843/1032/957 858/1047/972 853/1042/967
f 843/1032/957 853/1042/967 846/1035/960
f 601/790/708 861/1050/975 862/1051/976
f 601/790/708 862/1051/976 863/1052/977
f 861/1050/975 856/1045/970 855/1044/969
f 861/1050/975 855/1044/969 862/1051/976
f 862/1051/976 855/1044/969 854/1043/968
f 862/1051/976 854/1043/968 860/1049/974
f 863/1052/977 862/1051/976 860/1049/974
f 863/1052/977 860/1049/974 859/1048/973
f 864/1053/978 865/1054/979 866/1055/980
f 864/1053/978 866/1055/980 867/1056/981
f 865/1054/979 868/1057/982 869/1058/983
f 865/1054/979 869/1058/983 866/1055/980
f 866/1055/980 869/1058/983 870/1059/984
f 866/1055/980 870/1059/984 871/1060/985
f 867/1056/981 866/1055/980 871/1060/985
f 867/1056/981 871/1060/985 872/1061/986
f 657/846/767 873/1062/987 874/1063/988
f 657/846/767 874/1063/988 875/1064/989
f 873/1062/987 876/1065/990 877/1066/991
f 873/1062/987 877/1066/991 874/1063/988
f 874/1063/988 877/1066/991 870/1059/984
f 874/1063/988 870/1059/984 869/1058/983
f 875/1064/989 874/1063/988 869/1058/983
f 875/1064/989 869/1058/983 868/1057/982
f 297/481/394 878/1067/992 879/1068/993
f 297/481/394 879/1068/993 880/1069/994
f 878/1067/992 872/1061/986 871/1060/985
f 878/1067/992 871/1060/985 879/1068/993
f 879/1068/993 871/1060/985 870/1059/984
f 879/1068/993 870/1059/984 877/1066/991
f 880/1069/994 879/1068/993 877/1066/991
f 880/1069/994 877/1066/991 876/1065/990
f 881/1070/995 882/1071/996 883/1072/997
f 881/1070/995 883/1072/997 884/1073/998
f 882/1071/996 885/1074/999 886/1075/1000
f 882/1071/996 886/1075/1000 883/1072/997
f 883/1072/997 886/1075/1000 887/1076/1001
f 883/1072/997 887/1076/1001 888/1077/1002
f 884/1073/998 883/1072/997 888/1077/1002
f 884/1073/998 888/1077/1002 889/1078/1003
f 601/790/708 890/1079/1004 891/1080/1005
f 601/790/708 891/1080/1005 892/1081/1006
f 890/1079/1004 893/1082/1007 894/1083/1008
f 890/1079/1004 894/1083/1008 891/1080/1005
f 891/1080/1005 894/1083/1008 887/1076/1001
f 891/1080/1005 887/1076/1001 886/1075/1000
f 892/1081/1006 891/1080/1005 886/1075/1000
f 892/1081/1006 886/1075/1000 885/1074/999
f 895/1084/1009 896/1085/1010 897/1086/1011
f 895/1084/1009 897/1086/1011 898/1087/1012
f 899/1088/1013 900/1089/1014 897/1086/1011
f 899/1088/1013 897/1086/1011 896/1085/1010
f 901/1090/1015 902/1091/1016 897/1086/1011
f 901/1090/1015 897/1086/1011 900/1089/1017
f 903/1092/1018 904/1093/1019 897/1086/1011
f 903/1092/1018 897/1086/1011 902/1091/1016
f 905/1094/1020 898/1087/1012 897/1086/1011
f 905/1094/1020 897/1086/1011 904/1093/1019
f 906/1095/1021 907/1096/1022 908/1097/1023
f 906/1095/1021 908/1097/1023 909/1098/1024
f 907/1096/1022 910/1099/1025 911/1100/1026
f 907/1096/1022 911/1100/1026 908/1097/1023
f 908/1097/1023 911/1100/1026 912/1101/1027
f 908/1097/1023 912/1101/1027 913/1102/1028
f 909/1098/1024 908/1097/1023 913/1102/1028
f 909/1098/1024 913/1102/1028 914/1103/1029
f 370/554/474 915/1104/1030 916/1105/1031
f 370/554/474 916/1105/1031 917/1106/1032
f 915/1104/1030 918/1107/1033 919/1108/1034
f 915/1104/1030 919/1108/1034 916/1105/1031
f 916/1105/1031 919/1108/1034 912/1101/1027
f 916/1105/1031 912/1101/1027 911/1100/1026
f 917/1106/1032 916/1105/1031 911/1100/1026
f 917/1106/1032 911/1100/1026 910/1099/1025
f 920/1109/1035 921/1110/1036 922/1111/1037
f 920/1109/1035 922/1111/1037 923/1112/1038
f 921/1110/1036 924/1113/1039 925/1114/1040
f 921/1110/1036 925/1114/1040 922/1111/1037
f 922/1111/1037 925/1114/1040 926/1115/1041
f 922/1111/1037 926/1115/1041 927/1116/1042
f 923/1112/1038 922/1111/1037 927/1116/1042
f 923/1112/1038 927/1116/1042 928/1117/1043
f 929/1118/1044 930/1119/1045 931/1120/1046
f 929/1118/1044 931/1120/1046 932/1121/1047
f 930/1119/1045 933/1122/1048 934/1123/1049
f 930/1119/1045 934/1123/1049 931/1120/1046
f 931/1120/1046 934/1123/1049 926/1115/1041
f 931/1120/1046 926/1115/1041 925/1114/1040
f 932/1121/1047 931/1120/1046 925/1114/1040
f 932/1121/1047 925/1114/1040 924/1113/1039
f 501/685/606 935/1124/1050 936/1125/1051
f 501/685/606 936/1125/1051 937/1126/1052
f 935/1124/1050 928/1117/1043 927/1116/1042
f 935/1124/1050 927/1116/1042 936/1125/1051
f 936/1125/1051 927/1116/1042 926/1115/1041
f 936/1125/1051 926/1115/1041 934/1123/1049
f 937/1126/1052 936/1125/1051 934/1123/1049
f 937/1126/1052 934/1123/1049 933/1122/1048
f 920/1109/1035 923/1112/1038 938/1127/1053
f 920/1109/1035 938/1127/1053 939/1128/1054
f 923/1112/1038 928/1117/1043 940/1129/1055
f 923/1112/1038 940/1129/1055 938/1127/1053
f 938/1127/1053 940/1129/1055 941/1130/1056
f 938/1127/1053 941/1130/1056 942/1131/1057
f 939/1128/1054 938/1127/1053 942/1131/1057
f 939/1128/1054 942/1131/1057 943/1132/1058
f 501/685/606 944/1133/1059 945/1134/1060
f 501/685/606 945/1134/1060 935/1124/1050
f 944/1133/1059 946/1135/1061 947/1136/1062
f 944/1133/1059 947/1136/1062 945/1134/1060
f 945/1134/1060 947/1136/1062 941/1130/1056
f 945/1134/1060 941/1130/1056 940/1129/1055
f 935/1124/1050 945/1134/1060 940/1129/1055
f 935/1124/1050 940/1129/1055 928/1117/1043
f 349/533/453 948/1137/1063 949/1138/1064
f 349/533/453 949/1138/1064 950/1139/1065
f 948/1137/1063 943/1132/1058 942/1131/1057
f 948/1137/1063 942/1131/1057 949/1138/1064
f 949/1138/1064 942/1131/1057 941/1130/1056
f 949/1138/1064 941/1130/1056 947/1136/1062
f 950/1139/1065 949/1138/1064 947/1136/1062
f 950/1139/1065 947/1136/1062 946/1135/1061
f 951/1140/1066 952/1141/1067 953/1142/1068
f 951/1140/1066 953/1142/1068 954/1143/1069
f 955/1144/1070 956/1145/1071 953/1142/1068
f 955/1144/1070 953/1142/1068 952/1141/1067
f 957/1146/1072 958/1147/1073 953/1142/1068
f 957/1146/1072 953/1142/1068 956/1145/1071
f 959/1148/1074 960/1149/1075 953/1142/1068
f 959/1148/1074 953/1142/1068 958/1147/1076
f 961/1150/1077 954/1143/1069 953/1142/1068
f 961/1150/1077 953/1142/1068 960/1149/1075
f 962/1151/1078 963/1152/1079 964/1153/1080
f 962/1151/1078 964/1153/1080 965/1154/1081
f 961/1150/1077 960/1149/1075 964/1153/1080
f 961/1150/1077 964/1153/1080 963/1152/1079
f 959/1148/1074 966/1155/1082 964/1153/1080
f 959/1148/1074 964/1153/1080 960/1149/1075
f 967/1156/1083 968/1157/1084 964/1153/1080
f 967/1156/1083 964/1153/1080 966/1155/1082
f 969/1158/1085 965/1154/1081 964/1153/1080
f 969/1158/1085 964/1153/1080 968/1157/1084
f 970/1159/1086 971/1160/1087 972/1161/1088
f 970/1159/1086 972/1161/1088 973/1162/1089
f 974/1163/1090 975/1164/1091 972/1161/1088
f 974/1163/1090 972/1161/1088 971/1160/1087
f 976/1165/1092 977/1166/1093 972/1161/1088
f 976/1165/1092 972/1161/1088 975/1164/1091
f 978/1167/1094 979/1168/1095 972/1161/1088
f 978/1167/1094 972/1161/1088 977/1166/1093
f 980/1169/1096 973/1162/1089 972/1161/1088
f 980/1169/1096 972/1161/1088 979/1168/1095
f 332/516/433 981/1170/1097 982/1171/1098
f 332/516/433 982/1171/1098 333/517/434
f 981/1170/1097 980/1169/1096 979/1168/1095
f 981/1170/1097 979/1168/1095 982/1171/1098
f 982/1171/1098 979/1168/1095 978/1167/1094
f 982/1171/1098 978/1167/1094 983/1172/1099
f 333/517/434 982/1171/1098 983/1172/1099
f 333/517/434 983/1172/1099 336/520/437
f 984/1173/1100 985/1174/1101 986/1175/1102
f 984/1173/1100 986/1175/1102 987/1176/1103
f 988/1177/1104 989/1178/1105 986/1175/1106
f 988/1177/1104 986/1175/1106 985/1174/1107
f 990/1179/1108 987/1176/1109 986/1175/1106
f 990/1179/1108 986/1175/1106 989/1178/1105
f 895/1084/1009 898/1087/1012 991/1180/1110
f 895/1084/1009 991/1180/1110 992/1181/1111
f 905/1094/1020 993/1182/1112 991/1180/1110
f 905/1094/1020 991/1180/1110 898/1087/1012
f 994/1183/1113 995/1184/1114 991/1180/1110
f 994/1183/1113 991/1180/1110 993/1182/1112
f 996/1185/1115 997/1186/1116 991/1180/1110
f 996/1185/1115 991/1180/1110 995/1184/1114
f 998/1187/1117 992/1181/1111 991/1180/1110
f 998/1187/1117 991/1180/1110 997/1186/1116
f 929/1118/1044 999/1188/1118 1000/1189/1119
f 929/1118/1044 1000/1189/1119 1001/1190/1120
f 999/1188/1118 1002/1191/1121 1003/1192/1122
f 999/1188/1118 1003/1192/1122 1000/1189/1119
f 1000/1189/1119 1003/1192/1122 1004/1193/1123
f 1000/1189/1119 1004/1193/1123 1005/1194/1124
f 1001/1190/1120 1000/1189/1119 1005/1194/1124
f 1001/1190/1120 1005/1194/1124 1006/1195/1125
f 509/693/615 1007/1196/1126 1008/1197/1127
f 509/693/615 1008/1197/1127 1009/1198/1128
f 1006/1195/1125 1005/1194/1124 1008/1197/1127
f 1006/1195/1125 1008/1197/1127 1007/1196/1126
f 1004/1193/1123 1010/1199/1129 1008/1197/1127
f 1004/1193/1123 1008/1197/1127 1005/1194/1124
f 1011/1200/1130 1012/1201/1131 1008/1197/1127
f 1011/1200/1130 1008/1197/1127 1010/1199/1132
f 1013/1202/1133 1009/1198/1128 1008/1197/1127
f 1013/1202/1133 1008/1197/1127 1012/1201/1131
f 962/1151/1078 965/1154/1081 1014/1203/1134
f 962/1151/1078 1014/1203/1134 1015/1204/1135
f 965/1154/1081 969/1158/1085 1016/1205/1136
f 965/1154/1081 1016/1205/1136 1014/1203/1134
f 1014/1203/1134 1016/1205/1136 1017/1206/1137
f 1014/1203/1134 1017/1206/1137 1018/1207/1138
f 1015/1204/1135 1014/1203/1134 1018/1207/1138
f 1015/1204/1135 1018/1207/1138 1019/1208/1139
f 906/1095/1021 1020/1209/1140 1021/1210/1141
f 906/1095/1021 1021/1210/1141 1022/1211/1142
f 1020/1209/1140 1023/1212/1143 1024/1213/1144
f 1020/1209/1140 1024/1213/1144 1021/1210/1141
f 1021/1210/1141 1024/1213/1144 1025/1214/1145
f 1021/1210/1141 1025/1214/1145 1026/1215/1146
f 1022/1211/1142 1021/1210/1141 1026/1215/1146
f 1022/1211/1142 1026/1215/1146 1027/1216/1147
f 1028/1217/1148 1029/1218/1149 1030/1219/1150
f 1028/1217/1148 1030/1219/1150 1031/1220/1151
f 1029/1218/1149 1032/1221/1152 1033/1222/1153
f 1029/1218/1149 1033/1222/1153 1030/1219/1150
f 1030/1219/1150 1033/1222/1153 1025/1214/1145
f 1030/1219/1150 1025/1214/1145 1024/1213/1144
f 1031/1220/1151 1030/1219/1150 1024/1213/1144
f 1031/1220/1151 1024/1213/1144 1023/1212/1143
f 376/560/480 1034/1223/1154 1035/1224/1155
f 376/560/480 1035/1224/1155 1036/1225/1156
f 1034/1223/1154 1027/1216/1147 1026/1215/1146
f 1034/1223/1154 1026/1215/1146 1035/1224/1155
f 1035/1224/1155 1026/1215/1146 1025/1214/1145
f 1035/1224/1155 1025/1214/1145 1033/1222/1153
f 1036/1225/1156 1035/1224/1155 1033/1222/1153
f 1036/1225/1156 1033/1222/1153 1032/1221/1152
f 774/963/888 1037/1226/1157 1038/1227/1158
f 774/963/888 1038/1227/1158 775/964/889
f 1037/1226/1157 1039/1228/1159 1040/1229/1160
f 1037/1226/1157 1040/1229/1160 1038/1227/1158
f 1038/1227/1158 1040/1229/1160 1041/1230/1161
f 1038/1227/1158 1041/1230/1161 1042/1231/1162
f 775/964/889 1038/1227/1158 1042/1231/1162
f 775/964/889 1042/1231/1162 778/967/892
f 361/545/465 1043/1232/1163 1044/1233/1164
f 361/545/465 1044/1233/1164 1045/1234/1165
f 1043/1232/1163 1046/1235/1166 1047/1236/1167
f 1043/1232/1163 1047/1236/1167 1044/1233/1164
f 1044/1233/1164 1047/1236/1167 1041/1230/1161
f 1044/1233/1164 1041/1230/1161 1040/1229/1160
f 1045/1234/1165 1044/1233/1164 1040/1229/1160
f 1045/1234/1165 1040/1229/1160 1039/1228/1159
f 685/874/795 785/974/899 1048/1237/1168
f 685/874/795 1048/1237/1168 1049/1238/1169
f 785/974/899 778/967/892 1042/1231/1162
f 785/974/899 1042/1231/1162 1048/1237/1168
f 1048/1237/1168 1042/1231/1162 1041/1230/1161
f 1048/1237/1168 1041/1230/1161 1047/1236/1167
f 1049/1238/1169 1048/1237/1168 1047/1236/1167
f 1049/1238/1169 1047/1236/1167 1046/1235/1166
f 601/790/708 1050/1239/1170 1051/1240/1171
f 601/790/708 1051/1240/1171 1052/1241/1172
f 1050/1239/1170 1053/1242/1173 1054/1243/1174
f 1050/1239/1170 1054/1243/1174 1051/1240/1171
f 1051/1240/1171 1054/1243/1174 1055/1244/1175
f 1051/1240/1171 1055/1244/1175 1056/1245/1176
f 1052/1241/1172 1051/1240/1171 1056/1245/1176
f 1052/1241/1172 1056/1245/1176 1057/1246/1177
f 864/1053/978 867/1056/981 1058/1247/1178
f 864/1053/978 1058/1247/1178 1059/1248/1179
f 867/1056/981 872/1061/986 1060/1249/1180
f 867/1056/981 1060/1249/1180 1058/1247/1178
f 1058/1247/1178 1060/1249/1180 1055/1244/1175
f 1058/1247/1178 1055/1244/1175 1054/1243/1174
f 1059/1248/1179 1058/1247/1178 1054/1243/1174
f 1059/1248/1179 1054/1243/1174 1053/1242/1173
f 297/481/394 1061/1250/1181 1062/1251/1182
f 297/481/394 1062/1251/1182 878/1067/992
f 1061/1250/1181 1057/1246/1177 1056/1245/1176
f 1061/1250/1181 1056/1245/1176 1062/1251/1182
f 1062/1251/1182 1056/1245/1176 1055/1244/1175
f 1062/1251/1182 1055/1244/1175 1060/1249/1180
f 878/1067/992 1062/1251/1182 1060/1249/1180
f 878/1067/992 1060/1249/1180 872/1061/986
f 758/947/872 836/1025/950 1063/1252/1183
f 758/947/872 1063/1252/1183 759/948/873
f 836/1025/950 841/1030/955 1064/1253/1184
f 836/1025/950 1064/1253/1184 1063/1252/1183
f 1063/1252/1183 1064/1253/1184 1065/1254/1185
f 1063/1252/1183 1065/1254/1185 1066/1255/1186
f 759/948/873 1063/1252/1183 1066/1255/1186
f 759/948/873 1066/1255/1186 762/951/876
f 631/820/741 1067/1256/1187 1068/1257/1188
f 631/820/741 1068/1257/1188 848/1037/962
f 1067/1256/1187 1069/1258/1189 1070/1259/1190
f 1067/1256/1187 1070/1259/1190 1068/1257/1188
f 1068/1257/1188 1070/1259/1190 1065/1254/1185
f 1068/1257/1188 1065/1254/1185 1064/1253/1184
f 848/1037/962 1068/1257/1188 1064/1253/1184
f 848/1037/962 1064/1253/1184 841/1030/955
f 391/575/495 769/958/883 1071/1260/1191
f 391/575/495 1071/1260/1191 1072/1261/1192
f 769/958/883 762/951/876 1066/1255/1186
f 769/958/883 1066/1255/1186 1071/1260/1191
f 1071/1260/1191 1066/1255/1186 1065/1254/1185
f 1071/1260/1191 1065/1254/1185 1070/1259/1190
f 1072/1261/1192 1071/1260/1191 1070/1259/1190
f 1072/1261/1192 1070/1259/1190 1069/1258/1189
f 412/596/516 1073/1262/1193 1074/1263/1194
f 412/596/516 1074/1263/1194 726/915/836
f 1073/1262/1193 1075/1264/1195 1076/1265/1196
f 1073/1262/1193 1076/1265/1196 1074/1263/1194
f 1074/1263/1194 1076/1265/1196 1077/1266/1197
f 1074/1263/1194 1077/1266/1197 1078/1267/1198
f 726/915/836 1074/1263/1194 1078/1267/1198
f 726/915/836 1078/1267/1198 729/918/839
f 830/1019/944 1079/1268/1199 1080/1269/1200
f 830/1019/944 1080/1269/1200 1081/1270/1201
f 1079/1268/1199 1082/1271/1202 1083/1272/1203
f 1079/1268/1199 1083/1272/1203 1080/1269/1200
f 1080/1269/1200 1083/1272/1203 1084/1273/1204
f 1080/1269/1200 1084/1273/1204 1085/1274/1205
f 1081/1270/1201 1080/1269/1200 1085/1274/1205
f 1081/1270/1201 1085/1274/1205 1086/1275/1206
f 412/596/516 1087/1276/1207 1088/1277/1208
f 412/596/516 1088/1277/1208 1073/1262/1193
f 1087/1276/1207 1086/1275/1206 1085/1274/1205
f 1087/1276/1207 1085/1274/1205 1088/1277/1208
f 1088/1277/1208 1085/1274/1205 1084/1273/1204
f 1088/1277/1208 1084/1273/1204 1089/1278/1209
f 1073/1262/1193 1088/1277/1208 1089/1278/1209
f 1073/1262/1193 1089/1278/1209 1075/1264/1195
f 431/615/535 715/904/825 1090/1279/1210
f 431/615/535 1090/1279/1210 1091/1280/1211
f 715/904/825 720/909/830 1092/1281/1212
f 715/904/825 1092/1281/1212 1090/1279/1210
f 1090/1279/1210 1092/1281/1212 1093/1282/1213
f 1090/1279/1210 1093/1282/1213 1094/1283/1214
f 1091/1280/1211 1090/1279/1210 1094/1283/1214
f 1091/1280/1211 1094/1283/1214 1095/1284/1215
f 403/587/507 439/623/543 1096/1285/1216
f 403/587/507 1096/1285/1216 724/913/834
f 439/623/543 444/628/548 1097/1286/1217
f 439/623/543 1097/1286/1217 1096/1285/1216
f 1096/1285/1216 1097/1286/1217 1093/1282/1213
f 1096/1285/1216 1093/1282/1213 1092/1281/1212
f 724/913/834 1096/1285/1216 1092/1281/1212
f 724/913/834 1092/1281/1212 720/909/830
f 431/615/535 1091/1280/1211 1098/1287/1218
f 431/615/535 1098/1287/1218 1099/1288/1219
f 1091/1280/1211 1095/1284/1215 1100/1289/1220
f 1091/1280/1211 1100/1289/1220 1098/1287/1218
f 1098/1287/1218 1100/1289/1220 1101/1290/1221
f 1098/1287/1218 1101/1290/1221 1102/1291/1222
f 1099/1288/1219 1098/1287/1218 1102/1291/1222
f 1099/1288/1219 1102/1291/1222 1103/1292/1223
f 481/665/586 484/668/589 1104/1293/1224
f 481/665/586 1104/1293/1224 1105/1294/1225
f 484/668/589 474/658/579 1106/1295/1226
f 484/668/589 1106/1295/1226 1104/1293/1224
f 1104/1293/1224 1106/1295/1226 1107/1296/1227
f 1104/1293/1224 1107/1296/1227 1108/1297/1228
f 1105/1294/1225 1104/1293/1224 1108/1297/1228
f 1105/1294/1225 1108/1297/1228 1109/1298/1229
f 278/462/375 281/465/378 1110/1299/1230
f 278/462/375 1110/1299/1230 471/655/576
f 281/465/378 286/470/383 1111/1300/1231
f 281/465/378 1111/1300/1231 1110/1299/1230
f 1110/1299/1230 1111/1300/1231 1107/1296/1227
f 1110/1299/1230 1107/1296/1227 1106/1295/1226
f 471/655/576 1110/1299/1230 1106/1295/1226
f 471/655/576 1106/1295/1226 474/658/579
f 293/477/390 1112/1301/1232 1113/1302/1233
f 293/477/390 1113/1302/1233 294/478/391
f 1112/1301/1232 1109/1298/1229 1108/1297/1228
f 1112/1301/1232 1108/1297/1228 1113/1302/1233
f 1113/1302/1233 1108/1297/1228 1107/1296/1227
f 1113/1302/1233 1107/1296/1227 1111/1300/1231
f 294/478/391 1113/1302/1233 1111/1300/1231
f 294/478/391 1111/1300/1231 286/470/383
f 523/749/629 1114/1303/1234 1115/1304/1235
f 523/749/629 1115/1304/1235 1116/1305/1236
f 1114/1303/1234 1117/1306/1237 1118/1307/1238
f 1114/1303/1234 1118/1307/1238 1115/1304/1235
f 1115/1304/1239 1118/1307/1240 1119/1308/1241
f 1115/1304/1239 1119/1308/1241 1120/1309/1242
f 1116/1305/1243 1115/1304/1239 1120/1309/1242
f 1116/1305/1243 1120/1309/1242 1121/1310/1244
f 306/490/403 1122/1311/1245 1123/1312/1246
f 306/490/403 1123/1312/1246 1124/1313/1247
f 1122/1311/1248 1125/1314/1249 1126/1315/1250
f 1122/1311/1248 1126/1315/1250 1123/1312/1251
f 1123/1312/1251 1126/1315/1250 1119/1308/1241
f 1123/1312/1251 1119/1308/1241 1118/1307/1240
f 1124/1313/1247 1123/1312/1246 1118/1307/1238
f 1124/1313/1247 1118/1307/1238 1117/1306/1237
f 463/647/568 543/1316/650 1127/1317/1252
f 463/647/568 1127/1317/1252 464/648/569
f 543/1316/650 548/1318/655 1128/1319/1253
f 543/1316/650 1128/1319/1253 1127/1317/1252
f 1127/1317/1252 1128/1319/1254 1129/1320/1255
f 1127/1317/1252 1129/1320/1255 1130/1321/1256
f 464/648/569 1127/1317/1252 1130/1321/1256
f 464/648/569 1130/1321/1256 467/651/572
f 501/685/606 504/688/609 1131/1322/1257
f 501/685/606 1131/1322/1257 1132/1323/1258
f 508/692/1259 1133/1324/1260 1131/1322/1257
f 508/692/1259 1131/1322/1257 504/688/609
f 1134/1325/1261 1132/1323/1258 1131/1322/1257
f 1134/1325/1261 1131/1322/1257 1133/1324/1260
f 418/602/522 1135/1326/1262 1136/1327/1263
f 418/602/522 1136/1327/1263 1137/1328/1264
f 1135/1326/1262 1138/1329/1265 1139/1330/1266
f 1135/1326/1262 1139/1330/1266 1136/1327/1263
f 1136/1327/1263 1139/1330/1266 1140/1331/1267
f 1136/1327/1263 1140/1331/1267 1141/1332/1268
f 1137/1328/1264 1136/1327/1263 1141/1332/1268
f 1137/1328/1264 1141/1332/1268 1142/1333/1269
f 445/629/549 1143/1334/1270 1144/1335/1271
f 445/629/549 1144/1335/1271 446/630/550
f 1143/1334/1270 1145/1336/1272 1146/1337/1273
f 1143/1334/1270 1146/1337/1273 1144/1335/1271
f 1144/1335/1271 1146/1337/1273 1147/1338/1274
f 1144/1335/1271 1147/1338/1274 1148/1339/1275
f 446/630/550 1144/1335/1271 1148/1339/1275
f 446/630/550 1148/1339/1275 449/633/553
f 640/829/750 1149/1340/1276 1150/1341/1277
f 640/829/750 1150/1341/1277 1151/1342/1278
f 1149/1340/1276 1152/1343/1279 1153/1344/1280
f 1149/1340/1276 1153/1344/1280 1150/1341/1277
f 1150/1341/1277 1153/1344/1280 1147/1338/1274
f 1150/1341/1277 1147/1338/1274 1146/1337/1273
f 1151/1342/1278 1150/1341/1277 1146/1337/1273
f 1151/1342/1278 1146/1337/1273 1145/1336/1272
f 278/462/375 628/817/737 1154/1345/1281
f 278/462/375 1154/1345/1281 279/463/376
f 630/819/740 1155/1346/1282 1154/1345/1281
f 630/819/740 1154/1345/1281 628/817/737
f 1156/1347/1283 1157/1348/1284 1154/1345/1281
f 1156/1347/1283 1154/1345/1281 1155/1346/1282
f 1158/1349/1285 1159/1350/1286 1154/1345/1281
f 1158/1349/1285 1154/1345/1281 1157/1348/1284
f 282/466/379 279/463/376 1154/1345/1281
f 282/466/379 1154/1345/1281 1159/1350/1286
f 380/564/484 1160/1351/1287 1161/1352/1288
f 380/564/484 1161/1352/1288 621/810/728
f 1162/1353/1289 1163/1354/1290 1161/1352/1288
f 1162/1353/1289 1161/1352/1288 1160/1351/1287
f 1158/1349/1285 1157/1348/1284 1161/1352/1288
f 1158/1349/1285 1161/1352/1288 1163/1354/1290
f 1156/1347/1283 1164/1355/1291 1161/1352/1288
f 1156/1347/1283 1161/1352/1288 1157/1348/1284
f 624/813/731 621/810/728 1161/1352/1288
f 624/813/731 1161/1352/1288 1164/1355/1291
f 287/471/384 290/474/387 1165/1356/1292
f 287/471/384 1165/1356/1292 1166/1357/1293
f 290/474/387 282/466/379 1159/1350/1286
f 290/474/387 1159/1350/1286 1165/1356/1292
f 1165/1356/1292 1159/1350/1286 1158/1349/1285
f 1165/1356/1292 1158/1349/1285 1163/1354/1290
f 1166/1357/1293 1165/1356/1292 1163/1354/1290
f 1166/1357/1293 1163/1354/1290 1162/1353/1289
f 830/1019/944 1167/1358/1294 1168/1359/1295
f 830/1019/944 1168/1359/1295 1169/1360/1296
f 1167/1358/1294 1170/1361/1297 1171/1362/1298
f 1167/1358/1294 1171/1362/1298 1168/1359/1295
f 1168/1359/1295 1171/1362/1298 1172/1363/1299
f 1168/1359/1295 1172/1363/1299 1173/1364/1300
f 1169/1360/1296 1168/1359/1295 1173/1364/1300
f 1169/1360/1296 1173/1364/1300 1174/1365/1301
f 962/1151/1078 1015/1204/1135 1175/1366/1302
f 962/1151/1078 1175/1366/1302 1176/1367/1303
f 1015/1204/1135 1019/1208/1139 1177/1368/1304
f 1015/1204/1135 1177/1368/1304 1175/1366/1302
f 1175/1366/1302 1177/1368/1304 1178/1369/1305
f 1175/1366/1302 1178/1369/1305 1179/1370/1306
f 1176/1367/1303 1175/1366/1302 1179/1370/1306
f 1176/1367/1303 1179/1370/1306 1180/1371/1307
f 601/790/708 1181/1372/1308 1182/1373/1309
f 601/790/708 1182/1373/1309 1183/1374/1310
f 1181/1372/1308 1180/1371/1307 1179/1370/1306
f 1181/1372/1308 1179/1370/1306 1182/1373/1309
f 1182/1373/1309 1179/1370/1306 1178/1369/1305
f 1182/1373/1309 1178/1369/1305 1184/1375/1311
f 1183/1374/1310 1182/1373/1309 1184/1375/1311
f 1183/1374/1310 1184/1375/1311 1185/1376/1312
f 509/693/615 1186/1377/1313 1187/1378/1314
f 509/693/615 1187/1378/1314 510/694/616
f 1186/1377/1315 1188/1379/1316 1189/1380/1317
f 1186/1377/1315 1189/1380/1317 1187/1378/1318
f 1187/1378/1318 1189/1380/1317 1190/1381/1319
f 1187/1378/1318 1190/1381/1319 1191/1382/1320
f 510/694/616 1187/1378/1314 1191/1382/1321
f 510/694/616 1191/1382/1321 513/697/619
f 314/498/412 519/703/625 1192/1383/1322
f 314/498/412 1192/1383/1322 315/499/413
f 519/703/625 513/697/619 1191/1382/1321
f 519/703/625 1191/1382/1321 1192/1383/1322
f 1192/1383/1323 1191/1382/1320 1190/1381/1319
f 1192/1383/1323 1190/1381/1319 1193/1384/1324
f 315/499/419 1192/1383/1323 1193/1384/1324
f 315/499/419 1193/1384/1324 318/502/416
f 321/505/422 1194/1385/1325 1195/1386/1326
f 321/505/422 1195/1386/1326 1196/1387/1327
f 1194/1385/1325 1197/1388/1328 1198/1389/1329
f 1194/1385/1325 1198/1389/1329 1195/1386/1326
f 1195/1386/1326 1198/1389/1329 1199/1390/1330
f 1195/1386/1326 1199/1390/1330 1200/1391/1331
f 1196/1387/1327 1195/1386/1326 1200/1391/1331
f 1196/1387/1327 1200/1391/1331 1201/1392/1332
f 1202/1393/1333 1203/1394/1334 1204/1395/1335
f 1202/1393/1333 1204/1395/1335 1205/1396/1336
f 1203/1394/1334 1201/1392/1332 1200/1391/1331
f 1203/1394/1334 1200/1391/1331 1204/1395/1335
f 1204/1395/1335 1200/1391/1331 1199/1390/1330
f 1204/1395/1335 1199/1390/1330 1206/1397/1337
f 1205/1396/1336 1204/1395/1335 1206/1397/1337
f 1205/1396/1336 1206/1397/1337 1207/1398/1338
f 1208/1399/1339 1209/1400/1340 1210/1401/1341
f 1208/1399/1339 1210/1401/1341 1211/1402/1342
f 1212/1403/1343 1213/1404/1344 1210/1401/1345
f 1212/1403/1343 1210/1401/1345 1209/1400/1346
f 1214/1405/1347 1211/1402/1348 1210/1401/1345
f 1214/1405/1347 1210/1401/1345 1213/1404/1344
f 1208/1399/1339 1215/1406/1349 1216/1407/1350
f 1208/1399/1339 1216/1407/1350 1209/1400/1340
f 1217/1408/1351 1218/1409/1352 1216/1407/1353
f 1217/1408/1351 1216/1407/1353 1215/1406/1349
f 1212/1403/1343 1209/1400/1346 1216/1407/1353
f 1212/1403/1343 1216/1407/1353 1218/1409/1352
f 601/790/708 1183/1374/1310 1219/1410/1354
f 601/790/708 1219/1410/1354 890/1079/1004
f 1183/1374/1310 1185/1376/1312 1220/1411/1355
f 1183/1374/1310 1220/1411/1355 1219/1410/1354
f 1219/1410/1354 1220/1411/1355 1221/1412/1356
f 1219/1410/1354 1221/1412/1356 1222/1413/1357
f 890/1079/1004 1219/1410/1354 1222/1413/1357
f 890/1079/1004 1222/1413/1357 893/1082/1007
f 864/1053/978 1223/1414/1358 1224/1415/1359
f 864/1053/978 1224/1415/1359 1225/1416/1360
f 1223/1414/1358 1226/1417/1361 1227/1418/1362
f 1223/1414/1358 1227/1418/1362 1224/1415/1359
f 1224/1415/1359 1227/1418/1362 1228/1419/1363
f 1224/1415/1359 1228/1419/1363 1229/1420/1364
f 1225/1416/1360 1224/1415/1359 1229/1420/1364
f 1225/1416/1360 1229/1420/1364 1230/1421/1365
f 881/1070/995 1231/1422/1366 1232/1423/1367
f 881/1070/995 1232/1423/1367 1233/1424/1368
f 1231/1422/1366 1234/1425/1369 1235/1426/1370
f 1231/1422/1366 1235/1426/1370 1232/1423/1367
f 1232/1423/1367 1235/1426/1370 1228/1419/1363
f 1232/1423/1367 1228/1419/1363 1227/1418/1362
f 1233/1424/1368 1232/1423/1367 1227/1418/1362
f 1233/1424/1368 1227/1418/1362 1226/1417/1361
f 970/1159/1086 1236/1427/1371 1237/1428/1372
f 970/1159/1086 1237/1428/1372 1238/1429/1373
f 1236/1427/1371 1230/1421/1365 1229/1420/1364
f 1236/1427/1371 1229/1420/1364 1237/1428/1372
f 1237/1428/1372 1229/1420/1364 1228/1419/1363
f 1237/1428/1372 1228/1419/1363 1235/1426/1370
f 1238/1429/1373 1237/1428/1372 1235/1426/1370
f 1238/1429/1373 1235/1426/1370 1234/1425/1369
f 895/1084/1009 1239/1430/1374 1240/1431/1375
f 895/1084/1009 1240/1431/1375 896/1085/1010
f 1239/1430/1374 1241/1432/1376 1242/1433/1377
f 1239/1430/1374 1242/1433/1377 1240/1431/1375
f 1240/1431/1375 1242/1433/1377 1243/1434/1378
f 1240/1431/1375 1243/1434/1378 1244/1435/1379
f 896/1085/1010 1240/1431/1375 1244/1435/1379
f 896/1085/1010 1244/1435/1379 899/1088/1013
f 1245/1436/1380 1246/1437/1381 1247/1438/1382
f 1245/1436/1380 1247/1438/1382 1248/1439/1383
f 1246/1437/1381 1249/1440/1384 1250/1441/1385
f 1246/1437/1381 1250/1441/1385 1247/1438/1382
f 1247/1438/1382 1250/1441/1385 1243/1434/1378
f 1247/1438/1382 1243/1434/1378 1242/1433/1377
f 1248/1439/1383 1247/1438/1382 1242/1433/1377
f 1248/1439/1383 1242/1433/1377 1241/1432/1376
f 1028/1217/1148 1251/1442/1386 1252/1443/1387
f 1028/1217/1148 1252/1443/1387 1029/1218/1149
f 1251/1442/1386 1253/1444/1388 1254/1445/1389
f 1251/1442/1386 1254/1445/1389 1252/1443/1387
f 1252/1443/1387 1254/1445/1389 1255/1446/1390
f 1252/1443/1387 1255/1446/1390 1256/1447/1391
f 1029/1218/1149 1252/1443/1387 1256/1447/1391
f 1029/1218/1149 1256/1447/1391 1032/1221/1152
f 920/1109/1035 1257/1448/1392 1258/1449/1393
f 920/1109/1035 1258/1449/1393 1259/1450/1394
f 1257/1448/1392 1260/1451/1395 1261/1452/1396
f 1257/1448/1392 1261/1452/1396 1258/1449/1393
f 1258/1449/1393 1261/1452/1396 1255/1446/1390
f 1258/1449/1393 1255/1446/1390 1254/1445/1389
f 1259/1450/1394 1258/1449/1393 1254/1445/1389
f 1259/1450/1394 1254/1445/1389 1253/1444/1388
f 376/560/480 1036/1225/1156 1262/1453/1397
f 376/560/480 1262/1453/1397 1263/1454/1398
f 1036/1225/1156 1032/1221/1152 1256/1447/1391
f 1036/1225/1156 1256/1447/1391 1262/1453/1397
f 1262/1453/1397 1256/1447/1391 1255/1446/1390
f 1262/1453/1397 1255/1446/1390 1261/1452/1396
f 1263/1454/1398 1262/1453/1397 1261/1452/1396
f 1263/1454/1398 1261/1452/1396 1260/1451/1395
f 685/874/795 1049/1238/1169 1264/1455/1399
f 685/874/795 1264/1455/1399 801/990/915
f 1049/1238/1169 1046/1235/1166 1265/1456/1400
f 1049/1238/1169 1265/1456/1400 1264/1455/1399
f 1264/1455/1399 1265/1456/1400 1266/1457/1401
f 1264/1455/1399 1266/1457/1401 1267/1458/1402
f 801/990/915 1264/1455/1399 1267/1458/1402
f 801/990/915 1267/1458/1402 804/993/918
f 361/545/465 364/548/468 1268/1459/1403
f 361/545/465 1268/1459/1403 1043/1232/1163
f 364/548/468 369/553/473 1269/1460/1404
f 364/548/468 1269/1460/1404 1268/1459/1403
f 1268/1459/1403 1269/1460/1404 1266/1457/1401
f 1268/1459/1403 1266/1457/1401 1265/1456/1400
f 1043/1232/1163 1268/1459/1403 1265/1456/1400
f 1043/1232/1163 1265/1456/1400 1046/1235/1166
f 376/560/480 811/1000/925 1270/1461/1405
f 376/560/480 1270/1461/1405 377/561/481
f 811/1000/925 804/993/918 1267/1458/1402
f 811/1000/925 1267/1458/1402 1270/1461/1405
f 1270/1461/1405 1267/1458/1402 1266/1457/1401
f 1270/1461/1405 1266/1457/1401 1269/1460/1404
f 377/561/481 1270/1461/1405 1269/1460/1404
f 377/561/481 1269/1460/1404 369/553/473
f 864/1053/978 1271/1462/1406 1272/1463/1407
f 864/1053/978 1272/1463/1407 865/1054/979
f 1271/1462/1406 1273/1464/1408 1274/1465/1409
f 1271/1462/1406 1274/1465/1409 1272/1463/1407
f 1272/1463/1407 1274/1465/1409 1275/1466/1410
f 1272/1463/1407 1275/1466/1410 1276/1467/1411
f 865/1054/979 1272/1463/1407 1276/1467/1411
f 865/1054/979 1276/1467/1411 868/1057/982
f 332/516/433 1277/1468/1412 1278/1469/1413
f 332/516/433 1278/1469/1413 1279/1470/1414
f 1277/1468/1412 1280/1471/1415 1281/1472/1416
f 1277/1468/1412 1281/1472/1416 1278/1469/1413
f 1278/1469/1413 1281/1472/1416 1275/1466/1410
f 1278/1469/1413 1275/1466/1410 1274/1465/1409
f 1279/1470/1414 1278/1469/1413 1274/1465/1409
f 1279/1470/1414 1274/1465/1409 1273/1464/1408
f 657/846/767 875/1064/989 1282/1473/1417
f 657/846/767 1282/1473/1417 1283/1474/1418
f 875/1064/989 868/1057/982 1276/1467/1411
f 875/1064/989 1276/1467/1411 1282/1473/1417
f 1282/1473/1417 1276/1467/1411 1275/1466/1410
f 1282/1473/1417 1275/1466/1410 1281/1472/1416
f 1283/1474/1418 1282/1473/1417 1281/1472/1416
f 1283/1474/1418 1281/1472/1416 1280/1471/1415
f 758/947/872 761/950/875 1284/1475/1419
f 758/947/872 1284/1475/1419 1285/1476/1420
f 761/950/875 766/955/880 1286/1477/1421
f 761/950/875 1286/1477/1421 1284/1475/1419
f 1284/1475/1419 1286/1477/1421 1287/1478/1422
f 1284/1475/1419 1287/1478/1422 1288/1479/1423
f 1285/1476/1420 1284/1475/1419 1288/1479/1423
f 1285/1476/1420 1288/1479/1423 1289/1480/1424
f 1290/1481/1425 1291/1482/1426 1292/1483/1427
f 1290/1481/1425 1292/1483/1427 1293/1484/1428
f 1291/1482/1426 1289/1480/1424 1288/1479/1423
f 1291/1482/1426 1288/1479/1423 1292/1483/1427
f 1292/1483/1427 1288/1479/1423 1287/1478/1422
f 1292/1483/1427 1287/1478/1422 1294/1485/1429
f 1293/1484/1428 1292/1483/1427 1294/1485/1429
f 1293/1484/1428 1294/1485/1429 1295/1486/1430
f 699/888/809 819/1008/933 1296/1487/1431
f 699/888/809 1296/1487/1431 700/889/810
f 819/1008/933 824/1013/938 1297/1488/1432
f 819/1008/933 1297/1488/1432 1296/1487/1431
f 1296/1487/1431 1297/1488/1432 1298/1489/1433
f 1296/1487/1431 1298/1489/1433 1299/1490/1434
f 700/889/810 1296/1487/1431 1299/1490/1434
f 700/889/810 1299/1490/1434 703/892/813
f 830/1019/944 1081/1270/1201 1300/1491/1435
f 830/1019/944 1300/1491/1435 831/1020/945
f 1081/1270/1201 1086/1275/1206 1301/1492/1436
f 1081/1270/1201 1301/1492/1436 1300/1491/1435
f 1300/1491/1435 1301/1492/1436 1298/1489/1433
f 1300/1491/1435 1298/1489/1433 1297/1488/1432
f 831/1020/945 1300/1491/1435 1297/1488/1432
f 831/1020/945 1297/1488/1432 824/1013/938
f 412/596/516 709/898/819 1302/1493/1437
f 412/596/516 1302/1493/1437 1087/1276/1207
f 709/898/819 703/892/813 1299/1490/1434
f 709/898/819 1299/1490/1434 1302/1493/1437
f 1302/1493/1437 1299/1490/1434 1298/1489/1433
f 1302/1493/1437 1298/1489/1433 1301/1492/1436
f 1087/1276/1207 1302/1493/1437 1301/1492/1436
f 1087/1276/1207 1301/1492/1436 1086/1275/1206
f 568/757/675 1303/1494/1438 1304/1495/1439
f 568/757/675 1304/1495/1439 649/838/759
f 1303/1494/1438 1305/1496/1440 1306/1497/1441
f 1303/1494/1438 1306/1497/1441 1304/1495/1439
f 1304/1495/1439 1306/1497/1441 1307/1498/1442
f 1304/1495/1439 1307/1498/1442 1308/1499/1443
f 649/838/759 1304/1495/1439 1308/1499/1443
f 649/838/759 1308/1499/1443 652/841/762
f 297/481/394 880/1069/994 1309/1500/1444
f 297/481/394 1309/1500/1444 1310/1501/1445
f 880/1069/994 876/1065/990 1311/1502/1446
f 880/1069/994 1311/1502/1446 1309/1500/1444
f 1309/1500/1444 1311/1502/1446 1307/1498/1442
f 1309/1500/1444 1307/1498/1442 1306/1497/1441
f 1310/1501/1445 1309/1500/1444 1306/1497/1441
f 1310/1501/1445 1306/1497/1441 1305/1496/1440
f 657/846/767 660/849/770 1312/1503/1447
f 657/846/767 1312/1503/1447 873/1062/987
f 660/849/770 652/841/762 1308/1499/1443
f 660/849/770 1308/1499/1443 1312/1503/1447
f 1312/1503/1447 1308/1499/1443 1307/1498/1442
f 1312/1503/1447 1307/1498/1442 1311/1502/1446
f 873/1062/987 1312/1503/1447 1311/1502/1446
f 873/1062/987 1311/1502/1446 876/1065/990
f 640/829/750 1313/1504/1448 1314/1505/1449
f 640/829/750 1314/1505/1449 1315/1506/1450
f 1313/1504/1448 1316/1507/1451 1317/1508/1452
f 1313/1504/1448 1317/1508/1452 1314/1505/1449
f 1314/1505/1449 1317/1508/1452 1318/1509/1453
f 1314/1505/1449 1318/1509/1453 1319/1510/1454
f 1315/1506/1450 1314/1505/1449 1319/1510/1454
f 1315/1506/1450 1319/1510/1454 1320/1511/1455
f 601/790/708 604/793/711 1321/1512/1456
f 601/790/708 1321/1512/1456 1322/1513/1457
f 604/793/711 597/786/704 1323/1514/1458
f 604/793/711 1323/1514/1458 1321/1512/1456
f 1321/1512/1456 1323/1514/1458 1318/1509/1453
f 1321/1512/1456 1318/1509/1453 1317/1508/1452
f 1322/1513/1457 1321/1512/1456 1317/1508/1452
f 1322/1513/1457 1317/1508/1452 1316/1507/1451
f 554/740/661 1324/1515/1459 1325/1516/1460
f 554/740/661 1325/1516/1460 595/784/702
f 1324/1515/1459 1320/1511/1455 1319/1510/1454
f 1324/1515/1459 1319/1510/1454 1325/1516/1460
f 1325/1516/1460 1319/1510/1454 1318/1509/1453
f 1325/1516/1460 1318/1509/1453 1323/1514/1458
f 595/784/702 1325/1516/1460 1323/1514/1458
f 595/784/702 1323/1514/1458 597/786/704
f 454/638/559 1326/1517/1461 1327/1518/1462
f 454/638/559 1327/1518/1462 1328/1519/1463
f 1326/1517/1461 1329/1520/1464 1330/1521/1465
f 1326/1517/1461 1330/1521/1465 1327/1518/1462
f 1327/1518/1462 1330/1521/1465 1331/1522/1466
f 1327/1518/1462 1331/1522/1466 1332/1523/1467
f 1328/1519/1463 1327/1518/1462 1332/1523/1467
f 1328/1519/1463 1332/1523/1467 1333/1524/1468
f 399/583/503 1334/1525/1469 1335/1526/1470
f 399/583/503 1335/1526/1470 1336/1527/1471
f 1334/1525/1469 1337/1528/1472 1338/1529/1473
f 1334/1525/1469 1338/1529/1473 1335/1526/1470
f 1335/1526/1470 1338/1529/1473 1331/1522/1466
f 1335/1526/1470 1331/1522/1466 1330/1521/1465
f 1336/1527/1471 1335/1526/1470 1330/1521/1465
f 1336/1527/1471 1330/1521/1465 1329/1520/1464
f 445/629/549 1339/1530/1474 1340/1531/1475
f 445/629/549 1340/1531/1475 1341/1532/1476
f 1339/1530/1474 1333/1524/1468 1332/1523/1467
f 1339/1530/1474 1332/1523/1467 1340/1531/1475
f 1340/1531/1475 1332/1523/1467 1331/1522/1466
f 1340/1531/1475 1331/1522/1466 1338/1529/1473
f 1341/1532/1476 1340/1531/1475 1338/1529/1473
f 1341/1532/1476 1338/1529/1473 1337/1528/1472
f 640/829/750 1342/1533/1477 1343/1534/1478
f 640/829/750 1343/1534/1478 1149/1340/1276
f 1342/1533/1477 1344/1535/1479 1345/1536/1480
f 1342/1533/1477 1345/1536/1480 1343/1534/1478
f 1343/1534/1478 1345/1536/1480 1346/1537/1481
f 1343/1534/1478 1346/1537/1481 1347/1538/1482
f 1149/1340/1276 1343/1534/1478 1347/1538/1482
f 1149/1340/1276 1347/1538/1482 1152/1343/1279
f 418/602/522 1348/1539/1483 1349/1540/1484
f 418/602/522 1349/1540/1484 1135/1326/1262
f 1348/1539/1483 1350/1541/1485 1351/1542/1486
f 1348/1539/1483 1351/1542/1486 1349/1540/1484
f 1349/1540/1484 1351/1542/1486 1352/1543/1487
f 1349/1540/1484 1352/1543/1487 1353/1544/1488
f 1135/1326/1262 1349/1540/1484 1353/1544/1488
f 1135/1326/1262 1353/1544/1488 1138/1329/1265
f 734/923/844 1354/1545/1489 1355/1546/1490
f 734/923/844 1355/1546/1490 1356/1547/1491
f 1354/1545/1489 1357/1548/1492 1358/1549/1493
f 1354/1545/1489 1358/1549/1493 1355/1546/1490
f 1355/1546/1490 1358/1549/1493 1352/1543/1487
f 1355/1546/1490 1352/1543/1487 1351/1542/1486
f 1356/1547/1491 1355/1546/1490 1351/1542/1486
f 1356/1547/1491 1351/1542/1486 1350/1541/1485
f 734/923/844 737/926/847 1359/1550/1494
f 734/923/844 1359/1550/1494 1354/1545/1489
f 737/926/852 741/930/851 1360/1551/1495
f 737/926/852 1360/1551/1495 1359/1550/1496
f 1359/1550/1496 1360/1551/1495 1361/1552/1497
f 1359/1550/1496 1361/1552/1497 1362/1553/1498
f 1354/1545/1489 1359/1550/1494 1362/1553/1499
f 1354/1545/1489 1362/1553/1499 1357/1548/1492
f 830/1019/944 1169/1360/1296 1363/1554/1500
f 830/1019/944 1363/1554/1500 1079/1268/1199
f 1169/1360/1296 1174/1365/1301 1364/1555/1501
f 1169/1360/1296 1364/1555/1501 1363/1554/1500
f 1363/1554/1500 1364/1555/1501 1365/1556/1502
f 1363/1554/1500 1365/1556/1502 1366/1557/1503
f 1079/1268/1199 1363/1554/1500 1366/1557/1504
f 1079/1268/1199 1366/1557/1504 1082/1271/1202
f 577/766/684 1367/1558/1505 1368/1559/1506
f 577/766/684 1368/1559/1506 578/767/685
f 1369/1560/1507 1370/1561/1508 1368/1559/1509
f 1369/1560/1507 1368/1559/1509 1367/1558/1510
f 581/770/688 578/767/685 1368/1559/1511
f 581/770/688 1368/1559/1511 1370/1561/1511
f 681/870/791 1371/1562/1512 1372/1563/1513
f 681/870/791 1372/1563/1513 1373/1564/1514
f 1374/1565/1515 1375/1566/1516 1372/1563/1513
f 1374/1565/1515 1372/1563/1513 1371/1562/1512
f 1376/1567/1517 1373/1564/1514 1372/1563/1513
f 1376/1567/1517 1372/1563/1513 1375/1566/1516
f 609/798/716 1377/1568/1518 1378/1569/1519
f 609/798/716 1378/1569/1519 697/886/807
f 1377/1568/1518 1379/1570/1520 1380/1571/1521
f 1377/1568/1518 1380/1571/1521 1378/1569/1519
f 1378/1569/1519 1380/1571/1521 1381/1572/1522
f 1378/1569/1519 1381/1572/1522 1382/1573/1523
f 697/886/807 1378/1569/1519 1382/1573/1523
f 697/886/807 1382/1573/1523 693/882/803
f 1379/1570/1520 1383/1574/1524 1384/1575/1525
f 1379/1570/1520 1384/1575/1525 1380/1571/1521
f 1383/1574/1524 269/453/366 1385/1576/1526
f 1383/1574/1524 1385/1576/1526 1384/1575/1525
f 1384/1575/1525 1385/1576/1526 1386/1577/1527
f 1384/1575/1525 1386/1577/1527 1387/1578/1528
f 1380/1571/1521 1384/1575/1525 1387/1578/1528
f 1380/1571/1521 1387/1578/1528 1381/1572/1522
f 1381/1572/1522 1387/1578/1528 1388/1579/1529
f 1381/1572/1522 1388/1579/1529 1389/1580/1530
f 1387/1578/1528 1386/1577/1527 1390/1581/1531
f 1387/1578/1528 1390/1581/1531 1388/1579/1529
f 1388/1579/1529 1390/1581/1531 675/864/785
f 1388/1579/1529 675/864/785 790/979/904
f 1389/1580/1530 1388/1579/1529 790/979/904
f 1389/1580/1530 790/979/904 786/975/900
f 693/882/803 1382/1573/1523 1391/1582/1532
f 693/882/803 1391/1582/1532 688/877/798
f 1382/1573/1523 1381/1572/1522 1389/1580/1530
f 1382/1573/1523 1389/1580/1530 1391/1582/1532
f 1391/1582/1532 1389/1580/1530 786/975/900
f 1391/1582/1532 786/975/900 783/972/897
f 688/877/798 1391/1582/1532 783/972/897
f 688/877/798 783/972/897 685/874/795
f 481/1583/586 1105/1584/1225 1392/1585/1533
f 481/1583/586 1392/1585/1533 487/1586/592
f 1105/1584/1225 1109/1587/1229 1393/1588/1534
f 1105/1584/1225 1393/1588/1534 1392/1585/1533
f 1392/1585/1533 1393/1588/1534 1394/1589/1535
f 1392/1585/1533 1394/1589/1535 1395/1590/1536
f 487/1586/592 1392/1585/1533 1395/1590/1536
f 487/1586/592 1395/1590/1536 489/1591/594
f 293/477/390 532/716/639 1396/1592/1537
f 293/477/390 1396/1592/1537 1112/1301/1232
f 532/716/639 537/721/644 1397/1593/1538
f 532/716/639 1397/1593/1538 1396/1592/1537
f 1396/1592/1537 1397/1593/1538 1394/1594/1535
f 1396/1592/1537 1394/1594/1535 1393/1595/1534
f 1112/1301/1232 1396/1592/1537 1393/1595/1534
f 1112/1301/1232 1393/1595/1534 1109/1298/1229
f 463/647/568 466/650/571 1398/1596/1539
f 463/647/568 1398/1596/1539 541/1597/648
f 466/650/571 458/642/563 1399/1598/1540
f 466/650/571 1399/1598/1540 1398/1596/1539
f 1398/1596/1539 1399/1598/1540 1400/1599/1541
f 1398/1596/1539 1400/1599/1541 1401/1600/1542
f 541/1597/648 1398/1596/1539 1401/1600/1542
f 541/1597/648 1401/1600/1542 544/1601/651
f 454/638/559 1328/1519/1463 1402/1602/1543
f 454/638/559 1402/1602/1543 455/639/560
f 1328/1519/1463 1333/1524/1468 1403/1603/1544
f 1328/1519/1463 1403/1603/1544 1402/1602/1543
f 1402/1602/1543 1403/1603/1544 1400/1599/1541
f 1402/1602/1543 1400/1599/1541 1399/1598/1540
f 455/639/560 1402/1602/1543 1399/1598/1540
f 455/639/560 1399/1598/1540 458/642/563
f 445/629/549 551/1604/658 1404/1605/1545
f 445/629/549 1404/1605/1545 1339/1530/1474
f 551/1604/658 544/1601/651 1401/1600/1542
f 551/1604/658 1401/1600/1542 1404/1605/1545
f 1404/1605/1545 1401/1600/1542 1400/1599/1541
f 1404/1605/1545 1400/1599/1541 1403/1603/1544
f 1339/1530/1474 1404/1605/1545 1403/1603/1544
f 1339/1530/1474 1403/1603/1544 1333/1524/1468
f 445/734/549 448/1606/552 1405/1607/1546
f 445/734/549 1405/1607/1546 549/735/656
f 448/1606/552 453/1608/558 1406/1609/1547
f 448/1606/552 1406/1609/1547 1405/1607/1546
f 1405/1607/1546 1406/1609/1547 1407/1610/1548
f 1405/1607/1546 1407/1610/1548 1408/1611/1549
f 549/735/656 1405/1607/1546 1408/1611/1550
f 549/735/656 1408/1611/1550 552/738/659
f 269/453/366 1383/1574/1524 1409/1612/1551
f 269/453/366 1409/1612/1551 270/454/367
f 1383/1574/1524 1379/1570/1520 1410/1613/1552
f 1383/1574/1524 1410/1613/1552 1409/1612/1551
f 1409/1612/1551 1410/1613/1552 1411/1614/1553
f 1409/1612/1551 1411/1614/1553 1412/1615/1554
f 270/454/367 1409/1612/1551 1412/1615/1554
f 270/454/367 1412/1615/1554 273/457/370
f 609/798/716 1413/1616/1555 1414/1617/1556
f 609/798/716 1414/1617/1556 1377/1568/1518
f 1413/1616/1555 1415/1618/1557 1416/1619/1558
f 1413/1616/1555 1416/1619/1558 1414/1617/1556
f 1414/1617/1556 1416/1619/1558 1411/1614/1553
f 1414/1617/1556 1411/1614/1553 1410/1613/1552
f 1377/1568/1518 1414/1617/1556 1410/1613/1552
f 1377/1568/1518 1410/1613/1552 1379/1570/1520
f 609/798/716 612/801/719 1417/1620/1559
f 609/798/716 1417/1620/1559 1413/1616/1555
f 617/806/724 1418/1621/1560 1417/1620/1559
f 617/806/724 1417/1620/1559 612/801/719
f 1419/1622/1561 1420/1623/1562 1417/1620/1559
f 1419/1622/1561 1417/1620/1559 1418/1621/1560
f 1421/1624/1563 1422/1625/1564 1417/1620/1559
f 1421/1624/1563 1417/1620/1559 1420/1623/1562
f 1415/1618/1557 1413/1616/1555 1417/1620/1559
f 1415/1618/1557 1417/1620/1559 1422/1625/1564
f 431/615/535 1099/1288/1219 1423/1626/1565
f 431/615/535 1423/1626/1565 432/616/536
f 1099/1288/1219 1103/1292/1223 1424/1627/1566
f 1099/1288/1219 1424/1627/1566 1423/1626/1565
f 1423/1626/1565 1424/1627/1566 1425/1628/1567
f 1423/1626/1565 1425/1628/1567 1426/1629/1568
f 432/616/536 1423/1626/1565 1426/1629/1568
f 432/616/536 1426/1629/1568 435/619/539
f 403/587/507 406/590/510 1427/1630/1569
f 403/587/507 1427/1630/1569 437/621/541
f 406/590/510 411/595/515 1428/1631/1570
f 406/590/510 1428/1631/1570 1427/1630/1569
f 1427/1630/1569 1428/1631/1570 1429/1632/1571
f 1427/1630/1569 1429/1632/1571 1430/1633/1572
f 437/621/541 1427/1630/1569 1430/1633/1572
f 437/621/541 1430/1633/1572 440/624/544
f 418/602/522 1137/1328/1264 1431/1634/1573
f 418/602/522 1431/1634/1573 419/603/523
f 1137/1328/1264 1142/1333/1269 1432/1635/1574
f 1137/1328/1264 1432/1635/1574 1431/1634/1573
f 1431/1634/1573 1432/1635/1574 1429/1632/1571
f 1431/1634/1573 1429/1632/1571 1428/1631/1570
f 419/603/523 1431/1634/1573 1428/1631/1570
f 419/603/523 1428/1631/1570 411/595/515
f 399/583/503 648/837/758 1433/1636/1575
f 399/583/503 1433/1636/1575 1334/1525/1469
f 648/837/758 644/833/754 1434/1637/1576
f 648/837/758 1434/1637/1576 1433/1636/1575
f 1433/1636/1575 1434/1637/1576 1435/1638/1577
f 1433/1636/1575 1435/1638/1577 1436/1639/1578
f 1334/1525/1469 1433/1636/1575 1436/1639/1578
f 1334/1525/1469 1436/1639/1578 1337/1528/1472
f 640/829/750 1151/1342/1278 1437/1640/1579
f 640/829/750 1437/1640/1579 641/830/751
f 1151/1342/1278 1145/1336/1272 1438/1641/1580
f 1151/1342/1278 1438/1641/1580 1437/1640/1579
f 1437/1640/1579 1438/1641/1580 1435/1638/1577
f 1437/1640/1579 1435/1638/1577 1434/1637/1576
f 641/830/751 1437/1640/1579 1434/1637/1576
f 641/830/751 1434/1637/1576 644/833/754
f 445/629/549 1341/1532/1476 1439/1642/1581
f 445/629/549 1439/1642/1581 1143/1334/1270
f 1341/1532/1476 1337/1528/1472 1436/1639/1578
f 1341/1532/1476 1436/1639/1578 1439/1642/1581
f 1439/1642/1581 1436/1639/1578 1435/1638/1577
f 1439/1642/1581 1435/1638/1577 1438/1641/1580
f 1143/1334/1270 1439/1642/1581 1438/1641/1580
f 1143/1334/1270 1438/1641/1580 1145/1336/1272
f 523/749/629 1440/1643/1582 1441/1644/1583
f 523/749/629 1441/1644/1583 1114/1303/1234
f 1440/1643/1582 1442/1645/1584 1443/1646/1585
f 1440/1643/1582 1443/1646/1585 1441/1644/1583
f 1441/1644/1583 1443/1646/1585 1444/1647/1586
f 1441/1644/1583 1444/1647/1586 1445/1648/1587
f 1114/1303/1234 1441/1644/1583 1445/1648/1587
f 1114/1303/1234 1445/1648/1587 1117/1306/1237
f 297/481/394 300/484/397 1446/1649/1588
f 297/481/394 1446/1649/1588 1447/1650/1589
f 300/484/397 305/489/402 1448/1651/1590
f 300/484/397 1448/1651/1590 1446/1649/1588
f 1446/1649/1588 1448/1651/1590 1444/1647/1586
f 1446/1649/1588 1444/1647/1586 1443/1646/1585
f 1447/1650/1589 1446/1649/1588 1443/1646/1585
f 1447/1650/1589 1443/1646/1585 1442/1645/1584
f 306/490/403 1124/1313/1247 1449/1652/1591
f 306/490/403 1449/1652/1591 307/491/404
f 1124/1313/1247 1117/1306/1237 1445/1648/1587
f 1124/1313/1247 1445/1648/1587 1449/1652/1591
f 1449/1652/1591 1445/1648/1587 1444/1647/1586
f 1449/1652/1591 1444/1647/1586 1448/1651/1590
f 307/491/404 1449/1652/1591 1448/1651/1590
f 307/491/404 1448/1651/1590 305/489/402
f 297/481/394 1310/1501/1445 1450/1653/1592
f 297/481/394 1450/1653/1592 298/482/395
f 1310/1501/1445 1305/1496/1440 1451/1654/1593
f 1310/1501/1445 1451/1654/1593 1450/1653/1592
f 1450/1653/1592 1451/1654/1593 1452/1655/1594
f 1450/1653/1592 1452/1655/1594 1453/1656/1595
f 298/482/395 1450/1653/1592 1453/1656/1595
f 298/482/395 1453/1656/1595 301/485/398
f 568/757/675 571/760/678 1454/1657/1596
f 568/757/675 1454/1657/1596 1303/1494/1438
f 571/760/678 576/765/683 1455/1658/1597
f 571/760/678 1455/1658/1597 1454/1657/1596
f 1454/1657/1596 1455/1658/1597 1452/1655/1594
f 1454/1657/1596 1452/1655/1594 1451/1654/1593
f 1303/1494/1438 1454/1657/1596 1451/1654/1593
f 1303/1494/1438 1451/1654/1593 1305/1496/1440
f 568/757/675 651/840/761 1456/1659/1598
f 568/757/675 1456/1659/1598 569/758/676
f 651/840/761 656/845/766 1457/1660/1599
f 651/840/761 1457/1660/1599 1456/1659/1598
f 1456/1659/1598 1457/1660/1599 1458/1661/1600
f 1456/1659/1598 1458/1661/1600 1459/1662/1601
f 569/758/676 1456/1659/1598 1459/1662/1601
f 569/758/676 1459/1662/1601 572/761/679
f 663/852/773 1460/1663/1602 1461/1664/1603
f 663/852/773 1461/1664/1603 664/853/774
f 1460/1663/1602 1462/1665/1604 1463/1666/1605
f 1460/1663/1602 1463/1666/1605 1461/1664/1603
f 1461/1664/1603 1463/1666/1605 1458/1661/1600
f 1461/1664/1603 1458/1661/1600 1457/1660/1599
f 664/853/774 1461/1664/1603 1457/1660/1599
f 664/853/774 1457/1660/1599 656/845/766
f 577/766/684 580/769/687 1464/1667/1606
f 577/766/684 1464/1667/1606 1465/1668/1607
f 580/769/687 572/761/679 1459/1662/1601
f 580/769/687 1459/1662/1601 1464/1667/1606
f 1464/1667/1606 1459/1662/1601 1458/1661/1600
f 1464/1667/1606 1458/1661/1600 1463/1666/1605
f 1465/1668/1607 1464/1667/1606 1463/1666/1605
f 1465/1668/1607 1463/1666/1605 1462/1665/1604
f 418/602/522 421/605/525 1466/1669/1608
f 418/602/522 1466/1669/1608 1348/1539/1483
f 421/605/525 416/600/520 1467/1670/1609
f 421/605/525 1467/1670/1609 1466/1669/1608
f 1466/1669/1608 1467/1670/1609 1468/1671/1610
f 1466/1669/1608 1468/1671/1610 1469/1672/1611
f 1348/1539/1483 1466/1669/1608 1469/1672/1611
f 1348/1539/1483 1469/1672/1611 1350/1541/1485
f 412/596/516 728/917/838 1470/1673/1612
f 412/596/516 1470/1673/1612 413/597/517
f 728/917/838 733/922/843 1471/1674/1613
f 728/917/838 1471/1674/1613 1470/1673/1612
f 1470/1673/1612 1471/1674/1613 1468/1671/1610
f 1470/1673/1612 1468/1671/1610 1467/1670/1609
f 413/597/517 1470/1673/1612 1467/1670/1609
f 413/597/517 1467/1670/1609 416/600/520
f 734/923/844 1356/1547/1491 1472/1675/1614
f 734/923/844 1472/1675/1614 735/924/845
f 1356/1547/1491 1350/1541/1485 1469/1672/1611
f 1356/1547/1491 1469/1672/1611 1472/1675/1614
f 1472/1675/1614 1469/1672/1611 1468/1671/1610
f 1472/1675/1614 1468/1671/1610 1471/1674/1613
f 735/924/845 1472/1675/1614 1471/1674/1613
f 735/924/845 1471/1674/1613 733/922/843
f 391/575/495 394/578/498 1473/1676/1615
f 391/575/495 1473/1676/1615 752/941/863
f 398/582/502 1474/1677/1616 1473/1676/1615
f 398/582/502 1473/1676/1615 394/578/498
f 755/944/866 752/941/869 1473/1676/1617
f 755/944/866 1473/1676/1617 1474/1677/1617
f 380/564/484 623/812/730 1475/1678/1618
f 380/564/484 1475/1678/1618 381/565/485
f 626/815/734 1476/1679/1619 1475/1678/1620
f 626/815/734 1475/1678/1620 623/812/735
f 384/568/488 381/565/485 1475/1678/1620
f 384/568/488 1475/1678/1620 1476/1679/1619
f 287/471/384 1166/1357/1293 1477/1680/1621
f 287/471/384 1477/1680/1621 1478/1681/1622
f 1166/1357/1293 1162/1353/1289 1479/1682/1623
f 1166/1357/1293 1479/1682/1623 1477/1680/1621
f 1477/1680/1621 1479/1682/1623 1480/1683/1624
f 1477/1680/1621 1480/1683/1624 1481/1684/1625
f 1478/1681/1622 1477/1680/1621 1481/1684/1625
f 1478/1681/1622 1481/1684/1625 1482/1685/1626
f 380/564/484 383/567/487 1483/1686/1627
f 380/564/484 1483/1686/1627 1160/1351/1287
f 383/567/487 390/574/494 1484/1687/1628
f 383/567/487 1484/1687/1628 1483/1686/1627
f 1483/1686/1627 1484/1687/1628 1480/1683/1624
f 1483/1686/1627 1480/1683/1624 1479/1682/1623
f 1160/1351/1287 1483/1686/1627 1479/1682/1623
f 1160/1351/1287 1479/1682/1623 1162/1353/1289
f 399/583/503 1485/1688/1629 1486/1689/1630
f 399/583/503 1486/1689/1630 400/584/504
f 1485/1688/1629 1482/1685/1626 1481/1684/1625
f 1485/1688/1629 1481/1684/1625 1486/1689/1630
f 1486/1689/1630 1481/1684/1625 1480/1683/1624
f 1486/1689/1630 1480/1683/1624 1484/1687/1628
f 400/584/504 1486/1689/1630 1484/1687/1628
f 400/584/504 1484/1687/1628 390/574/494
f 681/870/791 684/873/794 1487/1690/1631
f 681/870/791 1487/1690/1631 1488/1691/1632
f 684/873/794 679/868/789 1489/1692/1633
f 684/873/794 1489/1692/1633 1487/1690/1631
f 1487/1690/1631 1489/1692/1633 1490/1693/1634
f 1487/1690/1631 1490/1693/1634 1491/1694/1635
f 1488/1691/1632 1487/1690/1631 1491/1694/1635
f 1488/1691/1632 1491/1694/1635 1492/1695/1636
f 675/864/785 1390/1581/1531 1493/1696/1637
f 675/864/785 1493/1696/1637 676/865/786
f 1390/1581/1531 1386/1577/1527 1494/1697/1638
f 1390/1581/1531 1494/1697/1638 1493/1696/1637
f 1493/1696/1637 1494/1697/1638 1490/1693/1634
f 1493/1696/1637 1490/1693/1634 1489/1692/1633
f 676/865/786 1493/1696/1637 1489/1692/1633
f 676/865/786 1489/1692/1633 679/868/789
f 269/453/366 1495/1698/1639 1496/1699/1640
f 269/453/366 1496/1699/1640 1385/1576/1526
f 1495/1698/1639 1492/1695/1636 1491/1694/1635
f 1495/1698/1639 1491/1694/1635 1496/1699/1640
f 1496/1699/1640 1491/1694/1635 1490/1693/1634
f 1496/1699/1640 1490/1693/1634 1494/1697/1638
f 1385/1576/1526 1496/1699/1640 1494/1697/1638
f 1385/1576/1526 1494/1697/1638 1386/1577/1527
f 640/829/750 643/832/753 1497/1700/1641
f 640/829/750 1497/1700/1641 1313/1504/1448
f 643/832/753 635/824/745 1498/1701/1642
f 643/832/753 1498/1701/1642 1497/1700/1641
f 1497/1700/1641 1498/1701/1642 1499/1702/1643
f 1497/1700/1641 1499/1702/1643 1500/1703/1644
f 1313/1504/1448 1497/1700/1641 1500/1703/1644
f 1313/1504/1448 1500/1703/1644 1316/1507/1451
f 631/820/741 852/1041/966 1501/1704/1645
f 631/820/741 1501/1704/1645 632/821/742
f 852/1041/966 856/1045/970 1502/1705/1646
f 852/1041/966 1502/1705/1646 1501/1704/1645
f 1501/1704/1645 1502/1705/1646 1499/1702/1643
f 1501/1704/1645 1499/1702/1643 1498/1701/1642
f 632/821/742 1501/1704/1645 1498/1701/1642
f 632/821/742 1498/1701/1642 635/824/745
f 601/790/708 1322/1513/1457 1503/1706/1647
f 601/790/708 1503/1706/1647 861/1050/975
f 1322/1513/1457 1316/1507/1451 1500/1703/1644
f 1322/1513/1457 1500/1703/1644 1503/1706/1647
f 1503/1706/1647 1500/1703/1644 1499/1702/1643
f 1503/1706/1647 1499/1702/1643 1502/1705/1646
f 861/1050/975 1503/1706/1647 1502/1705/1646
f 861/1050/975 1502/1705/1646 856/1045/970
f 523/749/629 608/797/715 1504/1707/1648
f 523/749/629 1504/1707/1648 1440/1643/1582
f 608/797/715 605/794/712 1505/1708/1649
f 608/797/715 1505/1708/1649 1504/1707/1648
f 1504/1707/1648 1505/1708/1649 1506/1709/1650
f 1504/1707/1648 1506/1709/1650 1507/1710/1651
f 1440/1643/1582 1504/1707/1648 1507/1710/1651
f 1440/1643/1582 1507/1710/1651 1442/1645/1584
f 601/790/708 1052/1241/1172 1508/1711/1652
f 601/790/708 1508/1711/1652 602/791/709
f 1052/1241/1172 1057/1246/1177 1509/1712/1653
f 1052/1241/1172 1509/1712/1653 1508/1711/1652
f 1508/1711/1652 1509/1712/1653 1506/1709/1650
f 1508/1711/1652 1506/1709/1650 1505/1708/1649
f 602/791/709 1508/1711/1652 1505/1708/1649
f 602/791/709 1505/1708/1649 605/794/712
f 297/481/394 1447/1650/1589 1510/1713/1654
f 297/481/394 1510/1713/1654 1061/1250/1181
f 1447/1650/1589 1442/1645/1584 1507/1710/1651
f 1447/1650/1589 1507/1710/1651 1510/1713/1654
f 1510/1713/1654 1507/1710/1651 1506/1709/1650
f 1510/1713/1654 1506/1709/1650 1509/1712/1653
f 1061/1250/1181 1510/1713/1654 1509/1712/1653
f 1061/1250/1181 1509/1712/1653 1057/1246/1177
f 1290/1481/1425 1293/1484/1428 1511/1714/1655
f 1290/1481/1425 1511/1714/1655 1512/1715/1656
f 1293/1484/1428 1295/1486/1430 1513/1716/1657
f 1293/1484/1428 1513/1716/1657 1511/1714/1655
f 1511/1714/1655 1513/1716/1657 1514/1717/1658
f 1511/1714/1655 1514/1717/1658 1515/1718/1659
f 1512/1715/1656 1511/1714/1655 1515/1718/1659
f 1512/1715/1656 1515/1718/1659 1516/1719/1660
f 1295/1486/1430 1517/1720/1661 1518/1721/1662
f 1295/1486/1430 1518/1721/1662 1513/1716/1657
f 1517/1720/1661 1519/1722/1663 1520/1723/1664
f 1517/1720/1661 1520/1723/1664 1518/1721/1662
f 1518/1721/1662 1520/1723/1664 1521/1724/1665
f 1518/1721/1662 1521/1724/1665 1522/1725/1666
f 1513/1716/1657 1518/1721/1662 1522/1725/1666
f 1513/1716/1657 1522/1725/1666 1514/1717/1658
f 1514/1717/1658 1522/1725/1666 1523/1726/1667
f 1514/1717/1658 1523/1726/1667 1524/1727/1668
f 1522/1725/1666 1521/1724/1665 1525/1728/1669
f 1522/1725/1666 1525/1728/1669 1523/1726/1667
f 1523/1726/1667 1525/1728/1669 1526/1729/1670
f 1523/1726/1667 1526/1729/1670 1527/1730/1671
f 1524/1727/1668 1523/1726/1667 1527/1730/1672
f 1524/1727/1668 1527/1730/1672 1249/1440/1384
f 1516/1719/1660 1515/1718/1659 1528/1731/1673
f 1516/1719/1660 1528/1731/1673 1529/1732/1674
f 1515/1718/1659 1514/1717/1658 1524/1727/1668
f 1515/1718/1659 1524/1727/1668 1528/1731/1673
f 1528/1731/1673 1524/1727/1668 1249/1440/1384
f 1528/1731/1673 1249/1440/1384 1246/1437/1381
f 1529/1732/1674 1528/1731/1673 1246/1437/1381
f 1529/1732/1674 1246/1437/1381 1245/1436/1380
f 431/615/535 749/938/860 1530/1733/1675
f 431/615/535 1530/1733/1675 713/902/823
f 749/938/860 744/933/855 1531/1734/1676
f 749/938/860 1531/1734/1676 1530/1733/1675
f 1530/1733/1675 1531/1734/1676 1532/1735/1677
f 1530/1733/1675 1532/1735/1677 1533/1736/1678
f 713/902/823 1530/1733/1675 1533/1736/1678
f 713/902/823 1533/1736/1678 716/905/826
f 685/874/795 803/992/917 1534/1737/1679
f 685/874/795 1534/1737/1679 742/931/853
f 803/992/917 808/997/922 1535/1738/1680
f 803/992/917 1535/1738/1680 1534/1737/1679
f 1534/1737/1679 1535/1738/1680 1532/1735/1677
f 1534/1737/1679 1532/1735/1677 1531/1734/1676
f 742/931/853 1534/1737/1679 1531/1734/1676
f 742/931/853 1531/1734/1676 744/933/855
f 699/888/809 722/911/832 1536/1739/1681
f 699/888/809 1536/1739/1681 814/1003/928
f 722/911/832 716/905/826 1533/1736/1678
f 722/911/832 1533/1736/1678 1536/1739/1681
f 1536/1739/1681 1533/1736/1678 1532/1735/1677
f 1536/1739/1681 1532/1735/1677 1535/1738/1680
f 814/1003/928 1536/1739/1681 1535/1738/1680
f 814/1003/928 1535/1738/1680 808/997/922
f 391/575/495 754/943/865 1537/1740/1682
f 391/575/495 1537/1740/1682 767/956/881
f 757/946/870 1538/1741/1683 1537/1740/1682
f 757/946/870 1537/1740/1682 754/943/871
f 770/959/884 767/956/881 1537/1740/1682
f 770/959/884 1537/1740/1682 1538/1741/1683
f 657/846/767 1539/1742/1684 1540/1743/1685
f 657/846/767 1540/1743/1685 658/847/768
f 1539/1742/1684 1541/1744/1686 1542/1745/1687
f 1539/1742/1684 1542/1745/1687 1540/1743/1685
f 1540/1743/1685 1542/1745/1687 1543/1746/1688
f 1540/1743/1685 1543/1746/1688 1544/1747/1689
f 658/847/768 1540/1743/1685 1544/1747/1689
f 658/847/768 1544/1747/1689 661/850/771
f 774/963/888 798/987/912 1545/1748/1690
f 774/963/888 1545/1748/1690 1546/1749/1691
f 798/987/912 793/982/907 1547/1750/1692
f 798/987/912 1547/1750/1692 1545/1748/1690
f 1545/1748/1690 1547/1750/1692 1543/1746/1688
f 1545/1748/1690 1543/1746/1688 1542/1745/1687
f 1546/1749/1691 1545/1748/1690 1542/1745/1687
f 1546/1749/1691 1542/1745/1687 1541/1744/1686
f 663/852/773 666/855/776 1548/1751/1693
f 663/852/773 1548/1751/1693 791/980/905
f 666/855/776 661/850/771 1544/1747/1689
f 666/855/776 1544/1747/1689 1548/1751/1693
f 1548/1751/1693 1544/1747/1689 1543/1746/1688
f 1548/1751/1693 1543/1746/1688 1547/1750/1692
f 791/980/905 1548/1751/1693 1547/1750/1692
f 791/980/905 1547/1750/1692 793/982/907
f 830/1019/944 833/1022/947 1549/1752/1694
f 830/1019/944 1549/1752/1694 1167/1358/1294
f 833/1022/947 828/1017/942 1550/1753/1695
f 833/1022/947 1550/1753/1695 1549/1752/1694
f 1549/1752/1694 1550/1753/1695 1551/1754/1696
f 1549/1752/1694 1551/1754/1696 1552/1755/1697
f 1167/1358/1294 1549/1752/1694 1552/1755/1697
f 1167/1358/1294 1552/1755/1697 1170/1361/1297
f 349/533/453 352/536/456 1553/1756/1698
f 349/533/453 1553/1756/1698 825/1014/939
f 352/536/456 357/541/461 1554/1757/1699
f 352/536/456 1554/1757/1699 1553/1756/1698
f 1553/1756/1698 1554/1757/1699 1551/1754/1696
f 1553/1756/1698 1551/1754/1696 1550/1753/1695
f 825/1014/939 1553/1756/1698 1550/1753/1695
f 825/1014/939 1550/1753/1695 828/1017/942
f 657/846/767 1283/1474/1418 1555/1758/1700
f 657/846/767 1555/1758/1700 1539/1742/1684
f 1283/1474/1418 1280/1471/1415 1556/1759/1701
f 1283/1474/1418 1556/1759/1701 1555/1758/1700
f 1555/1758/1700 1556/1759/1701 1557/1760/1702
f 1555/1758/1700 1557/1760/1702 1558/1761/1703
f 1539/1742/1684 1555/1758/1700 1558/1761/1703
f 1539/1742/1684 1558/1761/1703 1541/1744/1686
f 332/516/433 1559/1762/1704 1560/1763/1705
f 332/516/433 1560/1763/1705 1277/1468/1412
f 1559/1762/1704 1561/1764/1706 1562/1765/1707
f 1559/1762/1704 1562/1765/1707 1560/1763/1705
f 1560/1763/1705 1562/1765/1707 1557/1760/1702
f 1560/1763/1705 1557/1760/1702 1556/1759/1701
f 1277/1468/1412 1560/1763/1705 1556/1759/1701
f 1277/1468/1412 1556/1759/1701 1280/1471/1415
f 774/963/888 1546/1749/1691 1563/1766/1708
f 774/963/888 1563/1766/1708 1564/1767/1709
f 1546/1749/1691 1541/1744/1686 1558/1761/1703
f 1546/1749/1691 1558/1761/1703 1563/1766/1708
f 1563/1766/1708 1558/1761/1703 1557/1760/1702
f 1563/1766/1708 1557/1760/1702 1562/1765/1707
f 1564/1767/1709 1563/1766/1708 1562/1765/1707
f 1564/1767/1709 1562/1765/1707 1561/1764/1706
f 758/947/872 1285/1476/1420 1565/1768/1710
f 758/947/872 1565/1768/1710 834/1023/948
f 1285/1476/1420 1289/1480/1424 1566/1769/1711
f 1285/1476/1420 1566/1769/1711 1565/1768/1710
f 1565/1768/1710 1566/1769/1711 1567/1770/1712
f 1565/1768/1710 1567/1770/1712 1568/1771/1713
f 834/1023/948 1565/1768/1710 1568/1771/1713
f 834/1023/948 1568/1771/1713 837/1026/951
f 1290/1481/1425 1569/1772/1714 1570/1773/1715
f 1290/1481/1425 1570/1773/1715 1291/1482/1426
f 1569/1772/1714 1571/1774/1716 1572/1775/1717
f 1569/1772/1714 1572/1775/1717 1570/1773/1715
f 1570/1773/1715 1572/1775/1717 1567/1770/1712
f 1570/1773/1715 1567/1770/1712 1566/1769/1711
f 1291/1482/1426 1570/1773/1715 1566/1769/1711
f 1291/1482/1426 1566/1769/1711 1289/1480/1424
f 842/1031/956 845/1034/959 1573/1776/1718
f 842/1031/956 1573/1776/1718 1574/1777/1719
f 845/1034/959 837/1026/951 1568/1771/1713
f 845/1034/959 1568/1771/1713 1573/1776/1718
f 1573/1776/1718 1568/1771/1713 1567/1770/1712
f 1573/1776/1718 1567/1770/1712 1572/1775/1717
f 1574/1777/1719 1573/1776/1718 1572/1775/1717
f 1574/1777/1719 1572/1775/1717 1571/1774/1716
f 842/1031/956 1575/1778/1720 1576/1779/1721
f 842/1031/956 1576/1779/1721 857/1046/971
f 1575/1778/1720 1577/1780/1722 1578/1781/1723
f 1575/1778/1720 1578/1781/1723 1576/1779/1721
f 1576/1779/1721 1578/1781/1723 1579/1782/1724
f 1576/1779/1721 1579/1782/1724 1580/1783/1725
f 857/1046/971 1576/1779/1721 1580/1783/1725
f 857/1046/971 1580/1783/1725 859/1048/973
f 962/1151/1078 1176/1367/1303 1581/1784/1726
f 962/1151/1078 1581/1784/1726 1582/1785/1727
f 1176/1367/1303 1180/1371/1307 1583/1786/1728
f 1176/1367/1303 1583/1786/1728 1581/1784/1726
f 1581/1784/1726 1583/1786/1728 1579/1782/1724
f 1581/1784/1726 1579/1782/1724 1578/1781/1723
f 1582/1785/1727 1581/1784/1726 1578/1781/1723
f 1582/1785/1727 1578/1781/1723 1577/1780/1722
f 601/790/708 863/1052/977 1584/1787/1729
f 601/790/708 1584/1787/1729 1181/1372/1308
f 863/1052/977 859/1048/973 1580/1783/1725
f 863/1052/977 1580/1783/1725 1584/1787/1729
f 1584/1787/1729 1580/1783/1725 1579/1782/1724
f 1584/1787/1729 1579/1782/1724 1583/1786/1728
f 1181/1372/1308 1584/1787/1729 1583/1786/1728
f 1181/1372/1308 1583/1786/1728 1180/1371/1307
f 601/790/708 892/1081/1006 1585/1788/1730
f 601/790/708 1585/1788/1730 1050/1239/1170
f 892/1081/1006 885/1074/999 1586/1789/1731
f 892/1081/1006 1586/1789/1731 1585/1788/1730
f 1585/1788/1730 1586/1789/1731 1587/1790/1732
f 1585/1788/1730 1587/1790/1732 1588/1791/1733
f 1050/1239/1170 1585/1788/1730 1588/1791/1733
f 1050/1239/1170 1588/1791/1733 1053/1242/1173
f 881/1070/995 1233/1424/1368 1589/1792/1734
f 881/1070/995 1589/1792/1734 882/1071/996
f 1233/1424/1368 1226/1417/1361 1590/1793/1735
f 1233/1424/1368 1590/1793/1735 1589/1792/1734
f 1589/1792/1734 1590/1793/1735 1587/1790/1732
f 1589/1792/1734 1587/1790/1732 1586/1789/1731
f 882/1071/996 1589/1792/1734 1586/1789/1731
f 882/1071/996 1586/1789/1731 885/1074/999
f 864/1053/978 1059/1248/1179 1591/1794/1736
f 864/1053/978 1591/1794/1736 1223/1414/1358
f 1059/1248/1179 1053/1242/1173 1588/1791/1733
f 1059/1248/1179 1588/1791/1733 1591/1794/1736
f 1591/1794/1736 1588/1791/1733 1587/1790/1732
f 1591/1794/1736 1587/1790/1732 1590/1793/1735
f 1223/1414/1358 1591/1794/1736 1590/1793/1735
f 1223/1414/1358 1590/1793/1735 1226/1417/1361
f 774/963/888 1592/1795/1737 1593/1796/1738
f 774/963/888 1593/1796/1738 1037/1226/1157
f 1592/1795/1737 1594/1797/1739 1595/1798/1740
f 1592/1795/1737 1595/1798/1740 1593/1796/1738
f 1593/1796/1738 1595/1798/1740 1596/1799/1741
f 1593/1796/1738 1596/1799/1741 1597/1800/1742
f 1037/1226/1157 1593/1796/1738 1597/1800/1742
f 1037/1226/1157 1597/1800/1742 1039/1228/1159
f 1202/1393/1333 1598/1801/1743 1599/1802/1744
f 1202/1393/1333 1599/1802/1744 1600/1803/1745
f 1598/1801/1743 1601/1804/1746 1602/1805/1747
f 1598/1801/1743 1602/1805/1747 1599/1802/1744
f 1599/1802/1744 1602/1805/1747 1596/1799/1741
f 1599/1802/1744 1596/1799/1741 1595/1798/1740
f 1600/1803/1745 1599/1802/1744 1595/1798/1740
f 1600/1803/1745 1595/1798/1740 1594/1797/1739
f 361/545/465 1045/1234/1165 1603/1806/1748
f 361/545/465 1603/1806/1748 1604/1807/1749
f 1045/1234/1165 1039/1228/1159 1597/1800/1742
f 1045/1234/1165 1597/1800/1742 1603/1806/1748
f 1603/1806/1748 1597/1800/1742 1596/1799/1741
f 1603/1806/1748 1596/1799/1741 1602/1805/1747
f 1604/1807/1749 1603/1806/1748 1602/1805/1747
f 1604/1807/1749 1602/1805/1747 1601/1804/1746
f 376/560/480 1263/1454/1398 1605/1808/1750
f 376/560/480 1605/1808/1750 1606/1809/1751
f 1263/1454/1398 1260/1451/1395 1607/1810/1752
f 1263/1454/1398 1607/1810/1752 1605/1808/1750
f 1605/1808/1750 1607/1810/1752 1608/1811/1753
f 1605/1808/1750 1608/1811/1753 1609/1812/1754
f 1606/1809/1751 1605/1808/1750 1609/1812/1754
f 1606/1809/1751 1609/1812/1754 1610/1813/1755
f 920/1109/1035 939/1128/1054 1611/1814/1756
f 920/1109/1035 1611/1814/1756 1257/1448/1392
f 939/1128/1054 943/1132/1058 1612/1815/1757
f 939/1128/1054 1612/1815/1757 1611/1814/1756
f 1611/1814/1756 1612/1815/1757 1608/1811/1753
f 1611/1814/1756 1608/1811/1753 1607/1810/1752
f 1257/1448/1392 1611/1814/1756 1607/1810/1752
f 1257/1448/1392 1607/1810/1752 1260/1451/1395
f 349/533/453 1613/1816/1758 1614/1817/1759
f 349/533/453 1614/1817/1759 948/1137/1063
f 1613/1816/1758 1610/1813/1755 1609/1812/1754
f 1613/1816/1758 1609/1812/1754 1614/1817/1759
f 1614/1817/1759 1609/1812/1754 1608/1811/1753
f 1614/1817/1759 1608/1811/1753 1612/1815/1757
f 948/1137/1063 1614/1817/1759 1612/1815/1757
f 948/1137/1063 1612/1815/1757 943/1132/1058
f 895/1084/1009 1615/1818/1760 1616/1819/1761
f 895/1084/1009 1616/1819/1761 1239/1430/1374
f 1615/1818/1760 1617/1820/1762 1618/1821/1763
f 1615/1818/1760 1618/1821/1763 1616/1819/1761
f 1616/1819/1761 1618/1821/1763 1619/1822/1764
f 1616/1819/1761 1619/1822/1764 1620/1823/1765
f 1239/1430/1374 1616/1819/1761 1620/1823/1765
f 1239/1430/1374 1620/1823/1765 1241/1432/1376
f 1621/1824/1766 1622/1825/1767 1623/1826/1768
f 1621/1824/1766 1623/1826/1768 1624/1827/1769
f 1622/1825/1767 1625/1828/1770 1626/1829/1771
f 1622/1825/1767 1626/1829/1771 1623/1826/1768
f 1623/1826/1768 1626/1829/1771 1619/1822/1764
f 1623/1826/1768 1619/1822/1764 1618/1821/1763
f 1624/1827/1769 1623/1826/1768 1618/1821/1763
f 1624/1827/1769 1618/1821/1763 1617/1820/1762
f 1245/1436/1380 1248/1439/1383 1627/1830/1772
f 1245/1436/1380 1627/1830/1772 1628/1831/1773
f 1248/1439/1383 1241/1432/1376 1620/1823/1765
f 1248/1439/1383 1620/1823/1765 1627/1830/1772
f 1627/1830/1772 1620/1823/1765 1619/1822/1764
f 1627/1830/1772 1619/1822/1764 1626/1829/1771
f 1628/1831/1773 1627/1830/1772 1626/1829/1771
f 1628/1831/1773 1626/1829/1771 1625/1828/1770
f 1245/1436/1380 1628/1831/1773 1629/1832/1774
f 1245/1436/1380 1629/1832/1774 1630/1833/1775
f 1628/1831/1773 1625/1828/1770 1631/1834/1776
f 1628/1831/1773 1631/1834/1776 1629/1832/1774
f 1629/1832/1774 1631/1834/1776 1632/1835/1777
f 1629/1832/1774 1632/1835/1777 1633/1836/1778
f 1630/1833/1775 1629/1832/1774 1633/1836/1778
f 1630/1833/1775 1633/1836/1778 1634/1837/1779
f 1621/1824/1766 1635/1838/1780 1636/1839/1781
f 1621/1824/1766 1636/1839/1781 1622/1825/1767
f 1635/1838/1780 1637/1840/1782 1638/1841/1783
f 1635/1838/1780 1638/1841/1783 1636/1839/1781
f 1636/1839/1781 1638/1841/1783 1632/1835/1777
f 1636/1839/1781 1632/1835/1777 1631/1834/1776
f 1622/1825/1767 1636/1839/1781 1631/1834/1776
f 1622/1825/1767 1631/1834/1776 1625/1828/1770
f 842/1031/956 1639/1842/1784 1640/1843/1785
f 842/1031/956 1640/1843/1785 1641/1844/1786
f 1639/1842/1784 1634/1837/1779 1633/1836/1778
f 1639/1842/1784 1633/1836/1778 1640/1843/1785
f 1640/1843/1785 1633/1836/1778 1632/1835/1777
f 1640/1843/1785 1632/1835/1777 1638/1841/1783
f 1641/1844/1786 1640/1843/1785 1638/1841/1783
f 1641/1844/1786 1638/1841/1783 1637/1840/1782
f 951/1140/1066 954/1143/1069 1642/1845/1787
f 951/1140/1066 1642/1845/1787 1643/1846/1788
f 954/1143/1069 961/1150/1077 1644/1847/1789
f 954/1143/1069 1644/1847/1789 1642/1845/1787
f 1642/1845/1787 1644/1847/1789 1645/1848/1790
f 1642/1845/1787 1645/1848/1790 1646/1849/1791
f 1643/1846/1788 1642/1845/1787 1646/1849/1791
f 1643/1846/1788 1646/1849/1791 1647/1850/1792
f 962/1151/1078 1582/1785/1727 1648/1851/1793
f 962/1151/1078 1648/1851/1793 963/1152/1079
f 1582/1785/1727 1577/1780/1722 1649/1852/1794
f 1582/1785/1727 1649/1852/1794 1648/1851/1793
f 1648/1851/1793 1649/1852/1794 1645/1848/1790
f 1648/1851/1793 1645/1848/1790 1644/1847/1789
f 963/1152/1079 1648/1851/1793 1644/1847/1789
f 963/1152/1079 1644/1847/1789 961/1150/1077
f 842/1031/956 1650/1853/1795 1651/1854/1796
f 842/1031/956 1651/1854/1796 1575/1778/1720
f 1650/1853/1795 1647/1850/1792 1646/1849/1791
f 1650/1853/1795 1646/1849/1791 1651/1854/1796
f 1651/1854/1796 1646/1849/1791 1645/1848/1790
f 1651/1854/1796 1645/1848/1790 1649/1852/1794
f 1575/1778/1720 1651/1854/1796 1649/1852/1794
f 1575/1778/1720 1649/1852/1794 1577/1780/1722
f 864/1053/978 1225/1416/1360 1652/1855/1797
f 864/1053/978 1652/1855/1797 1271/1462/1406
f 1225/1416/1360 1230/1421/1365 1653/1856/1798
f 1225/1416/1360 1653/1856/1798 1652/1855/1797
f 1652/1855/1797 1653/1856/1798 1654/1857/1799
f 1652/1855/1797 1654/1857/1799 1655/1858/1800
f 1271/1462/1406 1652/1855/1797 1655/1858/1800
f 1271/1462/1406 1655/1858/1800 1273/1464/1408
f 970/1159/1086 973/1162/1089 1656/1859/1801
f 970/1159/1086 1656/1859/1801 1236/1427/1371
f 973/1162/1089 980/1169/1096 1657/1860/1802
f 973/1162/1089 1657/1860/1802 1656/1859/1801
f 1656/1859/1801 1657/1860/1802 1654/1857/1799
f 1656/1859/1801 1654/1857/1799 1653/1856/1798
f 1236/1427/1371 1656/1859/1801 1653/1856/1798
f 1236/1427/1371 1653/1856/1798 1230/1421/1365
f 332/516/433 1279/1470/1414 1658/1861/1803
f 332/516/433 1658/1861/1803 981/1170/1097
f 1279/1470/1414 1273/1464/1408 1655/1858/1800
f 1279/1470/1414 1655/1858/1800 1658/1861/1803
f 1658/1861/1803 1655/1858/1800 1654/1857/1799
f 1658/1861/1803 1654/1857/1799 1657/1860/1802
f 981/1170/1097 1658/1861/1803 1657/1860/1802
f 981/1170/1097 1657/1860/1802 980/1169/1096
f 332/516/433 335/519/436 1659/1862/1804
f 332/516/433 1659/1862/1804 1559/1762/1704
f 335/519/436 325/509/426 1660/1863/1805
f 335/519/436 1660/1863/1805 1659/1862/1804
f 1659/1862/1804 1660/1863/1805 1661/1864/1806
f 1659/1862/1804 1661/1864/1806 1662/1865/1807
f 1559/1762/1704 1659/1862/1804 1662/1865/1807
f 1559/1762/1704 1662/1865/1807 1561/1764/1706
f 321/505/422 1663/1866/1808 1664/1867/1809
f 321/505/422 1664/1867/1809 322/506/423
f 1663/1866/1808 1665/1868/1810 1666/1869/1811
f 1663/1866/1808 1666/1869/1811 1664/1867/1809
f 1664/1867/1809 1666/1869/1811 1661/1864/1806
f 1664/1867/1809 1661/1864/1806 1660/1863/1805
f 322/506/423 1664/1867/1809 1660/1863/1805
f 322/506/423 1660/1863/1805 325/509/426
f 774/963/888 1564/1767/1709 1667/1870/1812
f 774/963/888 1667/1870/1812 1668/1871/1813
f 1564/1767/1709 1561/1764/1706 1662/1865/1807
f 1564/1767/1709 1662/1865/1807 1667/1870/1812
f 1667/1870/1812 1662/1865/1807 1661/1864/1806
f 1667/1870/1812 1661/1864/1806 1666/1869/1811
f 1668/1871/1813 1667/1870/1812 1666/1869/1811
f 1668/1871/1813 1666/1869/1811 1665/1868/1810
f 1202/1393/1333 1669/1872/1814 1670/1873/1815
f 1202/1393/1333 1670/1873/1815 1671/1874/1816
f 1669/1872/1814 1672/1875/1817 1673/1876/1818
f 1669/1872/1814 1673/1876/1818 1670/1873/1815
f 1670/1873/1815 1673/1876/1818 1674/1877/1819
f 1670/1873/1815 1674/1877/1819 1675/1878/1820
f 1671/1874/1816 1670/1873/1815 1675/1878/1820
f 1671/1874/1816 1675/1878/1820 1676/1879/1821
f 1677/1880/1822 1678/1881/1823 1679/1882/1824
f 1677/1880/1822 1679/1882/1824 1680/1883/1825
f 1678/1881/1823 1681/1884/1826 1682/1885/1827
f 1678/1881/1823 1682/1885/1827 1679/1882/1824
f 1679/1882/1824 1682/1885/1827 1674/1877/1819
f 1679/1882/1824 1674/1877/1819 1673/1876/1818
f 1680/1883/1825 1679/1882/1824 1673/1876/1818
f 1680/1883/1825 1673/1876/1818 1672/1875/1817
f 370/554/474 1683/1886/1828 1684/1887/1829
f 370/554/474 1684/1887/1829 1685/1888/1830
f 1683/1886/1828 1676/1879/1821 1675/1878/1820
f 1683/1886/1828 1675/1878/1820 1684/1887/1829
f 1684/1887/1829 1675/1878/1820 1674/1877/1819
f 1684/1887/1829 1674/1877/1819 1682/1885/1827
f 1685/1888/1830 1684/1887/1829 1682/1885/1827
f 1685/1888/1830 1682/1885/1827 1681/1884/1826
f 338/522/439 1686/1889/1831 1687/1890/1832
f 338/522/439 1687/1890/1832 339/523/440
f 1686/1889/1831 1688/1891/1833 1689/1892/1834
f 1686/1889/1831 1689/1892/1834 1687/1890/1832
f 1687/1890/1832 1689/1892/1834 1690/1893/1835
f 1687/1890/1832 1690/1893/1835 1691/1894/1836
f 339/523/440 1687/1890/1832 1691/1894/1836
f 339/523/440 1691/1894/1836 342/526/443
f 501/685/606 1132/1323/1258 1692/1895/1837
f 501/685/606 1692/1895/1837 1693/1896/1838
f 1134/1325/1261 1694/1897/1839 1692/1895/1837
f 1134/1325/1261 1692/1895/1837 1132/1323/1258
f 1695/1898/1840 1696/1899/1841 1692/1895/1837
f 1695/1898/1840 1692/1895/1837 1694/1897/1839
f 1690/1893/1835 1689/1892/1834 1692/1895/1837
f 1690/1893/1835 1692/1895/1837 1696/1899/1841
f 1688/1891/1833 1693/1896/1838 1692/1895/1837
f 1688/1891/1833 1692/1895/1837 1689/1892/1834
f 349/533/453 950/1139/1065 1697/1900/1842
f 349/533/453 1697/1900/1842 350/534/454
f 950/1139/1065 946/1135/1061 1698/1901/1843
f 950/1139/1065 1698/1901/1843 1697/1900/1842
f 1697/1900/1842 1698/1901/1843 1699/1902/1844
f 1697/1900/1842 1699/1902/1844 1700/1903/1845
f 350/534/454 1697/1900/1842 1700/1903/1845
f 350/534/454 1700/1903/1845 353/537/457
f 501/685/606 1693/1896/1838 1701/1904/1846
f 501/685/606 1701/1904/1846 944/1133/1059
f 1693/1896/1838 1688/1891/1833 1702/1905/1847
f 1693/1896/1838 1702/1905/1847 1701/1904/1846
f 1701/1904/1846 1702/1905/1847 1699/1902/1844
f 1701/1904/1846 1699/1902/1844 1698/1901/1843
f 944/1133/1059 1701/1904/1846 1698/1901/1843
f 944/1133/1059 1698/1901/1843 946/1135/1061
f 338/522/439 359/543/463 1703/1906/1848
f 338/522/439 1703/1906/1848 1686/1889/1831
f 359/543/463 353/537/457 1700/1903/1845
f 359/543/463 1700/1903/1845 1703/1906/1848
f 1703/1906/1848 1700/1903/1845 1699/1902/1844
f 1703/1906/1848 1699/1902/1844 1702/1905/1847
f 1686/1889/1831 1703/1906/1848 1702/1905/1847
f 1686/1889/1831 1702/1905/1847 1688/1891/1833
f 895/1084/1009 992/1181/1111 1704/1907/1849
f 895/1084/1009 1704/1907/1849 1615/1818/1760
f 992/1181/1111 998/1187/1117 1705/1908/1850
f 992/1181/1111 1705/1908/1850 1704/1907/1849
f 1704/1907/1849 1705/1908/1850 1706/1909/1851
f 1704/1907/1849 1706/1909/1851 1707/1910/1852
f 1615/1818/1760 1704/1907/1849 1707/1910/1852
f 1615/1818/1760 1707/1910/1852 1617/1820/1762
f 1621/1824/1766 1624/1827/1769 1708/1911/1853
f 1621/1824/1766 1708/1911/1853 1709/1912/1854
f 1624/1827/1769 1617/1820/1762 1707/1910/1852
f 1624/1827/1769 1707/1910/1852 1708/1911/1853
f 1708/1911/1853 1707/1910/1852 1706/1909/1851
f 1708/1911/1853 1706/1909/1851 1710/1913/1855
f 1709/1912/1854 1708/1911/1853 1710/1913/1855
f 1709/1912/1854 1710/1913/1855 1711/1914/1856
f 1621/1915/1766 1712/1916/1857 1713/1917/1858
f 1621/1915/1766 1713/1917/1858 1714/1918/1859
f 1712/1916/1857 1715/1919/1860 1716/1920/1861
f 1712/1916/1857 1716/1920/1861 1713/1917/1858
f 1713/1917/1858 1716/1920/1861 1717/1921/1862
f 1713/1917/1858 1717/1921/1862 1718/1922/1863
f 1714/1918/1859 1713/1917/1858 1718/1922/1863
f 1714/1918/1859 1718/1922/1863 1719/1923/1864
f 1208/1924/1339 1720/1925/1865 1721/1926/1866
f 1208/1924/1339 1721/1926/1866 1722/1927/1867
f 1720/1925/1865 1723/1928/1868 1724/1929/1869
f 1720/1925/1865 1724/1929/1869 1721/1926/1866
f 1721/1926/1866 1724/1929/1869 1717/1921/1862
f 1721/1926/1866 1717/1921/1862 1716/1920/1861
f 1722/1927/1867 1721/1926/1866 1716/1920/1861
f 1722/1927/1867 1716/1920/1861 1715/1919/1860
f 951/1930/1066 1725/1931/1870 1726/1932/1871
f 951/1930/1066 1726/1932/1871 1727/1933/1872
f 1725/1931/1870 1719/1923/1864 1718/1922/1863
f 1725/1931/1870 1718/1922/1863 1726/1932/1871
f 1726/1932/1871 1718/1922/1863 1717/1921/1862
f 1726/1932/1871 1717/1921/1862 1724/1929/1869
f 1727/1933/1872 1726/1932/1871 1724/1929/1869
f 1727/1933/1872 1724/1929/1869 1723/1928/1868
f 774/963/888 1668/1871/1813 1728/1934/1873
f 774/963/888 1728/1934/1873 1592/1795/1737
f 1668/1871/1813 1665/1868/1810 1729/1935/1874
f 1668/1871/1813 1729/1935/1874 1728/1934/1873
f 1728/1934/1873 1729/1935/1874 1730/1936/1875
f 1728/1934/1873 1730/1936/1875 1731/1937/1876
f 1592/1795/1737 1728/1934/1873 1731/1937/1876
f 1592/1795/1737 1731/1937/1876 1594/1797/1739
f 321/505/422 1196/1387/1327 1732/1938/1877
f 321/505/422 1732/1938/1877 1663/1866/1808
f 1196/1387/1327 1201/1392/1332 1733/1939/1878
f 1196/1387/1327 1733/1939/1878 1732/1938/1877
f 1732/1938/1877 1733/1939/1878 1730/1936/1875
f 1732/1938/1877 1730/1936/1875 1729/1935/1874
f 1663/1866/1808 1732/1938/1877 1729/1935/1874
f 1663/1866/1808 1729/1935/1874 1665/1868/1810
f 1202/1393/1333 1600/1803/1745 1734/1940/1879
f 1202/1393/1333 1734/1940/1879 1203/1394/1334
f 1600/1803/1745 1594/1797/1739 1731/1937/1876
f 1600/1803/1745 1731/1937/1876 1734/1940/1879
f 1734/1940/1879 1731/1937/1876 1730/1936/1875
f 1734/1940/1879 1730/1936/1875 1733/1939/1878
f 1203/1394/1334 1734/1940/1879 1733/1939/1878
f 1203/1394/1334 1733/1939/1878 1201/1392/1332
f 370/554/474 1735/1941/1880 1736/1942/1881
f 370/554/474 1736/1942/1881 915/1104/1030
f 1735/1941/1880 1737/1943/1882 1738/1944/1883
f 1735/1941/1880 1738/1944/1883 1736/1942/1881
f 1736/1942/1881 1738/1944/1883 1739/1945/1884
f 1736/1942/1881 1739/1945/1884 1740/1946/1885
f 915/1104/1030 1736/1942/1881 1740/1946/1885
f 915/1104/1030 1740/1946/1885 918/1107/1033
f 370/554/474 1685/1888/1830 1741/1947/1886
f 370/554/474 1741/1947/1886 1735/1941/1880
f 1685/1888/1830 1681/1884/1826 1742/1948/1887
f 1685/1888/1830 1742/1948/1887 1741/1947/1886
f 1741/1947/1886 1742/1948/1887 1743/1949/1888
f 1741/1947/1886 1743/1949/1888 1744/1950/1889
f 1735/1941/1880 1741/1947/1886 1744/1950/1889
f 1735/1941/1880 1744/1950/1889 1737/1943/1882
f 1677/1880/1822 1745/1951/1890 1746/1952/1891
f 1677/1880/1822 1746/1952/1891 1678/1881/1823
f 1747/1953/1892 1748/1954/1893 1746/1952/1891
f 1747/1953/1892 1746/1952/1891 1745/1951/1890
f 1749/1955/1894 1750/1956/1895 1746/1952/1891
f 1749/1955/1894 1746/1952/1891 1748/1954/1893
f 1743/1949/1888 1742/1948/1887 1746/1952/1891
f 1743/1949/1888 1746/1952/1891 1750/1956/1895
f 1681/1884/1826 1678/1881/1823 1746/1952/1891
f 1681/1884/1826 1746/1952/1891 1742/1948/1887
f 1028/1217/1148 1751/1957/1896 1752/1958/1897
f 1028/1217/1148 1752/1958/1897 1753/1959/1898
f 1751/1957/1896 1754/1960/1899 1755/1961/1900
f 1751/1957/1896 1755/1961/1900 1752/1958/1897
f 1752/1958/1897 1755/1961/1900 1756/1962/1901
f 1752/1958/1897 1756/1962/1901 1757/1963/1902
f 1753/1959/1898 1752/1958/1897 1757/1963/1902
f 1753/1959/1898 1757/1963/1902 1758/1964/1903
f 984/1173/1100 987/1176/1103 1759/1965/1904
f 984/1173/1100 1759/1965/1904 1760/1966/1905
f 990/1179/1108 1761/1967/1906 1759/1965/1904
f 990/1179/1108 1759/1965/1904 987/1176/1109
f 1762/1968/1907 1763/1969/1908 1759/1965/1904
f 1762/1968/1907 1759/1965/1904 1761/1967/1906
f 1756/1962/1901 1755/1961/1900 1759/1965/1904
f 1756/1962/1901 1759/1965/1904 1763/1969/1908
f 1754/1960/1899 1760/1966/1905 1759/1965/1904
f 1754/1960/1899 1759/1965/1904 1755/1961/1900
f 906/1095/1021 1764/1970/1909 1765/1971/1910
f 906/1095/1021 1765/1971/1910 1020/1209/1140
f 1764/1970/1909 1766/1972/1911 1767/1973/1912
f 1764/1970/1909 1767/1973/1912 1765/1971/1910
f 1765/1971/1910 1767/1973/1912 1768/1974/1913
f 1765/1971/1910 1768/1974/1913 1769/1975/1914
f 1020/1209/1140 1765/1971/1910 1769/1975/1914
f 1020/1209/1140 1769/1975/1914 1023/1212/1143
f 984/1173/1100 1760/1966/1905 1770/1976/1915
f 984/1173/1100 1770/1976/1915 1771/1977/1916
f 1760/1966/1905 1754/1960/1899 1772/1978/1917
f 1760/1966/1905 1772/1978/1917 1770/1976/1915
f 1770/1976/1915 1772/1978/1917 1768/1974/1913
f 1770/1976/1915 1768/1974/1913 1767/1973/1912
f 1771/1977/1916 1770/1976/1915 1767/1973/1912
f 1771/1977/1916 1767/1973/1912 1766/1972/1911
f 1028/1217/1148 1031/1220/1151 1773/1979/1918
f 1028/1217/1148 1773/1979/1918 1751/1957/1896
f 1031/1220/1151 1023/1212/1143 1769/1975/1914
f 1031/1220/1151 1769/1975/1914 1773/1979/1918
f 1773/1979/1918 1769/1975/1914 1768/1974/1913
f 1773/1979/1918 1768/1974/1913 1772/1978/1917
f 1751/1957/1896 1773/1979/1918 1772/1978/1917
f 1751/1957/1896 1772/1978/1917 1754/1960/1899
f 1028/1217/1148 1753/1959/1898 1774/1980/1919
f 1028/1217/1148 1774/1980/1919 1251/1442/1386
f 1753/1959/1898 1758/1964/1903 1775/1981/1920
f 1753/1959/1898 1775/1981/1920 1774/1980/1919
f 1774/1980/1919 1775/1981/1920 1776/1982/1921
f 1774/1980/1919 1776/1982/1921 1777/1983/1922
f 1251/1442/1386 1774/1980/1919 1777/1983/1922
f 1251/1442/1386 1777/1983/1922 1253/1444/1388
f 920/1109/1035 1259/1450/1394 1778/1984/1923
f 920/1109/1035 1778/1984/1923 1779/1985/1924
f 1259/1450/1394 1253/1444/1388 1777/1983/1922
f 1259/1450/1394 1777/1983/1922 1778/1984/1923
f 1778/1984/1923 1777/1983/1922 1776/1982/1921
f 1778/1984/1923 1776/1982/1921 1780/1986/1925
f 1779/1985/1924 1778/1984/1923 1780/1986/1925
f 1779/1985/1924 1780/1986/1925 1781/1987/1926
f 920/1109/1035 1779/1985/1924 1782/1988/1927
f 920/1109/1035 1782/1988/1927 921/1110/1036
f 1779/1985/1924 1781/1987/1926 1783/1989/1928
f 1779/1985/1924 1783/1989/1928 1782/1988/1927
f 1782/1988/1927 1783/1989/1928 1784/1990/1929
f 1782/1988/1927 1784/1990/1929 1785/1991/1930
f 921/1110/1036 1782/1988/1927 1785/1991/1930
f 921/1110/1036 1785/1991/1930 924/1113/1039
f 929/1118/1044 932/1121/1047 1786/1992/1931
f 929/1118/1044 1786/1992/1931 1787/1993/1932
f 932/1121/1047 924/1113/1039 1785/1991/1930
f 932/1121/1047 1785/1991/1930 1786/1992/1931
f 1786/1992/1931 1785/1991/1930 1784/1990/1929
f 1786/1992/1931 1784/1990/1929 1788/1994/1933
f 1787/1993/1932 1786/1992/1931 1788/1994/1933
f 1787/1993/1932 1788/1994/1933 1789/1995/1934
f 929/1118/1044 1787/1993/1932 1790/1996/1935
f 929/1118/1044 1790/1996/1935 999/1188/1118
f 1789/1995/1934 1791/1997/1936 1790/1996/1935
f 1789/1995/1934 1790/1996/1935 1787/1993/1932
f 1792/1998/1937 1793/1999/1938 1790/1996/1935
f 1792/1998/1937 1790/1996/1935 1791/1997/1936
f 1794/2000/1939 1795/2001/1940 1790/1996/1935
f 1794/2000/1939 1790/1996/1935 1793/1999/1938
f 1002/1191/1121 999/1188/1118 1790/1996/1935
f 1002/1191/1121 1790/1996/1935 1795/2001/1940
f 501/685/606 937/1126/1052 1796/2002/1941
f 501/685/606 1796/2002/1941 521/705/627
f 937/1126/1052 933/1122/1048 1797/2003/1942
f 937/1126/1052 1797/2003/1942 1796/2002/1941
f 1796/2002/1941 1797/2003/1942 1798/2004/1943
f 1796/2002/1941 1798/2004/1943 1799/2005/1944
f 521/705/627 1796/2002/1941 1799/2005/1944
f 521/705/627 1799/2005/1944 517/701/623
f 929/1118/1044 1001/1190/1120 1800/2006/1945
f 929/1118/1044 1800/2006/1945 930/1119/1045
f 1001/1190/1120 1006/1195/1125 1801/2007/1946
f 1001/1190/1120 1801/2007/1946 1800/2006/1945
f 1800/2006/1945 1801/2007/1946 1798/2004/1943
f 1800/2006/1945 1798/2004/1943 1797/2003/1942
f 930/1119/1045 1800/2006/1945 1797/2003/1942
f 930/1119/1045 1797/2003/1942 933/1122/1048
f 509/693/615 512/696/618 1802/2008/1947
f 509/693/615 1802/2008/1947 1007/1196/1126
f 512/696/618 517/701/623 1799/2005/1944
f 512/696/618 1799/2005/1944 1802/2008/1947
f 1802/2008/1947 1799/2005/1944 1798/2004/1943
f 1802/2008/1947 1798/2004/1943 1801/2007/1946
f 1007/1196/1126 1802/2008/1947 1801/2007/1946
f 1007/1196/1126 1801/2007/1946 1006/1195/1125
f 1208/1924/1339 1211/2009/1342 1803/2010/1948
f 1208/1924/1339 1803/2010/1948 1720/1925/1865
f 1211/2009/1348 1214/2011/1347 1804/2012/1949
f 1211/2009/1348 1804/2012/1949 1803/2010/1948
f 1803/2010/1948 1804/2012/1949 1805/2013/1950
f 1803/2010/1948 1805/2013/1950 1806/2014/1951
f 1720/1925/1865 1803/2010/1948 1806/2014/1951
f 1720/1925/1865 1806/2014/1951 1723/1928/1868
f 951/1930/1066 1727/1933/1872 1807/2015/1952
f 951/1930/1066 1807/2015/1952 952/2016/1067
f 1727/1933/1872 1723/1928/1868 1806/2014/1951
f 1727/1933/1872 1806/2014/1951 1807/2015/1952
f 1807/2015/1952 1806/2014/1951 1805/2013/1950
f 1807/2015/1952 1805/2013/1950 1808/2017/1953
f 952/2016/1067 1807/2015/1952 1808/2017/1953
f 952/2016/1067 1808/2017/1953 955/2018/1070
f 970/1159/1086 1809/2019/1954 1810/2020/1955
f 970/1159/1086 1810/2020/1955 971/1160/1087
f 1811/2021/1956 1812/2022/1957 1810/2020/1958
f 1811/2021/1956 1810/2020/1958 1809/2019/1954
f 974/1163/1090 971/1160/1087 1810/2020/1958
f 974/1163/1090 1810/2020/1958 1812/2022/1957
f 321/505/422 324/508/425 1813/2023/1959
f 321/505/422 1813/2023/1959 1814/2024/1960
f 331/515/432 1815/2025/1961 1813/2023/1959
f 331/515/432 1813/2023/1959 324/508/425
f 1816/2026/1962 1814/2024/1960 1813/2023/1959
f 1816/2026/1962 1813/2023/1959 1815/2025/1961
f 321/505/422 1814/2024/1960 1817/2027/1963
f 321/505/422 1817/2027/1963 1194/1385/1325
f 1816/2026/1962 1818/2028/1964 1817/2027/1963
f 1816/2026/1962 1817/2027/1963 1814/2024/1960
f 1197/1388/1328 1194/1385/1325 1817/2027/1963
f 1197/1388/1328 1817/2027/1963 1818/2028/1964
f 1202/1393/1333 1205/1396/1336 1819/2029/1965
f 1202/1393/1333 1819/2029/1965 1669/1872/1814
f 1205/1396/1336 1207/1398/1338 1820/2030/1966
f 1205/1396/1336 1820/2030/1966 1819/2029/1965
f 1819/2029/1965 1820/2030/1966 1821/2031/1967
f 1819/2029/1965 1821/2031/1967 1822/2032/1968
f 1669/1872/1814 1819/2029/1965 1822/2032/1968
f 1669/1872/1814 1822/2032/1968 1672/1875/1817
f 1677/1880/1822 1680/1883/1825 1823/2033/1969
f 1677/1880/1822 1823/2033/1969 1745/1951/1890
f 1680/1883/1825 1672/1875/1817 1822/2032/1968
f 1680/1883/1825 1822/2032/1968 1823/2033/1969
f 1823/2033/1969 1822/2032/1968 1821/2031/1967
f 1823/2033/1969 1821/2031/1967 1824/2034/1970
f 1745/1951/1890 1823/2033/1969 1824/2034/1970
f 1745/1951/1890 1824/2034/1970 1747/1953/1892
f 509/693/615 1009/1198/1128 1825/2035/1971
f 509/693/615 1825/2035/1971 1186/1377/1313
f 1013/1202/1133 1826/2036/1972 1825/2035/1971
f 1013/1202/1133 1825/2035/1971 1009/1198/1128
f 1188/1379/1316 1186/1377/1315 1825/2035/1971
f 1188/1379/1316 1825/2035/1971 1826/2036/1972
f 984/1173/1100 1771/1977/1916 1827/2037/1973
f 984/1173/1100 1827/2037/1973 985/1174/1101
f 1766/1972/1911 1828/2038/1974 1827/2037/1973
f 1766/1972/1911 1827/2037/1973 1771/1977/1916
f 1829/2039/1975 1830/2040/1976 1827/2037/1973
f 1829/2039/1975 1827/2037/1973 1828/2038/1974
f 1831/2041/1977 1832/2042/1978 1827/2037/1973
f 1831/2041/1977 1827/2037/1973 1830/2040/1976
f 988/1177/1104 985/1174/1107 1827/2037/1973
f 988/1177/1104 1827/2037/1973 1832/2042/1978
f 906/1095/1021 909/1098/1024 1833/2043/1979
f 906/1095/1021 1833/2043/1979 1764/1970/1909
f 909/1098/1024 914/1103/1029 1834/2044/1980
f 909/1098/1024 1834/2044/1980 1833/2043/1979
f 1833/2043/1979 1834/2044/1980 1829/2039/1975
f 1833/2043/1979 1829/2039/1975 1828/2038/1974
f 1764/1970/1909 1833/2043/1979 1828/2038/1974
f 1764/1970/1909 1828/2038/1974 1766/1972/1911
f 970/1159/1086 1238/1429/1373 1835/2045/1981
f 970/1159/1086 1835/2045/1981 1809/2019/1954
f 1238/1429/1373 1234/1425/1369 1836/2046/1982
f 1238/1429/1373 1836/2046/1982 1835/2045/1981
f 1835/2045/1981 1836/2046/1982 1837/2047/1983
f 1835/2045/1981 1837/2047/1983 1838/2048/1984
f 1809/2019/1954 1835/2045/1981 1838/2048/1984
f 1809/2019/1954 1838/2048/1984 1811/2021/1956
f 881/1070/995 884/1073/998 1839/2049/1985
f 881/1070/995 1839/2049/1985 1231/1422/1366
f 889/1078/1003 1840/2050/1986 1839/2049/1985
f 889/1078/1003 1839/2049/1985 884/1073/998
f 1841/2051/1987 1842/2052/1988 1839/2049/1985
f 1841/2051/1987 1839/2049/1985 1840/2050/1986
f 1837/2047/1983 1836/2046/1982 1839/2049/1985
f 1837/2047/1983 1839/2049/1985 1842/2052/1988
f 1234/1425/1369 1231/1422/1366 1839/2049/1985
f 1234/1425/1369 1839/2049/1985 1836/2046/1982
f 1208/1399/1339 1722/2053/1867 1843/2054/1989
f 1208/1399/1339 1843/2054/1989 1215/1406/1349
f 1715/2055/1860 1844/2056/1990 1843/2054/1989
f 1715/2055/1860 1843/2054/1989 1722/2053/1867
f 1845/2057/1991 1846/2058/1992 1843/2054/1989
f 1845/2057/1991 1843/2054/1989 1844/2056/1990
f 1847/2059/1993 1848/2060/1994 1843/2054/1989
f 1847/2059/1993 1843/2054/1989 1846/2058/1992
f 1217/1408/1351 1215/1406/1349 1843/2054/1989
f 1217/1408/1351 1843/2054/1989 1848/2060/1994
f 1621/1824/1766 1709/1912/1854 1849/2061/1995
f 1621/1824/1766 1849/2061/1995 1712/2062/1857
f 1709/1912/1854 1711/1914/1856 1850/2063/1996
f 1709/1912/1854 1850/2063/1996 1849/2061/1995
f 1849/2061/1995 1850/2063/1996 1845/2057/1991
f 1849/2061/1995 1845/2057/1991 1844/2056/1990
f 1712/2062/1857 1849/2061/1995 1844/2056/1990
f 1712/2062/1857 1844/2056/1990 1715/2055/1860
f 1621/1824/1766 1714/2064/1859 1851/2065/1997
f 1621/1824/1766 1851/2065/1997 1635/1838/1780
f 1714/2064/1859 1719/2066/1864 1852/2067/1998
f 1714/2064/1859 1852/2067/1998 1851/2065/1997
f 1851/2065/1997 1852/2067/1998 1853/2068/1999
f 1851/2065/1997 1853/2068/1999 1854/2069/2000
f 1635/1838/1780 1851/2065/1997 1854/2069/2000
f 1635/1838/1780 1854/2069/2000 1637/1840/1782
f 951/1140/1066 1643/1846/1788 1855/2070/2001
f 951/1140/1066 1855/2070/2001 1725/2071/1870
f 1643/1846/1788 1647/1850/1792 1856/2072/2002
f 1643/1846/1788 1856/2072/2002 1855/2070/2001
f 1855/2070/2001 1856/2072/2002 1853/2068/1999
f 1855/2070/2001 1853/2068/1999 1852/2067/1998
f 1725/2071/1870 1855/2070/2001 1852/2067/1998
f 1725/2071/1870 1852/2067/1998 1719/2066/1864
f 842/1031/956 1641/1844/1786 1857/2073/2003
f 842/1031/956 1857/2073/2003 1650/1853/1795
f 1641/1844/1786 1637/1840/1782 1854/2069/2000
f 1641/1844/1786 1854/2069/2000 1857/2073/2003
f 1857/2073/2003 1854/2069/2000 1853/2068/1999
f 1857/2073/2003 1853/2068/1999 1856/2072/2002
f 1650/1853/1795 1857/2073/2003 1856/2072/2002
f 1650/1853/1795 1856/2072/2002 1647/1850/1792
f 376/560/480 379/563/483 1858/2074/2004
f 376/560/480 1858/2074/2004 1034/1223/1154
f 379/563/483 374/558/478 1859/2075/2005
f 379/563/483 1859/2075/2005 1858/2074/2004
f 1858/2074/2004 1859/2075/2005 1860/2076/2006
f 1858/2074/2004 1860/2076/2006 1861/2077/2007
f 1034/1223/1154 1858/2074/2004 1861/2077/2007
f 1034/1223/1154 1861/2077/2007 1027/1216/1147
f 370/554/474 917/1106/1032 1862/2078/2008
f 370/554/474 1862/2078/2008 371/555/475
f 917/1106/1032 910/1099/1025 1863/2079/2009
f 917/1106/1032 1863/2079/2009 1862/2078/2008
f 1862/2078/2008 1863/2079/2009 1860/2076/2006
f 1862/2078/2008 1860/2076/2006 1859/2075/2005
f 371/555/475 1862/2078/2008 1859/2075/2005
f 371/555/475 1859/2075/2005 374/558/478
f 906/1095/1021 1022/1211/1142 1864/2080/2010
f 906/1095/1021 1864/2080/2010 907/1096/1022
f 1022/1211/1142 1027/1216/1147 1861/2077/2007
f 1022/1211/1142 1861/2077/2007 1864/2080/2010
f 1864/2080/2010 1861/2077/2007 1860/2076/2006
f 1864/2080/2010 1860/2076/2006 1863/2079/2009
f 907/1096/1022 1864/2080/2010 1863/2079/2009
f 907/1096/1022 1863/2079/2009 910/1099/1025
f 361/545/465 1604/1807/1749 1865/2081/2011
f 361/545/465 1865/2081/2011 362/546/466
f 1604/1807/1749 1601/1804/1746 1866/2082/2012
f 1604/1807/1749 1866/2082/2012 1865/2081/2011
f 1865/2081/2011 1866/2082/2012 1867/2083/2013
f 1865/2081/2011 1867/2083/2013 1868/2084/2014
f 362/546/466 1865/2081/2011 1868/2084/2014
f 362/546/466 1868/2084/2014 365/549/469
f 1202/1393/1333 1671/1874/1816 1869/2085/2015
f 1202/1393/1333 1869/2085/2015 1598/1801/1743
f 1671/1874/1816 1676/1879/1821 1870/2086/2016
f 1671/1874/1816 1870/2086/2016 1869/2085/2015
f 1869/2085/2015 1870/2086/2016 1867/2083/2013
f 1869/2085/2015 1867/2083/2013 1866/2082/2012
f 1598/1801/1743 1869/2085/2015 1866/2082/2012
f 1598/1801/1743 1866/2082/2012 1601/1804/1746
f 370/554/474 373/557/477 1871/2087/2017
f 370/554/474 1871/2087/2017 1683/1886/1828
f 373/557/477 365/549/469 1868/2084/2014
f 373/557/477 1868/2084/2014 1871/2087/2017
f 1871/2087/2017 1868/2084/2014 1867/2083/2013
f 1871/2087/2017 1867/2083/2013 1870/2086/2016
f 1683/1886/1828 1871/2087/2017 1870/2086/2016
f 1683/1886/1828 1870/2086/2016 1676/1879/1821
f 1245/1436/1380 1630/1833/1775 1872/2088/2018
f 1245/1436/1380 1872/2088/2018 1529/1732/1674
f 1630/1833/1775 1634/1837/1779 1873/2089/2019
f 1630/1833/1775 1873/2089/2019 1872/2088/2018
f 1872/2088/2018 1873/2089/2019 1874/2090/2020
f 1872/2088/2018 1874/2090/2020 1875/2091/2021
f 1529/1732/1674 1872/2088/2018 1875/2091/2021
f 1529/1732/1674 1875/2091/2021 1516/1719/1660
f 842/1031/956 1574/1777/1719 1876/2092/2022
f 842/1031/956 1876/2092/2022 1639/1842/1784
f 1574/1777/1719 1571/1774/1716 1877/2093/2023
f 1574/1777/1719 1877/2093/2023 1876/2092/2022
f 1876/2092/2022 1877/2093/2023 1874/2090/2020
f 1876/2092/2022 1874/2090/2020 1873/2089/2019
f 1639/1842/1784 1876/2092/2022 1873/2089/2019
f 1639/1842/1784 1873/2089/2019 1634/1837/1779
f 1290/1481/1425 1512/1715/1656 1878/2094/2024
f 1290/1481/1425 1878/2094/2024 1569/1772/1714
f 1512/1715/1656 1516/1719/1660 1875/2091/2021
f 1512/1715/1656 1875/2091/2021 1878/2094/2024
f 1878/2094/2024 1875/2091/2021 1874/2090/2020
f 1878/2094/2024 1874/2090/2020 1877/2093/2023
f 1569/1772/1714 1878/2094/2024 1877/2093/2023
f 1569/1772/1714 1877/2093/2023 1571/1774/1716
f 376/560/480 1606/1809/1751 1879/2095/2025
f 376/560/480 1879/2095/2025 809/998/923
f 1606/1809/1751 1610/1813/1755 1880/2096/2026
f 1606/1809/1751 1880/2096/2026 1879/2095/2025
f 1879/2095/2025 1880/2096/2026 1881/2097/2027
f 1879/2095/2025 1881/2097/2027 1882/2098/2028
f 809/998/923 1879/2095/2025 1882/2098/2028
f 809/998/923 1882/2098/2028 812/1001/926
f 349/533/453 827/1016/941 1883/2099/2029
f 349/533/453 1883/2099/2029 1613/1816/1758
f 827/1016/941 820/1009/934 1884/2100/2030
f 827/1016/941 1884/2100/2030 1883/2099/2029
f 1883/2099/2029 1884/2100/2030 1881/2097/2027
f 1883/2099/2029 1881/2097/2027 1880/2096/2026
f 1613/1816/1758 1883/2099/2029 1880/2096/2026
f 1613/1816/1758 1880/2096/2026 1610/1813/1755
f 699/888/809 816/1005/930 1885/2101/2031
f 699/888/809 1885/2101/2031 817/1006/931
f 816/1005/930 812/1001/926 1882/2098/2028
f 816/1005/930 1882/2098/2028 1885/2101/2031
f 1885/2101/2031 1882/2098/2028 1881/2097/2027
f 1885/2101/2031 1881/2097/2027 1884/2100/2030
f 817/1006/931 1885/2101/2031 1884/2100/2030
f 817/1006/931 1884/2100/2030 820/1009/934
f 391/575/495 1072/1261/1192 1886/2102/2032
f 391/575/495 1886/2102/2032 392/576/496
f 1072/1261/1192 1069/1258/1189 1887/2103/2033
f 1072/1261/1192 1887/2103/2033 1886/2102/2032
f 1886/2102/2032 1887/2103/2033 1888/2104/2034
f 1886/2102/2032 1888/2104/2034 1889/2105/2035
f 392/576/496 1886/2102/2032 1889/2105/2035
f 392/576/496 1889/2105/2035 395/579/499
f 631/820/741 634/823/744 1890/2106/2036
f 631/820/741 1890/2106/2036 1067/1256/1187
f 634/823/744 639/828/749 1891/2107/2037
f 634/823/744 1891/2107/2037 1890/2106/2036
f 1890/2106/2036 1891/2107/2037 1888/2104/2034
f 1890/2106/2036 1888/2104/2034 1887/2103/2033
f 1067/1256/1187 1890/2106/2036 1887/2103/2033
f 1067/1256/1187 1887/2103/2033 1069/1258/1189
f 399/583/503 402/586/506 1892/2108/2038
f 399/583/503 1892/2108/2038 646/835/756
f 402/586/506 395/579/499 1889/2105/2035
f 402/586/506 1889/2105/2035 1892/2108/2038
f 1892/2108/2038 1889/2105/2035 1888/2104/2034
f 1892/2108/2038 1888/2104/2034 1891/2107/2037
f 646/835/756 1892/2108/2038 1891/2107/2037
f 646/835/756 1891/2107/2037 639/828/749
f 640/829/750 1315/1506/1450 1893/2109/2039
f 640/829/750 1893/2109/2039 1342/1533/1477
f 1315/1506/1450 1320/1511/1455 1894/2110/2040
f 1315/1506/1450 1894/2110/2040 1893/2109/2039
f 1893/2109/2039 1894/2110/2040 1895/2111/2041
f 1893/2109/2039 1895/2111/2041 1896/2112/2042
f 1342/1533/1477 1893/2109/2039 1896/2112/2042
f 1342/1533/1477 1896/2112/2042 1344/1535/1479
f 554/740/661 557/743/664 1897/2113/2043
f 554/740/661 1897/2113/2043 1324/1515/1459
f 557/743/664 562/748/669 1898/2114/2044
f 557/743/664 1898/2114/2044 1897/2113/2043
f 1897/2113/2043 1898/2114/2044 1895/2111/2041
f 1897/2113/2043 1895/2111/2041 1894/2110/2040
f 1324/1515/1459 1897/2113/2043 1894/2110/2040
f 1324/1515/1459 1894/2110/2040 1320/1511/1455
f 287/471/384 1478/1681/1622 1899/2115/2045
f 287/471/384 1899/2115/2045 589/778/696
f 1478/1681/1622 1482/1685/1626 1900/2116/2046
f 1478/1681/1622 1900/2116/2046 1899/2115/2045
f 1899/2115/2045 1900/2116/2046 1901/2117/2047
f 1899/2115/2045 1901/2117/2047 1902/2118/2048
f 589/778/696 1899/2115/2045 1902/2118/2048
f 589/778/696 1902/2118/2048 591/780/698
f 399/583/503 1336/1527/1471 1903/2119/2049
f 399/583/503 1903/2119/2049 1485/1688/1629
f 1336/1527/1471 1329/1520/1464 1904/2120/2050
f 1336/1527/1471 1904/2120/2050 1903/2119/2049
f 1903/2119/2049 1904/2120/2050 1901/2117/2047
f 1903/2119/2049 1901/2117/2047 1900/2116/2046
f 1485/1688/1629 1903/2119/2049 1900/2116/2046
f 1485/1688/1629 1900/2116/2046 1482/1685/1626
f 454/638/559 594/783/701 1905/2121/2051
f 454/638/559 1905/2121/2051 1326/1517/1461
f 594/783/701 591/780/698 1902/2118/2048
f 594/783/701 1902/2118/2048 1905/2121/2051
f 1905/2121/2051 1902/2118/2048 1901/2117/2047
f 1905/2121/2051 1901/2117/2047 1904/2120/2050
f 1326/1517/1461 1905/2121/2051 1904/2120/2050
f 1326/1517/1461 1904/2120/2050 1329/1520/1464
f 681/870/791 1488/1691/1632 1906/2122/2052
f 681/870/791 1906/2122/2052 1371/1562/1512
f 1492/1695/1636 1907/2123/2053 1906/2122/2052
f 1492/1695/1636 1906/2122/2052 1488/1691/1632
f 1908/2124/2054 1909/2125/2055 1906/2122/2052
f 1908/2124/2054 1906/2122/2052 1907/2123/2053
f 1910/2126/2056 1911/2127/2057 1906/2122/2052
f 1910/2126/2056 1906/2122/2052 1909/2125/2055
f 1374/1565/1515 1371/1562/1512 1906/2122/2052
f 1374/1565/1515 1906/2122/2052 1911/2127/2057
f 269/453/366 272/456/369 1912/2128/2058
f 269/453/366 1912/2128/2058 1495/1698/1639
f 272/456/369 277/461/374 1913/2129/2059
f 272/456/369 1913/2129/2059 1912/2128/2058
f 1912/2128/2058 1913/2129/2059 1908/2124/2054
f 1912/2128/2058 1908/2124/2054 1907/2123/2053
f 1495/1698/1639 1912/2128/2058 1907/2123/2053
f 1495/1698/1639 1907/2123/2053 1492/1695/1636
f 577/766/684 1465/1668/1607 1914/2130/2060
f 577/766/684 1914/2130/2060 1915/2131/2061
f 1465/1668/1607 1462/1665/1604 1916/2132/2062
f 1465/1668/1607 1916/2132/2062 1914/2130/2060
f 1914/2130/2060 1916/2132/2062 1917/2133/2063
f 1914/2130/2060 1917/2133/2063 1918/2134/2064
f 1915/2131/2061 1914/2130/2060 1918/2134/2064
f 1915/2131/2061 1918/2134/2064 1919/2135/2065
f 663/852/773 669/858/779 1920/2136/2066
f 663/852/773 1920/2136/2066 1460/1663/1602
f 669/858/779 674/863/784 1921/2137/2067
f 669/858/779 1921/2137/2067 1920/2136/2066
f 1920/2136/2066 1921/2137/2067 1917/2133/2063
f 1920/2136/2066 1917/2133/2063 1916/2132/2062
f 1460/1663/1602 1920/2136/2066 1916/2132/2062
f 1460/1663/1602 1916/2132/2062 1462/1665/1604
f 681/870/791 1922/2138/2068 1923/2139/2069
f 681/870/791 1923/2139/2069 682/871/792
f 1922/2138/2068 1919/2135/2065 1918/2134/2064
f 1922/2138/2068 1918/2134/2064 1923/2139/2069
f 1923/2139/2069 1918/2134/2064 1917/2133/2063
f 1923/2139/2069 1917/2133/2063 1921/2137/2067
f 682/871/792 1923/2139/2069 1921/2137/2067
f 682/871/792 1921/2137/2067 674/863/784
f 577/766/684 1915/2131/2061 1924/2140/2070
f 577/766/684 1924/2140/2070 1367/1558/1505
f 1915/2131/2061 1919/2135/2065 1925/2141/2071
f 1915/2131/2061 1925/2141/2071 1924/2140/2070
f 1924/2140/2072 1925/2141/2073 1926/2142/2074
f 1924/2140/2072 1926/2142/2074 1927/2143/2075
f 1367/1558/1510 1924/2140/2072 1927/2143/2075
f 1367/1558/1510 1927/2143/2075 1369/1560/1507
f 681/870/791 1373/1564/1514 1928/2144/2076
f 681/870/791 1928/2144/2076 1922/2138/2068
f 1373/1564/1514 1376/1567/1517 1929/2145/2077
f 1373/1564/1514 1929/2145/2077 1928/2144/2076
f 1928/2144/2076 1929/2145/2077 1926/2142/2074
f 1928/2144/2076 1926/2142/2074 1925/2141/2073
f 1922/2138/2068 1928/2144/2076 1925/2141/2071
f 1922/2138/2068 1925/2141/2071 1919/2135/2065
f 306/490/403 309/493/406 1930/2146/2078
f 306/490/403 1930/2146/2078 1122/1311/1245
f 313/497/410 1931/2147/2079 1930/2146/2079
f 313/497/410 1930/2146/2079 309/493/411
f 1125/1314/1249 1122/1311/1248 1930/2146/2080
f 1125/1314/1249 1930/2146/2080 1931/2147/2080
f 523/749/629 1116/1305/1236 1932/2148/2081
f 523/749/629 1932/2148/2081 524/2149/630
f 1121/1310/1244 1933/2150/2082 1932/2148/2083
f 1121/1310/1244 1932/2148/2083 1116/1305/1243
f 527/2151/633 524/2149/635 1932/2148/2083
f 527/2151/633 1932/2148/2083 1933/2150/2082
f 314/498/412 317/501/415 1934/2152/2084
f 314/498/412 1934/2152/2084 493/677/598
f 320/504/420 1935/2153/2085 1934/2152/2086
f 320/504/420 1934/2152/2086 317/501/421
f 1936/2154/2087 1937/2155/2088 1934/2152/2086
f 1936/2154/2087 1934/2152/2086 1935/2153/2085
f 1938/2156/2089 1939/2157/2090 1934/2152/2086
f 1938/2156/2089 1934/2152/2086 1937/2155/2088
f 496/680/601 493/677/598 1934/2152/2084
f 496/680/601 1934/2152/2084 1939/2157/2091
f 1940/2158/2092 1941/2159/2093 1942/2160/2094
f 1940/2158/2092 1942/2160/2094 1943/2161/2092
f 1944/2162/2095 1945/2163/2096 1942/2160/2094
f 1944/2162/2095 1942/2160/2094 1941/2159/2093
f 489/1591/594 1395/1590/1536 1942/2160/2094
f 489/1591/594 1942/2160/2094 1945/2163/2096
f 1394/1589/1535 1397/2164/1538 1942/2160/2094
f 1394/1589/1535 1942/2160/2094 1395/1590/1536
f 537/2165/644 1943/2161/2097 1942/2160/2094
f 537/2165/644 1942/2160/2094 1397/2164/1538
f 1946/2166/2098 1947/2167/2099 1948/2168/2100
f 1946/2166/2098 1948/2168/2100 1949/2169/2101
f 1947/2167/2099 1950/2170/2102 1951/2171/2103
f 1947/2167/2099 1951/2171/2103 1948/2168/2100
f 1948/2168/2100 1951/2171/2103 1425/1628/1567
f 1948/2168/2100 1425/1628/1567 1424/1627/1566
f 1949/2169/2101 1948/2168/2100 1424/1627/1566
f 1949/2169/2101 1424/1627/1566 1103/1292/1223
f 1952/2172/2104 1953/2173/2105 1954/2174/2106
f 1952/2172/2104 1954/2174/2106 1955/2175/2107
f 1956/2176/2108 1957/2177/2109 1954/2174/2106
f 1956/2176/2108 1954/2174/2106 1953/2173/2105
f 440/624/544 1430/1633/1572 1954/2174/2106
f 440/624/544 1954/2174/2106 1957/2177/2109
f 1429/1632/1571 1432/1635/1574 1954/2174/2106
f 1429/1632/1571 1954/2174/2106 1430/1633/1572
f 1142/1333/1269 1955/2175/2107 1954/2174/2106
f 1142/1333/1269 1954/2174/2106 1432/1635/1574
f 1958/2178/2110 1959/2179/2111 1960/2180/2112
f 1958/2178/2110 1960/2180/2112 1961/2181/2113
f 1959/2179/2111 1910/2126/2056 1909/2125/2055
f 1959/2179/2111 1909/2125/2055 1960/2180/2112
f 1960/2180/2112 1909/2125/2055 1908/2124/2054
f 1960/2180/2112 1908/2124/2054 1913/2129/2059
f 1961/2181/2113 1960/2180/2112 1913/2129/2059
f 1961/2181/2113 1913/2129/2059 277/461/374
f 1407/1610/1548 1962/2182/2114 1963/2183/2115
f 1407/1610/1548 1963/2183/2115 1408/1611/1549
f 1964/2184/2116 1965/2185/2117 1963/2183/2115
f 1964/2184/2116 1963/2183/2115 1962/2182/2114
f 552/738/659 1408/1611/1550 1963/2183/2118
f 552/738/659 1963/2183/2118 1965/2185/2119
f 1966/2186/2120 1967/2187/2121 1968/2188/2122
f 1966/2186/2120 1968/2188/2122 1969/2189/2123
f 1129/1320/1255 1128/1319/1254 1968/2188/2122
f 1129/1320/1255 1968/2188/2122 1967/2187/2121
f 548/1318/655 1969/2189/2124 1968/2188/2125
f 548/1318/655 1968/2188/2125 1128/1319/1253
f 1964/2190/2116 1970/2191/2126 1971/2192/2127
f 1964/2190/2116 1971/2192/2127 1965/2193/2117
f 1966/2186/2120 1969/2189/2123 1971/2192/2127
f 1966/2186/2120 1971/2192/2127 1970/2191/2126
f 548/1318/655 547/2194/654 1971/2192/2128
f 548/1318/655 1971/2192/2128 1969/2189/2124
f 546/2195/653 553/2196/660 1971/2192/2128
f 546/2195/653 1971/2192/2128 547/2194/654
f 552/2197/659 1965/2193/2119 1971/2192/2128
f 552/2197/659 1971/2192/2128 553/2196/660
f 1972/2198/2129 1973/2199/2130 1974/2200/2131
f 1972/2198/2129 1974/2200/2131 1975/2201/2132
f 1973/2199/2130 1976/2202/2133 1977/2203/2134
f 1973/2199/2130 1977/2203/2134 1974/2200/2131
f 1974/2200/2131 1977/2203/2134 1101/1290/1221
f 1974/2200/2131 1101/1290/1221 1100/1289/1220
f 1975/2201/2132 1974/2200/2131 1100/1289/1220
f 1975/2201/2132 1100/1289/1220 1095/1284/1215
f 1978/2204/2135 1979/2205/2136 1980/2206/2137
f 1978/2204/2135 1980/2206/2137 1981/2207/2138
f 1979/2205/2136 311/495/408 310/494/407
f 1979/2205/2136 310/494/407 1980/2206/2137
f 1980/2206/2137 310/494/407 303/487/400
f 1980/2206/2137 303/487/400 302/486/399
f 1981/2207/2138 1980/2206/2137 302/486/399
f 1981/2207/2138 302/486/399 301/485/398
f 1982/2208/2139 1983/2209/2140 1984/2210/2141
f 1982/2208/2139 1984/2210/2141 1985/2211/2142
f 1940/2212/2143 1943/2213/2097 1984/2210/2141
f 1940/2212/2143 1984/2210/2141 1983/2209/2140
f 537/721/644 536/720/643 1984/2210/2141
f 537/721/644 1984/2210/2141 1943/2213/2097
f 535/719/642 540/724/647 1984/2210/2141
f 535/719/642 1984/2210/2141 536/720/643
f 462/646/567 1985/2211/2142 1984/2210/2141
f 462/646/567 1984/2210/2141 540/724/647
f 1986/2214/2144 1987/2215/2145 1988/2216/2146
f 1986/2214/2144 1988/2216/2146 1989/2217/2147
f 1987/2215/2145 1952/2172/2104 1955/2175/2107
f 1987/2215/2145 1955/2175/2107 1988/2216/2146
f 1988/2216/2146 1955/2175/2107 1142/1333/1269
f 1988/2216/2146 1142/1333/1269 1141/1332/1268
f 1989/2217/2148 1988/2216/2146 1141/1332/1268
f 1989/2217/2148 1141/1332/1268 1140/1331/1267
f 1956/2176/2108 1990/2218/2149 1991/2219/2150
f 1956/2176/2108 1991/2219/2150 1957/2177/2109
f 1990/2218/2149 1992/2220/2151 1993/2221/2152
f 1990/2218/2149 1993/2221/2152 1991/2219/2150
f 1991/2219/2150 1993/2221/2153 442/626/546
f 1991/2219/2150 442/626/546 441/625/545
f 1957/2177/2109 1991/2219/2150 441/625/545
f 1957/2177/2109 441/625/545 440/624/544
f 1994/2222/2154 1995/2223/2155 1996/2224/2155
f 1994/2222/2154 1996/2224/2155 1997/2225/2156
f 1998/2226/2157 1999/2227/2158 1996/2224/2159
f 1998/2226/2157 1996/2224/2159 1995/2223/2160
f 1357/1548/1492 1362/1553/1499 1996/2224/2159
f 1357/1548/1492 1996/2224/2159 1999/2227/2158
f 1361/1552/1497 2000/2228/2161 1996/2224/2162
f 1361/1552/1497 1996/2224/2162 1362/1553/1498
f 2001/2229/2163 1997/2225/2164 1996/2224/2162
f 2001/2229/2163 1996/2224/2162 2000/2228/2161
f 2002/2230/2165 2003/2231/2166 2004/2232/2167
f 2002/2230/2165 2004/2232/2167 2005/2233/2168
f 2006/2234/2169 2007/2235/2170 2004/2232/2167
f 2006/2234/2169 2004/2232/2167 2003/2231/2166
f 1344/1535/1479 1896/2112/2042 2004/2232/2167
f 1344/1535/1479 2004/2232/2167 2007/2235/2170
f 1895/2111/2041 1898/2114/2044 2004/2232/2167
f 1895/2111/2041 2004/2232/2167 1896/2112/2042
f 562/748/669 2005/2233/2168 2004/2232/2167
f 562/748/669 2004/2232/2167 1898/2114/2044
f 469/653/574 2008/2236/2171 2009/2237/2172
f 469/653/574 2009/2237/2172 470/654/575
f 2008/2236/2171 1982/2208/2139 1985/2211/2142
f 2008/2236/2171 1985/2211/2142 2009/2237/2172
f 2009/2237/2172 1985/2211/2142 462/646/567
f 2009/2237/2172 462/646/567 461/645/566
f 470/654/575 2009/2237/2172 461/645/566
f 470/654/575 461/645/566 460/644/565
f 2010/2238/2173 2011/2239/2174 2012/2240/2175
f 2010/2238/2173 2012/2240/2175 2013/2241/2176
f 2014/2242/2177 2015/2243/2178 2012/2240/2175
f 2014/2242/2177 2012/2240/2175 2011/2239/2174
f 449/633/553 1148/1339/1275 2012/2240/2175
f 449/633/553 2012/2240/2175 2015/2243/2178
f 1147/1338/1274 1153/1344/1280 2012/2240/2175
f 1147/1338/1274 2012/2240/2175 1148/1339/1275
f 1152/1343/1279 2013/2241/2176 2012/2240/2175
f 1152/1343/1279 2012/2240/2175 1153/1344/1280
f 1421/1624/1563 2016/2244/2179 2017/2245/2180
f 1421/1624/1563 2017/2245/2180 1422/1625/1564
f 2018/2246/2181 2019/2247/2182 2017/2245/2180
f 2018/2246/2181 2017/2245/2180 2016/2244/2179
f 1415/1618/1557 1422/1625/1564 2017/2245/2180
f 1415/1618/1557 2017/2245/2180 2019/2247/2182
f 2020/2248/2183 2021/2249/2184 2022/2250/2185
f 2020/2248/2183 2022/2250/2185 2023/2251/2186
f 2021/2249/2184 1986/2214/2144 1989/2217/2147
f 2021/2249/2184 1989/2217/2147 2022/2250/2185
f 2022/2250/2187 1989/2217/2148 1140/1331/1267
f 2022/2250/2187 1140/1331/1267 1139/1330/1266
f 2023/2251/2186 2022/2250/2187 1139/1330/1266
f 2023/2251/2186 1139/1330/1266 1138/1329/1265
f 566/755/673 2024/2252/2188 2025/2253/2189
f 566/755/673 2025/2253/2189 567/756/674
f 2024/2252/2188 2002/2230/2165 2005/2233/2168
f 2024/2252/2188 2005/2233/2168 2025/2253/2189
f 2025/2253/2189 2005/2233/2168 562/748/669
f 2025/2253/2189 562/748/669 561/747/668
f 567/756/674 2025/2253/2189 561/747/668
f 567/756/674 561/747/668 560/746/667
f 583/772/690 2026/2254/2190 2027/2255/2191
f 583/772/690 2027/2255/2191 584/773/691
f 2026/2254/2190 2028/2256/2192 2029/2257/2193
f 2026/2254/2190 2029/2257/2193 2027/2255/2191
f 2027/2255/2191 2029/2257/2193 576/765/683
f 2027/2255/2191 576/765/683 575/764/682
f 584/773/691 2027/2255/2191 575/764/682
f 584/773/691 575/764/682 574/763/681
f 2014/2242/2177 2030/2258/2194 2031/2259/2195
f 2014/2242/2177 2031/2259/2195 2015/2243/2178
f 451/635/556 450/634/555 2031/2259/2195
f 451/635/556 2031/2259/2195 2030/2258/2194
f 449/633/553 2015/2243/2178 2031/2259/2195
f 449/633/553 2031/2259/2195 450/634/554
f 1944/2260/2095 2032/2261/2196 2033/2262/2196
f 1944/2260/2095 2033/2262/2196 1945/2263/2096
f 2034/2264/2197 2035/2265/2198 2033/2262/2199
f 2034/2264/2197 2033/2262/2199 2032/2261/2200
f 2036/2266/2201 2037/2267/2202 2033/2262/2199
f 2036/2266/2201 2033/2262/2199 2035/2265/2198
f 491/675/596 490/674/595 2033/2262/2199
f 491/675/596 2033/2262/2199 2037/2267/2202
f 489/673/594 1945/2263/2096 2033/2262/2199
f 489/673/594 2033/2262/2199 490/674/595
f 2028/2256/2192 2038/2268/2203 2039/2269/2204
f 2028/2256/2192 2039/2269/2204 2029/2257/2193
f 1978/2204/2135 1981/2207/2138 2039/2269/2204
f 1978/2204/2135 2039/2269/2204 2038/2268/2203
f 301/485/398 1453/1656/1595 2039/2269/2204
f 301/485/398 2039/2269/2204 1981/2207/2138
f 1452/1655/1594 1455/1658/1597 2039/2269/2204
f 1452/1655/1594 2039/2269/2204 1453/1656/1595
f 576/765/683 2029/2257/2193 2039/2269/2204
f 576/765/683 2039/2269/2204 1455/1658/1597
f 2040/2270/2205 2041/2271/2206 2042/2272/2207
f 2040/2270/2205 2042/2272/2207 2043/2273/2208
f 2044/2274/2209 2045/2275/2210 2042/2272/2207
f 2044/2274/2209 2042/2272/2207 2041/2271/2206
f 617/806/724 616/805/723 2042/2272/2207
f 617/806/724 2042/2272/2207 2045/2275/2210
f 615/804/722 620/809/727 2042/2272/2207
f 615/804/722 2042/2272/2207 616/805/723
f 430/614/534 2043/2273/2208 2042/2272/2207
f 430/614/534 2042/2272/2207 620/809/727
f 2046/2276/2211 2047/2277/2212 2048/2278/2213
f 2046/2276/2211 2048/2278/2213 2049/2279/2214
f 2047/2277/2212 2050/2280/2215 2051/2281/2216
f 2047/2277/2212 2051/2281/2216 2048/2278/2213
f 2048/2278/2213 2051/2281/2217 275/459/372
f 2048/2278/2213 275/459/372 274/458/371
f 2049/2279/2214 2048/2278/2213 274/458/371
f 2049/2279/2214 274/458/371 273/457/370
f 2050/2280/2215 2052/2282/2218 2053/2283/2219
f 2050/2280/2215 2053/2283/2219 2051/2281/2216
f 2052/2282/2218 1958/2178/2110 1961/2181/2113
f 2052/2282/2218 1961/2181/2113 2053/2283/2219
f 2053/2283/2220 1961/2181/2113 277/461/374
f 2053/2283/2220 277/461/374 276/460/373
f 2051/2281/2217 2053/2283/2220 276/460/373
f 2051/2281/2217 276/460/373 275/459/372
f 1992/2220/2151 2054/2284/2221 2055/2285/2222
f 1992/2220/2151 2055/2285/2222 1993/2221/2152
f 2054/2284/2221 2056/2286/2223 2057/2287/2224
f 2054/2284/2221 2057/2287/2224 2055/2285/2222
f 2055/2285/2222 2057/2287/2224 444/628/548
f 2055/2285/2222 444/628/548 443/627/547
f 1993/2221/2153 2055/2285/2222 443/627/547
f 1993/2221/2153 443/627/547 442/626/546
f 2018/2246/2181 2058/2288/2225 2059/2289/2226
f 2018/2246/2181 2059/2289/2226 2019/2247/2182
f 2046/2276/2211 2049/2279/2214 2059/2289/2226
f 2046/2276/2211 2059/2289/2226 2058/2288/2225
f 273/457/370 1412/1615/1554 2059/2289/2226
f 273/457/370 2059/2289/2226 2049/2279/2214
f 1411/1614/1553 1416/1619/1558 2059/2289/2226
f 1411/1614/1553 2059/2289/2226 1412/1615/1554
f 1415/1618/1557 2019/2247/2182 2059/2289/2226
f 1415/1618/1557 2059/2289/2226 1416/1619/1558
f 2060/2290/2227 2061/2291/2228 2062/2292/2229
f 2060/2290/2227 2062/2292/2229 2063/2293/2230
f 2040/2270/2205 2043/2273/2208 2062/2292/2229
f 2040/2270/2205 2062/2292/2229 2061/2291/2228
f 430/614/534 429/613/533 2062/2292/2229
f 430/614/534 2062/2292/2229 2043/2273/2208
f 428/612/532 436/620/540 2062/2292/2229
f 428/612/532 2062/2292/2229 429/613/533
f 435/619/539 2063/2293/2230 2062/2292/2229
f 435/619/539 2062/2292/2229 436/620/540
f 1998/2226/2157 2064/2294/2231 2065/2295/2232
f 1998/2226/2157 2065/2295/2232 1999/2227/2158
f 2020/2248/2183 2023/2251/2186 2065/2295/2232
f 2020/2248/2183 2065/2295/2232 2064/2294/2231
f 1138/1329/1265 1353/1544/1488 2065/2295/2232
f 1138/1329/1265 2065/2295/2232 2023/2251/2186
f 1352/1543/1487 1358/1549/1493 2065/2295/2232
f 1352/1543/1487 2065/2295/2232 1353/1544/1488
f 1357/1548/1492 1999/2227/2158 2065/2295/2232
f 1357/1548/1492 2065/2295/2232 1358/1549/1493
f 2006/2234/2169 2066/2296/2233 2067/2297/2234
f 2006/2234/2169 2067/2297/2234 2007/2235/2170
f 2066/2296/2233 2068/2298/2235 2069/2299/2236
f 2066/2296/2233 2069/2299/2236 2067/2297/2234
f 2067/2297/2234 2069/2299/2236 1346/1537/1481
f 2067/2297/2234 1346/1537/1481 1345/1536/1480
f 2007/2235/2170 2067/2297/2234 1345/1536/1480
f 2007/2235/2170 1345/1536/1480 1344/1535/1479
f 1976/2202/2133 2070/2300/2237 2071/2301/2238
f 1976/2202/2133 2071/2301/2238 1977/2203/2134
f 2070/2300/2237 1946/2166/2098 1949/2169/2101
f 2070/2300/2237 1949/2169/2101 2071/2301/2238
f 2071/2301/2238 1949/2169/2101 1103/1292/1223
f 2071/2301/2238 1103/1292/1223 1102/1291/1222
f 1977/2203/2134 2071/2301/2238 1102/1291/1222
f 1977/2203/2134 1102/1291/1222 1101/1290/1221
f 2044/2274/2209 2072/2302/2239 2073/2303/2240
f 2044/2274/2209 2073/2303/2240 2045/2275/2210
f 1419/1622/1561 1418/1621/1560 2073/2303/2240
f 1419/1622/1561 2073/2303/2240 2072/2302/2239
f 617/806/724 2045/2275/2210 2073/2303/2240
f 617/806/724 2073/2303/2240 1418/1621/1560
f 2068/2298/2235 2074/2304/2241 2075/2305/2242
f 2068/2298/2235 2075/2305/2242 2069/2299/2236
f 2074/2304/2241 2010/2238/2173 2013/2241/2176
f 2074/2304/2241 2013/2241/2176 2075/2305/2242
f 2075/2305/2242 2013/2241/2176 1152/1343/1279
f 2075/2305/2242 1152/1343/1279 1347/1538/1482
f 2069/2299/2236 2075/2305/2242 1347/1538/1482
f 2069/2299/2236 1347/1538/1482 1346/1537/1481
f 2034/2264/2197 2076/2306/2243 2077/2307/2244
f 2034/2264/2197 2077/2307/2244 2035/2265/2198
f 2076/2306/2243 2078/2308/2245 2079/2309/2246
f 2076/2306/2243 2079/2309/2246 2077/2307/2244
f 2077/2307/2244 2079/2309/2246 2080/2310/2247
f 2077/2307/2244 2080/2310/2247 2081/2311/2248
f 2035/2265/2198 2077/2307/2244 2081/2311/2248
f 2035/2265/2198 2081/2311/2248 2036/2266/2201
f 1950/2170/2102 2082/2312/2249 2083/2313/2250
f 1950/2170/2102 2083/2313/2250 1951/2171/2103
f 2082/2312/2249 2060/2290/2227 2063/2293/2230
f 2082/2312/2249 2063/2293/2230 2083/2313/2250
f 2083/2313/2250 2063/2293/2230 435/619/539
f 2083/2313/2250 435/619/539 1426/1629/1568
f 1951/2171/2103 2083/2313/2250 1426/1629/1568
f 1951/2171/2103 1426/1629/1568 1425/1628/1567
f 2056/2286/2223 2084/2314/2251 2085/2315/2252
f 2056/2286/2223 2085/2315/2252 2057/2287/2224
f 1972/2198/2129 1975/2201/2132 2085/2315/2252
f 1972/2198/2129 2085/2315/2252 2084/2314/2251
f 1095/1284/1215 1094/1283/1214 2085/2315/2252
f 1095/1284/1215 2085/2315/2252 1975/2201/2132
f 1093/1282/1213 1097/1286/1217 2085/2315/2252
f 1093/1282/1213 2085/2315/2252 1094/1283/1214
f 444/628/548 2057/2287/2224 2085/2315/2252
f 444/628/548 2085/2315/2252 1097/1286/1217
f 996/1185/1115 2086/2316/2253 2087/2317/2254
f 996/1185/1115 2087/2317/2254 997/1186/1116
f 2088/2318/2255 2089/2319/2256 2087/2317/2254
f 2088/2318/2255 2087/2317/2254 2086/2316/2253
f 998/1187/1117 997/1186/1116 2087/2317/2257
f 998/1187/1117 2087/2317/2257 2089/2319/2256
f 2090/2320/2258 2091/2321/2259 2092/2322/2260
f 2090/2320/2258 2092/2322/2260 2093/2323/2261
f 2091/2321/2259 1011/1200/1130 1010/1199/1132
f 2091/2321/2259 1010/1199/1132 2092/2322/2260
f 2092/2322/2262 1010/1199/1129 1004/1193/1123
f 2092/2322/2262 1004/1193/1123 1003/1192/1122
f 2093/2323/2263 2092/2322/2262 1003/1192/1122
f 2093/2323/2263 1003/1192/1122 1002/1191/1121
f 2088/2318/2255 2094/2324/2264 2095/2325/2265
f 2088/2318/2255 2095/2325/2265 2089/2319/2256
f 2096/2326/2266 2097/2327/2267 2095/2325/2265
f 2096/2326/2266 2095/2325/2265 2094/2324/2264
f 1711/1914/1856 1710/1913/1855 2095/2325/2265
f 1711/1914/1856 2095/2325/2265 2097/2327/2267
f 1706/1909/1851 1705/1908/1850 2095/2325/2265
f 1706/1909/1851 2095/2325/2265 1710/1913/1855
f 998/1187/1117 2089/2319/2256 2095/2325/2265
f 998/1187/1117 2095/2325/2265 1705/1908/1850
f 1794/2000/1939 2098/2328/2268 2099/2329/2269
f 1794/2000/1939 2099/2329/2269 1795/2001/1940
f 2090/2320/2258 2093/2323/2261 2099/2329/2269
f 2090/2320/2258 2099/2329/2269 2098/2328/2268
f 1002/1191/1121 1795/2001/1940 2099/2329/2270
f 1002/1191/1121 2099/2329/2270 2093/2323/2263
f 1749/1955/1894 2100/2330/2271 2101/2331/2272
f 1749/1955/1894 2101/2331/2272 1750/1956/1895
f 2100/2330/2271 2102/2332/2273 2103/2333/2274
f 2100/2330/2271 2103/2333/2274 2101/2331/2272
f 2101/2331/2272 2103/2333/2274 1737/1943/1882
f 2101/2331/2272 1737/1943/1882 1744/1950/1889
f 1750/1956/1895 2101/2331/2272 1744/1950/1889
f 1750/1956/1895 1744/1950/1889 1743/1949/1888
f 2104/2334/2275 2105/2335/2276 2106/2336/2277
f 2104/2334/2275 2106/2336/2277 2107/2337/2278
f 2108/2338/2279 2109/2339/2280 2106/2336/2277
f 2108/2338/2279 2106/2336/2277 2105/2335/2276
f 914/1103/1029 913/1102/1028 2106/2336/2277
f 914/1103/1029 2106/2336/2277 2109/2339/2280
f 912/1101/1027 919/1108/1034 2106/2336/2277
f 912/1101/1027 2106/2336/2277 913/1102/1028
f 918/1107/1033 2107/2337/2278 2106/2336/2277
f 918/1107/1033 2106/2336/2277 919/1108/1034
f 2096/2326/2266 2110/2340/2281 2111/2341/2282
f 2096/2326/2266 2111/2341/2282 2097/2327/2267
f 2110/2340/2281 1847/2059/1993 1846/2058/1992
f 2110/2340/2281 1846/2058/1992 2111/2341/2282
f 2111/2341/2282 1846/2058/1992 1845/2057/1991
f 2111/2341/2282 1845/2057/1991 1850/2063/1996
f 2097/2327/2267 2111/2341/2282 1850/2063/1996
f 2097/2327/2267 1850/2063/1996 1711/1914/1856
f 2112/2342/2283 2113/2343/2284 2114/2344/2285
f 2112/2342/2283 2114/2344/2285 2115/2345/2286
f 2116/2346/2287 2117/2347/2288 2114/2344/2285
f 2116/2346/2287 2114/2344/2285 2113/2343/2284
f 2118/2348/2289 2119/2349/2290 2114/2344/2285
f 2118/2348/2289 2114/2344/2285 2117/2347/2288
f 1221/1412/1356 1220/1411/1355 2114/2344/2285
f 1221/1412/1356 2114/2344/2285 2119/2349/2290
f 1185/1376/1312 2115/2345/2286 2114/2344/2285
f 1185/1376/1312 2114/2344/2285 1220/1411/1355
f 2120/2350/2291 2121/2351/2292 2122/2352/2293
f 2120/2350/2291 2122/2352/2293 2123/2353/2294
f 1841/2051/1987 1840/2050/1986 2122/2352/2293
f 1841/2051/1987 2122/2352/2293 2121/2351/2292
f 889/1078/1003 2123/2353/2294 2122/2352/2293
f 889/1078/1003 2122/2352/2293 1840/2050/1986
f 2102/2332/2273 2124/2354/2295 2125/2355/2296
f 2102/2332/2273 2125/2355/2296 2103/2333/2274
f 2124/2354/2295 2126/2356/2297 2127/2357/2298
f 2124/2354/2295 2127/2357/2298 2125/2355/2296
f 2125/2355/2296 2127/2357/2298 1739/1945/1884
f 2125/2355/2296 1739/1945/1884 1738/1944/1883
f 2103/2333/2274 2125/2355/2296 1738/1944/1883
f 2103/2333/2274 1738/1944/1883 1737/1943/1882
f 2128/2358/2299 2129/2359/2300 2130/2360/2300
f 2128/2358/2299 2130/2360/2300 2131/2361/2301
f 2132/2362/2302 2133/2363/2303 2130/2360/2304
f 2132/2362/2302 2130/2360/2304 2129/2359/2305
f 2118/2348/2289 2131/2361/2306 2130/2360/2304
f 2118/2348/2289 2130/2360/2304 2133/2363/2303
f 2134/2364/2307 2135/2365/2308 2136/2366/2309
f 2134/2364/2307 2136/2366/2309 2137/2367/2310
f 2138/2368/2311 2139/2369/2312 2136/2366/2309
f 2138/2368/2311 2136/2366/2309 2135/2365/2308
f 1781/1987/1926 1780/1986/1925 2136/2366/2309
f 1781/1987/1926 2136/2366/2309 2139/2369/2312
f 1776/1982/1921 1775/1981/1920 2136/2366/2309
f 1776/1982/1921 2136/2366/2309 1780/1986/1925
f 1758/1964/1903 2137/2367/2310 2136/2366/2309
f 1758/1964/1903 2136/2366/2309 1775/1981/1920
f 2126/2356/2297 2140/2370/2313 2141/2371/2314
f 2126/2356/2297 2141/2371/2314 2127/2357/2298
f 2140/2370/2313 2104/2334/2275 2107/2337/2278
f 2140/2370/2313 2107/2337/2278 2141/2371/2314
f 2141/2371/2314 2107/2337/2278 918/1107/1033
f 2141/2371/2314 918/1107/1033 1740/1946/1885
f 2127/2357/2298 2141/2371/2314 1740/1946/1885
f 2127/2357/2298 1740/1946/1885 1739/1945/1884
f 2116/2346/2287 2142/2372/2315 2143/2373/2316
f 2116/2346/2287 2143/2373/2316 2117/2347/2288
f 2128/2358/2299 2131/2361/2301 2143/2373/2317
f 2128/2358/2299 2143/2373/2317 2142/2372/2317
f 2118/2348/2289 2117/2347/2288 2143/2373/2316
f 2118/2348/2289 2143/2373/2316 2131/2361/2306
f 2144/2374/2318 2145/2375/2319 2146/2376/2320
f 2144/2374/2318 2146/2376/2320 2147/2377/2321
f 2145/2375/2319 329/513/430 328/512/429
f 2145/2375/2319 328/512/429 2146/2376/2320
f 2146/2376/2320 328/512/429 327/511/428
f 2146/2376/2320 327/511/428 337/521/438
f 2147/2377/2321 2146/2376/2320 337/521/438
f 2147/2377/2321 337/521/438 336/520/437
f 2148/2378/2322 2149/2379/2323 2150/2380/2324
f 2148/2378/2322 2150/2380/2324 2151/2381/2325
f 1792/1998/1937 1791/1997/1936 2150/2380/2324
f 1792/1998/1937 2150/2380/2324 2149/2379/2323
f 1789/1995/1934 2151/2381/2325 2150/2380/2324
f 1789/1995/1934 2150/2380/2324 1791/1997/1936
f 2152/2382/2326 2153/2383/2327 2154/2384/2328
f 2152/2382/2326 2154/2384/2328 2155/2385/2329
f 2120/2350/2291 2123/2353/2294 2154/2384/2328
f 2120/2350/2291 2154/2384/2328 2153/2383/2330
f 889/1078/1003 888/1077/1002 2154/2384/2328
f 889/1078/1003 2154/2384/2328 2123/2353/2294
f 887/1076/1001 894/1083/1008 2154/2384/2328
f 887/1076/1001 2154/2384/2328 888/1077/1002
f 893/1082/1007 2155/2385/2329 2154/2384/2328
f 893/1082/1007 2154/2384/2328 894/1083/1008
f 976/1165/1092 2156/2386/2331 2157/2387/2332
f 976/1165/1092 2157/2387/2332 977/1166/1093
f 2156/2386/2331 2144/2374/2318 2147/2377/2321
f 2156/2386/2331 2147/2377/2321 2157/2387/2332
f 2157/2387/2332 2147/2377/2321 336/520/437
f 2157/2387/2332 336/520/437 983/1172/1099
f 977/1166/1093 2157/2387/2332 983/1172/1099
f 977/1166/1093 983/1172/1099 978/1167/1094
f 1762/1968/1907 2158/2388/2333 2159/2389/2334
f 1762/1968/1907 2159/2389/2334 1763/1969/1908
f 2158/2388/2333 2134/2364/2307 2137/2367/2310
f 2158/2388/2333 2137/2367/2310 2159/2389/2334
f 2159/2389/2334 2137/2367/2310 1758/1964/1903
f 2159/2389/2334 1758/1964/1903 1757/1963/1902
f 1763/1969/1908 2159/2389/2334 1757/1963/1902
f 1763/1969/1908 1757/1963/1902 1756/1962/1901
f 2160/2390/2335 2161/2391/2336 2162/2392/2337
f 2160/2390/2335 2162/2392/2337 2163/2393/2338
f 2112/2342/2283 2115/2345/2286 2162/2392/2337
f 2112/2342/2283 2162/2392/2337 2161/2391/2336
f 1185/1376/1312 1184/1375/1311 2162/2392/2337
f 1185/1376/1312 2162/2392/2337 2115/2345/2286
f 1178/1369/1305 1177/1368/1304 2162/2392/2337
f 1178/1369/1305 2162/2392/2337 1184/1375/1311
f 1019/1208/1139 2163/2393/2338 2162/2392/2337
f 1019/1208/1139 2162/2392/2337 1177/1368/1304
f 2132/2362/2302 2164/2394/2339 2165/2395/2340
f 2132/2362/2302 2165/2395/2340 2133/2363/2303
f 2152/2382/2326 2155/2385/2329 2165/2395/2340
f 2152/2382/2326 2165/2395/2340 2164/2394/2339
f 893/1082/1007 1222/1413/1357 2165/2395/2340
f 893/1082/1007 2165/2395/2340 2155/2385/2329
f 1221/1412/1356 2119/2349/2290 2165/2395/2340
f 1221/1412/1356 2165/2395/2340 1222/1413/1357
f 2118/2348/2289 2133/2363/2303 2165/2395/2340
f 2118/2348/2289 2165/2395/2340 2119/2349/2290
f 1017/1206/1137 2166/2396/2341 2167/2397/2342
f 1017/1206/1137 2167/2397/2342 1018/1207/1138
f 2160/2390/2335 2163/2393/2338 2167/2397/2342
f 2160/2390/2335 2167/2397/2342 2166/2396/2341
f 1019/1208/1139 1018/1207/1138 2167/2397/2342
f 1019/1208/1139 2167/2397/2342 2163/2393/2338
f 2138/2368/2311 2168/2398/2343 2169/2399/2344
f 2138/2368/2311 2169/2399/2344 2139/2369/2312
f 2148/2378/2322 2151/2381/2325 2169/2399/2344
f 2148/2378/2322 2169/2399/2344 2168/2398/2343
f 1789/1995/1934 1788/1994/1933 2169/2399/2344
f 1789/1995/1934 2169/2399/2344 2151/2381/2325
f 1784/1990/1929 1783/1989/1928 2169/2399/2344
f 1784/1990/1929 2169/2399/2344 1788/1994/1933
f 1781/1987/1926 2139/2369/2312 2169/2399/2344
f 1781/1987/1926 2169/2399/2344 1783/1989/1928
f 2108/2338/2279 2170/2400/2345 2171/2401/2346
f 2108/2338/2279 2171/2401/2346 2109/2339/2280
f 2170/2400/2345 1831/2041/1977 1830/2040/1976
f 2170/2400/2345 1830/2040/1976 2171/2401/2346
f 2171/2401/2346 1830/2040/1976 1829/2039/1975
f 2171/2401/2346 1829/2039/1975 1834/2044/1980
f 2109/2339/2280 2171/2401/2346 1834/2044/1980
f 2109/2339/2280 1834/2044/1980 914/1103/1029
f 957/2402/1072 2172/2403/2347 2173/2404/2348
f 957/2402/1072 2173/2404/2348 958/2405/1073
f 967/2406/1083 966/2407/1082 2173/2404/2348
f 967/2406/1083 2173/2404/2348 2172/2403/2347
f 959/2408/1074 958/2405/1076 2173/2404/2348
f 959/2408/1074 2173/2404/2348 966/2407/1082
f 2174/2409/2349 2175/2410/2350 2176/2411/2351
f 2174/2409/2349 2176/2411/2351 2177/2412/2352
f 901/1090/1015 900/1089/1017 2176/2411/2351
f 901/1090/1015 2176/2411/2351 2175/2410/2350
f 899/1088/1013 2177/2412/2353 2176/2411/2354
f 899/1088/1013 2176/2411/2354 900/1089/1014
f 772/961/886 2178/2413/2355 2179/2414/2356
f 772/961/886 2179/2414/2356 773/962/887
f 2178/2413/2355 2180/2415/2357 2181/2416/2358
f 2178/2413/2355 2181/2416/2358 2179/2414/2356
f 2179/2414/2356 2181/2416/2358 766/955/880
f 2179/2414/2356 766/955/880 765/954/879
f 773/962/887 2179/2414/2356 765/954/879
f 773/962/887 765/954/879 764/953/878
f 2182/2417/2359 2183/2418/2360 2184/2419/2361
f 2182/2417/2359 2184/2419/2361 2185/2420/2362
f 2186/2421/2363 2187/2422/2364 2184/2419/2365
f 2186/2421/2363 2184/2419/2365 2183/2418/2365
f 485/669/590 492/676/597 2184/2419/2361
f 485/669/590 2184/2419/2361 2187/2422/2366
f 491/675/596 2037/2267/2202 2184/2419/2361
f 491/675/596 2184/2419/2361 492/676/597
f 2036/2266/2201 2185/2420/2362 2184/2419/2361
f 2036/2266/2201 2184/2419/2361 2037/2267/2202
f 2188/2423/2367 2189/2424/2368 2190/2425/2369
f 2188/2423/2367 2190/2425/2369 2191/2426/2370
f 2192/2427/2371 2193/2428/2371 2190/2425/2371
f 2192/2427/2371 2190/2425/2371 2189/2424/2371
f 2080/2429/2247 2079/2430/2246 2190/2425/2372
f 2080/2429/2247 2190/2425/2372 2193/2428/2373
f 2078/2431/2374 2194/2432/2374 2190/2425/2374
f 2078/2431/2374 2190/2425/2374 2079/2430/2374
f 2195/2433/2375 2191/2426/2370 2190/2425/2369
f 2195/2433/2375 2190/2425/2369 2194/2432/2376
f 2180/2415/2357 2196/2434/2377 2197/2435/2378
f 2180/2415/2357 2197/2435/2378 2181/2416/2358
f 1519/1722/1663 1517/1720/1661 2197/2435/2378
f 1519/1722/1663 2197/2435/2378 2196/2434/2377
f 1295/1486/1430 1294/1485/1429 2197/2435/2378
f 1295/1486/1430 2197/2435/2378 1517/1720/1661
f 1287/1478/1422 1286/1477/1421 2197/2435/2378
f 1287/1478/1422 2197/2435/2378 1294/1485/1429
f 766/955/880 2181/2416/2358 2197/2435/2378
f 766/955/880 2197/2435/2378 1286/1477/1421
f 2192/2436/2379 2198/2437/2380 2199/2438/2381
f 2192/2436/2379 2199/2438/2381 2193/2439/2373
f 2198/2437/2380 2182/2417/2359 2185/2420/2362
f 2198/2437/2380 2185/2420/2362 2199/2438/2381
f 2199/2438/2381 2185/2420/2362 2036/2266/2201
f 2199/2438/2381 2036/2266/2201 2081/2311/2248
f 2193/2439/2373 2199/2438/2381 2081/2311/2248
f 2193/2439/2373 2081/2311/2248 2080/2310/2247
f 2186/2421/2363 2200/2440/2382 2201/2441/2383
f 2186/2421/2363 2201/2441/2383 2187/2422/2364
f 2200/2440/2382 478/662/583 477/661/582
f 2200/2440/2382 477/661/582 2201/2441/2383
f 2201/2441/2383 477/661/582 476/660/581
f 2201/2441/2383 476/660/581 486/670/591
f 2187/2422/2366 2201/2441/2383 486/670/591
f 2187/2422/2366 486/670/591 485/669/590
f 1526/1729/1670 2202/2442/2384 2203/2443/2385
f 1526/1729/1670 2203/2443/2385 1527/1730/1671
f 2174/2409/2349 2177/2412/2352 2203/2443/2385
f 2174/2409/2349 2203/2443/2385 2202/2442/2384
f 899/1088/1013 1244/1435/1379 2203/2443/2386
f 899/1088/1013 2203/2443/2386 2177/2412/2353
f 1243/1434/1378 1250/1441/1385 2203/2443/2386
f 1243/1434/1378 2203/2443/2386 1244/1435/1379
f 1249/1440/1384 1527/1730/1672 2203/2443/2386
f 1249/1440/1384 2203/2443/2386 1250/1441/1385
f 2001/2229/2163 2204/2444/2387 2205/2445/2388
f 2001/2229/2163 2205/2445/2388 1997/2225/2164
f 2206/2446/2389 2207/2447/2389 2205/2445/2388
f 2206/2446/2389 2205/2445/2388 2204/2444/2387
f 1994/2222/2154 1997/2225/2156 2205/2445/2390
f 1994/2222/2154 2205/2445/2390 2207/2447/2390
f 1695/1898/1840 2208/2448/2391 2209/2449/2392
f 1695/1898/1840 2209/2449/2392 1696/1899/1841
f 2208/2448/2391 2210/2450/2393 2211/2451/2394
f 2208/2448/2391 2211/2451/2394 2209/2449/2392
f 2209/2449/2395 2211/2451/2396 342/526/443
f 2209/2449/2395 342/526/443 1691/1894/1836
f 1696/1899/1841 2209/2449/2395 1691/1894/1836
f 1696/1899/1841 1691/1894/1836 1690/1893/1835
f 2212/2452/2397 2213/2453/2398 2214/2454/2399
f 2212/2452/2397 2214/2454/2399 2215/2455/2400
f 1172/1363/1299 1171/1362/1298 2214/2454/2399
f 1172/1363/1299 2214/2454/2399 2213/2453/2398
f 1170/1361/1297 2215/2455/2400 2214/2454/2401
f 1170/1361/1297 2214/2454/2401 1171/1362/1298
f 2216/2456/2402 2217/2457/2403 2218/2458/2404
f 2216/2456/2402 2218/2458/2404 2219/2459/2405
f 2217/2457/2403 739/928/849 738/927/848
f 2217/2457/2403 738/927/848 2218/2458/2404
f 2218/2458/2404 738/927/848 731/920/841
f 2218/2458/2404 731/920/841 730/919/840
f 2219/2459/2405 2218/2458/2404 730/919/840
f 2219/2459/2405 730/919/840 729/918/839
f 346/530/449 2220/2460/2406 2221/2461/2407
f 346/530/449 2221/2461/2407 347/531/450
f 2222/2462/2408 2223/2463/2409 2221/2461/2407
f 2222/2462/2408 2221/2461/2407 2220/2460/2406
f 348/532/451 347/531/452 2221/2461/2407
f 348/532/451 2221/2461/2407 2223/2463/2409
f 2224/2464/2410 2225/2465/2411 2226/2466/2412
f 2224/2464/2410 2226/2466/2412 2227/2467/2413
f 2212/2452/2397 2215/2455/2400 2226/2466/2412
f 2212/2452/2397 2226/2466/2412 2225/2465/2411
f 1170/1361/1297 1552/1755/1697 2226/2466/2412
f 1170/1361/1297 2226/2466/2412 2215/2455/2400
f 1551/1754/1696 1554/1757/1699 2226/2466/2412
f 1551/1754/1696 2226/2466/2412 1552/1755/1697
f 357/541/461 2227/2467/2413 2226/2466/2412
f 357/541/461 2226/2466/2412 1554/1757/1699
f 1938/2156/2089 2228/2468/2414 2229/2469/2415
f 1938/2156/2089 2229/2469/2415 1939/2157/2090
f 2230/2470/2416 2231/2471/2417 2229/2469/2418
f 2230/2470/2416 2229/2469/2418 2228/2468/2414
f 496/680/601 1939/2157/2091 2229/2469/2419
f 496/680/601 2229/2469/2419 2231/2471/2420
f 1365/1556/1502 2232/2472/2421 2233/2473/2422
f 1365/1556/1502 2233/2473/2422 1366/1557/1503
f 2234/2474/2423 2235/2475/2424 2233/2473/2422
f 2234/2474/2423 2233/2473/2422 2232/2472/2421
f 1082/1271/1202 1366/1557/1504 2233/2473/2425
f 1082/1271/1202 2233/2473/2425 2235/2475/2424
f 2236/2476/2426 2237/2477/2427 2238/2478/2428
f 2236/2476/2426 2238/2478/2428 2239/2479/2429
f 2237/2477/2427 2240/2480/2430 2241/2481/2431
f 2237/2477/2427 2241/2481/2431 2238/2478/2428
f 2238/2478/2428 2241/2481/2431 1077/1266/1197
f 2238/2478/2428 1077/1266/1197 1076/1265/1196
f 2239/2479/2429 2238/2478/2428 1076/1265/1196
f 2239/2479/2429 1076/1265/1196 1075/1264/1195
f 2240/2480/2430 2242/2482/2432 2243/2483/2433
f 2240/2480/2430 2243/2483/2433 2241/2481/2431
f 2242/2482/2432 2216/2456/2402 2219/2459/2405
f 2242/2482/2432 2219/2459/2405 2243/2483/2433
f 2243/2483/2433 2219/2459/2405 729/918/839
f 2243/2483/2433 729/918/839 1078/1267/1198
f 2241/2481/2431 2243/2483/2433 1078/1267/1198
f 2241/2481/2431 1078/1267/1198 1077/1266/1197
f 2222/2462/2408 2244/2484/2434 2245/2485/2435
f 2222/2462/2408 2245/2485/2435 2223/2463/2409
f 2224/2464/2410 2227/2467/2413 2245/2485/2435
f 2224/2464/2410 2245/2485/2435 2244/2484/2434
f 357/541/461 356/540/460 2245/2485/2435
f 357/541/461 2245/2485/2435 2227/2467/2413
f 355/539/459 360/544/464 2245/2485/2435
f 355/539/459 2245/2485/2435 356/540/460
f 348/532/451 2223/2463/2409 2245/2485/2435
f 348/532/451 2245/2485/2435 360/544/464
f 2230/2470/2416 2246/2486/2436 2247/2487/2437
f 2230/2470/2416 2247/2487/2437 2231/2471/2417
f 2246/2486/2436 506/690/611 505/689/613
f 2246/2486/2436 505/689/613 2247/2487/2437
f 2247/2487/2438 505/689/610 498/682/603
f 2247/2487/2438 498/682/603 497/681/602
f 2231/2471/2420 2247/2487/2438 497/681/602
f 2231/2471/2420 497/681/602 496/680/601
f 2210/2488/2393 2248/2489/2439 2249/2490/2440
f 2210/2488/2393 2249/2490/2440 2211/2491/2394
f 344/2492/445 343/2493/448 2249/2490/2440
f 344/2492/445 2249/2490/2440 2248/2489/2439
f 342/2494/443 2211/2491/2396 2249/2490/2441
f 342/2494/443 2249/2490/2441 343/2493/444
f 2234/2474/2423 2250/2495/2442 2251/2496/2443
f 2234/2474/2423 2251/2496/2443 2235/2475/2424
f 2236/2476/2426 2239/2479/2429 2251/2496/2443
f 2236/2476/2426 2251/2496/2443 2250/2495/2442
f 1075/1264/1195 1089/1278/1209 2251/2496/2443
f 1075/1264/1195 2251/2496/2443 2239/2479/2429
f 1084/1273/1204 1083/1272/1203 2251/2496/2443
f 1084/1273/1204 2251/2496/2443 1089/1278/1209
f 1082/1271/1202 2235/2475/2424 2251/2496/2443
f 1082/1271/1202 2251/2496/2443 1083/1272/1203
f 2252/2497/2444 2253/2498/2445 2254/2499/2446
f 2252/2497/2444 2254/2499/2446 2255/2500/2447
f 2253/2498/2445 2256/2501/2448 2257/2502/2449
f 2253/2498/2445 2257/2502/2449 2254/2499/2446
f 2254/2499/2446 2257/2502/2449 2258/2503/2450
f 2254/2499/2446 2258/2503/2450 2259/2504/2451
f 2255/2500/2447 2254/2499/2446 2259/2504/2451
f 2255/2500/2447 2259/2504/2451 2260/2505/2452
f 2261/2506/2453 2262/2507/2454 2263/2508/2455
f 2261/2506/2453 2263/2508/2455 2264/2509/2456
f 2262/2507/2454 2265/2510/2457 2266/2511/2458
f 2262/2507/2454 2266/2511/2458 2263/2508/2455
f 2263/2508/2455 2266/2511/2458 2267/2512/2459
f 2263/2508/2455 2267/2512/2459 2268/2513/2460
f 2264/2509/2456 2263/2508/2455 2268/2513/2460
f 2264/2509/2456 2268/2513/2460 2269/2514/2461
f 2270/2515/2462 2271/2516/2463 2272/2517/2464
f 2270/2515/2462 2272/2517/2464 2273/2518/2465
f 2271/2516/2463 2269/2519/2461 2268/2520/2460
f 2271/2516/2463 2268/2520/2460 2272/2517/2464
f 2272/2517/2464 2268/2520/2460 2267/2521/2459
f 2272/2517/2464 2267/2521/2459 2274/2522/2466
f 2273/2518/2465 2272/2517/2464 2274/2522/2466
f 2273/2518/2465 2274/2522/2466 2275/2523/2467
f 2276/2524/2468 2277/2525/2469 2278/2526/2470
f 2276/2524/2468 2278/2526/2470 2279/2527/2471
f 2277/2525/2469 2275/2523/2467 2274/2522/2466
f 2277/2525/2469 2274/2522/2466 2278/2526/2470
f 2278/2526/2470 2274/2522/2466 2267/2521/2459
f 2278/2526/2470 2267/2521/2459 2266/2528/2458
f 2279/2527/2471 2278/2526/2470 2266/2528/2458
f 2279/2527/2471 2266/2528/2458 2265/2529/2457
f 2280/2530/2472 2281/2531/2473 2282/2532/2474
f 2280/2530/2472 2282/2532/2474 2283/2533/2475
f 2281/2531/2473 2284/2534/2476 2285/2535/2477
f 2281/2531/2473 2285/2535/2477 2282/2532/2474
f 2282/2532/2474 2285/2535/2477 2286/2536/2478
f 2282/2532/2474 2286/2536/2478 2287/2537/2479
f 2283/2533/2475 2282/2532/2474 2287/2537/2479
f 2283/2533/2475 2287/2537/2479 2288/2538/2480
f 2289/2539/2481 2290/2540/2482 2291/2541/2483
f 2289/2539/2481 2291/2541/2483 2292/2542/2484
f 2293/2543/2485 2294/2544/2486 2291/2541/2483
f 2293/2543/2485 2291/2541/2483 2290/2540/2482
f 2295/2545/2487 2296/2546/2488 2291/2541/2483
f 2295/2545/2487 2291/2541/2483 2294/2544/2486
f 2286/2536/2478 2285/2535/2477 2291/2541/2483
f 2286/2536/2478 2291/2541/2483 2296/2546/2488
f 2284/2534/2476 2292/2542/2484 2291/2541/2483
f 2284/2534/2476 2291/2541/2483 2285/2535/2477
f 2297/2547/2489 2298/2548/2490 2299/2549/2491
f 2297/2547/2489 2299/2549/2491 2300/2550/2492
f 2301/2551/2493 2302/2552/2494 2299/2549/2495
f 2301/2551/2493 2299/2549/2495 2298/2548/2496
f 2303/2553/2497 2300/2550/2498 2299/2549/2495
f 2303/2553/2497 2299/2549/2495 2302/2552/2494
f 2304/2554/2499 2305/2555/2500 2306/2556/2501
f 2304/2554/2499 2306/2556/2501 2307/2557/2502
f 2308/2558/2503 2309/2559/2504 2306/2556/2501
f 2308/2558/2503 2306/2556/2501 2305/2555/2500
f 2310/2560/2505 2311/2561/2506 2306/2556/2501
f 2310/2560/2505 2306/2556/2501 2309/2559/2504
f 2312/2562/2507 2313/2563/2508 2306/2556/2501
f 2312/2562/2507 2306/2556/2501 2311/2561/2506
f 2314/2564/2509 2307/2557/2502 2306/2556/2501
f 2314/2564/2509 2306/2556/2501 2313/2563/2508
f 2315/2565/2510 2316/2566/2511 2317/2567/2512
f 2315/2565/2510 2317/2567/2512 2318/2568/2513
f 2316/2566/2511 2314/2564/2509 2313/2563/2508
f 2316/2566/2511 2313/2563/2508 2317/2567/2512
f 2317/2567/2512 2313/2563/2508 2312/2562/2507
f 2317/2567/2512 2312/2562/2507 2319/2569/2514
f 2318/2568/2513 2317/2567/2512 2319/2569/2514
f 2318/2568/2513 2319/2569/2514 2320/2570/2515
f 2321/2571/2516 2322/2572/2517 2323/2573/2518
f 2321/2571/2516 2323/2573/2518 2324/2574/2519
f 2325/2575/2520 2326/2576/2521 2323/2573/2518
f 2325/2575/2520 2323/2573/2518 2322/2572/2517
f 2327/2577/2522 2328/2578/2523 2323/2573/2524
f 2327/2577/2522 2323/2573/2524 2326/2576/2525
f 2329/2579/2526 2330/2580/2527 2323/2573/2524
f 2329/2579/2526 2323/2573/2524 2328/2578/2523
f 2331/2581/2528 2324/2574/2519 2323/2573/2518
f 2331/2581/2528 2323/2573/2518 2330/2580/2529
f 2332/2582/2530 2333/2583/2531 2334/2584/2532
f 2332/2582/2530 2334/2584/2532 2335/2585/2533
f 2333/2583/2531 2336/2586/2534 2337/2587/2535
f 2333/2583/2531 2337/2587/2535 2334/2584/2532
f 2334/2584/2532 2337/2587/2535 2338/2588/2536
f 2334/2584/2532 2338/2588/2536 2339/2589/2537
f 2335/2585/2533 2334/2584/2532 2339/2589/2537
f 2335/2585/2533 2339/2589/2537 2340/2590/2538
f 2321/2571/2516 2341/2591/2539 2342/2592/2540
f 2321/2571/2516 2342/2592/2540 2322/2572/2517
f 2341/2591/2539 2340/2593/2538 2339/2594/2537
f 2341/2591/2539 2339/2594/2537 2342/2592/2540
f 2342/2592/2540 2339/2594/2537 2338/2595/2536
f 2342/2592/2540 2338/2595/2536 2343/2596/2541
f 2322/2572/2517 2342/2592/2540 2343/2596/2541
f 2322/2572/2517 2343/2596/2541 2325/2575/2520
f 2344/2597/2542 2345/2598/2543 2346/2599/2544
f 2344/2597/2542 2346/2599/2544 2347/2600/2545
f 2345/2598/2543 2348/2601/2546 2349/2602/2547
f 2345/2598/2543 2349/2602/2547 2346/2599/2544
f 2346/2599/2544 2349/2602/2547 2350/2603/2548
f 2346/2599/2544 2350/2603/2548 2351/2604/2549
f 2347/2600/2545 2346/2599/2544 2351/2604/2549
f 2347/2600/2545 2351/2604/2549 2352/2605/2550
f 2353/2606/2551 2354/2607/2552 2355/2608/2553
f 2353/2606/2551 2355/2608/2553 2356/2609/2554
f 2354/2607/2552 2352/2605/2550 2351/2604/2549
f 2354/2607/2552 2351/2604/2549 2355/2608/2553
f 2355/2608/2553 2351/2604/2549 2350/2603/2548
f 2355/2608/2553 2350/2603/2548 2357/2610/2555
f 2356/2609/2554 2355/2608/2553 2357/2610/2555
f 2356/2609/2554 2357/2610/2555 2358/2611/2556
f 2359/2612/2557 2360/2613/2558 2361/2614/2559
f 2359/2612/2557 2361/2614/2559 2362/2615/2560
f 2360/2613/2558 2358/2611/2556 2357/2610/2555
f 2360/2613/2558 2357/2610/2555 2361/2614/2559
f 2361/2614/2559 2357/2610/2555 2350/2603/2548
f 2361/2614/2559 2350/2603/2548 2349/2602/2547
f 2362/2615/2560 2361/2614/2559 2349/2602/2547
f 2362/2615/2560 2349/2602/2547 2348/2601/2546
f 2363/2616/2561 2364/2617/2562 2365/2618/2563
f 2363/2616/2561 2365/2618/2563 2366/2619/2564
f 2367/2620/2565 2368/2621/2566 2365/2618/2563
f 2367/2620/2565 2365/2618/2563 2364/2617/2562
f 2369/2622/2567 2370/2623/2568 2365/2618/2563
f 2369/2622/2567 2365/2618/2563 2368/2621/2566
f 2371/2624/2569 2372/2625/2570 2365/2618/2563
f 2371/2624/2569 2365/2618/2563 2370/2623/2568
f 2373/2626/2571 2366/2619/2564 2365/2618/2563
f 2373/2626/2571 2365/2618/2563 2372/2625/2570
f 2374/2627/2572 2375/2628/2573 2376/2629/2574
f 2374/2627/2572 2376/2629/2574 2377/2630/2575
f 2378/2631/2576 2379/2632/2577 2376/2629/2574
f 2378/2631/2576 2376/2629/2574 2375/2628/2573
f 2371/2624/2569 2370/2623/2568 2376/2629/2574
f 2371/2624/2569 2376/2629/2574 2379/2632/2577
f 2369/2622/2567 2380/2633/2578 2376/2629/2574
f 2369/2622/2567 2376/2629/2574 2370/2623/2568
f 2381/2634/2579 2377/2630/2575 2376/2629/2574
f 2381/2634/2579 2376/2629/2574 2380/2633/2578
f 2382/2635/2580 2383/2636/2581 2384/2637/2582
f 2382/2635/2580 2384/2637/2582 2385/2638/2583
f 2383/2636/2581 2381/2634/2579 2380/2633/2578
f 2383/2636/2581 2380/2633/2578 2384/2637/2582
f 2384/2637/2582 2380/2633/2578 2369/2622/2567
f 2384/2637/2582 2369/2622/2567 2368/2621/2566
f 2385/2638/2583 2384/2637/2582 2368/2621/2566
f 2385/2638/2583 2368/2621/2566 2367/2620/2565
f 2386/2639/2584 2387/2640/2585 2388/2641/2586
f 2386/2639/2584 2388/2641/2586 2389/2642/2587
f 2387/2640/2585 2390/2643/2588 2391/2644/2589
f 2387/2640/2585 2391/2644/2589 2388/2641/2586
f 2388/2641/2586 2391/2644/2589 2392/2645/2590
f 2388/2641/2586 2392/2645/2590 2393/2646/2591
f 2389/2642/2587 2388/2641/2586 2393/2646/2591
f 2389/2642/2587 2393/2646/2591 2394/2647/2592
f 2395/2648/2593 2396/2649/2594 2397/2650/2595
f 2395/2648/2593 2397/2650/2595 2398/2651/2596
f 2396/2649/2594 2394/2647/2592 2393/2646/2591
f 2396/2649/2594 2393/2646/2591 2397/2650/2595
f 2397/2650/2595 2393/2646/2591 2392/2645/2590
f 2397/2650/2595 2392/2645/2590 2399/2652/2597
f 2398/2651/2596 2397/2650/2595 2399/2652/2597
f 2398/2651/2596 2399/2652/2597 2400/2653/2598
f 2401/2654/2599 2402/2655/2600 2403/2656/2601
f 2401/2654/2599 2403/2656/2601 2404/2657/2602
f 2402/2655/2600 2400/2653/2598 2399/2652/2597
f 2402/2655/2600 2399/2652/2597 2403/2656/2601
f 2403/2656/2601 2399/2652/2597 2392/2645/2590
f 2403/2656/2601 2392/2645/2590 2391/2644/2589
f 2404/2657/2602 2403/2656/2601 2391/2644/2589
f 2404/2657/2602 2391/2644/2589 2390/2643/2588
f 2405/2658/2603 2406/2659/2604 2407/2660/2605
f 2405/2658/2603 2407/2660/2605 2408/2661/2606
f 2406/2659/2604 2409/2662/2607 2410/2663/2608
f 2406/2659/2604 2410/2663/2608 2407/2660/2605
f 2407/2660/2605 2410/2663/2608 2411/2664/2609
f 2407/2660/2605 2411/2664/2609 2412/2665/2610
f 2408/2661/2606 2407/2660/2605 2412/2665/2610
f 2408/2661/2606 2412/2665/2610 2413/2666/2611
f 2414/2667/2612 2415/2668/2613 2416/2669/2614
f 2414/2667/2612 2416/2669/2614 2417/2670/2615
f 2415/2668/2613 2413/2666/2611 2412/2665/2610
f 2415/2668/2613 2412/2665/2610 2416/2669/2614
f 2416/2669/2614 2412/2665/2610 2411/2664/2609
f 2416/2669/2614 2411/2664/2609 2418/2671/2616
f 2417/2670/2615 2416/2669/2614 2418/2671/2616
f 2417/2670/2615 2418/2671/2616 2419/2672/2617
f 2386/2639/2584 2420/2673/2618 2421/2674/2619
f 2386/2639/2584 2421/2674/2619 2422/2675/2620
f 2420/2673/2618 2423/2676/2621 2424/2677/2622
f 2420/2673/2618 2424/2677/2622 2421/2674/2619
f 2421/2674/2619 2424/2677/2622 2425/2678/2623
f 2421/2674/2619 2425/2678/2623 2426/2679/2624
f 2422/2675/2620 2421/2674/2619 2426/2679/2624
f 2422/2675/2620 2426/2679/2624 2427/2680/2625
f 2428/2681/2626 2429/2682/2627 2430/2683/2628
f 2428/2681/2626 2430/2683/2628 2431/2684/2629
f 2429/2682/2627 2432/2685/2630 2433/2686/2631
f 2429/2682/2627 2433/2686/2631 2430/2683/2628
f 2430/2683/2628 2433/2686/2631 2434/2687/2632
f 2430/2683/2628 2434/2687/2632 2435/2688/2633
f 2431/2684/2629 2430/2683/2628 2435/2688/2633
f 2431/2684/2629 2435/2688/2633 2436/2689/2634
f 2437/2690/2635 2438/2691/2636 2439/2692/2637
f 2437/2690/2635 2439/2692/2637 2440/2693/2638
f 2438/2691/2636 2441/2694/2639 2442/2695/2640
f 2438/2691/2636 2442/2695/2640 2439/2692/2637
f 2439/2692/2637 2442/2695/2640 2443/2696/2641
f 2439/2692/2637 2443/2696/2641 2444/2697/2642
f 2440/2693/2638 2439/2692/2637 2444/2697/2642
f 2440/2693/2638 2444/2697/2642 2445/2698/2643
f 2446/2699/2644 2447/2700/2645 2448/2701/2646
f 2446/2699/2644 2448/2701/2646 2449/2702/2647
f 2445/2698/2643 2444/2697/2642 2448/2701/2646
f 2445/2698/2643 2448/2701/2646 2447/2700/2645
f 2443/2696/2641 2450/2703/2648 2448/2701/2646
f 2443/2696/2641 2448/2701/2646 2444/2697/2642
f 2451/2704/2649 2452/2705/2650 2448/2701/2646
f 2451/2704/2649 2448/2701/2646 2450/2703/2648
f 2453/2706/2651 2449/2702/2647 2448/2701/2646
f 2453/2706/2651 2448/2701/2646 2452/2705/2650
f 2261/2707/2453 2454/2708/2652 2455/2709/2653
f 2261/2707/2453 2455/2709/2653 2456/2710/2654
f 2457/2711/2655 2458/2712/2656 2455/2709/2653
f 2457/2711/2655 2455/2709/2653 2454/2708/2652
f 2459/2713/2657 2460/2714/2658 2455/2709/2653
f 2459/2713/2657 2455/2709/2653 2458/2712/2656
f 2461/2715/2659 2462/2716/2660 2455/2709/2653
f 2461/2715/2659 2455/2709/2653 2460/2714/2658
f 2463/2717/2661 2456/2710/2654 2455/2709/2653
f 2463/2717/2661 2455/2709/2653 2462/2716/2660
f 2464/2718/2662 2465/2719/2663 2466/2720/2664
f 2464/2718/2662 2466/2720/2664 2467/2721/2665
f 2465/2719/2663 2463/2717/2661 2462/2716/2660
f 2465/2719/2663 2462/2716/2660 2466/2720/2664
f 2466/2720/2664 2462/2716/2660 2461/2715/2659
f 2466/2720/2664 2461/2715/2659 2468/2722/2666
f 2467/2721/2665 2466/2720/2664 2468/2722/2666
f 2467/2721/2665 2468/2722/2666 2469/2723/2667
f 2464/2718/2662 2467/2721/2665 2470/2724/2668
f 2464/2718/2662 2470/2724/2668 2471/2725/2669
f 2467/2721/2665 2469/2723/2667 2472/2726/2670
f 2467/2721/2665 2472/2726/2670 2470/2724/2668
f 2470/2724/2668 2472/2726/2670 2473/2727/2671
f 2470/2724/2668 2473/2727/2671 2474/2728/2672
f 2471/2725/2669 2470/2724/2668 2474/2728/2672
f 2471/2725/2669 2474/2728/2672 2475/2729/2673
f 2297/2547/2489 2476/2730/2674 2477/2731/2675
f 2297/2547/2489 2477/2731/2675 2478/2732/2676
f 2476/2730/2674 2479/2733/2677 2480/2734/2678
f 2476/2730/2674 2480/2734/2678 2477/2731/2675
f 2477/2731/2675 2480/2734/2678 2481/2735/2679
f 2477/2731/2675 2481/2735/2679 2482/2736/2680
f 2478/2732/2676 2477/2731/2675 2482/2736/2680
f 2478/2732/2676 2482/2736/2680 2483/2737/2681
f 2484/2738/2682 2485/2739/2683 2486/2740/2684
f 2484/2738/2682 2486/2740/2684 2487/2741/2685
f 2488/2742/2686 2489/2743/2687 2486/2740/2684
f 2488/2742/2686 2486/2740/2684 2485/2739/2683
f 2490/2744/2688 2491/2745/2689 2486/2740/2684
f 2490/2744/2688 2486/2740/2684 2489/2743/2690
f 2481/2735/2679 2480/2734/2678 2486/2740/2684
f 2481/2735/2679 2486/2740/2684 2491/2745/2689
f 2479/2733/2677 2487/2741/2685 2486/2740/2684
f 2479/2733/2677 2486/2740/2684 2480/2734/2678
f 2492/2746/2691 2493/2747/2692 2494/2748/2693
f 2492/2746/2691 2494/2748/2693 2495/2749/2694
f 2493/2747/2692 2496/2750/2695 2497/2751/2696
f 2493/2747/2692 2497/2751/2696 2494/2748/2693
f 2494/2748/2693 2497/2751/2696 2498/2752/2697
f 2494/2748/2693 2498/2752/2697 2499/2753/2698
f 2495/2749/2694 2494/2748/2693 2499/2753/2698
f 2495/2749/2694 2499/2753/2698 2500/2754/2699
f 2297/2547/2489 2501/2755/2700 2502/2756/2701
f 2297/2547/2489 2502/2756/2701 2476/2730/2674
f 2501/2755/2700 2500/2754/2699 2499/2753/2698
f 2501/2755/2700 2499/2753/2698 2502/2756/2701
f 2502/2756/2701 2499/2753/2698 2498/2752/2697
f 2502/2756/2701 2498/2752/2697 2503/2757/2702
f 2476/2730/2674 2502/2756/2701 2503/2757/2702
f 2476/2730/2674 2503/2757/2702 2479/2733/2677
f 2484/2738/2682 2487/2741/2685 2504/2758/2703
f 2484/2738/2682 2504/2758/2703 2505/2759/2704
f 2487/2741/2685 2479/2733/2677 2503/2757/2702
f 2487/2741/2685 2503/2757/2702 2504/2758/2703
f 2504/2758/2703 2503/2757/2702 2498/2752/2697
f 2504/2758/2703 2498/2752/2697 2497/2751/2696
f 2505/2759/2704 2504/2758/2703 2497/2751/2696
f 2505/2759/2704 2497/2751/2696 2496/2750/2695
f 2506/2760/2705 2507/2761/2706 2508/2762/2707
f 2506/2760/2705 2508/2762/2707 2509/2763/2708
f 2510/2764/2709 2511/2765/2710 2508/2762/2707
f 2510/2764/2709 2508/2762/2707 2507/2761/2706
f 2512/2766/2711 2509/2763/2708 2508/2762/2707
f 2512/2766/2711 2508/2762/2707 2511/2765/2710
f 2276/2767/2712 2513/2768/2713 2514/2769/2714
f 2276/2767/2712 2514/2769/2714 2515/2770/2715
f 2513/2768/2713 2516/2771/2716 2517/2772/2717
f 2513/2768/2713 2517/2772/2717 2514/2769/2714
f 2514/2769/2718 2517/2772/2719 2518/2773/2720
f 2514/2769/2718 2518/2773/2720 2519/2774/2721
f 2515/2770/2722 2514/2769/2718 2519/2774/2721
f 2515/2770/2722 2519/2774/2721 2520/2775/2723
f 2437/2690/2635 2521/2776/2724 2522/2777/2725
f 2437/2690/2635 2522/2777/2725 2438/2691/2636
f 2521/2776/2724 2520/2778/2723 2519/2779/2721
f 2521/2776/2724 2519/2779/2721 2522/2777/2725
f 2522/2777/2725 2519/2779/2721 2518/2780/2720
f 2522/2777/2725 2518/2780/2720 2523/2781/2726
f 2438/2691/2636 2522/2777/2725 2523/2781/2726
f 2438/2691/2636 2523/2781/2726 2441/2694/2639
f 2446/2782/2644 2524/2783/2727 2525/2784/2728
f 2446/2782/2644 2525/2784/2728 2526/2785/2729
f 2524/2783/2727 2527/2786/2730 2528/2787/2731
f 2524/2783/2727 2528/2787/2731 2525/2784/2728
f 2525/2784/2728 2528/2787/2731 2529/2788/2732
f 2525/2784/2728 2529/2788/2732 2530/2789/2733
f 2526/2785/2729 2525/2784/2728 2530/2789/2733
f 2526/2785/2729 2530/2789/2733 2531/2790/2734
f 2428/2681/2626 2532/2791/2735 2533/2792/2736
f 2428/2681/2626 2533/2792/2736 2534/2793/2737
f 2532/2791/2735 2531/2790/2734 2530/2789/2733
f 2532/2791/2735 2530/2789/2733 2533/2792/2736
f 2533/2792/2736 2530/2789/2733 2529/2788/2732
f 2533/2792/2736 2529/2788/2732 2535/2794/2738
f 2534/2793/2737 2533/2792/2736 2535/2794/2738
f 2534/2793/2737 2535/2794/2738 2536/2795/2739
f 2537/2796/2740 2538/2797/2741 2539/2798/2742
f 2537/2796/2740 2539/2798/2742 2540/2799/2743
f 2538/2797/2741 2541/2800/2744 2542/2801/2745
f 2538/2797/2741 2542/2801/2745 2539/2798/2742
f 2539/2798/2742 2542/2801/2745 2543/2802/2746
f 2539/2798/2742 2543/2802/2746 2544/2803/2747
f 2540/2799/2743 2539/2798/2742 2544/2803/2747
f 2540/2799/2743 2544/2803/2747 2545/2804/2748
f 2506/2805/2705 2546/2806/2749 2547/2807/2750
f 2506/2805/2705 2547/2807/2750 2507/2808/2706
f 2545/2804/2748 2544/2803/2747 2547/2807/2750
f 2545/2804/2748 2547/2807/2750 2546/2806/2749
f 2543/2802/2746 2548/2809/2751 2547/2807/2750
f 2543/2802/2746 2547/2807/2750 2544/2803/2747
f 2549/2810/2752 2550/2811/2753 2547/2807/2750
f 2549/2810/2752 2547/2807/2750 2548/2809/2751
f 2510/2812/2709 2507/2808/2706 2547/2807/2750
f 2510/2812/2709 2547/2807/2750 2550/2811/2753
f 2551/2813/2754 2552/2814/2755 2553/2815/2756
f 2551/2813/2754 2553/2815/2756 2554/2816/2757
f 2552/2814/2755 2555/2817/2758 2556/2818/2759
f 2552/2814/2755 2556/2818/2759 2553/2815/2756
f 2553/2815/2756 2556/2818/2759 2557/2819/2760
f 2553/2815/2756 2557/2819/2760 2558/2820/2761
f 2554/2816/2757 2553/2815/2756 2558/2820/2761
f 2554/2816/2757 2558/2820/2761 2559/2821/2762
f 2560/2822/2763 2561/2823/2764 2562/2824/2765
f 2560/2822/2763 2562/2824/2765 2563/2825/2766
f 2559/2821/2762 2558/2820/2761 2562/2824/2765
f 2559/2821/2762 2562/2824/2765 2561/2823/2764
f 2557/2819/2760 2564/2826/2767 2562/2824/2765
f 2557/2819/2760 2562/2824/2765 2558/2820/2761
f 2565/2827/2768 2566/2828/2769 2562/2824/2765
f 2565/2827/2768 2562/2824/2765 2564/2826/2767
f 2567/2829/2770 2563/2825/2766 2562/2824/2765
f 2567/2829/2770 2562/2824/2765 2566/2828/2769
f 2276/2830/2771 2515/2831/2722 2568/2832/2772
f 2276/2830/2771 2568/2832/2772 2277/2833/2469
f 2515/2831/2722 2520/2834/2723 2569/2835/2773
f 2515/2831/2722 2569/2835/2773 2568/2832/2772
f 2568/2832/2772 2569/2835/2773 2570/2836/2774
f 2568/2832/2772 2570/2836/2774 2571/2837/2775
f 2277/2833/2469 2568/2832/2772 2571/2837/2775
f 2277/2833/2469 2571/2837/2775 2275/2838/2467
f 2270/2515/2462 2273/2518/2465 2572/2839/2776
f 2270/2515/2462 2572/2839/2776 2573/2840/2777
f 2273/2518/2465 2275/2523/2467 2571/2841/2775
f 2273/2518/2465 2571/2841/2775 2572/2839/2776
f 2572/2839/2776 2571/2841/2775 2570/2842/2774
f 2572/2839/2776 2570/2842/2774 2574/2843/2778
f 2573/2840/2777 2572/2839/2776 2574/2843/2778
f 2573/2840/2777 2574/2843/2778 2575/2844/2779
f 2437/2690/2635 2576/2845/2780 2577/2846/2781
f 2437/2690/2635 2577/2846/2781 2521/2776/2724
f 2576/2845/2780 2575/2844/2779 2574/2843/2778
f 2576/2845/2780 2574/2843/2778 2577/2846/2781
f 2577/2846/2781 2574/2843/2778 2570/2842/2774
f 2577/2846/2781 2570/2842/2774 2569/2847/2773
f 2521/2776/2724 2577/2846/2781 2569/2847/2773
f 2521/2776/2724 2569/2847/2773 2520/2778/2723
f 2537/2796/2740 2540/2799/2743 2578/2848/2782
f 2537/2796/2740 2578/2848/2782 2579/2849/2783
f 2540/2799/2743 2545/2804/2748 2580/2850/2784
f 2540/2799/2743 2580/2850/2784 2578/2848/2782
f 2578/2848/2782 2580/2850/2784 2581/2851/2785
f 2578/2848/2782 2581/2851/2785 2582/2852/2786
f 2579/2849/2783 2578/2848/2782 2582/2852/2786
f 2579/2849/2783 2582/2852/2786 2583/2853/2787
f 2584/2854/2788 2585/2855/2789 2586/2856/2790
f 2584/2854/2788 2586/2856/2790 2587/2857/2791
f 2585/2855/2789 2583/2853/2787 2582/2852/2786
f 2585/2855/2789 2582/2852/2786 2586/2856/2790
f 2586/2856/2790 2582/2852/2786 2581/2851/2785
f 2586/2856/2790 2581/2851/2785 2588/2858/2792
f 2587/2857/2791 2586/2856/2790 2588/2858/2792
f 2587/2857/2791 2588/2858/2792 2589/2859/2793
f 2506/2805/2705 2590/2860/2794 2591/2861/2795
f 2506/2805/2705 2591/2861/2795 2546/2806/2749
f 2590/2860/2794 2589/2859/2793 2588/2858/2792
f 2590/2860/2794 2588/2858/2792 2591/2861/2795
f 2591/2861/2795 2588/2858/2792 2581/2851/2785
f 2591/2861/2795 2581/2851/2785 2580/2850/2784
f 2546/2806/2749 2591/2861/2795 2580/2850/2784
f 2546/2806/2749 2580/2850/2784 2545/2804/2748
f 2592/2862/2796 2593/2863/2797 2594/2864/2798
f 2592/2862/2796 2594/2864/2798 2595/2865/2799
f 2593/2863/2797 2596/2866/2800 2597/2867/2801
f 2593/2863/2797 2597/2867/2801 2594/2864/2798
f 2594/2864/2798 2597/2867/2801 2598/2868/2802
f 2594/2864/2798 2598/2868/2802 2599/2869/2803
f 2595/2865/2799 2594/2864/2798 2599/2869/2803
f 2595/2865/2799 2599/2869/2803 2600/2870/2804
f 2405/2658/2603 2601/2871/2805 2602/2872/2806
f 2405/2658/2603 2602/2872/2806 2406/2659/2604
f 2601/2871/2805 2600/2870/2804 2599/2869/2803
f 2601/2871/2805 2599/2869/2803 2602/2872/2806
f 2602/2872/2806 2599/2869/2803 2598/2868/2802
f 2602/2872/2806 2598/2868/2802 2603/2873/2807
f 2406/2659/2604 2602/2872/2806 2603/2873/2807
f 2406/2659/2604 2603/2873/2807 2409/2662/2607
f 2363/2616/2561 2604/2874/2808 2605/2875/2809
f 2363/2616/2561 2605/2875/2809 2606/2876/2810
f 2607/2877/2811 2608/2878/2812 2605/2875/2813
f 2607/2877/2811 2605/2875/2813 2604/2874/2814
f 2609/2879/2815 2606/2876/2810 2605/2875/2813
f 2609/2879/2815 2605/2875/2813 2608/2878/2812
f 2261/2707/2453 2610/2880/2816 2611/2881/2817
f 2261/2707/2453 2611/2881/2817 2454/2708/2652
f 2612/2882/2818 2613/2883/2819 2611/2881/2817
f 2612/2882/2818 2611/2881/2817 2610/2880/2816
f 2457/2711/2655 2454/2708/2652 2611/2881/2817
f 2457/2711/2655 2611/2881/2817 2613/2883/2819
f 2614/2884/2820 2615/2885/2821 2616/2886/2822
f 2614/2884/2820 2616/2886/2822 2617/2887/2823
f 2615/2885/2821 2618/2888/2824 2619/2889/2825
f 2615/2885/2821 2619/2889/2825 2616/2886/2822
f 2616/2886/2822 2619/2889/2825 2620/2890/2826
f 2616/2886/2822 2620/2890/2826 2621/2891/2827
f 2617/2887/2823 2616/2886/2822 2621/2891/2827
f 2617/2887/2823 2621/2891/2827 2622/2892/2828
f 2623/2893/2829 2624/2894/2830 2625/2895/2831
f 2623/2893/2829 2625/2895/2831 2626/2896/2832
f 2624/2894/2830 2622/2892/2828 2621/2891/2827
f 2624/2894/2830 2621/2891/2827 2625/2895/2831
f 2625/2895/2831 2621/2891/2827 2620/2890/2826
f 2625/2895/2831 2620/2890/2826 2627/2897/2833
f 2626/2896/2832 2625/2895/2831 2627/2897/2833
f 2626/2896/2832 2627/2897/2833 2628/2898/2834
f 2382/2635/2580 2629/2899/2835 2630/2900/2836
f 2382/2635/2580 2630/2900/2836 2631/2901/2837
f 2629/2899/2835 2628/2898/2834 2627/2897/2833
f 2629/2899/2835 2627/2897/2833 2630/2900/2836
f 2630/2900/2836 2627/2897/2833 2620/2890/2826
f 2630/2900/2836 2620/2890/2826 2619/2889/2825
f 2631/2901/2837 2630/2900/2836 2619/2889/2825
f 2631/2901/2837 2619/2889/2825 2618/2888/2824
f 2551/2813/2754 2632/2902/2838 2633/2903/2839
f 2551/2813/2754 2633/2903/2839 2634/2904/2840
f 2632/2902/2838 2635/2905/2841 2636/2906/2842
f 2632/2902/2838 2636/2906/2842 2633/2903/2839
f 2633/2903/2839 2636/2906/2842 2637/2907/2843
f 2633/2903/2839 2637/2907/2843 2638/2908/2844
f 2634/2904/2840 2633/2903/2839 2638/2908/2844
f 2634/2904/2840 2638/2908/2844 2639/2909/2845
f 2640/2910/2846 2641/2911/2847 2642/2912/2848
f 2640/2910/2846 2642/2912/2848 2643/2913/2849
f 2641/2911/2847 2639/2909/2845 2638/2908/2844
f 2641/2911/2847 2638/2908/2844 2642/2912/2848
f 2642/2912/2848 2638/2908/2844 2637/2907/2843
f 2642/2912/2848 2637/2907/2843 2644/2914/2850
f 2643/2913/2849 2642/2912/2848 2644/2914/2850
f 2643/2913/2849 2644/2914/2850 2645/2915/2851
f 2646/2916/2852 2647/2917/2853 2648/2918/2854
f 2646/2916/2852 2648/2918/2854 2649/2919/2855
f 2647/2917/2853 2645/2915/2851 2644/2914/2850
f 2647/2917/2853 2644/2914/2850 2648/2918/2854
f 2648/2918/2854 2644/2914/2850 2637/2907/2843
f 2648/2918/2854 2637/2907/2843 2636/2906/2842
f 2649/2919/2855 2648/2918/2854 2636/2906/2842
f 2649/2919/2855 2636/2906/2842 2635/2905/2841
f 2646/2916/2852 2650/2920/2856 2651/2921/2857
f 2646/2916/2852 2651/2921/2857 2652/2922/2858
f 2650/2920/2856 2653/2923/2859 2654/2924/2860
f 2650/2920/2856 2654/2924/2860 2651/2921/2857
f 2651/2921/2857 2654/2924/2860 2655/2925/2861
f 2651/2921/2857 2655/2925/2861 2656/2926/2862
f 2652/2922/2858 2651/2921/2857 2656/2926/2862
f 2652/2922/2858 2656/2926/2862 2657/2927/2863
f 2658/2928/2864 2659/2929/2865 2660/2930/2866
f 2658/2928/2864 2660/2930/2866 2661/2931/2867
f 2659/2929/2865 2657/2927/2863 2656/2926/2862
f 2659/2929/2865 2656/2926/2862 2660/2930/2866
f 2660/2930/2866 2656/2926/2862 2655/2925/2861
f 2660/2930/2866 2655/2925/2861 2662/2932/2868
f 2661/2931/2867 2660/2930/2866 2662/2932/2868
f 2661/2931/2867 2662/2932/2868 2663/2933/2869
f 2664/2934/2870 2665/2935/2871 2666/2936/2872
f 2664/2934/2870 2666/2936/2872 2667/2937/2873
f 2665/2935/2871 2663/2933/2869 2662/2932/2868
f 2665/2935/2871 2662/2932/2868 2666/2936/2872
f 2666/2936/2872 2662/2932/2868 2655/2925/2861
f 2666/2936/2872 2655/2925/2861 2654/2924/2860
f 2667/2937/2873 2666/2936/2872 2654/2924/2860
f 2667/2937/2873 2654/2924/2860 2653/2923/2859
f 2668/2938/2874 2669/2939/2875 2670/2940/2876
f 2668/2938/2874 2670/2940/2876 2671/2941/2877
f 2669/2939/2875 2672/2942/2878 2673/2943/2879
f 2669/2939/2875 2673/2943/2879 2670/2940/2876
f 2670/2940/2876 2673/2943/2879 2674/2944/2880
f 2670/2940/2876 2674/2944/2880 2675/2945/2881
f 2671/2941/2877 2670/2940/2876 2675/2945/2881
f 2671/2941/2877 2675/2945/2881 2676/2946/2882
f 2405/2947/2603 2677/2948/2883 2678/2949/2884
f 2405/2947/2603 2678/2949/2884 2601/2950/2805
f 2677/2948/2883 2676/2946/2882 2675/2945/2881
f 2677/2948/2883 2675/2945/2881 2678/2949/2884
f 2678/2949/2884 2675/2945/2881 2674/2944/2880
f 2678/2949/2884 2674/2944/2880 2679/2951/2885
f 2601/2950/2805 2678/2949/2884 2679/2951/2885
f 2601/2950/2805 2679/2951/2885 2600/2952/2804
f 2592/2953/2796 2595/2954/2799 2680/2955/2886
f 2592/2953/2796 2680/2955/2886 2681/2956/2887
f 2595/2954/2799 2600/2952/2804 2679/2951/2885
f 2595/2954/2799 2679/2951/2885 2680/2955/2886
f 2680/2955/2886 2679/2951/2885 2674/2944/2880
f 2680/2955/2886 2674/2944/2880 2673/2943/2879
f 2681/2956/2887 2680/2955/2886 2673/2943/2879
f 2681/2956/2887 2673/2943/2879 2672/2942/2878
f 2682/2957/2888 2683/2958/2889 2684/2959/2890
f 2682/2957/2888 2684/2959/2890 2685/2960/2891
f 2683/2958/2889 2686/2961/2892 2687/2962/2893
f 2683/2958/2889 2687/2962/2893 2684/2959/2890
f 2684/2959/2890 2687/2962/2893 2688/2963/2894
f 2684/2959/2890 2688/2963/2894 2689/2964/2895
f 2685/2960/2891 2684/2959/2890 2689/2964/2895
f 2685/2960/2891 2689/2964/2895 2690/2965/2896
f 2395/2648/2593 2691/2966/2897 2692/2967/2898
f 2395/2648/2593 2692/2967/2898 2396/2649/2594
f 2691/2966/2897 2690/2965/2896 2689/2964/2895
f 2691/2966/2897 2689/2964/2895 2692/2967/2898
f 2692/2967/2898 2689/2964/2895 2688/2963/2894
f 2692/2967/2898 2688/2963/2894 2693/2968/2899
f 2396/2649/2594 2692/2967/2898 2693/2968/2899
f 2396/2649/2594 2693/2968/2899 2394/2647/2592
f 2386/2639/2584 2389/2642/2587 2694/2969/2900
f 2386/2639/2584 2694/2969/2900 2695/2970/2901
f 2389/2642/2587 2394/2647/2592 2693/2968/2899
f 2389/2642/2587 2693/2968/2899 2694/2969/2900
f 2694/2969/2900 2693/2968/2899 2688/2963/2894
f 2694/2969/2900 2688/2963/2894 2687/2962/2893
f 2695/2970/2901 2694/2969/2900 2687/2962/2893
f 2695/2970/2901 2687/2962/2893 2686/2961/2892
f 2414/2971/2612 2696/2972/2902 2697/2973/2903
f 2414/2971/2612 2697/2973/2903 2698/2974/2904
f 2696/2972/2902 2699/2975/2905 2700/2976/2906
f 2696/2972/2902 2700/2976/2906 2697/2973/2903
f 2697/2973/2903 2700/2976/2906 2701/2977/2907
f 2697/2973/2903 2701/2977/2907 2702/2978/2908
f 2698/2974/2904 2697/2973/2903 2702/2978/2908
f 2698/2974/2904 2702/2978/2908 2703/2979/2909
f 2682/2980/2888 2704/2981/2910 2705/2982/2911
f 2682/2980/2888 2705/2982/2911 2683/2983/2889
f 2704/2981/2910 2703/2984/2909 2702/2985/2908
f 2704/2981/2910 2702/2985/2908 2705/2982/2911
f 2705/2982/2911 2702/2985/2908 2701/2986/2907
f 2705/2982/2911 2701/2986/2907 2706/2987/2912
f 2683/2983/2889 2705/2982/2911 2706/2987/2912
f 2683/2983/2889 2706/2987/2912 2686/2988/2892
f 2386/2989/2584 2695/2990/2901 2707/2991/2913
f 2386/2989/2584 2707/2991/2913 2708/2992/2914
f 2695/2990/2901 2686/2988/2892 2706/2987/2912
f 2695/2990/2901 2706/2987/2912 2707/2991/2913
f 2707/2991/2913 2706/2987/2912 2701/2986/2907
f 2707/2991/2913 2701/2986/2907 2700/2993/2906
f 2708/2992/2914 2707/2991/2913 2700/2993/2906
f 2708/2992/2914 2700/2993/2906 2699/2994/2905
f 2395/2648/2593 2709/2995/2915 2710/2996/2916
f 2395/2648/2593 2710/2996/2916 2711/2997/2917
f 2709/2995/2915 2712/2998/2918 2713/2999/2919
f 2709/2995/2915 2713/2999/2919 2710/2996/2916
f 2710/2996/2916 2713/2999/2919 2714/3000/2920
f 2710/2996/2916 2714/3000/2920 2715/3001/2921
f 2711/2997/2917 2710/2996/2916 2715/3001/2921
f 2711/2997/2917 2715/3001/2921 2716/3002/2922
f 2717/3003/2923 2718/3004/2924 2719/3005/2925
f 2717/3003/2923 2719/3005/2925 2720/3006/2926
f 2721/3007/2927 2722/3008/2928 2719/3005/2925
f 2721/3007/2927 2719/3005/2925 2718/3004/2924
f 2723/3009/2929 2724/3010/2930 2719/3005/2925
f 2723/3009/2929 2719/3005/2925 2722/3008/2928
f 2714/3000/2920 2713/2999/2919 2719/3005/2925
f 2714/3000/2920 2719/3005/2925 2724/3010/2930
f 2712/2998/2918 2720/3006/2926 2719/3005/2925
f 2712/2998/2918 2719/3005/2925 2713/2999/2919
f 2668/2938/2874 2671/2941/2877 2725/3011/2931
f 2668/2938/2874 2725/3011/2931 2726/3012/2932
f 2671/2941/2877 2676/2946/2882 2727/3013/2933
f 2671/2941/2877 2727/3013/2933 2725/3011/2931
f 2725/3011/2931 2727/3013/2933 2728/3014/2934
f 2725/3011/2931 2728/3014/2934 2729/3015/2935
f 2726/3012/2932 2725/3011/2931 2729/3015/2935
f 2726/3012/2932 2729/3015/2935 2730/3016/2936
f 2414/2971/2612 2731/3017/2937 2732/3018/2938
f 2414/2971/2612 2732/3018/2938 2415/3019/2613
f 2731/3017/2937 2730/3016/2936 2729/3015/2935
f 2731/3017/2937 2729/3015/2935 2732/3018/2938
f 2732/3018/2938 2729/3015/2935 2728/3014/2934
f 2732/3018/2938 2728/3014/2934 2733/3020/2939
f 2415/3019/2613 2732/3018/2938 2733/3020/2939
f 2415/3019/2613 2733/3020/2939 2413/3021/2611
f 2405/2947/2603 2408/3022/2606 2734/3023/2940
f 2405/2947/2603 2734/3023/2940 2677/2948/2883
f 2408/3022/2606 2413/3021/2611 2733/3020/2939
f 2408/3022/2606 2733/3020/2939 2734/3023/2940
f 2734/3023/2940 2733/3020/2939 2728/3014/2934
f 2734/3023/2940 2728/3014/2934 2727/3013/2933
f 2677/2948/2883 2734/3023/2940 2727/3013/2933
f 2677/2948/2883 2727/3013/2933 2676/2946/2882
f 2374/2627/2572 2735/3024/2941 2736/3025/2942
f 2374/2627/2572 2736/3025/2942 2737/3026/2943
f 2738/3027/2944 2739/3028/2945 2736/3025/2946
f 2738/3027/2944 2736/3025/2946 2735/3024/2947
f 2740/3029/2948 2737/3026/2949 2736/3025/2946
f 2740/3029/2948 2736/3025/2946 2739/3028/2945
f 2741/3030/2950 2742/3031/2951 2743/3032/2952
f 2741/3030/2950 2743/3032/2952 2744/3033/2953
f 2742/3031/2951 2745/3034/2954 2746/3035/2955
f 2742/3031/2951 2746/3035/2955 2743/3032/2952
f 2743/3032/2952 2746/3035/2955 2747/3036/2956
f 2743/3032/2952 2747/3036/2956 2748/3037/2957
f 2744/3033/2953 2743/3032/2952 2748/3037/2957
f 2744/3033/2953 2748/3037/2957 2749/3038/2958
f 2374/2627/2572 2750/3039/2959 2751/3040/2960
f 2374/2627/2572 2751/3040/2960 2752/3041/2961
f 2749/3038/2958 2748/3037/2957 2751/3040/2960
f 2749/3038/2958 2751/3040/2960 2750/3039/2959
f 2747/3036/2956 2753/3042/2962 2751/3040/2960
f 2747/3036/2956 2751/3040/2960 2748/3037/2957
f 2754/3043/2963 2755/3044/2964 2751/3040/2960
f 2754/3043/2963 2751/3040/2960 2753/3042/2962
f 2756/3045/2965 2752/3041/2961 2751/3040/2960
f 2756/3045/2965 2751/3040/2960 2755/3044/2964
f 2757/3046/2966 2758/3047/2967 2759/3048/2968
f 2757/3046/2966 2759/3048/2968 2760/3049/2969
f 2758/3047/2967 2761/3050/2970 2762/3051/2971
f 2758/3047/2967 2762/3051/2971 2759/3048/2968
f 2759/3048/2968 2762/3051/2971 2763/3052/2972
f 2759/3048/2968 2763/3052/2972 2764/3053/2973
f 2760/3049/2969 2759/3048/2968 2764/3053/2973
f 2760/3049/2969 2764/3053/2973 2765/3054/2974
f 2668/2938/2874 2766/3055/2975 2767/3056/2976
f 2668/2938/2874 2767/3056/2976 2768/3057/2977
f 2766/3055/2975 2765/3054/2974 2764/3053/2973
f 2766/3055/2975 2764/3053/2973 2767/3056/2976
f 2767/3056/2976 2764/3053/2973 2763/3052/2972
f 2767/3056/2976 2763/3052/2972 2769/3058/2978
f 2768/3057/2977 2767/3056/2976 2769/3058/2978
f 2768/3057/2977 2769/3058/2978 2770/3059/2979
f 2658/2928/2864 2771/3060/2980 2772/3061/2981
f 2658/2928/2864 2772/3061/2981 2773/3062/2982
f 2771/3060/2980 2770/3059/2979 2769/3058/2978
f 2771/3060/2980 2769/3058/2978 2772/3061/2981
f 2772/3061/2981 2769/3058/2978 2763/3052/2972
f 2772/3061/2981 2763/3052/2972 2762/3051/2971
f 2773/3062/2982 2772/3061/2981 2762/3051/2971
f 2773/3062/2982 2762/3051/2971 2761/3050/2970
f 2646/2916/2852 2652/2922/2858 2774/3063/2983
f 2646/2916/2852 2774/3063/2983 2775/3064/2984
f 2652/2922/2858 2657/2927/2863 2776/3065/2985
f 2652/2922/2858 2776/3065/2985 2774/3063/2983
f 2774/3063/2983 2776/3065/2985 2777/3066/2986
f 2774/3063/2983 2777/3066/2986 2778/3067/2987
f 2775/3064/2984 2774/3063/2983 2778/3067/2987
f 2775/3064/2984 2778/3067/2987 2779/3068/2988
f 2757/3046/2966 2780/3069/2989 2781/3070/2990
f 2757/3046/2966 2781/3070/2990 2758/3047/2967
f 2780/3069/2989 2779/3068/2988 2778/3067/2987
f 2780/3069/2989 2778/3067/2987 2781/3070/2990
f 2781/3070/2990 2778/3067/2987 2777/3066/2986
f 2781/3070/2990 2777/3066/2986 2782/3071/2991
f 2758/3047/2967 2781/3070/2990 2782/3071/2991
f 2758/3047/2967 2782/3071/2991 2761/3050/2970
f 2658/2928/2864 2773/3062/2982 2783/3072/2992
f 2658/2928/2864 2783/3072/2992 2659/2929/2865
f 2773/3062/2982 2761/3050/2970 2782/3071/2991
f 2773/3062/2982 2782/3071/2991 2783/3072/2992
f 2783/3072/2992 2782/3071/2991 2777/3066/2986
f 2783/3072/2992 2777/3066/2986 2776/3065/2985
f 2659/2929/2865 2783/3072/2992 2776/3065/2985
f 2659/2929/2865 2776/3065/2985 2657/2927/2863
f 2668/2938/2874 2784/3073/2993 2785/3074/2994
f 2668/2938/2874 2785/3074/2994 2786/3075/2995
f 2784/3073/2993 2787/3076/2996 2788/3077/2997
f 2784/3073/2993 2788/3077/2997 2785/3074/2994
f 2785/3074/2994 2788/3077/2997 2789/3078/2998
f 2785/3074/2994 2789/3078/2998 2790/3079/2999
f 2786/3075/2995 2785/3074/2994 2790/3079/2999
f 2786/3075/2995 2790/3079/2999 2791/3080/3000
f 2359/2612/2557 2792/3081/3001 2793/3082/3002
f 2359/2612/2557 2793/3082/3002 2794/3083/3003
f 2792/3081/3001 2791/3080/3000 2790/3079/2999
f 2792/3081/3001 2790/3079/2999 2793/3082/3002
f 2793/3082/3002 2790/3079/2999 2789/3078/2998
f 2793/3082/3002 2789/3078/2998 2795/3084/3004
f 2794/3083/3003 2793/3082/3002 2795/3084/3004
f 2794/3083/3003 2795/3084/3004 2796/3085/3005
f 2682/2957/2888 2797/3086/3006 2798/3087/3007
f 2682/2957/2888 2798/3087/3007 2799/3088/3008
f 2797/3086/3006 2796/3085/3005 2795/3084/3004
f 2797/3086/3006 2795/3084/3004 2798/3087/3007
f 2798/3087/3007 2795/3084/3004 2789/3078/2998
f 2798/3087/3007 2789/3078/2998 2788/3077/2997
f 2799/3088/3008 2798/3087/3007 2788/3077/2997
f 2799/3088/3008 2788/3077/2997 2787/3076/2996
f 2682/2957/2888 2800/3089/3009 2801/3090/3010
f 2682/2957/2888 2801/3090/3010 2802/3091/3011
f 2800/3089/3009 2803/3092/3012 2804/3093/3013
f 2800/3089/3009 2804/3093/3013 2801/3090/3010
f 2801/3090/3010 2804/3093/3013 2805/3094/3014
f 2801/3090/3010 2805/3094/3014 2806/3095/3015
f 2802/3091/3011 2801/3090/3010 2806/3095/3015
f 2802/3091/3011 2806/3095/3015 2807/3096/3016
f 2332/2582/2530 2808/3097/3017 2809/3098/3018
f 2332/2582/2530 2809/3098/3018 2810/3099/3019
f 2808/3097/3017 2807/3096/3016 2806/3095/3015
f 2808/3097/3017 2806/3095/3015 2809/3098/3018
f 2809/3098/3018 2806/3095/3015 2805/3094/3014
f 2809/3098/3018 2805/3094/3014 2811/3100/3020
f 2810/3099/3019 2809/3098/3018 2811/3100/3020
f 2810/3099/3019 2811/3100/3020 2812/3101/3021
f 2813/3102/3022 2814/3103/3023 2815/3104/3024
f 2813/3102/3022 2815/3104/3024 2816/3105/3025
f 2814/3103/3023 2812/3106/3021 2811/3107/3020
f 2814/3103/3023 2811/3107/3020 2815/3104/3024
f 2815/3104/3024 2811/3107/3020 2805/3108/3014
f 2815/3104/3024 2805/3108/3014 2804/3109/3013
f 2816/3105/3025 2815/3104/3024 2804/3109/3013
f 2816/3105/3025 2804/3109/3013 2803/3110/3012
f 2741/3030/2950 2817/3111/3026 2818/3112/3027
f 2741/3030/2950 2818/3112/3027 2819/3113/3028
f 2817/3111/3026 2820/3114/3029 2821/3115/3030
f 2817/3111/3026 2821/3115/3030 2818/3112/3027
f 2818/3112/3027 2821/3115/3030 2822/3116/3031
f 2818/3112/3027 2822/3116/3031 2823/3117/3032
f 2819/3113/3028 2818/3112/3027 2823/3117/3032
f 2819/3113/3028 2823/3117/3032 2824/3118/3033
f 2825/3119/3034 2826/3120/3035 2827/3121/3036
f 2825/3119/3034 2827/3121/3036 2828/3122/3037
f 2826/3120/3035 2824/3118/3033 2823/3117/3032
f 2826/3120/3035 2823/3117/3032 2827/3121/3036
f 2827/3121/3036 2823/3117/3032 2822/3116/3031
f 2827/3121/3036 2822/3116/3031 2829/3123/3038
f 2828/3122/3037 2827/3121/3036 2829/3123/3038
f 2828/3122/3037 2829/3123/3038 2830/3124/3039
f 2614/2884/2820 2831/3125/3040 2832/3126/3041
f 2614/2884/2820 2832/3126/3041 2833/3127/3042
f 2831/3125/3040 2830/3124/3039 2829/3123/3038
f 2831/3125/3040 2829/3123/3038 2832/3126/3041
f 2832/3126/3041 2829/3123/3038 2822/3116/3031
f 2832/3126/3041 2822/3116/3031 2821/3115/3030
f 2833/3127/3042 2832/3126/3041 2821/3115/3030
f 2833/3127/3042 2821/3115/3030 2820/3114/3029
f 2614/2884/2820 2834/3128/3043 2835/3129/3044
f 2614/2884/2820 2835/3129/3044 2831/3125/3040
f 2834/3128/3043 2836/3130/3045 2837/3131/3046
f 2834/3128/3043 2837/3131/3046 2835/3129/3044
f 2835/3129/3044 2837/3131/3046 2838/3132/3047
f 2835/3129/3044 2838/3132/3047 2839/3133/3048
f 2831/3125/3040 2835/3129/3044 2839/3133/3048
f 2831/3125/3040 2839/3133/3048 2830/3124/3039
f 2825/3119/3034 2828/3122/3037 2840/3134/3049
f 2825/3119/3034 2840/3134/3049 2841/3135/3050
f 2828/3122/3037 2830/3124/3039 2839/3133/3048
f 2828/3122/3037 2839/3133/3048 2840/3134/3049
f 2840/3134/3049 2839/3133/3048 2838/3132/3047
f 2840/3134/3049 2838/3132/3047 2842/3136/3051
f 2841/3135/3050 2840/3134/3049 2842/3136/3051
f 2841/3135/3050 2842/3136/3051 2843/3137/3052
f 2584/2854/2788 2844/3138/3053 2845/3139/3054
f 2584/2854/2788 2845/3139/3054 2846/3140/3055
f 2844/3138/3053 2843/3137/3052 2842/3136/3051
f 2844/3138/3053 2842/3136/3051 2845/3139/3054
f 2845/3139/3054 2842/3136/3051 2838/3132/3047
f 2845/3139/3054 2838/3132/3047 2837/3131/3046
f 2846/3140/3055 2845/3139/3054 2837/3131/3046
f 2846/3140/3055 2837/3131/3046 2836/3130/3045
f 2847/3141/3056 2848/3142/3057 2849/3143/3058
f 2847/3141/3056 2849/3143/3058 2850/3144/3059
f 2848/3142/3057 2851/3145/3060 2852/3146/3061
f 2848/3142/3057 2852/3146/3061 2849/3143/3058
f 2849/3143/3058 2852/3146/3061 2853/3147/3062
f 2849/3143/3058 2853/3147/3062 2854/3148/3063
f 2850/3144/3059 2849/3143/3058 2854/3148/3063
f 2850/3144/3059 2854/3148/3063 2855/3149/3064
f 2640/2910/2846 2856/3150/3065 2857/3151/3066
f 2640/2910/2846 2857/3151/3066 2858/3152/3067
f 2856/3150/3065 2855/3149/3064 2854/3148/3063
f 2856/3150/3065 2854/3148/3063 2857/3151/3066
f 2857/3151/3066 2854/3148/3063 2853/3147/3062
f 2857/3151/3066 2853/3147/3062 2859/3153/3068
f 2858/3152/3067 2857/3151/3066 2859/3153/3068
f 2858/3152/3067 2859/3153/3068 2860/3154/3069
f 2280/2530/2472 2861/3155/3070 2862/3156/3071
f 2280/2530/2472 2862/3156/3071 2863/3157/3072
f 2861/3155/3070 2860/3154/3069 2859/3153/3068
f 2861/3155/3070 2859/3153/3068 2862/3156/3071
f 2862/3156/3071 2859/3153/3068 2853/3147/3062
f 2862/3156/3071 2853/3147/3062 2852/3146/3061
f 2863/3157/3072 2862/3156/3071 2852/3146/3061
f 2863/3157/3072 2852/3146/3061 2851/3145/3060
f 2864/3158/3073 2865/3159/3074 2866/3160/3075
f 2864/3158/3073 2866/3160/3075 2867/3161/3076
f 2865/3159/3074 2868/3162/3077 2869/3163/3078
f 2865/3159/3074 2869/3163/3078 2866/3160/3075
f 2866/3160/3075 2869/3163/3078 2870/3164/3079
f 2866/3160/3075 2870/3164/3079 2871/3165/3080
f 2867/3161/3076 2866/3160/3075 2871/3165/3080
f 2867/3161/3076 2871/3165/3080 2872/3166/3081
f 2584/2854/2788 2873/3167/3082 2874/3168/3083
f 2584/2854/2788 2874/3168/3083 2875/3169/3084
f 2873/3167/3082 2872/3166/3081 2871/3165/3080
f 2873/3167/3082 2871/3165/3080 2874/3168/3083
f 2874/3168/3083 2871/3165/3080 2870/3164/3079
f 2874/3168/3083 2870/3164/3079 2876/3170/3085
f 2875/3169/3084 2874/3168/3083 2876/3170/3085
f 2875/3169/3084 2876/3170/3085 2877/3171/3086
f 2878/3172/3087 2879/3173/3088 2880/3174/3089
f 2878/3172/3087 2880/3174/3089 2881/3175/3090
f 2882/3176/3091 2883/3177/3092 2880/3174/3089
f 2882/3176/3091 2880/3174/3089 2879/3173/3088
f 2884/3178/3093 2885/3179/3094 2880/3174/3089
f 2884/3178/3093 2880/3174/3089 2883/3177/3092
f 2886/3180/3095 2887/3181/3096 2880/3174/3089
f 2886/3180/3095 2880/3174/3089 2885/3179/3094
f 2888/3182/3097 2881/3175/3090 2880/3174/3089
f 2888/3182/3097 2880/3174/3089 2887/3181/3098
f 2889/3183/3099 2890/3184/3100 2891/3185/3101
f 2889/3183/3099 2891/3185/3101 2892/3186/3102
f 2890/3184/3100 2893/3187/3103 2894/3188/3104
f 2890/3184/3100 2894/3188/3104 2891/3185/3101
f 2891/3185/3101 2894/3188/3104 2895/3189/3105
f 2891/3185/3101 2895/3189/3105 2896/3190/3106
f 2892/3186/3102 2891/3185/3101 2896/3190/3106
f 2892/3186/3102 2896/3190/3106 2897/3191/3107
f 2353/2606/2551 2898/3192/3108 2899/3193/3109
f 2353/2606/2551 2899/3193/3109 2900/3194/3110
f 2898/3192/3108 2897/3191/3107 2896/3190/3106
f 2898/3192/3108 2896/3190/3106 2899/3193/3109
f 2899/3193/3109 2896/3190/3106 2895/3189/3105
f 2899/3193/3109 2895/3189/3105 2901/3195/3111
f 2900/3194/3110 2899/3193/3109 2901/3195/3111
f 2900/3194/3110 2901/3195/3111 2902/3196/3112
f 2903/3197/3113 2904/3198/3114 2905/3199/3115
f 2903/3197/3113 2905/3199/3115 2906/3200/3116
f 2904/3198/3114 2907/3201/3117 2908/3202/3118
f 2904/3198/3114 2908/3202/3118 2905/3199/3115
f 2905/3199/3115 2908/3202/3118 2909/3203/3119
f 2905/3199/3115 2909/3203/3119 2910/3204/3120
f 2906/3200/3116 2905/3199/3115 2910/3204/3120
f 2906/3200/3116 2910/3204/3120 2911/3205/3121
f 2912/3206/3122 2913/3207/3123 2914/3208/3124
f 2912/3206/3122 2914/3208/3124 2915/3209/3125
f 2913/3207/3123 2911/3205/3121 2910/3204/3120
f 2913/3207/3123 2910/3204/3120 2914/3208/3124
f 2914/3208/3124 2910/3204/3120 2909/3203/3119
f 2914/3208/3124 2909/3203/3119 2916/3210/3126
f 2915/3209/3125 2914/3208/3124 2916/3210/3126
f 2915/3209/3125 2916/3210/3126 2917/3211/3127
f 2484/3212/2682 2918/3213/3128 2919/3214/3129
f 2484/3212/2682 2919/3214/3129 2920/3215/3130
f 2918/3213/3128 2917/3211/3127 2916/3210/3126
f 2918/3213/3128 2916/3210/3126 2919/3214/3129
f 2919/3214/3129 2916/3210/3126 2909/3203/3119
f 2919/3214/3129 2909/3203/3119 2908/3202/3118
f 2920/3215/3130 2919/3214/3129 2908/3202/3118
f 2920/3215/3130 2908/3202/3118 2907/3201/3117
f 2903/3216/3113 2921/3217/3131 2922/3218/3132
f 2903/3216/3113 2922/3218/3132 2904/3219/3114
f 2921/3217/3131 2923/3220/3133 2924/3221/3134
f 2921/3217/3131 2924/3221/3134 2922/3218/3132
f 2922/3218/3132 2924/3221/3134 2925/3222/3135
f 2922/3218/3132 2925/3222/3135 2926/3223/3136
f 2904/3219/3114 2922/3218/3132 2926/3223/3136
f 2904/3219/3114 2926/3223/3136 2907/3224/3117
f 2484/2738/2682 2920/3225/3130 2927/3226/3137
f 2484/2738/2682 2927/3226/3137 2928/3227/3138
f 2920/3225/3130 2907/3224/3117 2926/3223/3136
f 2920/3225/3130 2926/3223/3136 2927/3226/3137
f 2927/3226/3137 2926/3223/3136 2925/3222/3135
f 2927/3226/3137 2925/3222/3135 2929/3228/3139
f 2928/3227/3138 2927/3226/3137 2929/3228/3139
f 2928/3227/3138 2929/3228/3139 2930/3229/3140
f 2332/2582/2530 2931/3230/3141 2932/3231/3142
f 2332/2582/2530 2932/3231/3142 2933/3232/3143
f 2931/3230/3141 2930/3229/3140 2929/3228/3139
f 2931/3230/3141 2929/3228/3139 2932/3231/3142
f 2932/3231/3142 2929/3228/3139 2925/3222/3135
f 2932/3231/3142 2925/3222/3135 2924/3221/3134
f 2933/3232/3143 2932/3231/3142 2924/3221/3134
f 2933/3232/3143 2924/3221/3134 2923/3220/3133
f 2934/3233/3144 2935/3234/3145 2936/3235/3146
f 2934/3233/3144 2936/3235/3146 2937/3236/3147
f 2938/3237/3148 2939/3238/3149 2936/3235/3146
f 2938/3237/3148 2936/3235/3146 2935/3234/3145
f 2940/3239/3150 2941/3240/3151 2936/3235/3146
f 2940/3239/3150 2936/3235/3146 2939/3238/3149
f 2942/3241/3152 2943/3242/3153 2936/3235/3146
f 2942/3241/3152 2936/3235/3146 2941/3240/3151
f 2944/3243/3154 2937/3236/3147 2936/3235/3146
f 2944/3243/3154 2936/3235/3146 2943/3242/3153
f 2945/3244/3155 2946/3245/3156 2947/3246/3157
f 2945/3244/3155 2947/3246/3157 2948/3247/3158
f 2949/3248/3159 2950/3249/3160 2947/3246/3157
f 2949/3248/3159 2947/3246/3157 2946/3245/3156
f 2951/3250/3161 2952/3251/3162 2947/3246/3157
f 2951/3250/3161 2947/3246/3157 2950/3249/3160
f 2940/3252/3150 2939/3253/3149 2947/3246/3157
f 2940/3252/3150 2947/3246/3157 2952/3251/3162
f 2938/3254/3148 2948/3247/3158 2947/3246/3157
f 2938/3254/3148 2947/3246/3157 2939/3253/3149
f 2953/3255/3163 2954/3256/3164 2955/3257/3165
f 2953/3255/3163 2955/3257/3165 2956/3258/3166
f 2957/3259/3167 2958/3260/3168 2955/3257/3165
f 2957/3259/3167 2955/3257/3165 2954/3256/3164
f 2959/3261/3169 2960/3262/3170 2955/3257/3165
f 2959/3261/3169 2955/3257/3165 2958/3260/3168
f 2961/3263/3171 2962/3264/3172 2955/3257/3165
f 2961/3263/3171 2955/3257/3165 2960/3262/3170
f 2963/3265/3173 2956/3258/3166 2955/3257/3165
f 2963/3265/3173 2955/3257/3165 2962/3264/3172
f 2315/2565/2510 2318/2568/2513 2964/3266/3174
f 2315/2565/2510 2964/3266/3174 2965/3267/3175
f 2318/2568/2513 2320/2570/2515 2966/3268/3176
f 2318/2568/2513 2966/3268/3176 2964/3266/3174
f 2964/3266/3174 2966/3268/3176 2959/3261/3169
f 2964/3266/3174 2959/3261/3169 2958/3260/3168
f 2965/3267/3175 2964/3266/3174 2958/3260/3168
f 2965/3267/3175 2958/3260/3168 2957/3259/3167
f 2967/3269/3177 2968/3270/3178 2969/3271/3179
f 2967/3269/3177 2969/3271/3179 2970/3272/3180
f 2971/3273/3181 2972/3274/3182 2969/3271/3183
f 2971/3273/3181 2969/3271/3183 2968/3270/3184
f 2973/3275/3185 2970/3272/3186 2969/3271/3187
f 2973/3275/3185 2969/3271/3187 2972/3274/3182
f 2878/3172/3087 2974/3276/3188 2975/3277/3189
f 2878/3172/3087 2975/3277/3189 2879/3173/3088
f 2976/3278/3190 2977/3279/3191 2975/3277/3189
f 2976/3278/3190 2975/3277/3189 2974/3276/3188
f 2978/3280/3192 2979/3281/3193 2975/3277/3189
f 2978/3280/3192 2975/3277/3189 2977/3279/3191
f 2980/3282/3194 2981/3283/3195 2975/3277/3189
f 2980/3282/3194 2975/3277/3189 2979/3281/3193
f 2882/3176/3091 2879/3173/3088 2975/3277/3189
f 2882/3176/3091 2975/3277/3189 2981/3283/3195
f 2912/3284/3122 2982/3285/3196 2983/3286/3197
f 2912/3284/3122 2983/3286/3197 2984/3287/3198
f 2982/3285/3196 2985/3288/3199 2986/3289/3200
f 2982/3285/3196 2986/3289/3200 2983/3286/3197
f 2983/3286/3197 2986/3289/3200 2987/3290/3201
f 2983/3286/3197 2987/3290/3201 2988/3291/3202
f 2984/3287/3198 2983/3286/3197 2988/3291/3202
f 2984/3287/3198 2988/3291/3202 2989/3292/3203
f 2492/2746/2691 2990/3293/3204 2991/3294/3205
f 2492/2746/2691 2991/3294/3205 2992/3295/3206
f 2993/3296/3207 2994/3297/3208 2991/3294/3205
f 2993/3296/3207 2991/3294/3205 2990/3293/3204
f 2995/3298/3209 2996/3299/3210 2991/3294/3205
f 2995/3298/3209 2991/3294/3205 2994/3297/3208
f 2987/3290/3201 2986/3289/3200 2991/3294/3205
f 2987/3290/3201 2991/3294/3205 2996/3299/3211
f 2985/3288/3199 2992/3295/3206 2991/3294/3205
f 2985/3288/3199 2991/3294/3205 2986/3289/3200
f 2945/3244/3155 2997/3300/3212 2998/3301/3213
f 2945/3244/3155 2998/3301/3213 2946/3245/3156
f 2997/3300/3212 2999/3302/3214 3000/3303/3215
f 2997/3300/3212 3000/3303/3215 2998/3301/3213
f 2998/3301/3213 3000/3303/3215 3001/3304/3216
f 2998/3301/3213 3001/3304/3216 3002/3305/3217
f 2946/3245/3156 2998/3301/3213 3002/3305/3217
f 2946/3245/3156 3002/3305/3217 2949/3248/3159
f 2889/3183/3099 3003/3306/3218 3004/3307/3219
f 2889/3183/3099 3004/3307/3219 3005/3308/3220
f 3003/3306/3218 3006/3309/3221 3007/3310/3222
f 3003/3306/3218 3007/3310/3222 3004/3307/3219
f 3004/3307/3219 3007/3310/3222 3008/3311/3223
f 3004/3307/3219 3008/3311/3223 3009/3312/3224
f 3005/3308/3220 3004/3307/3219 3009/3312/3224
f 3005/3308/3220 3009/3312/3224 3010/3313/3225
f 3011/3314/3226 3012/3315/3227 3013/3316/3228
f 3011/3314/3226 3013/3316/3228 3014/3317/3229
f 3012/3315/3227 3010/3313/3225 3009/3312/3224
f 3012/3315/3227 3009/3312/3224 3013/3316/3228
f 3013/3316/3228 3009/3312/3224 3008/3311/3223
f 3013/3316/3228 3008/3311/3223 3015/3318/3230
f 3014/3317/3229 3013/3316/3228 3015/3318/3230
f 3014/3317/3229 3015/3318/3230 3016/3319/3231
f 2359/2612/2557 3017/3320/3232 3018/3321/3233
f 2359/2612/2557 3018/3321/3233 3019/3322/3234
f 3017/3320/3232 3016/3319/3231 3015/3318/3230
f 3017/3320/3232 3015/3318/3230 3018/3321/3233
f 3018/3321/3233 3015/3318/3230 3008/3311/3223
f 3018/3321/3233 3008/3311/3223 3007/3310/3222
f 3019/3322/3234 3018/3321/3233 3007/3310/3222
f 3019/3322/3234 3007/3310/3222 3006/3309/3221
f 2757/3046/2966 2760/3049/2969 3020/3323/3235
f 2757/3046/2966 3020/3323/3235 3021/3324/3236
f 2760/3049/2969 2765/3054/2974 3022/3325/3237
f 2760/3049/2969 3022/3325/3237 3020/3323/3235
f 3020/3323/3235 3022/3325/3237 3023/3326/3238
f 3020/3323/3235 3023/3326/3238 3024/3327/3239
f 3021/3324/3236 3020/3323/3235 3024/3327/3239
f 3021/3324/3236 3024/3327/3239 3025/3328/3240
f 2344/2597/2542 3026/3329/3241 3027/3330/3242
f 2344/2597/2542 3027/3330/3242 3028/3331/3243
f 3026/3329/3241 3025/3328/3240 3024/3327/3239
f 3026/3329/3241 3024/3327/3239 3027/3330/3242
f 3027/3330/3242 3024/3327/3239 3023/3326/3238
f 3027/3330/3242 3023/3326/3238 3029/3332/3244
f 3028/3331/3243 3027/3330/3242 3029/3332/3244
f 3028/3331/3243 3029/3332/3244 3030/3333/3245
f 2668/2938/2874 3031/3334/3246 3032/3335/3247
f 2668/2938/2874 3032/3335/3247 2766/3055/2975
f 3031/3334/3246 3030/3333/3245 3029/3332/3244
f 3031/3334/3246 3029/3332/3244 3032/3335/3247
f 3032/3335/3247 3029/3332/3244 3023/3326/3238
f 3032/3335/3247 3023/3326/3238 3022/3325/3237
f 2766/3055/2975 3032/3335/3247 3022/3325/3237
f 2766/3055/2975 3022/3325/3237 2765/3054/2974
f 2584/2854/2788 3033/3336/3248 3034/3337/3249
f 2584/2854/2788 3034/3337/3249 3035/3338/3250
f 3033/3336/3248 3036/3339/3251 3037/3340/3252
f 3033/3336/3248 3037/3340/3252 3034/3337/3249
f 3034/3337/3249 3037/3340/3252 3038/3341/3253
f 3034/3337/3249 3038/3341/3253 3039/3342/3254
f 3035/3338/3250 3034/3337/3249 3039/3342/3254
f 3035/3338/3250 3039/3342/3254 3040/3343/3255
f 2847/3141/3056 3041/3344/3256 3042/3345/3257
f 2847/3141/3056 3042/3345/3257 2848/3142/3057
f 3041/3344/3256 3040/3343/3255 3039/3342/3254
f 3041/3344/3256 3039/3342/3254 3042/3345/3257
f 3042/3345/3257 3039/3342/3254 3038/3341/3253
f 3042/3345/3257 3038/3341/3253 3043/3346/3258
f 2848/3142/3057 3042/3345/3257 3043/3346/3258
f 2848/3142/3057 3043/3346/3258 2851/3145/3060
f 2280/2530/2472 2863/3157/3072 3044/3347/3259
f 2280/2530/2472 3044/3347/3259 3045/3348/3260
f 2863/3157/3072 2851/3145/3060 3043/3346/3258
f 2863/3157/3072 3043/3346/3258 3044/3347/3259
f 3044/3347/3259 3043/3346/3258 3038/3341/3253
f 3044/3347/3259 3038/3341/3253 3037/3340/3252
f 3045/3348/3260 3044/3347/3259 3037/3340/3252
f 3045/3348/3260 3037/3340/3252 3036/3339/3251
f 2741/3030/2950 2744/3033/2953 3046/3349/3261
f 2741/3030/2950 3046/3349/3261 2817/3111/3026
f 2744/3033/2953 2749/3038/2958 3047/3350/3262
f 2744/3033/2953 3047/3350/3262 3046/3349/3261
f 3046/3349/3261 3047/3350/3262 3048/3351/3263
f 3046/3349/3261 3048/3351/3263 3049/3352/3264
f 2817/3111/3026 3046/3349/3261 3049/3352/3264
f 2817/3111/3026 3049/3352/3264 2820/3114/3029
f 2614/2884/2820 2833/3127/3042 3050/3353/3265
f 2614/2884/2820 3050/3353/3265 3051/3354/3266
f 2833/3127/3042 2820/3114/3029 3049/3352/3264
f 2833/3127/3042 3049/3352/3264 3050/3353/3265
f 3050/3353/3265 3049/3352/3264 3048/3351/3263
f 3050/3353/3265 3048/3351/3263 3052/3355/3267
f 3051/3354/3266 3050/3353/3265 3052/3355/3267
f 3051/3354/3266 3052/3355/3267 3053/3356/3268
f 2374/2627/2572 3054/3357/3269 3055/3358/3270
f 2374/2627/2572 3055/3358/3270 2750/3039/2959
f 3054/3357/3269 3053/3356/3268 3052/3355/3267
f 3054/3357/3269 3052/3355/3267 3055/3358/3270
f 3055/3358/3270 3052/3355/3267 3048/3351/3263
f 3055/3358/3270 3048/3351/3263 3047/3350/3262
f 2750/3039/2959 3055/3358/3270 3047/3350/3262
f 2750/3039/2959 3047/3350/3262 2749/3038/2958
f 2395/2648/2593 2711/2997/2917 3056/3359/3271
f 2395/2648/2593 3056/3359/3271 3057/3360/3272
f 2711/2997/2917 2716/3002/2922 3058/3361/3273
f 2711/2997/2917 3058/3361/3273 3056/3359/3271
f 3056/3359/3271 3058/3361/3273 3059/3362/3274
f 3056/3359/3271 3059/3362/3274 3060/3363/3275
f 3057/3360/3272 3056/3359/3271 3060/3363/3275
f 3057/3360/3272 3060/3363/3275 3061/3364/3276
f 2813/3365/3022 3062/3366/3277 3063/3367/3278
f 2813/3365/3022 3063/3367/3278 3064/3368/3279
f 3062/3366/3277 3065/3369/3280 3066/3370/3281
f 3062/3366/3277 3066/3370/3281 3063/3367/3278
f 3063/3367/3278 3066/3370/3281 3067/3371/3282
f 3063/3367/3278 3067/3371/3282 3068/3372/3283
f 3064/3368/3279 3063/3367/3278 3068/3372/3283
f 3064/3368/3279 3068/3372/3283 3069/3373/3284
f 2395/3374/2593 3057/3375/3272 3070/3376/3285
f 2395/3374/2593 3070/3376/3285 3071/3377/3286
f 3057/3375/3272 3061/3378/3276 3072/3379/3287
f 3057/3375/3272 3072/3379/3287 3070/3376/3285
f 3070/3376/3285 3072/3379/3287 3067/3380/3282
f 3070/3376/3285 3067/3380/3282 3066/3381/3281
f 3071/3377/3286 3070/3376/3285 3066/3381/3281
f 3071/3377/3286 3066/3381/3281 3065/3382/3280
f 2414/3383/2612 3073/3384/3288 3074/3385/3289
f 2414/3383/2612 3074/3385/3289 2696/3386/2902
f 3073/3384/3288 3075/3387/3290 3076/3388/3291
f 3073/3384/3288 3076/3388/3291 3074/3385/3289
f 3074/3385/3289 3076/3388/3291 3077/3389/3292
f 3074/3385/3289 3077/3389/3292 3078/3390/3293
f 2696/3386/2902 3074/3385/3289 3078/3390/3293
f 2696/3386/2902 3078/3390/3293 2699/3391/2905
f 2386/3392/2584 2708/3393/2914 3079/3394/3294
f 2386/3392/2584 3079/3394/3294 2420/3395/2618
f 2708/3393/2914 2699/3391/2905 3078/3390/3293
f 2708/3393/2914 3078/3390/3293 3079/3394/3294
f 3079/3394/3294 3078/3390/3293 3077/3389/3292
f 3079/3394/3294 3077/3389/3292 3080/3396/3295
f 2420/3395/2618 3079/3394/3294 3080/3396/3295
f 2420/3395/2618 3080/3396/3295 2423/3397/2621
f 2414/3383/2612 3081/3398/3296 3082/3399/3297
f 2414/3383/2612 3082/3399/3297 3073/3384/3288
f 3081/3398/3296 3083/3400/3298 3084/3401/3299
f 3081/3398/3296 3084/3401/3299 3082/3399/3297
f 3082/3399/3297 3084/3401/3299 3085/3402/3300
f 3082/3399/3297 3085/3402/3300 3086/3403/3301
f 3073/3384/3288 3082/3399/3297 3086/3403/3301
f 3073/3384/3288 3086/3403/3301 3075/3387/3290
f 2464/3404/2662 3087/3405/3302 3088/3406/3303
f 2464/3404/2662 3088/3406/3303 2465/3407/2663
f 3087/3405/3302 3089/3408/3304 3090/3409/3305
f 3087/3405/3302 3090/3409/3305 3088/3406/3303
f 3088/3406/3303 3090/3409/3305 3091/3410/3306
f 3088/3406/3303 3091/3410/3306 3092/3411/3307
f 2465/3407/2663 3088/3406/3303 3092/3411/3307
f 2465/3407/2663 3092/3411/3307 2463/3412/2661
f 2261/2506/2453 2456/3413/2654 3093/3414/3308
f 2261/2506/2453 3093/3414/3308 2262/2507/2454
f 2456/3413/2654 2463/3412/2661 3092/3411/3307
f 2456/3413/2654 3092/3411/3307 3093/3414/3308
f 3093/3414/3308 3092/3411/3307 3091/3410/3306
f 3093/3414/3308 3091/3410/3306 3094/3415/3309
f 2262/2507/2454 3093/3414/3308 3094/3415/3309
f 2262/2507/2454 3094/3415/3309 2265/2510/2457
f 2276/2767/2468 2279/3416/2471 3095/3417/3310
f 2276/2767/2468 3095/3417/3310 3096/3418/3311
f 2279/3416/2471 2265/3419/2457 3094/3420/3309
f 2279/3416/2471 3094/3420/3309 3095/3417/3310
f 3095/3417/3310 3094/3420/3309 3091/3421/3306
f 3095/3417/3310 3091/3421/3306 3090/3422/3305
f 3096/3418/3311 3095/3417/3310 3090/3422/3305
f 3096/3418/3311 3090/3422/3305 3089/3423/3304
f 2506/2760/2705 3097/3424/3312 3098/3425/3313
f 2506/2760/2705 3098/3425/3313 3099/3426/3314
f 3097/3424/3312 3100/3427/3315 3101/3428/3316
f 3097/3424/3312 3101/3428/3316 3098/3425/3313
f 3098/3425/3313 3101/3428/3316 3102/3429/3317
f 3098/3425/3313 3102/3429/3317 3103/3430/3318
f 3099/3426/3314 3098/3425/3313 3103/3430/3319
f 3099/3426/3314 3103/3430/3319 3104/3431/3320
f 2289/3432/2481 3105/3433/3321 3106/3434/3322
f 2289/3432/2481 3106/3434/3322 3107/3435/3323
f 3105/3433/3321 3104/3431/3320 3103/3430/3319
f 3105/3433/3321 3103/3430/3319 3106/3434/3322
f 3106/3434/3324 3103/3430/3318 3102/3429/3317
f 3106/3434/3324 3102/3429/3317 3108/3436/3325
f 3107/3435/3326 3106/3434/3324 3108/3436/3325
f 3107/3435/3326 3108/3436/3325 3109/3437/3327
f 2446/2699/2644 2449/2702/2647 3110/3438/3328
f 2446/2699/2644 3110/3438/3328 2524/3439/2727
f 2449/2702/2647 2453/2706/2651 3111/3440/3329
f 2449/2702/2647 3111/3440/3329 3110/3438/3330
f 3110/3438/3330 3111/3440/3329 3112/3441/3331
f 3110/3438/3330 3112/3441/3331 3113/3442/3332
f 2524/3439/2727 3110/3438/3328 3113/3442/3333
f 2524/3439/2727 3113/3442/3333 2527/3443/2730
f 2484/2738/2682 3114/3444/3334 3115/3445/3335
f 2484/2738/2682 3115/3445/3335 2485/2739/2683
f 3116/3446/3336 3117/3447/3337 3115/3445/3335
f 3116/3446/3336 3115/3445/3335 3114/3444/3334
f 2488/2742/2686 2485/2739/2683 3115/3445/3335
f 2488/2742/2686 3115/3445/3335 3117/3447/3337
f 2401/2654/2599 3118/3448/3338 3119/3449/3339
f 2401/2654/2599 3119/3449/3339 3120/3450/3340
f 3118/3448/3338 3121/3451/3341 3122/3452/3342
f 3118/3448/3338 3122/3452/3342 3119/3449/3339
f 3119/3449/3339 3122/3452/3342 3123/3453/3343
f 3119/3449/3339 3123/3453/3343 3124/3454/3344
f 3120/3450/3340 3119/3449/3339 3124/3454/3344
f 3120/3450/3340 3124/3454/3344 3125/3455/3345
f 2428/2681/2626 2431/2684/2629 3126/3456/3346
f 2428/2681/2626 3126/3456/3346 3127/3457/3347
f 2431/2684/2629 2436/2689/2634 3128/3458/3348
f 2431/2684/2629 3128/3458/3348 3126/3456/3346
f 3126/3456/3346 3128/3458/3348 3129/3459/3349
f 3126/3456/3346 3129/3459/3349 3130/3460/3350
f 3127/3457/3347 3126/3456/3346 3130/3460/3350
f 3127/3457/3347 3130/3460/3350 3131/3461/3351
f 2623/2893/2829 3132/3462/3352 3133/3463/3353
f 2623/2893/2829 3133/3463/3353 3134/3464/3354
f 3132/3462/3352 3131/3465/3351 3130/3466/3350
f 3132/3462/3352 3130/3466/3350 3133/3463/3353
f 3133/3463/3353 3130/3466/3350 3129/3467/3349
f 3133/3463/3353 3129/3467/3349 3135/3468/3355
f 3134/3464/3354 3133/3463/3353 3135/3468/3355
f 3134/3464/3354 3135/3468/3355 3136/3469/3356
f 2261/2506/2453 2264/2509/2456 3137/3470/3357
f 2261/2506/2453 3137/3470/3357 2610/3471/2816
f 2269/2514/2461 3138/3472/3358 3137/3470/3357
f 2269/2514/2461 3137/3470/3357 2264/2509/2456
f 3139/3473/3359 3140/3474/3360 3137/3470/3357
f 3139/3473/3359 3137/3470/3357 3138/3472/3358
f 3141/3475/3361 3142/3476/3362 3137/3470/3357
f 3141/3475/3361 3137/3470/3357 3140/3474/3363
f 2612/3477/2818 2610/3471/2816 3137/3470/3357
f 2612/3477/2818 3137/3470/3357 3142/3476/3362
f 2363/3478/2561 2606/3479/2810 3143/3480/3364
f 2363/3478/2561 3143/3480/3364 3144/3481/3365
f 2609/3482/2815 3145/3483/3366 3143/3480/3364
f 2609/3482/2815 3143/3480/3364 2606/3479/2810
f 3141/3475/3361 3140/3474/3363 3143/3480/3364
f 3141/3475/3361 3143/3480/3364 3145/3483/3366
f 3139/3473/3359 3146/3484/3367 3143/3480/3364
f 3139/3473/3359 3143/3480/3364 3140/3474/3360
f 3147/3485/3368 3144/3481/3365 3143/3480/3364
f 3147/3485/3368 3143/3480/3364 3146/3484/3367
f 2270/2515/2462 3148/3486/3369 3149/3487/3370
f 2270/2515/2462 3149/3487/3370 2271/2516/2463
f 3148/3486/3369 3147/3488/3368 3146/3489/3367
f 3148/3486/3369 3146/3489/3367 3149/3487/3370
f 3149/3487/3370 3146/3489/3367 3139/3490/3359
f 3149/3487/3370 3139/3490/3359 3138/3491/3358
f 2271/2516/2463 3149/3487/3370 3138/3491/3358
f 2271/2516/2463 3138/3491/3358 2269/2519/2461
f 2813/3102/3022 3150/3492/3371 3151/3493/3372
f 2813/3102/3022 3151/3493/3372 3152/3494/3373
f 3150/3492/3371 3153/3495/3374 3154/3496/3375
f 3150/3492/3371 3154/3496/3375 3151/3493/3372
f 3151/3493/3372 3154/3496/3375 3155/3497/3376
f 3151/3493/3372 3155/3497/3376 3156/3498/3377
f 3152/3494/3373 3151/3493/3372 3156/3498/3377
f 3152/3494/3373 3156/3498/3377 3157/3499/3378
f 2945/3244/3155 3158/3500/3379 3159/3501/3380
f 2945/3244/3155 3159/3501/3380 2997/3300/3212
f 3158/3500/3379 3160/3502/3381 3161/3503/3382
f 3158/3500/3379 3161/3503/3382 3159/3501/3380
f 3159/3501/3380 3161/3503/3382 3162/3504/3383
f 3159/3501/3380 3162/3504/3383 3163/3505/3384
f 2997/3300/3212 3159/3501/3380 3163/3505/3384
f 2997/3300/3212 3163/3505/3384 2999/3302/3214
f 2584/2854/2788 3164/3506/3385 3165/3507/3386
f 2584/2854/2788 3165/3507/3386 3166/3508/3387
f 3164/3506/3385 3167/3509/3388 3168/3510/3389
f 3164/3506/3385 3168/3510/3389 3165/3507/3386
f 3165/3507/3386 3168/3510/3389 3162/3504/3383
f 3165/3507/3386 3162/3504/3383 3161/3503/3382
f 3166/3508/3387 3165/3507/3386 3161/3503/3382
f 3166/3508/3387 3161/3503/3382 3160/3502/3381
f 2492/2746/2691 2495/2749/2694 3169/3511/3390
f 2492/2746/2691 3169/3511/3390 3170/3512/3391
f 2495/2749/2694 2500/2754/2699 3171/3513/3392
f 2495/2749/2694 3171/3513/3392 3169/3511/3390
f 3169/3511/3393 3171/3513/3394 3172/3514/3395
f 3169/3511/3393 3172/3514/3395 3173/3515/3396
f 3170/3512/3397 3169/3511/3393 3173/3515/3396
f 3170/3512/3397 3173/3515/3396 3174/3516/3398
f 2297/2547/2489 2300/2550/2492 3175/3517/3399
f 2297/2547/2489 3175/3517/3399 2501/2755/2700
f 2300/2550/2498 2303/2553/2497 3176/3518/3400
f 2300/2550/2498 3176/3518/3400 3175/3517/3401
f 3175/3517/3401 3176/3518/3400 3172/3514/3395
f 3175/3517/3401 3172/3514/3395 3171/3513/3394
f 2501/2755/2700 3175/3517/3399 3171/3513/3392
f 2501/2755/2700 3171/3513/3392 2500/2754/2699
f 2304/3519/2499 3177/3520/3402 3178/3521/3403
f 2304/3519/2499 3178/3521/3403 3179/3522/3404
f 3177/3520/3402 3180/3523/3405 3181/3524/3406
f 3177/3520/3402 3181/3524/3406 3178/3521/3403
f 3178/3521/3403 3181/3524/3406 3182/3525/3407
f 3178/3521/3403 3182/3525/3407 3183/3526/3408
f 3179/3522/3404 3178/3521/3403 3183/3526/3408
f 3179/3522/3404 3183/3526/3408 3184/3527/3409
f 3185/3528/3410 3186/3529/3411 3187/3530/3412
f 3185/3528/3410 3187/3530/3412 3188/3531/3413
f 3186/3529/3411 3189/3532/3414 3190/3533/3415
f 3186/3529/3411 3190/3533/3415 3187/3530/3412
f 3187/3530/3412 3190/3533/3415 3182/3525/3407
f 3187/3530/3412 3182/3525/3407 3181/3524/3406
f 3188/3531/3413 3187/3530/3412 3181/3524/3406
f 3188/3531/3413 3181/3524/3406 3180/3523/3405
f 3191/3534/3416 3192/3535/3417 3193/3536/3418
f 3191/3534/3416 3193/3536/3418 3194/3537/3419
f 3195/3538/3420 3196/3539/3421 3193/3536/3422
f 3195/3538/3420 3193/3536/3422 3192/3535/3423
f 3197/3540/3424 3194/3537/3425 3193/3536/3422
f 3197/3540/3424 3193/3536/3422 3196/3539/3421
f 3191/3541/3416 3194/3542/3419 3198/3543/3426
f 3191/3541/3416 3198/3543/3426 3199/3544/3427
f 3197/3545/3424 3200/3546/3428 3198/3543/3429
f 3197/3545/3424 3198/3543/3429 3194/3542/3425
f 3201/3547/3430 3199/3544/3431 3198/3543/3432
f 3201/3547/3430 3198/3543/3432 3200/3546/3432
f 2584/2854/2788 2875/3169/3084 3202/3548/3433
f 2584/2854/2788 3202/3548/3433 3164/3506/3385
f 2875/3169/3084 2877/3171/3086 3203/3549/3434
f 2875/3169/3084 3203/3549/3434 3202/3548/3433
f 3202/3548/3433 3203/3549/3434 3204/3550/3435
f 3202/3548/3433 3204/3550/3435 3205/3551/3436
f 3164/3506/3385 3202/3548/3433 3205/3551/3436
f 3164/3506/3385 3205/3551/3436 3167/3509/3388
f 2847/3141/3056 3206/3552/3437 3207/3553/3438
f 2847/3141/3056 3207/3553/3438 3208/3554/3439
f 3206/3552/3437 3209/3555/3440 3210/3556/3441
f 3206/3552/3437 3210/3556/3441 3207/3553/3438
f 3207/3553/3438 3210/3556/3441 3211/3557/3442
f 3207/3553/3438 3211/3557/3442 3212/3558/3443
f 3208/3554/3439 3207/3553/3438 3212/3558/3443
f 3208/3554/3439 3212/3558/3443 3213/3559/3444
f 2864/3158/3073 3214/3560/3445 3215/3561/3446
f 2864/3158/3073 3215/3561/3446 3216/3562/3447
f 3214/3560/3445 3213/3559/3444 3212/3558/3443
f 3214/3560/3445 3212/3558/3443 3215/3561/3446
f 3215/3561/3446 3212/3558/3443 3211/3557/3442
f 3215/3561/3446 3211/3557/3442 3217/3563/3448
f 3216/3562/3447 3215/3561/3446 3217/3563/3448
f 3216/3562/3447 3217/3563/3448 3218/3564/3449
f 2953/3255/3163 3219/3565/3450 3220/3566/3451
f 2953/3255/3163 3220/3566/3451 3221/3567/3452
f 3219/3565/3450 3218/3564/3449 3217/3563/3448
f 3219/3565/3450 3217/3563/3448 3220/3566/3451
f 3220/3566/3451 3217/3563/3448 3211/3557/3442
f 3220/3566/3451 3211/3557/3442 3210/3556/3441
f 3221/3567/3452 3220/3566/3451 3210/3556/3441
f 3221/3567/3452 3210/3556/3441 3209/3555/3440
f 2878/3172/3087 2881/3175/3090 3222/3568/3453
f 2878/3172/3087 3222/3568/3453 3223/3569/3454
f 2881/3175/3090 2888/3182/3097 3224/3570/3455
f 2881/3175/3090 3224/3570/3455 3222/3568/3453
f 3222/3568/3453 3224/3570/3455 3225/3571/3456
f 3222/3568/3453 3225/3571/3456 3226/3572/3457
f 3223/3569/3454 3222/3568/3453 3226/3572/3457
f 3223/3569/3454 3226/3572/3457 3227/3573/3458
f 3228/3574/3459 3229/3575/3460 3230/3576/3461
f 3228/3574/3459 3230/3576/3461 3231/3577/3462
f 3229/3575/3460 3227/3573/3458 3226/3572/3457
f 3229/3575/3460 3226/3572/3457 3230/3576/3461
f 3230/3576/3461 3226/3572/3457 3225/3571/3456
f 3230/3576/3461 3225/3571/3456 3232/3578/3463
f 3231/3577/3462 3230/3576/3461 3232/3578/3463
f 3231/3577/3462 3232/3578/3463 3233/3579/3464
f 3011/3314/3226 3014/3317/3229 3234/3580/3465
f 3011/3314/3226 3234/3580/3465 3235/3581/3466
f 3014/3317/3229 3016/3319/3231 3236/3582/3467
f 3014/3317/3229 3236/3582/3467 3234/3580/3465
f 3234/3580/3465 3236/3582/3467 3237/3583/3468
f 3234/3580/3465 3237/3583/3468 3238/3584/3469
f 3235/3581/3466 3234/3580/3465 3238/3584/3469
f 3235/3581/3466 3238/3584/3469 3239/3585/3470
f 2903/3216/3113 3240/3586/3471 3241/3587/3472
f 2903/3216/3113 3241/3587/3472 3242/3588/3473
f 3240/3586/3471 3239/3585/3470 3238/3584/3469
f 3240/3586/3471 3238/3584/3469 3241/3587/3472
f 3241/3587/3472 3238/3584/3469 3237/3583/3468
f 3241/3587/3472 3237/3583/3468 3243/3589/3474
f 3242/3588/3473 3241/3587/3472 3243/3589/3474
f 3242/3588/3473 3243/3589/3474 3244/3590/3475
f 2359/2612/2557 3245/3591/3476 3246/3592/3477
f 2359/2612/2557 3246/3592/3477 3017/3320/3232
f 3245/3591/3476 3244/3590/3475 3243/3589/3474
f 3245/3591/3476 3243/3589/3474 3246/3592/3477
f 3246/3592/3477 3243/3589/3474 3237/3583/3468
f 3246/3592/3477 3237/3583/3468 3236/3582/3467
f 3017/3320/3232 3246/3592/3477 3236/3582/3467
f 3017/3320/3232 3236/3582/3467 3016/3319/3231
f 2668/2938/2874 2786/3075/2995 3247/3593/3478
f 2668/2938/2874 3247/3593/3478 3031/3334/3246
f 2786/3075/2995 2791/3080/3000 3248/3594/3479
f 2786/3075/2995 3248/3594/3479 3247/3593/3478
f 3247/3593/3478 3248/3594/3479 3249/3595/3480
f 3247/3593/3478 3249/3595/3480 3250/3596/3481
f 3031/3334/3246 3247/3593/3478 3250/3596/3481
f 3031/3334/3246 3250/3596/3481 3030/3333/3245
f 2344/2597/2542 3028/3331/3243 3251/3597/3482
f 2344/2597/2542 3251/3597/3482 2345/2598/2543
f 3028/3331/3243 3030/3333/3245 3250/3596/3481
f 3028/3331/3243 3250/3596/3481 3251/3597/3482
f 3251/3597/3482 3250/3596/3481 3249/3595/3480
f 3251/3597/3482 3249/3595/3480 3252/3598/3483
f 2345/2598/2543 3251/3597/3482 3252/3598/3483
f 2345/2598/2543 3252/3598/3483 2348/2601/2546
f 2359/2612/2557 2362/2615/2560 3253/3599/3484
f 2359/2612/2557 3253/3599/3484 2792/3081/3001
f 2362/2615/2560 2348/2601/2546 3252/3598/3483
f 2362/2615/2560 3252/3598/3483 3253/3599/3484
f 3253/3599/3484 3252/3598/3483 3249/3595/3480
f 3253/3599/3484 3249/3595/3480 3248/3594/3479
f 2792/3081/3001 3253/3599/3484 3248/3594/3479
f 2792/3081/3001 3248/3594/3479 2791/3080/3000
f 2847/3141/3056 2850/3144/3059 3254/3600/3485
f 2847/3141/3056 3254/3600/3485 3255/3601/3486
f 2850/3144/3059 2855/3149/3064 3256/3602/3487
f 2850/3144/3059 3256/3602/3487 3254/3600/3485
f 3254/3600/3485 3256/3602/3487 3257/3603/3488
f 3254/3600/3485 3257/3603/3488 3258/3604/3489
f 3255/3601/3486 3254/3600/3485 3258/3604/3489
f 3255/3601/3486 3258/3604/3489 3259/3605/3490
f 2315/2565/2510 3260/3606/3491 3261/3607/3492
f 2315/2565/2510 3261/3607/3492 3262/3608/3493
f 3260/3606/3491 3259/3605/3490 3258/3604/3489
f 3260/3606/3491 3258/3604/3489 3261/3607/3492
f 3261/3607/3492 3258/3604/3489 3257/3603/3488
f 3261/3607/3492 3257/3603/3488 3263/3609/3494
f 3262/3608/3493 3261/3607/3492 3263/3609/3494
f 3262/3608/3493 3263/3609/3494 3264/3610/3495
f 2640/2910/2846 3265/3611/3496 3266/3612/3497
f 2640/2910/2846 3266/3612/3497 2856/3150/3065
f 3265/3611/3496 3264/3610/3495 3263/3609/3494
f 3265/3611/3496 3263/3609/3494 3266/3612/3497
f 3266/3612/3497 3263/3609/3494 3257/3603/3488
f 3266/3612/3497 3257/3603/3488 3256/3602/3487
f 2856/3150/3065 3266/3612/3497 3256/3602/3487
f 2856/3150/3065 3256/3602/3487 2855/3149/3064
f 2741/3030/2950 3267/3613/3498 3268/3614/3499
f 2741/3030/2950 3268/3614/3499 2742/3031/2951
f 3267/3613/3498 3269/3615/3500 3270/3616/3501
f 3267/3613/3498 3270/3616/3501 3268/3614/3499
f 3268/3614/3499 3270/3616/3501 3271/3617/3502
f 3268/3614/3499 3271/3617/3502 3272/3618/3503
f 2742/3031/2951 3268/3614/3499 3272/3618/3503
f 2742/3031/2951 3272/3618/3503 2745/3034/2954
f 3273/3619/3504 3274/3620/3505 3275/3621/3506
f 3273/3619/3504 3275/3621/3506 3276/3622/3507
f 3274/3620/3505 3277/3623/3508 3278/3624/3509
f 3274/3620/3505 3278/3624/3509 3275/3621/3506
f 3275/3621/3506 3278/3624/3509 3271/3617/3502
f 3275/3621/3506 3271/3617/3502 3270/3616/3501
f 3276/3622/3507 3275/3621/3506 3270/3616/3501
f 3276/3622/3507 3270/3616/3501 3269/3615/3500
f 2682/2957/2888 2685/2960/2891 3279/3625/3510
f 2682/2957/2888 3279/3625/3510 2800/3089/3009
f 2685/2960/2891 2690/2965/2896 3280/3626/3511
f 2685/2960/2891 3280/3626/3511 3279/3625/3510
f 3279/3625/3510 3280/3626/3511 3281/3627/3512
f 3279/3625/3510 3281/3627/3512 3282/3628/3513
f 2800/3089/3009 3279/3625/3510 3282/3628/3513
f 2800/3089/3009 3282/3628/3513 2803/3092/3012
f 2813/3102/3022 2816/3105/3025 3283/3629/3514
f 2813/3102/3022 3283/3629/3514 3062/3630/3277
f 2816/3105/3025 2803/3110/3012 3282/3631/3513
f 2816/3105/3025 3282/3631/3513 3283/3629/3514
f 3283/3629/3514 3282/3631/3513 3281/3632/3512
f 3283/3629/3514 3281/3632/3512 3284/3633/3515
f 3062/3630/3277 3283/3629/3514 3284/3633/3515
f 3062/3630/3277 3284/3633/3515 3065/3382/3280
f 2395/2648/2593 3071/3634/3286 3285/3635/3516
f 2395/2648/2593 3285/3635/3516 2691/2966/2897
f 3071/3634/3286 3065/3636/3280 3284/3637/3515
f 3071/3634/3286 3284/3637/3515 3285/3635/3516
f 3285/3635/3516 3284/3637/3515 3281/3627/3512
f 3285/3635/3516 3281/3627/3512 3280/3626/3511
f 2691/2966/2897 3285/3635/3516 3280/3626/3511
f 2691/2966/2897 3280/3626/3511 2690/2965/2896
f 2551/2813/2754 2634/2904/2840 3286/3638/3517
f 2551/2813/2754 3286/3638/3517 3287/3639/3518
f 2634/2904/2840 2639/2909/2845 3288/3640/3519
f 2634/2904/2840 3288/3640/3519 3286/3638/3517
f 3286/3638/3517 3288/3640/3519 3289/3641/3520
f 3286/3638/3517 3289/3641/3520 3290/3642/3521
f 3287/3639/3518 3286/3638/3517 3290/3642/3521
f 3287/3639/3518 3290/3642/3521 3291/3643/3522
f 2280/2530/2472 3292/3644/3523 3293/3645/3524
f 2280/2530/2472 3293/3645/3524 2861/3155/3070
f 3292/3644/3523 3291/3643/3522 3290/3642/3521
f 3292/3644/3523 3290/3642/3521 3293/3645/3524
f 3293/3645/3524 3290/3642/3521 3289/3641/3520
f 3293/3645/3524 3289/3641/3520 3294/3646/3525
f 2861/3155/3070 3293/3645/3524 3294/3646/3525
f 2861/3155/3070 3294/3646/3525 2860/3154/3069
f 2640/2910/2846 2858/3152/3067 3295/3647/3526
f 2640/2910/2846 3295/3647/3526 2641/2911/2847
f 2858/3152/3067 2860/3154/3069 3294/3646/3525
f 2858/3152/3067 3294/3646/3525 3295/3647/3526
f 3295/3647/3526 3294/3646/3525 3289/3641/3520
f 3295/3647/3526 3289/3641/3520 3288/3640/3519
f 2641/2911/2847 3295/3647/3526 3288/3640/3519
f 2641/2911/2847 3288/3640/3519 2639/2909/2845
f 2623/2893/2829 3296/3648/3527 3297/3649/3528
f 2623/2893/2829 3297/3649/3528 3298/3650/3529
f 3296/3648/3527 3299/3651/3530 3300/3652/3531
f 3296/3648/3527 3300/3652/3531 3297/3649/3528
f 3297/3649/3528 3300/3652/3531 3301/3653/3532
f 3297/3649/3528 3301/3653/3532 3302/3654/3533
f 3298/3650/3529 3297/3649/3528 3302/3654/3533
f 3298/3650/3529 3302/3654/3533 3303/3655/3534
f 2584/2854/2788 3304/3656/3535 3305/3657/3536
f 2584/2854/2788 3305/3657/3536 2585/2855/2789
f 3304/3656/3535 3303/3655/3534 3302/3654/3533
f 3304/3656/3535 3302/3654/3533 3305/3657/3536
f 3305/3657/3536 3302/3654/3533 3301/3653/3532
f 3305/3657/3536 3301/3653/3532 3306/3658/3537
f 2585/2855/2789 3305/3657/3536 3306/3658/3537
f 2585/2855/2789 3306/3658/3537 2583/2853/2787
f 2537/2796/2740 2579/2849/2783 3307/3659/3538
f 2537/2796/2740 3307/3659/3538 3308/3660/3539
f 2579/2849/2783 2583/2853/2787 3306/3658/3537
f 2579/2849/2783 3306/3658/3537 3307/3659/3538
f 3307/3659/3538 3306/3658/3537 3301/3653/3532
f 3307/3659/3538 3301/3653/3532 3300/3652/3531
f 3308/3660/3539 3307/3659/3538 3300/3652/3531
f 3308/3660/3539 3300/3652/3531 3299/3651/3530
f 2437/2690/2635 3309/3661/3540 3310/3662/3541
f 2437/2690/2635 3310/3662/3541 3311/3663/3542
f 3309/3661/3540 3312/3664/3543 3313/3665/3544
f 3309/3661/3540 3313/3665/3544 3310/3662/3541
f 3310/3662/3541 3313/3665/3544 3314/3666/3545
f 3310/3662/3541 3314/3666/3545 3315/3667/3546
f 3311/3663/3542 3310/3662/3541 3315/3667/3546
f 3311/3663/3542 3315/3667/3546 3316/3668/3547
f 2382/2635/2580 3317/3669/3548 3318/3670/3549
f 2382/2635/2580 3318/3670/3549 3319/3671/3550
f 3317/3669/3548 3316/3668/3547 3315/3667/3546
f 3317/3669/3548 3315/3667/3546 3318/3670/3549
f 3318/3670/3549 3315/3667/3546 3314/3666/3545
f 3318/3670/3549 3314/3666/3545 3320/3672/3551
f 3319/3671/3550 3318/3670/3549 3320/3672/3551
f 3319/3671/3550 3320/3672/3551 3321/3673/3552
f 2428/2681/2626 3322/3674/3553 3323/3675/3554
f 2428/2681/2626 3323/3675/3554 3324/3676/3555
f 3322/3674/3553 3321/3677/3552 3320/3678/3551
f 3322/3674/3553 3320/3678/3551 3323/3675/3554
f 3323/3675/3554 3320/3678/3551 3314/3679/3545
f 3323/3675/3554 3314/3679/3545 3313/3680/3544
f 3324/3676/3555 3323/3675/3554 3313/3680/3544
f 3324/3676/3555 3313/3680/3544 3312/3681/3543
f 2623/3682/2829 3134/3683/3354 3325/3684/3556
f 2623/3682/2829 3325/3684/3556 3326/3685/3557
f 3134/3683/3354 3136/3686/3356 3327/3687/3558
f 3134/3683/3354 3327/3687/3558 3325/3684/3556
f 3325/3684/3556 3327/3687/3558 3328/3688/3559
f 3325/3684/3556 3328/3688/3559 3329/3689/3560
f 3326/3685/3557 3325/3684/3556 3329/3689/3560
f 3326/3685/3557 3329/3689/3560 3330/3690/3561
f 2401/2654/2599 3120/3450/3340 3331/3691/3562
f 2401/2654/2599 3331/3691/3562 3332/3692/3563
f 3120/3450/3340 3125/3455/3345 3333/3693/3564
f 3120/3450/3340 3333/3693/3564 3331/3691/3562
f 3331/3691/3562 3333/3693/3564 3334/3694/3565
f 3331/3691/3562 3334/3694/3565 3335/3695/3566
f 3332/3692/3563 3331/3691/3562 3335/3695/3566
f 3332/3692/3563 3335/3695/3566 3336/3696/3567
f 2717/3003/2923 3337/3697/3568 3338/3698/3569
f 2717/3003/2923 3338/3698/3569 3339/3699/3570
f 3337/3697/3568 3336/3696/3567 3335/3695/3566
f 3337/3697/3568 3335/3695/3566 3338/3698/3569
f 3338/3698/3569 3335/3695/3566 3334/3694/3565
f 3338/3698/3569 3334/3694/3565 3340/3700/3571
f 3339/3699/3570 3338/3698/3569 3340/3700/3571
f 3339/3699/3570 3340/3700/3571 3341/3701/3572
f 2717/3003/2923 3339/3699/3570 3342/3702/3573
f 2717/3003/2923 3342/3702/3573 2718/3004/2924
f 3339/3699/3570 3341/3701/3572 3343/3703/3574
f 3339/3699/3570 3343/3703/3574 3342/3702/3573
f 3342/3702/3575 3343/3703/3576 3344/3704/3577
f 3342/3702/3575 3344/3704/3577 3345/3705/3578
f 2718/3004/2924 3342/3702/3575 3345/3705/3578
f 2718/3004/2924 3345/3705/3578 2721/3007/2927
f 2813/3102/3022 3064/3706/3279 3346/3707/3579
f 2813/3102/3022 3346/3707/3579 3150/3492/3371
f 3064/3706/3279 3069/3708/3284 3347/3709/3580
f 3064/3706/3279 3347/3709/3580 3346/3707/3579
f 3346/3707/3579 3347/3709/3580 3348/3710/3581
f 3346/3707/3579 3348/3710/3581 3349/3711/3582
f 3150/3492/3371 3346/3707/3579 3349/3711/3582
f 3150/3492/3371 3349/3711/3582 3153/3495/3374
f 2560/3712/2763 2563/3713/2766 3350/3714/3583
f 2560/3712/2763 3350/3714/3583 3351/3715/3584
f 2567/3716/3585 3352/3717/3586 3350/3714/3587
f 2567/3716/3585 3350/3714/3587 2563/3713/3585
f 3353/3718/3588 3351/3715/3589 3350/3714/3587
f 3353/3718/3588 3350/3714/3587 3352/3717/3586
f 2664/3719/2870 3354/3720/3590 3355/3721/3591
f 2664/3719/2870 3355/3721/3591 3356/3722/3592
f 3357/3723/3593 3358/3724/3594 3355/3721/3591
f 3357/3723/3593 3355/3721/3591 3354/3720/3590
f 3359/3725/3595 3356/3722/3592 3355/3721/3591
f 3359/3725/3595 3355/3721/3591 3358/3724/3594
f 2592/2953/2796 2681/2956/2887 3360/3726/3596
f 2592/2953/2796 3360/3726/3596 3361/3727/3597
f 2681/2956/2887 2672/2942/2878 3362/3728/3598
f 2681/2956/2887 3362/3728/3598 3360/3726/3596
f 3360/3726/3596 3362/3728/3598 3363/3729/3599
f 3360/3726/3596 3363/3729/3599 3364/3730/3600
f 3361/3727/3597 3360/3726/3596 3364/3730/3600
f 3361/3727/3597 3364/3730/3600 3365/3731/3601
f 3365/3731/3601 3364/3730/3600 3366/3732/3602
f 3365/3731/3601 3366/3732/3602 3367/3733/3603
f 3364/3730/3600 3363/3729/3599 3368/3734/3604
f 3364/3730/3600 3368/3734/3604 3366/3732/3602
f 3366/3732/3602 3368/3734/3604 3369/3735/3605
f 3366/3732/3602 3369/3735/3605 3370/3736/3606
f 3367/3733/3603 3366/3732/3602 3370/3736/3606
f 3367/3733/3603 3370/3736/3606 2252/3737/2444
f 3363/3729/3599 3371/3738/3607 3372/3739/3608
f 3363/3729/3599 3372/3739/3608 3368/3734/3604
f 3371/3738/3607 2770/3059/2979 2771/3060/2980
f 3371/3738/3607 2771/3060/2980 3372/3739/3608
f 3372/3739/3608 2771/3060/2980 2658/2928/2864
f 3372/3739/3608 2658/2928/2864 3373/3740/3609
f 3368/3734/3604 3372/3739/3608 3373/3740/3609
f 3368/3734/3604 3373/3740/3609 3369/3735/3605
f 2672/2942/2878 2669/2939/2875 3374/3741/3610
f 2672/2942/2878 3374/3741/3610 3362/3728/3598
f 2669/2939/2875 2668/2938/2874 2768/3057/2977
f 2669/2939/2875 2768/3057/2977 3374/3741/3610
f 3374/3741/3610 2768/3057/2977 2770/3059/2979
f 3374/3741/3610 2770/3059/2979 3371/3738/3607
f 3362/3728/3598 3374/3741/3610 3371/3738/3607
f 3362/3728/3598 3371/3738/3607 3363/3729/3599
f 2464/3742/2662 2471/3743/2669 3375/3744/3611
f 2464/3742/2662 3375/3744/3611 3087/3745/3302
f 2471/3743/2669 2475/3746/2673 3376/3747/3612
f 2471/3743/2669 3376/3747/3612 3375/3744/3611
f 3375/3744/3611 3376/3747/3612 3377/3748/3613
f 3375/3744/3611 3377/3748/3613 3378/3749/3614
f 3087/3745/3302 3375/3744/3611 3378/3749/3614
f 3087/3745/3302 3378/3749/3614 3089/3750/3304
f 2276/2767/2712 3096/3418/3615 3379/3751/3616
f 2276/2767/2712 3379/3751/3616 2513/2768/2713
f 3096/3418/3311 3089/3423/3304 3378/3752/3614
f 3096/3418/3311 3378/3752/3614 3379/3751/3617
f 3379/3751/3617 3378/3752/3614 3377/3753/3613
f 3379/3751/3617 3377/3753/3613 3380/3754/3618
f 2513/2768/2713 3379/3751/3616 3380/3754/3619
f 2513/2768/2713 3380/3754/3619 2516/2771/2716
f 2446/2782/2644 2526/2785/2729 3381/3755/3620
f 2446/2782/2644 3381/3755/3620 2447/3756/2645
f 2526/2785/2729 2531/2790/2734 3382/3757/3621
f 2526/2785/2729 3382/3757/3621 3381/3755/3620
f 3381/3755/3620 3382/3757/3621 3383/3758/3622
f 3381/3755/3620 3383/3758/3622 3384/3759/3623
f 2447/3756/2645 3381/3755/3620 3384/3759/3623
f 2447/3756/2645 3384/3759/3623 2445/3760/2643
f 2437/3761/2635 2440/3762/2638 3385/3763/3624
f 2437/3761/2635 3385/3763/3624 3309/3764/3540
f 2440/3762/2638 2445/3760/2643 3384/3759/3623
f 2440/3762/2638 3384/3759/3623 3385/3763/3624
f 3385/3763/3624 3384/3759/3623 3383/3758/3622
f 3385/3763/3624 3383/3758/3622 3386/3765/3625
f 3309/3764/3540 3385/3763/3624 3386/3765/3625
f 3309/3764/3540 3386/3765/3625 3312/3681/3543
f 2428/2681/2626 3324/3676/3555 3387/3766/3626
f 2428/2681/2626 3387/3766/3626 2532/2791/2735
f 3324/3676/3555 3312/3681/3543 3386/3765/3625
f 3324/3676/3555 3386/3765/3625 3387/3766/3626
f 3387/3766/3626 3386/3765/3625 3383/3758/3622
f 3387/3766/3626 3383/3758/3622 3382/3757/3621
f 2532/2791/2735 3387/3766/3626 3382/3757/3621
f 2532/2791/2735 3382/3757/3621 2531/2790/2734
f 2428/2681/2626 2534/2793/2737 3388/3767/3627
f 2428/2681/2626 3388/3767/3627 2429/2682/2627
f 2534/2793/2737 2536/2795/2739 3389/3768/3628
f 2534/2793/2737 3389/3768/3628 3388/3767/3627
f 3388/3767/3627 3389/3768/3629 3390/3769/3630
f 3388/3767/3627 3390/3769/3630 3391/3770/3631
f 2429/2682/2627 3388/3767/3627 3391/3770/3631
f 2429/2682/2627 3391/3770/3631 2432/2685/2630
f 2252/3737/2444 2255/3771/2447 3392/3772/3632
f 2252/3737/2444 3392/3772/3632 3367/3733/3603
f 2255/3771/2447 2260/3773/2452 3393/3774/3633
f 2255/3771/2447 3393/3774/3633 3392/3772/3632
f 3392/3772/3632 3393/3774/3633 3394/3775/3634
f 3392/3772/3632 3394/3775/3634 3395/3776/3635
f 3367/3733/3603 3392/3772/3632 3395/3776/3635
f 3367/3733/3603 3395/3776/3635 3365/3731/3601
f 2592/2862/2796 3361/3777/3597 3396/3778/3636
f 2592/2862/2796 3396/3778/3636 3397/3779/3637
f 3361/3777/3597 3365/3780/3601 3395/3781/3635
f 3361/3777/3597 3395/3781/3635 3396/3778/3636
f 3396/3778/3636 3395/3781/3635 3394/3782/3634
f 3396/3778/3636 3394/3782/3634 3398/3783/3638
f 3397/3779/3637 3396/3778/3636 3398/3783/3638
f 3397/3779/3637 3398/3783/3638 3399/3784/3639
f 2592/2862/2796 3397/3779/3637 3400/3785/3640
f 2592/2862/2796 3400/3785/3640 2593/2863/2797
f 3399/3784/3639 3401/3786/3641 3400/3785/3640
f 3399/3784/3639 3400/3785/3640 3397/3779/3637
f 3402/3787/3642 3403/3788/3643 3400/3785/3640
f 3402/3787/3642 3400/3785/3640 3401/3786/3641
f 3404/3789/3644 3405/3790/3645 3400/3785/3640
f 3404/3789/3644 3400/3785/3640 3403/3788/3643
f 2596/2866/2800 2593/2863/2797 3400/3785/3640
f 2596/2866/2800 3400/3785/3640 3405/3790/3645
f 2414/3791/2612 2417/3792/2615 3406/3793/3646
f 2414/3791/2612 3406/3793/3646 3081/3794/3296
f 2417/3792/2615 2419/3795/2617 3407/3796/3647
f 2417/3792/2615 3407/3796/3647 3406/3793/3646
f 3406/3793/3646 3407/3796/3647 3408/3797/3648
f 3406/3793/3646 3408/3797/3648 3409/3798/3649
f 3081/3794/3296 3406/3793/3646 3409/3798/3649
f 3081/3794/3296 3409/3798/3649 3083/3799/3298
f 2386/2639/2584 2422/2675/2620 3410/3800/3650
f 2386/2639/2584 3410/3800/3650 2387/2640/2585
f 2422/2675/2620 2427/2680/2625 3411/3801/3651
f 2422/2675/2620 3411/3801/3651 3410/3800/3650
f 3410/3800/3650 3411/3801/3651 3412/3802/3652
f 3410/3800/3650 3412/3802/3652 3413/3803/3653
f 2387/2640/2585 3410/3800/3650 3413/3803/3653
f 2387/2640/2585 3413/3803/3653 2390/2643/2588
f 2401/2654/2599 2404/2657/2602 3414/3804/3654
f 2401/2654/2599 3414/3804/3654 3118/3448/3338
f 2404/2657/2602 2390/2643/2588 3413/3803/3653
f 2404/2657/2602 3413/3803/3653 3414/3804/3654
f 3414/3804/3654 3413/3803/3653 3412/3802/3652
f 3414/3804/3654 3412/3802/3652 3415/3805/3655
f 3118/3448/3338 3414/3804/3654 3415/3805/3655
f 3118/3448/3338 3415/3805/3655 3121/3451/3341
f 2382/2635/2580 3319/3671/3550 3416/3806/3656
f 2382/2635/2580 3416/3806/3656 2629/2899/2835
f 3319/3671/3550 3321/3673/3552 3417/3807/3657
f 3319/3671/3550 3417/3807/3657 3416/3806/3656
f 3416/3806/3656 3417/3807/3657 3418/3808/3658
f 3416/3806/3656 3418/3808/3658 3419/3809/3659
f 2629/2899/2835 3416/3806/3656 3419/3809/3659
f 2629/2899/2835 3419/3809/3659 2628/2898/2834
f 2623/2893/2829 2626/2896/2832 3420/3810/3660
f 2623/2893/2829 3420/3810/3660 3132/3462/3352
f 2626/2896/2832 2628/2898/2834 3419/3809/3659
f 2626/2896/2832 3419/3809/3659 3420/3810/3660
f 3420/3810/3660 3419/3809/3659 3418/3808/3658
f 3420/3810/3660 3418/3808/3658 3421/3811/3661
f 3132/3462/3352 3420/3810/3660 3421/3811/3661
f 3132/3462/3352 3421/3811/3661 3131/3465/3351
f 2428/2681/2626 3127/3457/3347 3422/3812/3662
f 2428/2681/2626 3422/3812/3662 3322/3674/3553
f 3127/3457/3347 3131/3461/3351 3421/3813/3661
f 3127/3457/3347 3421/3813/3661 3422/3812/3662
f 3422/3812/3662 3421/3813/3661 3418/3814/3658
f 3422/3812/3662 3418/3814/3658 3417/3815/3657
f 3322/3674/3553 3422/3812/3662 3417/3815/3657
f 3322/3674/3553 3417/3815/3657 3321/3677/3552
f 2506/2805/2705 3099/3816/3314 3423/3817/3663
f 2506/2805/2705 3423/3817/3663 3424/3818/3664
f 3099/3816/3314 3104/3819/3320 3425/3820/3665
f 3099/3816/3314 3425/3820/3665 3423/3817/3663
f 3423/3817/3663 3425/3820/3665 3426/3821/3666
f 3423/3817/3663 3426/3821/3666 3427/3822/3667
f 3424/3818/3664 3423/3817/3663 3427/3822/3667
f 3424/3818/3664 3427/3822/3667 3428/3823/3668
f 2280/2530/2472 3429/3824/3669 3430/3825/3670
f 2280/2530/2472 3430/3825/3670 2281/2531/2473
f 3429/3824/3669 3428/3823/3668 3427/3822/3667
f 3429/3824/3669 3427/3822/3667 3430/3825/3670
f 3430/3825/3670 3427/3822/3667 3426/3821/3666
f 3430/3825/3670 3426/3821/3666 3431/3826/3671
f 2281/2531/2473 3430/3825/3670 3431/3826/3671
f 2281/2531/2473 3431/3826/3671 2284/2534/2476
f 2289/2539/2481 2292/2542/2484 3432/3827/3672
f 2289/2539/2481 3432/3827/3672 3105/3828/3321
f 2292/2542/2484 2284/2534/2476 3431/3826/3671
f 2292/2542/2484 3431/3826/3671 3432/3827/3672
f 3432/3827/3672 3431/3826/3671 3426/3821/3666
f 3432/3827/3672 3426/3821/3666 3425/3820/3665
f 3105/3828/3321 3432/3827/3672 3425/3820/3665
f 3105/3828/3321 3425/3820/3665 3104/3819/3320
f 2280/2530/2472 2283/2533/2475 3433/3829/3673
f 2280/2530/2472 3433/3829/3673 3292/3644/3523
f 2283/2533/2475 2288/2538/2480 3434/3830/3674
f 2283/2533/2475 3434/3830/3674 3433/3829/3673
f 3433/3829/3673 3434/3830/3674 3435/3831/3675
f 3433/3829/3673 3435/3831/3675 3436/3832/3676
f 3292/3644/3523 3433/3829/3673 3436/3832/3676
f 3292/3644/3523 3436/3832/3676 3291/3643/3522
f 2551/2813/2754 3287/3639/3518 3437/3833/3677
f 2551/2813/2754 3437/3833/3677 2552/2814/2755
f 3287/3639/3518 3291/3643/3522 3436/3832/3676
f 3287/3639/3518 3436/3832/3676 3437/3833/3677
f 3437/3833/3677 3436/3832/3676 3435/3831/3675
f 3437/3833/3677 3435/3831/3675 3438/3834/3678
f 2552/2814/2755 3437/3833/3677 3438/3834/3678
f 2552/2814/2755 3438/3834/3678 2555/2817/2758
f 2551/2813/2754 2554/2816/2757 3439/3835/3679
f 2551/2813/2754 3439/3835/3679 2632/2902/2838
f 2554/2816/2757 2559/2821/2762 3440/3836/3680
f 2554/2816/2757 3440/3836/3680 3439/3835/3679
f 3439/3835/3679 3440/3836/3680 3441/3837/3681
f 3439/3835/3679 3441/3837/3681 3442/3838/3682
f 2632/2902/2838 3439/3835/3679 3442/3838/3682
f 2632/2902/2838 3442/3838/3682 2635/2905/2841
f 2646/2916/2852 2649/2919/2855 3443/3839/3683
f 2646/2916/2852 3443/3839/3683 3444/3840/3684
f 2649/2919/2855 2635/2905/2841 3442/3838/3682
f 2649/2919/2855 3442/3838/3682 3443/3839/3683
f 3443/3839/3683 3442/3838/3682 3441/3837/3681
f 3443/3839/3683 3441/3837/3681 3445/3841/3685
f 3444/3840/3684 3443/3839/3683 3445/3841/3685
f 3444/3840/3684 3445/3841/3685 3446/3842/3686
f 2560/2822/2763 3447/3843/3687 3448/3844/3688
f 2560/2822/2763 3448/3844/3688 2561/2823/2764
f 3447/3843/3687 3446/3842/3686 3445/3841/3685
f 3447/3843/3687 3445/3841/3685 3448/3844/3688
f 3448/3844/3688 3445/3841/3685 3441/3837/3681
f 3448/3844/3688 3441/3837/3681 3440/3836/3680
f 2561/2823/2764 3448/3844/3688 3440/3836/3680
f 2561/2823/2764 3440/3836/3680 2559/2821/2762
f 2401/2654/2599 3332/3692/3563 3449/3845/3689
f 2401/2654/2599 3449/3845/3689 2402/2655/2600
f 3332/3692/3563 3336/3696/3567 3450/3846/3690
f 3332/3692/3563 3450/3846/3690 3449/3845/3689
f 3449/3845/3689 3450/3846/3690 3451/3847/3691
f 3449/3845/3689 3451/3847/3691 3452/3848/3692
f 2402/2655/2600 3449/3845/3689 3452/3848/3692
f 2402/2655/2600 3452/3848/3692 2400/2653/2598
f 2395/2648/2593 2398/2651/2596 3453/3849/3693
f 2395/2648/2593 3453/3849/3693 2709/2995/2915
f 2398/2651/2596 2400/2653/2598 3452/3848/3692
f 2398/2651/2596 3452/3848/3692 3453/3849/3693
f 3453/3849/3693 3452/3848/3692 3451/3847/3691
f 3453/3849/3693 3451/3847/3691 3454/3850/3694
f 2709/2995/2915 3453/3849/3693 3454/3850/3694
f 2709/2995/2915 3454/3850/3694 2712/2998/2918
f 2717/3003/2923 2720/3006/2926 3455/3851/3695
f 2717/3003/2923 3455/3851/3695 3337/3697/3568
f 2720/3006/2926 2712/2998/2918 3454/3850/3694
f 2720/3006/2926 3454/3850/3694 3455/3851/3695
f 3455/3851/3695 3454/3850/3694 3451/3847/3691
f 3455/3851/3695 3451/3847/3691 3450/3846/3690
f 3337/3697/3568 3455/3851/3695 3450/3846/3690
f 3337/3697/3568 3450/3846/3690 3336/3696/3567
f 2374/3852/2572 2737/3853/2943 3456/3854/3696
f 2374/3852/2572 3456/3854/3696 2375/3855/2573
f 2740/3856/2948 3457/3857/3697 3456/3854/3698
f 2740/3856/2948 3456/3854/3698 2737/3853/2949
f 2378/3858/2576 2375/3855/2573 3456/3854/3696
f 2378/3858/2576 3456/3854/3696 3457/3857/3699
f 2363/2616/2561 2366/2619/2564 3458/3859/3700
f 2363/2616/2561 3458/3859/3700 2604/2874/2808
f 2373/2626/2571 3459/3860/3701 3458/3859/3702
f 2373/2626/2571 3458/3859/3702 2366/2619/2564
f 2607/2877/2811 2604/2874/2814 3458/3859/3702
f 2607/2877/2811 3458/3859/3702 3459/3860/3701
f 2270/2515/2462 3460/3861/3703 3461/3862/3704
f 2270/2515/2462 3461/3862/3704 3148/3486/3369
f 3460/3861/3703 3462/3863/3705 3463/3864/3706
f 3460/3861/3703 3463/3864/3706 3461/3862/3704
f 3461/3862/3704 3463/3864/3706 3464/3865/3707
f 3461/3862/3704 3464/3865/3707 3465/3866/3708
f 3148/3486/3369 3461/3862/3704 3465/3866/3708
f 3148/3486/3369 3465/3866/3708 3147/3488/3368
f 2363/2616/2561 3144/3867/3365 3466/3868/3709
f 2363/2616/2561 3466/3868/3709 2364/2617/2562
f 3144/3867/3365 3147/3488/3368 3465/3866/3708
f 3144/3867/3365 3465/3866/3708 3466/3868/3709
f 3466/3868/3709 3465/3866/3708 3464/3865/3707
f 3466/3868/3709 3464/3865/3707 3467/3869/3710
f 2364/2617/2562 3466/3868/3709 3467/3869/3710
f 2364/2617/2562 3467/3869/3710 2367/2620/2565
f 2382/2635/2580 2385/2638/2583 3468/3870/3711
f 2382/2635/2580 3468/3870/3711 3469/3871/3712
f 2385/2638/2583 2367/2620/2565 3467/3869/3710
f 2385/2638/2583 3467/3869/3710 3468/3870/3711
f 3468/3870/3711 3467/3869/3710 3464/3865/3707
f 3468/3870/3711 3464/3865/3707 3463/3864/3706
f 3469/3871/3712 3468/3870/3711 3463/3864/3706
f 3469/3871/3712 3463/3864/3706 3462/3863/3705
f 2664/2934/2870 3470/3872/3713 3471/3873/3714
f 2664/2934/2870 3471/3873/3714 2665/2935/2871
f 3470/3872/3713 3472/3874/3715 3473/3875/3716
f 3470/3872/3713 3473/3875/3716 3471/3873/3714
f 3471/3873/3714 3473/3875/3716 3474/3876/3717
f 3471/3873/3714 3474/3876/3717 3475/3877/3718
f 2665/2935/2871 3471/3873/3714 3475/3877/3718
f 2665/2935/2871 3475/3877/3718 2663/2933/2869
f 2658/2928/2864 2661/2931/2867 3476/3878/3719
f 2658/2928/2864 3476/3878/3719 3373/3740/3609
f 2661/2931/2867 2663/2933/2869 3475/3877/3718
f 2661/2931/2867 3475/3877/3718 3476/3878/3719
f 3476/3878/3719 3475/3877/3718 3474/3876/3717
f 3476/3878/3719 3474/3876/3717 3477/3879/3720
f 3373/3740/3609 3476/3878/3719 3477/3879/3720
f 3373/3740/3609 3477/3879/3720 3369/3735/3605
f 2252/3737/2444 3370/3736/3606 3478/3880/3721
f 2252/3737/2444 3478/3880/3721 3479/3881/3722
f 3370/3736/3606 3369/3735/3605 3477/3879/3720
f 3370/3736/3606 3477/3879/3720 3478/3880/3721
f 3478/3880/3721 3477/3879/3720 3474/3876/3717
f 3478/3880/3721 3474/3876/3717 3473/3875/3716
f 3479/3881/3722 3478/3880/3721 3473/3875/3716
f 3479/3881/3722 3473/3875/3716 3472/3874/3715
f 2623/2893/2829 3298/3650/3529 3480/3882/3723
f 2623/2893/2829 3480/3882/3723 2624/2894/2830
f 3298/3650/3529 3303/3655/3534 3481/3883/3724
f 3298/3650/3529 3481/3883/3724 3480/3882/3723
f 3480/3882/3723 3481/3883/3724 3482/3884/3725
f 3480/3882/3723 3482/3884/3725 3483/3885/3726
f 2624/2894/2830 3480/3882/3723 3483/3885/3726
f 2624/2894/2830 3483/3885/3726 2622/2892/2828
f 2614/2884/2820 2617/2887/2823 3484/3886/3727
f 2614/2884/2820 3484/3886/3727 2834/3128/3043
f 2617/2887/2823 2622/2892/2828 3483/3885/3726
f 2617/2887/2823 3483/3885/3726 3484/3886/3727
f 3484/3886/3727 3483/3885/3726 3482/3884/3725
f 3484/3886/3727 3482/3884/3725 3485/3887/3728
f 2834/3128/3043 3484/3886/3727 3485/3887/3728
f 2834/3128/3043 3485/3887/3728 2836/3130/3045
f 2584/2854/2788 2846/3140/3055 3486/3888/3729
f 2584/2854/2788 3486/3888/3729 3304/3656/3535
f 2846/3140/3055 2836/3130/3045 3485/3887/3728
f 2846/3140/3055 3485/3887/3728 3486/3888/3729
f 3486/3888/3729 3485/3887/3728 3482/3884/3725
f 3486/3888/3729 3482/3884/3725 3481/3883/3724
f 3304/3656/3535 3486/3888/3729 3481/3883/3724
f 3304/3656/3535 3481/3883/3724 3303/3655/3534
f 2506/2805/2705 3424/3818/3664 3487/3889/3730
f 2506/2805/2705 3487/3889/3730 2590/2860/2794
f 3424/3818/3664 3428/3823/3668 3488/3890/3731
f 3424/3818/3664 3488/3890/3731 3487/3889/3730
f 3487/3889/3730 3488/3890/3731 3489/3891/3732
f 3487/3889/3730 3489/3891/3732 3490/3892/3733
f 2590/2860/2794 3487/3889/3730 3490/3892/3733
f 2590/2860/2794 3490/3892/3733 2589/2859/2793
f 2584/2854/2788 2587/2857/2791 3491/3893/3734
f 2584/2854/2788 3491/3893/3734 3033/3336/3248
f 2587/2857/2791 2589/2859/2793 3490/3892/3733
f 2587/2857/2791 3490/3892/3733 3491/3893/3734
f 3491/3893/3734 3490/3892/3733 3489/3891/3732
f 3491/3893/3734 3489/3891/3732 3492/3894/3735
f 3033/3336/3248 3491/3893/3734 3492/3894/3735
f 3033/3336/3248 3492/3894/3735 3036/3339/3251
f 2280/2530/2472 3045/3348/3260 3493/3895/3736
f 2280/2530/2472 3493/3895/3736 3429/3824/3669
f 3045/3348/3260 3036/3339/3251 3492/3894/3735
f 3045/3348/3260 3492/3894/3735 3493/3895/3736
f 3493/3895/3736 3492/3894/3735 3489/3891/3732
f 3493/3895/3736 3489/3891/3732 3488/3890/3731
f 3429/3824/3669 3493/3895/3736 3488/3890/3731
f 3429/3824/3669 3488/3890/3731 3428/3823/3668
f 3273/3619/3504 3494/3896/3737 3495/3897/3738
f 3273/3619/3504 3495/3897/3738 3274/3620/3505
f 3494/3896/3737 3496/3898/3739 3497/3899/3740
f 3494/3896/3737 3497/3899/3740 3495/3897/3738
f 3495/3897/3738 3497/3899/3740 3498/3900/3741
f 3495/3897/3738 3498/3900/3741 3499/3901/3742
f 3274/3620/3505 3495/3897/3738 3499/3901/3742
f 3274/3620/3505 3499/3901/3742 3277/3623/3508
f 3277/3902/3508 3499/3903/3742 3500/3904/3743
f 3277/3902/3508 3500/3904/3743 3501/3905/3744
f 3499/3903/3742 3498/3906/3741 3502/3907/3745
f 3499/3903/3742 3502/3907/3745 3500/3904/3743
f 3500/3904/3743 3502/3907/3745 3503/3908/3746
f 3500/3904/3743 3503/3908/3746 3504/3909/3747
f 3501/3905/3744 3500/3904/3743 3504/3909/3747
f 3501/3905/3744 3504/3909/3747 3505/3910/3748
f 3498/3900/3741 3506/3911/3749 3507/3912/3750
f 3498/3900/3741 3507/3912/3750 3502/3913/3745
f 3506/3911/3749 3233/3579/3464 3508/3914/3751
f 3506/3911/3749 3508/3914/3751 3507/3912/3750
f 3507/3912/3750 3508/3914/3751 3509/3915/3752
f 3507/3912/3750 3509/3915/3752 3510/3916/3753
f 3502/3913/3745 3507/3912/3750 3510/3916/3753
f 3502/3913/3745 3510/3916/3753 3503/3917/3746
f 3496/3898/3739 3511/3918/3754 3512/3919/3755
f 3496/3898/3739 3512/3919/3755 3497/3899/3740
f 3511/3918/3754 3228/3574/3459 3231/3577/3462
f 3511/3918/3754 3231/3577/3462 3512/3919/3755
f 3512/3919/3755 3231/3577/3462 3233/3579/3464
f 3512/3919/3755 3233/3579/3464 3506/3911/3749
f 3497/3899/3740 3512/3919/3755 3506/3911/3749
f 3497/3899/3740 3506/3911/3749 3498/3900/3741
f 2414/2971/2612 2698/2974/2904 3513/3920/3756
f 2414/2971/2612 3513/3920/3756 2731/3017/2937
f 2698/2974/2904 2703/2979/2909 3514/3921/3757
f 2698/2974/2904 3514/3921/3757 3513/3920/3756
f 3513/3920/3756 3514/3921/3757 3515/3922/3758
f 3513/3920/3756 3515/3922/3758 3516/3923/3759
f 2731/3017/2937 3513/3920/3756 3516/3923/3759
f 2731/3017/2937 3516/3923/3759 2730/3016/2936
f 2668/2938/2874 2726/3012/2932 3517/3924/3760
f 2668/2938/2874 3517/3924/3760 2784/3073/2993
f 2726/3012/2932 2730/3016/2936 3516/3923/3759
f 2726/3012/2932 3516/3923/3759 3517/3924/3760
f 3517/3924/3760 3516/3923/3759 3515/3922/3758
f 3517/3924/3760 3515/3922/3758 3518/3925/3761
f 2784/3073/2993 3517/3924/3760 3518/3925/3761
f 2784/3073/2993 3518/3925/3761 2787/3076/2996
f 2682/2957/2888 2799/3088/3008 3519/3926/3762
f 2682/2957/2888 3519/3926/3762 2704/3927/2910
f 2799/3088/3008 2787/3076/2996 3518/3925/3761
f 2799/3088/3008 3518/3925/3761 3519/3926/3762
f 3519/3926/3762 3518/3925/3761 3515/3922/3758
f 3519/3926/3762 3515/3922/3758 3514/3921/3757
f 2704/3927/2910 3519/3926/3762 3514/3921/3757
f 2704/3927/2910 3514/3921/3757 2703/2979/2909
f 2374/2627/2572 2752/3041/2961 3520/3928/3763
f 2374/2627/2572 3520/3928/3763 2735/3024/2941
f 2756/3045/2965 3521/3929/3764 3520/3928/3763
f 2756/3045/2965 3520/3928/3763 2752/3041/2961
f 2738/3027/2944 2735/3024/2947 3520/3928/3763
f 2738/3027/2944 3520/3928/3763 3521/3929/3764
f 2640/2910/2846 2643/2913/2849 3522/3930/3765
f 2640/2910/2846 3522/3930/3765 3523/3931/3766
f 2643/2913/2849 2645/2915/2851 3524/3932/3767
f 2643/2913/2849 3524/3932/3767 3522/3930/3765
f 3522/3930/3765 3524/3932/3767 3525/3933/3768
f 3522/3930/3765 3525/3933/3768 3526/3934/3769
f 3523/3931/3766 3522/3930/3765 3526/3934/3769
f 3523/3931/3766 3526/3934/3769 3527/3935/3770
f 2757/3046/2966 3528/3936/3771 3529/3937/3772
f 2757/3046/2966 3529/3937/3772 2780/3069/2989
f 3528/3936/3771 3527/3935/3770 3526/3934/3769
f 3528/3936/3771 3526/3934/3769 3529/3937/3772
f 3529/3937/3772 3526/3934/3769 3525/3933/3768
f 3529/3937/3772 3525/3933/3768 3530/3938/3773
f 2780/3069/2989 3529/3937/3772 3530/3938/3773
f 2780/3069/2989 3530/3938/3773 2779/3068/2988
f 2646/2916/2852 2775/3064/2984 3531/3939/3774
f 2646/2916/2852 3531/3939/3774 2647/2917/2853
f 2775/3064/2984 2779/3068/2988 3530/3938/3773
f 2775/3064/2984 3530/3938/3773 3531/3939/3774
f 3531/3939/3774 3530/3938/3773 3525/3933/3768
f 3531/3939/3774 3525/3933/3768 3524/3932/3767
f 2647/2917/2853 3531/3939/3774 3524/3932/3767
f 2647/2917/2853 3524/3932/3767 2645/2915/2851
f 2813/3102/3022 3152/3494/3373 3532/3940/3775
f 2813/3102/3022 3532/3940/3775 2814/3103/3023
f 3152/3494/3373 3157/3499/3378 3533/3941/3776
f 3152/3494/3373 3533/3941/3776 3532/3940/3775
f 3532/3940/3775 3533/3941/3776 3534/3942/3777
f 3532/3940/3775 3534/3942/3777 3535/3943/3778
f 2814/3103/3023 3532/3940/3775 3535/3943/3778
f 2814/3103/3023 3535/3943/3778 2812/3106/3021
f 2332/2582/2530 2810/3099/3019 3536/3944/3779
f 2332/2582/2530 3536/3944/3779 2333/2583/2531
f 2810/3099/3019 2812/3101/3021 3535/3945/3778
f 2810/3099/3019 3535/3945/3778 3536/3944/3779
f 3536/3944/3779 3535/3945/3778 3534/3946/3777
f 3536/3944/3779 3534/3946/3777 3537/3947/3780
f 2333/2583/2531 3536/3944/3779 3537/3947/3780
f 2333/2583/2531 3537/3947/3780 2336/2586/2534
f 2640/2910/2846 3523/3931/3766 3538/3948/3781
f 2640/2910/2846 3538/3948/3781 3265/3611/3496
f 3523/3931/3766 3527/3935/3770 3539/3949/3782
f 3523/3931/3766 3539/3949/3782 3538/3948/3781
f 3538/3948/3781 3539/3949/3782 3540/3950/3783
f 3538/3948/3781 3540/3950/3783 3541/3951/3784
f 3265/3611/3496 3538/3948/3781 3541/3951/3784
f 3265/3611/3496 3541/3951/3784 3264/3610/3495
f 2315/2565/2510 3262/3608/3493 3542/3952/3785
f 2315/2565/2510 3542/3952/3785 3543/3953/3786
f 3262/3608/3493 3264/3610/3495 3541/3951/3784
f 3262/3608/3493 3541/3951/3784 3542/3952/3785
f 3542/3952/3785 3541/3951/3784 3540/3950/3783
f 3542/3952/3785 3540/3950/3783 3544/3954/3787
f 3543/3953/3786 3542/3952/3785 3544/3954/3787
f 3543/3953/3786 3544/3954/3787 3545/3955/3788
f 2757/3046/2966 3546/3956/3789 3547/3957/3790
f 2757/3046/2966 3547/3957/3790 3528/3936/3771
f 3546/3956/3789 3545/3955/3788 3544/3954/3787
f 3546/3956/3789 3544/3954/3787 3547/3957/3790
f 3547/3957/3790 3544/3954/3787 3540/3950/3783
f 3547/3957/3790 3540/3950/3783 3539/3949/3782
f 3528/3936/3771 3547/3957/3790 3539/3949/3782
f 3528/3936/3771 3539/3949/3782 3527/3935/3770
f 2741/3030/2950 2819/3113/3028 3548/3958/3791
f 2741/3030/2950 3548/3958/3791 3267/3613/3498
f 2819/3113/3028 2824/3118/3033 3549/3959/3792
f 2819/3113/3028 3549/3959/3792 3548/3958/3791
f 3548/3958/3791 3549/3959/3792 3550/3960/3793
f 3548/3958/3791 3550/3960/3793 3551/3961/3794
f 3267/3613/3498 3548/3958/3791 3551/3961/3794
f 3267/3613/3498 3551/3961/3794 3269/3615/3500
f 3273/3619/3504 3276/3622/3507 3552/3962/3795
f 3273/3619/3504 3552/3962/3795 3553/3963/3796
f 3276/3622/3507 3269/3615/3500 3551/3961/3794
f 3276/3622/3507 3551/3961/3794 3552/3962/3795
f 3552/3962/3795 3551/3961/3794 3550/3960/3793
f 3552/3962/3795 3550/3960/3793 3554/3964/3797
f 3553/3963/3796 3552/3962/3795 3554/3964/3797
f 3553/3963/3796 3554/3964/3797 3555/3965/3798
f 2825/3119/3034 3556/3966/3799 3557/3967/3800
f 2825/3119/3034 3557/3967/3800 2826/3120/3035
f 3556/3966/3799 3555/3965/3798 3554/3964/3797
f 3556/3966/3799 3554/3964/3797 3557/3967/3800
f 3557/3967/3800 3554/3964/3797 3550/3960/3793
f 3557/3967/3800 3550/3960/3793 3549/3959/3792
f 2826/3120/3035 3557/3967/3800 3549/3959/3792
f 2826/3120/3035 3549/3959/3792 2824/3118/3033
f 2825/3119/3034 2841/3135/3050 3558/3968/3801
f 2825/3119/3034 3558/3968/3801 3559/3969/3802
f 2841/3135/3050 2843/3137/3052 3560/3970/3803
f 2841/3135/3050 3560/3970/3803 3558/3968/3801
f 3558/3968/3801 3560/3970/3803 3561/3971/3804
f 3558/3968/3801 3561/3971/3804 3562/3972/3805
f 3559/3969/3802 3558/3968/3801 3562/3972/3805
f 3559/3969/3802 3562/3972/3805 3563/3973/3806
f 2945/3244/3155 3564/3974/3807 3565/3975/3808
f 2945/3244/3155 3565/3975/3808 3158/3500/3379
f 3564/3974/3807 3563/3973/3806 3562/3972/3805
f 3564/3974/3807 3562/3972/3805 3565/3975/3808
f 3565/3975/3808 3562/3972/3805 3561/3971/3804
f 3565/3975/3808 3561/3971/3804 3566/3976/3809
f 3158/3500/3379 3565/3975/3808 3566/3976/3809
f 3158/3500/3379 3566/3976/3809 3160/3502/3381
f 2584/2854/2788 3166/3508/3387 3567/3977/3810
f 2584/2854/2788 3567/3977/3810 2844/3138/3053
f 3166/3508/3387 3160/3502/3381 3566/3976/3809
f 3166/3508/3387 3566/3976/3809 3567/3977/3810
f 3567/3977/3810 3566/3976/3809 3561/3971/3804
f 3567/3977/3810 3561/3971/3804 3560/3970/3803
f 2844/3138/3053 3567/3977/3810 3560/3970/3803
f 2844/3138/3053 3560/3970/3803 2843/3137/3052
f 2584/2854/2788 3035/3338/3250 3568/3978/3811
f 2584/2854/2788 3568/3978/3811 2873/3167/3082
f 3035/3338/3250 3040/3343/3255 3569/3979/3812
f 3035/3338/3250 3569/3979/3812 3568/3978/3811
f 3568/3978/3811 3569/3979/3812 3570/3980/3813
f 3568/3978/3811 3570/3980/3813 3571/3981/3814
f 2873/3167/3082 3568/3978/3811 3571/3981/3814
f 2873/3167/3082 3571/3981/3814 2872/3166/3081
f 2864/3158/3073 2867/3161/3076 3572/3982/3815
f 2864/3158/3073 3572/3982/3815 3214/3560/3445
f 2867/3161/3076 2872/3166/3081 3571/3981/3814
f 2867/3161/3076 3571/3981/3814 3572/3982/3815
f 3572/3982/3815 3571/3981/3814 3570/3980/3813
f 3572/3982/3815 3570/3980/3813 3573/3983/3816
f 3214/3560/3445 3572/3982/3815 3573/3983/3816
f 3214/3560/3445 3573/3983/3816 3213/3559/3444
f 2847/3141/3056 3208/3554/3439 3574/3984/3817
f 2847/3141/3056 3574/3984/3817 3041/3344/3256
f 3208/3554/3439 3213/3559/3444 3573/3983/3816
f 3208/3554/3439 3573/3983/3816 3574/3984/3817
f 3574/3984/3817 3573/3983/3816 3570/3980/3813
f 3574/3984/3817 3570/3980/3813 3569/3979/3812
f 3041/3344/3256 3574/3984/3817 3569/3979/3812
f 3041/3344/3256 3569/3979/3812 3040/3343/3255
f 2757/3046/2966 3021/3324/3236 3575/3985/3818
f 2757/3046/2966 3575/3985/3818 3576/3986/3819
f 3021/3324/3236 3025/3328/3240 3577/3987/3820
f 3021/3324/3236 3577/3987/3820 3575/3985/3818
f 3575/3985/3818 3577/3987/3820 3578/3988/3821
f 3575/3985/3818 3578/3988/3821 3579/3989/3822
f 3576/3986/3819 3575/3985/3818 3579/3989/3822
f 3576/3986/3819 3579/3989/3822 3580/3990/3823
f 3185/3991/3410 3581/3992/3824 3582/3993/3825
f 3185/3991/3410 3582/3993/3825 3583/3994/3826
f 3581/3992/3824 3580/3990/3823 3579/3989/3822
f 3581/3992/3824 3579/3989/3822 3582/3993/3825
f 3582/3993/3825 3579/3989/3822 3578/3988/3821
f 3582/3993/3825 3578/3988/3821 3584/3995/3827
f 3583/3994/3826 3582/3993/3825 3584/3995/3827
f 3583/3994/3826 3584/3995/3827 3585/3996/3828
f 2344/2597/2542 3586/3997/3829 3587/3998/3830
f 2344/2597/2542 3587/3998/3830 3026/3329/3241
f 3586/3997/3829 3585/3996/3828 3584/3995/3827
f 3586/3997/3829 3584/3995/3827 3587/3998/3830
f 3587/3998/3830 3584/3995/3827 3578/3988/3821
f 3587/3998/3830 3578/3988/3821 3577/3987/3820
f 3026/3329/3241 3587/3998/3830 3577/3987/3820
f 3026/3329/3241 3577/3987/3820 3025/3328/3240
f 2359/2612/2557 3588/3999/3831 3589/4000/3832
f 2359/2612/2557 3589/4000/3832 3245/3591/3476
f 3588/3999/3831 3590/4001/3833 3591/4002/3834
f 3588/3999/3831 3591/4002/3834 3589/4000/3832
f 3589/4000/3832 3591/4002/3834 3592/4003/3835
f 3589/4000/3832 3592/4003/3835 3593/4004/3836
f 3245/3591/3476 3589/4000/3832 3593/4004/3836
f 3245/3591/3476 3593/4004/3836 3244/3590/3475
f 2903/3216/3113 3242/3588/3473 3594/4005/3837
f 2903/3216/3113 3594/4005/3837 2921/3217/3131
f 3242/3588/3473 3244/3590/3475 3593/4004/3836
f 3242/3588/3473 3593/4004/3836 3594/4005/3837
f 3594/4005/3837 3593/4004/3836 3592/4003/3835
f 3594/4005/3837 3592/4003/3835 3595/4006/3838
f 2921/3217/3131 3594/4005/3837 3595/4006/3838
f 2921/3217/3131 3595/4006/3838 2923/3220/3133
f 2332/2582/2530 2933/3232/3143 3596/4007/3839
f 2332/2582/2530 3596/4007/3839 3597/4008/3840
f 2933/3232/3143 2923/3220/3133 3595/4006/3838
f 2933/3232/3143 3595/4006/3838 3596/4007/3839
f 3596/4007/3839 3595/4006/3838 3592/4003/3835
f 3596/4007/3839 3592/4003/3835 3591/4002/3834
f 3597/4008/3840 3596/4007/3839 3591/4002/3834
f 3597/4008/3840 3591/4002/3834 3590/4001/3833
f 2878/3172/3087 3223/3569/3454 3598/4009/3841
f 2878/3172/3087 3598/4009/3841 3599/4010/3842
f 3223/3569/3454 3227/3573/3458 3600/4011/3843
f 3223/3569/3454 3600/4011/3843 3598/4009/3841
f 3598/4009/3841 3600/4011/3843 3601/4012/3844
f 3598/4009/3841 3601/4012/3844 3602/4013/3845
f 3599/4010/3842 3598/4009/3841 3602/4013/3845
f 3599/4010/3842 3602/4013/3845 3603/4014/3846
f 3604/4015/3847 3605/4016/3848 3606/4017/3849
f 3604/4015/3847 3606/4017/3849 3607/4018/3850
f 3605/4016/3848 3603/4014/3846 3602/4013/3845
f 3605/4016/3848 3602/4013/3845 3606/4017/3849
f 3606/4017/3849 3602/4013/3845 3601/4012/3844
f 3606/4017/3849 3601/4012/3844 3608/4019/3851
f 3607/4018/3850 3606/4017/3849 3608/4019/3851
f 3607/4018/3850 3608/4019/3851 3609/4020/3852
f 3228/3574/3459 3610/4021/3853 3611/4022/3854
f 3228/3574/3459 3611/4022/3854 3229/3575/3460
f 3610/4021/3853 3609/4020/3852 3608/4019/3851
f 3610/4021/3853 3608/4019/3851 3611/4022/3854
f 3611/4022/3854 3608/4019/3851 3601/4012/3844
f 3611/4022/3854 3601/4012/3844 3600/4011/3843
f 3229/3575/3460 3611/4022/3854 3600/4011/3843
f 3229/3575/3460 3600/4011/3843 3227/3573/3458
f 3228/3574/3459 3612/4023/3855 3613/4024/3856
f 3228/3574/3459 3613/4024/3856 3610/4021/3853
f 3612/4023/3855 3614/4025/3857 3615/4026/3858
f 3612/4023/3855 3615/4026/3858 3613/4024/3856
f 3613/4024/3856 3615/4026/3858 3616/4027/3859
f 3613/4024/3856 3616/4027/3859 3617/4028/3860
f 3610/4021/3853 3613/4024/3856 3617/4028/3860
f 3610/4021/3853 3617/4028/3860 3609/4020/3852
f 3604/4015/3847 3607/4018/3850 3618/4029/3861
f 3604/4015/3847 3618/4029/3861 3619/4030/3862
f 3607/4018/3850 3609/4020/3852 3617/4028/3860
f 3607/4018/3850 3617/4028/3860 3618/4029/3861
f 3618/4029/3861 3617/4028/3860 3616/4027/3859
f 3618/4029/3861 3616/4027/3859 3620/4031/3863
f 3619/4030/3862 3618/4029/3861 3620/4031/3863
f 3619/4030/3862 3620/4031/3863 3621/4032/3864
f 2825/3119/3034 3622/4033/3865 3623/4034/3866
f 2825/3119/3034 3623/4034/3866 3624/4035/3867
f 3622/4033/3865 3621/4032/3864 3620/4031/3863
f 3622/4033/3865 3620/4031/3863 3623/4034/3866
f 3623/4034/3866 3620/4031/3863 3616/4027/3859
f 3623/4034/3866 3616/4027/3859 3615/4026/3858
f 3624/4035/3867 3623/4034/3866 3615/4026/3858
f 3624/4035/3867 3615/4026/3858 3614/4025/3857
f 2934/4036/3144 3625/4037/3868 3626/4038/3869
f 2934/4036/3144 3626/4038/3869 2935/4039/3145
f 3625/4037/3868 3627/4040/3870 3628/4041/3871
f 3625/4037/3868 3628/4041/3871 3626/4038/3869
f 3626/4038/3869 3628/4041/3871 3629/4042/3872
f 3626/4038/3869 3629/4042/3872 3630/4043/3873
f 2935/4039/3145 3626/4038/3869 3630/4043/3873
f 2935/4039/3145 3630/4043/3873 2938/3254/3148
f 2945/3244/3155 2948/3247/3158 3631/4044/3874
f 2945/3244/3155 3631/4044/3874 3564/3974/3807
f 2948/3247/3158 2938/3254/3148 3630/4043/3873
f 2948/3247/3158 3630/4043/3873 3631/4044/3874
f 3631/4044/3874 3630/4043/3873 3629/4042/3872
f 3631/4044/3874 3629/4042/3872 3632/4045/3875
f 3564/3974/3807 3631/4044/3874 3632/4045/3875
f 3564/3974/3807 3632/4045/3875 3563/3973/3806
f 2825/3119/3034 3559/3969/3802 3633/4046/3876
f 2825/3119/3034 3633/4046/3876 3634/4047/3877
f 3559/3969/3802 3563/3973/3806 3632/4045/3875
f 3559/3969/3802 3632/4045/3875 3633/4046/3876
f 3633/4046/3876 3632/4045/3875 3629/4042/3872
f 3633/4046/3876 3629/4042/3872 3628/4041/3871
f 3634/4047/3877 3633/4046/3876 3628/4041/3871
f 3634/4047/3877 3628/4041/3871 3627/4040/3870
f 2847/3141/3056 3255/3601/3486 3635/4048/3878
f 2847/3141/3056 3635/4048/3878 3206/3552/3437
f 3255/3601/3486 3259/3605/3490 3636/4049/3879
f 3255/3601/3486 3636/4049/3879 3635/4048/3878
f 3635/4048/3878 3636/4049/3879 3637/4050/3880
f 3635/4048/3878 3637/4050/3880 3638/4051/3881
f 3206/3552/3437 3635/4048/3878 3638/4051/3881
f 3206/3552/3437 3638/4051/3881 3209/3555/3440
f 2953/3255/3163 3221/3567/3452 3639/4052/3882
f 2953/3255/3163 3639/4052/3882 2954/3256/3164
f 3221/3567/3452 3209/3555/3440 3638/4051/3881
f 3221/3567/3452 3638/4051/3881 3639/4052/3882
f 3639/4052/3882 3638/4051/3881 3637/4050/3880
f 3639/4052/3882 3637/4050/3880 3640/4053/3883
f 2954/3256/3164 3639/4052/3882 3640/4053/3883
f 2954/3256/3164 3640/4053/3883 2957/3259/3167
f 2315/2565/2510 2965/3267/3175 3641/4054/3884
f 2315/2565/2510 3641/4054/3884 3260/3606/3491
f 2965/3267/3175 2957/3259/3167 3640/4053/3883
f 2965/3267/3175 3640/4053/3883 3641/4054/3884
f 3641/4054/3884 3640/4053/3883 3637/4050/3880
f 3641/4054/3884 3637/4050/3880 3636/4049/3879
f 3260/3606/3491 3641/4054/3884 3636/4049/3879
f 3260/3606/3491 3636/4049/3879 3259/3605/3490
f 2315/2565/2510 3543/3953/3786 3642/4055/3885
f 2315/2565/2510 3642/4055/3885 2316/2566/2511
f 3543/3953/3786 3545/3955/3788 3643/4056/3886
f 3543/3953/3786 3643/4056/3886 3642/4055/3885
f 3642/4055/3885 3643/4056/3886 3644/4057/3887
f 3642/4055/3885 3644/4057/3887 3645/4058/3888
f 2316/2566/2511 3642/4055/3885 3645/4058/3888
f 2316/2566/2511 3645/4058/3888 2314/2564/2509
f 2304/2554/2499 2307/2557/2502 3646/4059/3889
f 2304/2554/2499 3646/4059/3889 3647/4060/3890
f 2307/2557/2502 2314/2564/2509 3645/4058/3888
f 2307/2557/2502 3645/4058/3888 3646/4059/3889
f 3646/4059/3889 3645/4058/3888 3644/4057/3887
f 3646/4059/3889 3644/4057/3887 3648/4061/3891
f 3647/4060/3890 3646/4059/3889 3648/4061/3891
f 3647/4060/3890 3648/4061/3891 3649/4062/3892
f 2757/3046/2966 3650/4063/3893 3651/4064/3894
f 2757/3046/2966 3651/4064/3894 3546/3956/3789
f 3650/4063/3893 3649/4062/3892 3648/4061/3891
f 3650/4063/3893 3648/4061/3891 3651/4064/3894
f 3651/4064/3894 3648/4061/3891 3644/4057/3887
f 3651/4064/3894 3644/4057/3887 3643/4056/3886
f 3546/3956/3789 3651/4064/3894 3643/4056/3886
f 3546/3956/3789 3643/4056/3886 3545/3955/3788
f 3185/3991/3410 3652/4065/3895 3653/4066/3896
f 3185/3991/3410 3653/4066/3896 3654/4067/3897
f 3652/4065/3895 3655/4068/3898 3656/4069/3899
f 3652/4065/3895 3656/4069/3899 3653/4066/3896
f 3653/4066/3896 3656/4069/3899 3657/4070/3900
f 3653/4066/3896 3657/4070/3900 3658/4071/3901
f 3654/4067/3897 3653/4066/3896 3658/4071/3901
f 3654/4067/3897 3658/4071/3901 3659/4072/3902
f 3660/4073/3903 3661/4074/3904 3662/4075/3905
f 3660/4073/3903 3662/4075/3905 3663/4076/3906
f 3661/4074/3904 3659/4077/3902 3658/4078/3901
f 3661/4074/3904 3658/4078/3901 3662/4075/3905
f 3662/4075/3905 3658/4078/3901 3657/4079/3900
f 3662/4075/3905 3657/4079/3900 3664/4080/3907
f 3663/4076/3906 3662/4075/3905 3664/4080/3907
f 3663/4076/3906 3664/4080/3907 3665/4081/3908
f 2353/2606/2551 3666/4082/3909 3667/4083/3910
f 2353/2606/2551 3667/4083/3910 3668/4084/3911
f 3666/4082/3909 3665/4085/3908 3664/4086/3907
f 3666/4082/3909 3664/4086/3907 3667/4083/3910
f 3667/4083/3910 3664/4086/3907 3657/4070/3900
f 3667/4083/3910 3657/4070/3900 3656/4069/3899
f 3668/4084/3911 3667/4083/3910 3656/4069/3899
f 3668/4084/3911 3656/4069/3899 3655/4068/3898
f 2321/2571/2516 2324/2574/2519 3669/4087/3912
f 2321/2571/2516 3669/4087/3912 3670/4088/3913
f 2324/2574/2519 2331/2581/2528 3671/4089/3914
f 2324/2574/2519 3671/4089/3914 3669/4087/3912
f 3669/4087/3912 3671/4089/3914 3672/4090/3915
f 3669/4087/3912 3672/4090/3915 3673/4091/3916
f 3670/4088/3913 3669/4087/3912 3673/4091/3916
f 3670/4088/3913 3673/4091/3916 3674/4092/3917
f 2484/2738/2682 3675/4093/3918 3676/4094/3919
f 2484/2738/2682 3676/4094/3919 3114/3444/3334
f 3674/4095/3917 3673/4096/3916 3676/4094/3919
f 3674/4095/3917 3676/4094/3919 3675/4093/3918
f 3672/4097/3915 3677/4098/3920 3676/4094/3919
f 3672/4097/3915 3676/4094/3919 3673/4096/3916
f 3678/4099/3921 3679/4100/3922 3676/4094/3919
f 3678/4099/3921 3676/4094/3919 3677/4098/3920
f 3116/3446/3336 3114/3444/3334 3676/4094/3919
f 3116/3446/3336 3676/4094/3919 3679/4100/3922
f 2332/2582/2530 2335/2585/2533 3680/4101/3923
f 2332/2582/2530 3680/4101/3923 2931/3230/3141
f 2335/2585/2533 2340/2590/2538 3681/4102/3924
f 2335/2585/2533 3681/4102/3924 3680/4101/3923
f 3680/4101/3923 3681/4102/3924 3682/4103/3925
f 3680/4101/3923 3682/4103/3925 3683/4104/3926
f 2931/3230/3141 3680/4101/3923 3683/4104/3926
f 2931/3230/3141 3683/4104/3926 2930/3229/3140
f 2484/2738/2682 2928/3227/3138 3684/4105/3927
f 2484/2738/2682 3684/4105/3927 3675/4093/3918
f 2928/3227/3138 2930/3229/3140 3683/4104/3926
f 2928/3227/3138 3683/4104/3926 3684/4105/3927
f 3684/4105/3927 3683/4104/3926 3682/4103/3925
f 3684/4105/3927 3682/4103/3925 3685/4106/3928
f 3675/4093/3918 3684/4105/3927 3685/4106/3928
f 3675/4093/3918 3685/4106/3928 3674/4095/3917
f 2321/2571/2516 3670/4088/3913 3686/4107/3929
f 2321/2571/2516 3686/4107/3929 2341/2591/2539
f 3670/4088/3913 3674/4092/3917 3685/4108/3928
f 3670/4088/3913 3685/4108/3928 3686/4107/3929
f 3686/4107/3929 3685/4108/3928 3682/4109/3925
f 3686/4107/3929 3682/4109/3925 3681/4110/3924
f 2341/2591/2539 3686/4107/3929 3681/4110/3924
f 2341/2591/2539 3681/4110/3924 2340/2593/2538
f 2878/3172/3087 3599/4010/3842 3687/4111/3930
f 2878/3172/3087 3687/4111/3930 2974/3276/3188
f 3599/4010/3842 3603/4014/3846 3688/4112/3931
f 3599/4010/3842 3688/4112/3931 3687/4111/3930
f 3687/4111/3930 3688/4112/3931 3689/4113/3932
f 3687/4111/3930 3689/4113/3932 3690/4114/3933
f 2974/3276/3188 3687/4111/3930 3690/4114/3933
f 2974/3276/3188 3690/4114/3933 2976/3278/3190
f 3604/4015/3847 3691/4115/3934 3692/4116/3935
f 3604/4015/3847 3692/4116/3935 3605/4016/3848
f 3691/4115/3934 3693/4117/3936 3694/4118/3937
f 3691/4115/3934 3694/4118/3937 3692/4116/3935
f 3692/4116/3935 3694/4118/3937 3689/4113/3932
f 3692/4116/3935 3689/4113/3932 3688/4112/3931
f 3605/4016/3848 3692/4116/3935 3688/4112/3931
f 3605/4016/3848 3688/4112/3931 3603/4014/3846
f 3604/4119/3847 3695/4120/3938 3696/4121/3939
f 3604/4119/3847 3696/4121/3939 3697/4122/3940
f 3695/4120/3938 3698/4123/3941 3699/4124/3942
f 3695/4120/3938 3699/4124/3942 3696/4121/3939
f 3696/4121/3939 3699/4124/3942 3700/4125/3943
f 3696/4121/3939 3700/4125/3943 3701/4126/3944
f 3697/4122/3940 3696/4121/3939 3701/4126/3944
f 3697/4122/3940 3701/4126/3944 3702/4127/3945
f 3191/4128/3416 3703/4129/3946 3704/4130/3947
f 3191/4128/3416 3704/4130/3947 3705/4131/3948
f 3703/4129/3946 3702/4127/3945 3701/4126/3944
f 3703/4129/3946 3701/4126/3944 3704/4130/3947
f 3704/4130/3947 3701/4126/3944 3700/4125/3943
f 3704/4130/3947 3700/4125/3943 3706/4132/3949
f 3705/4131/3948 3704/4130/3947 3706/4132/3949
f 3705/4131/3948 3706/4132/3949 3707/4133/3950
f 2934/3233/3144 3708/4134/3951 3709/4135/3952
f 2934/3233/3144 3709/4135/3952 3710/4136/3953
f 3708/4134/3951 3707/4133/3950 3706/4132/3949
f 3708/4134/3951 3706/4132/3949 3709/4135/3952
f 3709/4135/3952 3706/4132/3949 3700/4125/3943
f 3709/4135/3952 3700/4125/3943 3699/4124/3942
f 3710/4136/3953 3709/4135/3952 3699/4124/3942
f 3710/4136/3953 3699/4124/3942 3698/4123/3941
f 2757/3046/2966 3576/3986/3819 3711/4137/3954
f 2757/3046/2966 3711/4137/3954 3650/4063/3893
f 3576/3986/3819 3580/3990/3823 3712/4138/3955
f 3576/3986/3819 3712/4138/3955 3711/4137/3954
f 3711/4137/3954 3712/4138/3955 3713/4139/3956
f 3711/4137/3954 3713/4139/3956 3714/4140/3957
f 3650/4063/3893 3711/4137/3954 3714/4140/3957
f 3650/4063/3893 3714/4140/3957 3649/4062/3892
f 2304/2554/2499 3647/4060/3890 3715/4141/3958
f 2304/2554/2499 3715/4141/3958 3177/4142/3402
f 3647/4060/3890 3649/4062/3892 3714/4140/3957
f 3647/4060/3890 3714/4140/3957 3715/4141/3958
f 3715/4141/3958 3714/4140/3957 3713/4139/3956
f 3715/4141/3958 3713/4139/3956 3716/4143/3959
f 3177/4142/3402 3715/4141/3958 3716/4143/3959
f 3177/4142/3402 3716/4143/3959 3180/4144/3405
f 3185/3991/3410 3188/4145/3413 3717/4146/3960
f 3185/3991/3410 3717/4146/3960 3581/3992/3824
f 3188/4145/3413 3180/4144/3405 3716/4143/3959
f 3188/4145/3413 3716/4143/3959 3717/4146/3960
f 3717/4146/3960 3716/4143/3959 3713/4139/3956
f 3717/4146/3960 3713/4139/3956 3712/4138/3955
f 3581/3992/3824 3717/4146/3960 3712/4138/3955
f 3581/3992/3824 3712/4138/3955 3580/3990/3823
f 2353/2606/2551 2900/3194/3110 3718/4147/3961
f 2353/2606/2551 3718/4147/3961 3719/4148/3962
f 2900/3194/3110 2902/3196/3112 3720/4149/3963
f 2900/3194/3110 3720/4149/3963 3718/4147/3961
f 3718/4147/3961 3720/4149/3963 3721/4150/3964
f 3718/4147/3961 3721/4150/3964 3722/4151/3965
f 3719/4148/3962 3718/4147/3961 3722/4151/3965
f 3719/4148/3962 3722/4151/3965 3723/4152/3966
f 2353/2606/2551 3719/4148/3962 3724/4153/3967
f 2353/2606/2551 3724/4153/3967 3666/4082/3909
f 3719/4148/3962 3723/4152/3966 3725/4154/3968
f 3719/4148/3962 3725/4154/3968 3724/4153/3967
f 3724/4153/3967 3725/4154/3968 3726/4155/3969
f 3724/4153/3967 3726/4155/3969 3727/4156/3970
f 3666/4082/3909 3724/4153/3967 3727/4156/3970
f 3666/4082/3909 3727/4156/3970 3665/4085/3908
f 3660/4073/3903 3663/4076/3906 3728/4157/3971
f 3660/4073/3903 3728/4157/3971 3729/4158/3972
f 3665/4081/3908 3727/4159/3970 3728/4157/3971
f 3665/4081/3908 3728/4157/3971 3663/4076/3906
f 3726/4160/3969 3730/4161/3973 3728/4157/3971
f 3726/4160/3969 3728/4157/3971 3727/4159/3970
f 3731/4162/3974 3732/4163/3975 3728/4157/3971
f 3731/4162/3974 3728/4157/3971 3730/4161/3973
f 3733/4164/3976 3729/4158/3972 3728/4157/3971
f 3733/4164/3976 3728/4157/3971 3732/4163/3975
f 3011/3314/3226 3734/4165/3977 3735/4166/3978
f 3011/3314/3226 3735/4166/3978 3736/4167/3979
f 3734/4165/3977 3737/4168/3980 3738/4169/3981
f 3734/4165/3977 3738/4169/3981 3735/4166/3978
f 3735/4166/3978 3738/4169/3981 3739/4170/3982
f 3735/4166/3978 3739/4170/3982 3740/4171/3983
f 3736/4167/3979 3735/4166/3978 3740/4171/3983
f 3736/4167/3979 3740/4171/3983 3741/4172/3984
f 2967/3269/3177 3742/4173/3985 3743/4174/3986
f 2967/3269/3177 3743/4174/3986 2968/3270/3178
f 3741/4172/3984 3740/4171/3983 3743/4174/3986
f 3741/4172/3984 3743/4174/3986 3742/4173/3985
f 3739/4170/3982 3744/4175/3987 3743/4174/3986
f 3739/4170/3982 3743/4174/3986 3740/4171/3983
f 3745/4176/3988 3746/4177/3989 3743/4174/3986
f 3745/4176/3988 3743/4174/3986 3744/4175/3987
f 2971/3273/3181 2968/3270/3184 3743/4174/3986
f 2971/3273/3181 3743/4174/3986 3746/4177/3989
f 2889/3183/3099 3005/3308/3220 3747/4178/3990
f 2889/3183/3099 3747/4178/3990 3748/4179/3991
f 3005/3308/3220 3010/3313/3225 3749/4180/3992
f 3005/3308/3220 3749/4180/3992 3747/4178/3990
f 3747/4178/3990 3749/4180/3992 3750/4181/3993
f 3747/4178/3990 3750/4181/3993 3751/4182/3994
f 3748/4179/3991 3747/4178/3990 3751/4182/3994
f 3748/4179/3991 3751/4182/3994 3752/4183/3995
f 2967/3269/3177 3753/4184/3996 3754/4185/3997
f 2967/3269/3177 3754/4185/3997 3742/4173/3985
f 3753/4184/3996 3752/4183/3995 3751/4182/3994
f 3753/4184/3996 3751/4182/3994 3754/4185/3997
f 3754/4185/3997 3751/4182/3994 3750/4181/3993
f 3754/4185/3997 3750/4181/3993 3755/4186/3998
f 3742/4173/3985 3754/4185/3997 3755/4186/3998
f 3742/4173/3985 3755/4186/3998 3741/4172/3984
f 3011/3314/3226 3736/4167/3979 3756/4187/3999
f 3011/3314/3226 3756/4187/3999 3012/3315/3227
f 3736/4167/3979 3741/4172/3984 3755/4186/3998
f 3736/4167/3979 3755/4186/3998 3756/4187/3999
f 3756/4187/3999 3755/4186/3998 3750/4181/3993
f 3756/4187/3999 3750/4181/3993 3749/4180/3992
f 3012/3315/3227 3756/4187/3999 3749/4180/3992
f 3012/3315/3227 3749/4180/3992 3010/3313/3225
f 3011/3314/3226 3235/3581/3466 3757/4188/4000
f 3011/3314/3226 3757/4188/4000 3734/4165/3977
f 3235/3581/3466 3239/3585/3470 3758/4189/4001
f 3235/3581/3466 3758/4189/4001 3757/4188/4000
f 3757/4188/4000 3758/4189/4001 3759/4190/4002
f 3757/4188/4000 3759/4190/4002 3760/4191/4003
f 3734/4165/3977 3757/4188/4000 3760/4191/4003
f 3734/4165/3977 3760/4191/4003 3737/4168/3980
f 2903/3216/3113 3761/4192/4004 3762/4193/4005
f 2903/3216/3113 3762/4193/4005 3240/3586/3471
f 3761/4192/4004 3763/4194/4006 3764/4195/4007
f 3761/4192/4004 3764/4195/4007 3762/4193/4005
f 3762/4193/4005 3764/4195/4007 3759/4190/4002
f 3762/4193/4005 3759/4190/4002 3758/4189/4001
f 3240/3586/3471 3762/4193/4005 3758/4189/4001
f 3240/3586/3471 3758/4189/4001 3239/3585/3470
f 2903/3197/3113 2906/3200/3116 3765/4196/4008
f 2903/3197/3113 3765/4196/4008 3761/4197/4004
f 2906/3200/3116 2911/3205/3121 3766/4198/4009
f 2906/3200/3116 3766/4198/4009 3765/4196/4008
f 3765/4196/4008 3766/4198/4009 3767/4199/4010
f 3765/4196/4008 3767/4199/4010 3768/4200/4011
f 3761/4197/4004 3765/4196/4008 3768/4200/4011
f 3761/4197/4004 3768/4200/4011 3763/4201/4006
f 2912/3206/3122 3769/4202/4012 3770/4203/4013
f 2912/3206/3122 3770/4203/4013 2913/3207/3123
f 3769/4202/4012 3771/4204/4014 3772/4205/4015
f 3769/4202/4012 3772/4205/4015 3770/4203/4013
f 3770/4203/4013 3772/4205/4015 3767/4199/4010
f 3770/4203/4013 3767/4199/4010 3766/4198/4009
f 2913/3207/3123 3770/4203/4013 3766/4198/4009
f 2913/3207/3123 3766/4198/4009 2911/3205/3121
f 2912/3206/3122 2984/4206/3198 3773/4207/4016
f 2912/3206/3122 3773/4207/4016 3769/4202/4012
f 2989/4208/3203 3774/4209/4017 3773/4207/4016
f 2989/4208/3203 3773/4207/4016 2984/4206/3198
f 3775/4210/4018 3776/4211/4019 3773/4207/4016
f 3775/4210/4018 3773/4207/4016 3774/4209/4017
f 3777/4212/4020 3778/4213/4021 3773/4207/4016
f 3777/4212/4020 3773/4207/4016 3776/4211/4019
f 3771/4204/4014 3769/4202/4012 3773/4207/4016
f 3771/4204/4014 3773/4207/4016 3778/4213/4021
f 2484/2738/2682 2505/2759/2704 3779/4214/4022
f 2484/2738/2682 3779/4214/4022 2918/4215/3128
f 2505/2759/2704 2496/2750/2695 3780/4216/4023
f 2505/2759/2704 3780/4216/4023 3779/4214/4022
f 3779/4214/4022 3780/4216/4023 3781/4217/4024
f 3779/4214/4022 3781/4217/4024 3782/4218/4025
f 2918/4215/3128 3779/4214/4022 3782/4218/4025
f 2918/4215/3128 3782/4218/4025 2917/4219/3127
f 2912/3284/3122 2915/4220/3125 3783/4221/4026
f 2912/3284/3122 3783/4221/4026 2982/3285/3196
f 2915/4220/3125 2917/4219/3127 3782/4218/4025
f 2915/4220/3125 3782/4218/4025 3783/4221/4026
f 3783/4221/4026 3782/4218/4025 3781/4217/4024
f 3783/4221/4026 3781/4217/4024 3784/4222/4027
f 2982/3285/3196 3783/4221/4026 3784/4222/4027
f 2982/3285/3196 3784/4222/4027 2985/3288/3199
f 2492/2746/2691 2992/3295/3206 3785/4223/4028
f 2492/2746/2691 3785/4223/4028 2493/2747/2692
f 2992/3295/3206 2985/3288/3199 3784/4222/4027
f 2992/3295/3206 3784/4222/4027 3785/4223/4028
f 3785/4223/4028 3784/4222/4027 3781/4217/4024
f 3785/4223/4028 3781/4217/4024 3780/4216/4023
f 2493/2747/2692 3785/4223/4028 3780/4216/4023
f 2493/2747/2692 3780/4216/4023 2496/2750/2695
f 3191/4128/3416 3705/4131/3948 3786/4224/4029
f 3191/4128/3416 3786/4224/4029 3192/4225/3417
f 3705/4131/3948 3707/4133/3950 3787/4226/4030
f 3705/4131/3948 3787/4226/4030 3786/4224/4029
f 3786/4224/4029 3787/4226/4030 3788/4227/4031
f 3786/4224/4029 3788/4227/4031 3789/4228/4032
f 3192/4225/3423 3786/4224/4029 3789/4228/4032
f 3192/4225/3423 3789/4228/4032 3195/4229/3420
f 2934/3233/3144 2937/3236/3147 3790/4230/4033
f 2934/3233/3144 3790/4230/4033 3708/4134/3951
f 2937/3236/3147 2944/3243/3154 3791/4231/4034
f 2937/3236/3147 3791/4231/4034 3790/4230/4033
f 3790/4230/4033 3791/4231/4034 3788/4227/4031
f 3790/4230/4033 3788/4227/4031 3787/4226/4030
f 3708/4134/3951 3790/4230/4033 3787/4226/4030
f 3708/4134/3951 3787/4226/4030 3707/4133/3950
f 2953/3255/3163 2956/3258/3166 3792/4232/4035
f 2953/3255/3163 3792/4232/4035 3793/4233/4036
f 2963/3265/3173 3794/4234/4037 3792/4232/4038
f 2963/3265/3173 3792/4232/4038 2956/3258/3166
f 3795/4235/4039 3793/4233/4036 3792/4232/4038
f 3795/4235/4039 3792/4232/4038 3794/4234/4037
f 2304/4236/2499 3796/4237/4040 3797/4238/4041
f 2304/4236/2499 3797/4238/4041 2305/4239/2500
f 3798/4240/4042 3799/4241/4043 3797/4238/4041
f 3798/4240/4042 3797/4238/4041 3796/4237/4040
f 2308/4242/2503 2305/4239/2500 3797/4238/4041
f 2308/4242/2503 3797/4238/4041 3799/4241/4043
f 2304/4243/2499 3179/4244/3404 3800/4245/4044
f 2304/4243/2499 3800/4245/4044 3796/4246/4040
f 3184/4247/3409 3801/4248/4045 3800/4245/4044
f 3184/4247/3409 3800/4245/4044 3179/4244/3404
f 3798/4249/4042 3796/4246/4040 3800/4245/4044
f 3798/4249/4042 3800/4245/4044 3801/4248/4045
f 3185/3528/3410 3654/4250/3897 3802/4251/4046
f 3185/3528/3410 3802/4251/4046 3186/3529/3411
f 3654/4250/3897 3659/4077/3902 3803/4252/4047
f 3654/4250/3897 3803/4252/4047 3802/4251/4046
f 3802/4251/4046 3803/4252/4047 3804/4253/4048
f 3802/4251/4046 3804/4253/4048 3805/4254/4049
f 3186/3529/3411 3802/4251/4046 3805/4254/4049
f 3186/3529/3411 3805/4254/4049 3189/3532/3414
f 3660/4073/3903 3729/4158/3972 3806/4255/4050
f 3660/4073/3903 3806/4255/4050 3661/4074/3904
f 3729/4158/3972 3733/4164/3976 3807/4256/4051
f 3729/4158/3972 3807/4256/4051 3806/4255/4050
f 3806/4255/4050 3807/4256/4051 3804/4253/4048
f 3806/4255/4050 3804/4253/4048 3803/4252/4047
f 3661/4074/3904 3806/4255/4050 3803/4252/4047
f 3661/4074/3904 3803/4252/4047 3659/4077/3902
f 2492/2746/2691 3170/3512/3391 3808/4257/4052
f 2492/2746/2691 3808/4257/4052 2990/3293/3204
f 3174/3516/3398 3809/4258/4053 3808/4257/4052
f 3174/3516/3398 3808/4257/4052 3170/3512/3397
f 2993/3296/3207 2990/3293/3204 3808/4257/4052
f 2993/3296/3207 3808/4257/4052 3809/4258/4053
f 2967/3269/3177 2970/3272/3180 3810/4259/4054
f 2967/3269/3177 3810/4259/4054 3753/4184/3996
f 2973/3275/3185 3811/4260/4055 3810/4259/4054
f 2973/3275/3185 3810/4259/4054 2970/3272/3186
f 3812/4261/4056 3813/4262/4057 3810/4259/4054
f 3812/4261/4056 3810/4259/4054 3811/4260/4055
f 3814/4263/4058 3815/4264/4059 3810/4259/4054
f 3814/4263/4058 3810/4259/4054 3813/4262/4057
f 3752/4183/3995 3753/4184/3996 3810/4259/4054
f 3752/4183/3995 3810/4259/4054 3815/4264/4059
f 2889/3183/3099 3748/4179/3991 3816/4265/4060
f 2889/3183/3099 3816/4265/4060 2890/3184/3100
f 3748/4179/3991 3752/4183/3995 3815/4264/4059
f 3748/4179/3991 3815/4264/4059 3816/4265/4060
f 3816/4265/4060 3815/4264/4059 3814/4263/4058
f 3816/4265/4060 3814/4263/4058 3817/4266/4061
f 2890/3184/3100 3816/4265/4060 3817/4266/4061
f 2890/3184/3100 3817/4266/4061 2893/3187/3103
f 2953/3255/3163 3793/4233/4036 3818/4267/4062
f 2953/3255/3163 3818/4267/4062 3219/3565/3450
f 3793/4233/4036 3795/4235/4039 3819/4268/4063
f 3793/4233/4036 3819/4268/4063 3818/4267/4062
f 3818/4267/4062 3819/4268/4063 3820/4269/4064
f 3818/4267/4062 3820/4269/4064 3821/4270/4065
f 3219/3565/3450 3818/4267/4062 3821/4270/4065
f 3219/3565/3450 3821/4270/4065 3218/3564/3449
f 2864/3158/3073 3216/3562/3447 3822/4271/4066
f 2864/3158/3073 3822/4271/4066 2865/3159/3074
f 3218/3564/3449 3821/4270/4065 3822/4271/4066
f 3218/3564/3449 3822/4271/4066 3216/3562/3447
f 3820/4269/4064 3823/4272/4067 3822/4271/4066
f 3820/4269/4064 3822/4271/4066 3821/4270/4065
f 3824/4273/4068 3825/4274/4069 3822/4271/4066
f 3824/4273/4068 3822/4271/4066 3823/4272/4067
f 2868/3162/3077 2865/3159/3074 3822/4271/4066
f 2868/3162/3077 3822/4271/4066 3825/4274/4069
f 3191/3541/3416 3199/3544/3427 3826/4275/4070
f 3191/3541/3416 3826/4275/4070 3703/4276/3946
f 3201/3547/3430 3827/4277/4071 3826/4275/4070
f 3201/3547/3430 3826/4275/4070 3199/3544/3431
f 3828/4278/4072 3829/4279/4073 3826/4275/4070
f 3828/4278/4072 3826/4275/4070 3827/4277/4071
f 3830/4280/4074 3831/4281/4075 3826/4275/4070
f 3830/4280/4074 3826/4275/4070 3829/4279/4073
f 3702/4282/3945 3703/4276/3946 3826/4275/4070
f 3702/4282/3945 3826/4275/4070 3831/4281/4075
f 3604/4015/3847 3697/4283/3940 3832/4284/4076
f 3604/4015/3847 3832/4284/4076 3691/4115/3934
f 3697/4283/3940 3702/4282/3945 3831/4281/4075
f 3697/4283/3940 3831/4281/4075 3832/4284/4076
f 3832/4284/4076 3831/4281/4075 3830/4280/4074
f 3832/4284/4076 3830/4280/4074 3833/4285/4077
f 3691/4115/3934 3832/4284/4076 3833/4285/4077
f 3691/4115/3934 3833/4285/4077 3693/4117/3936
f 3604/4015/3847 3619/4030/3862 3834/4286/4078
f 3604/4015/3847 3834/4286/4078 3695/4287/3938
f 3619/4030/3862 3621/4032/3864 3835/4288/4079
f 3619/4030/3862 3835/4288/4079 3834/4286/4078
f 3834/4286/4078 3835/4288/4079 3836/4289/4080
f 3834/4286/4078 3836/4289/4080 3837/4290/4081
f 3695/4287/3938 3834/4286/4078 3837/4290/4081
f 3695/4287/3938 3837/4290/4081 3698/4291/3941
f 2934/3233/3144 3710/4136/3953 3838/4292/4082
f 2934/3233/3144 3838/4292/4082 3625/4293/3868
f 3710/4136/3953 3698/4123/3941 3837/4294/4081
f 3710/4136/3953 3837/4294/4081 3838/4292/4082
f 3838/4292/4082 3837/4294/4081 3836/4295/4080
f 3838/4292/4082 3836/4295/4080 3839/4296/4083
f 3625/4293/3868 3838/4292/4082 3839/4296/4083
f 3625/4293/3868 3839/4296/4083 3627/4297/3870
f 2825/3119/3034 3634/4047/3877 3840/4298/4084
f 2825/3119/3034 3840/4298/4084 3622/4033/3865
f 3634/4047/3877 3627/4040/3870 3839/4299/4083
f 3634/4047/3877 3839/4299/4083 3840/4298/4084
f 3840/4298/4084 3839/4299/4083 3836/4289/4080
f 3840/4298/4084 3836/4289/4080 3835/4288/4079
f 3622/4033/3865 3840/4298/4084 3835/4288/4079
f 3622/4033/3865 3835/4288/4079 3621/4032/3864
f 2359/2612/2557 3019/3322/3234 3841/4300/4085
f 2359/2612/2557 3841/4300/4085 2360/2613/2558
f 3019/3322/3234 3006/3309/3221 3842/4301/4086
f 3019/3322/3234 3842/4301/4086 3841/4300/4085
f 3841/4300/4085 3842/4301/4086 3843/4302/4087
f 3841/4300/4085 3843/4302/4087 3844/4303/4088
f 2360/2613/2558 3841/4300/4085 3844/4303/4088
f 2360/2613/2558 3844/4303/4088 2358/2611/2556
f 2353/2606/2551 2356/2609/2554 3845/4304/4089
f 2353/2606/2551 3845/4304/4089 2898/3192/3108
f 2356/2609/2554 2358/2611/2556 3844/4303/4088
f 2356/2609/2554 3844/4303/4088 3845/4304/4089
f 3845/4304/4089 3844/4303/4088 3843/4302/4087
f 3845/4304/4089 3843/4302/4087 3846/4305/4090
f 2898/3192/3108 3845/4304/4089 3846/4305/4090
f 2898/3192/3108 3846/4305/4090 2897/3191/3107
f 2889/3183/3099 2892/3186/3102 3847/4306/4091
f 2889/3183/3099 3847/4306/4091 3003/3306/3218
f 2892/3186/3102 2897/3191/3107 3846/4305/4090
f 2892/3186/3102 3846/4305/4090 3847/4306/4091
f 3847/4306/4091 3846/4305/4090 3843/4302/4087
f 3847/4306/4091 3843/4302/4087 3842/4301/4086
f 3003/3306/3218 3847/4306/4091 3842/4301/4086
f 3003/3306/3218 3842/4301/4086 3006/3309/3221
f 2344/2597/2542 2347/2600/2545 3848/4307/4092
f 2344/2597/2542 3848/4307/4092 3586/3997/3829
f 2347/2600/2545 2352/2605/2550 3849/4308/4093
f 2347/2600/2545 3849/4308/4093 3848/4307/4092
f 3848/4307/4092 3849/4308/4093 3850/4309/4094
f 3848/4307/4092 3850/4309/4094 3851/4310/4095
f 3586/3997/3829 3848/4307/4092 3851/4310/4095
f 3586/3997/3829 3851/4310/4095 3585/3996/3828
f 3185/3991/3410 3583/3994/3826 3852/4311/4096
f 3185/3991/3410 3852/4311/4096 3652/4065/3895
f 3583/3994/3826 3585/3996/3828 3851/4310/4095
f 3583/3994/3826 3851/4310/4095 3852/4311/4096
f 3852/4311/4096 3851/4310/4095 3850/4309/4094
f 3852/4311/4096 3850/4309/4094 3853/4312/4097
f 3652/4065/3895 3852/4311/4096 3853/4312/4097
f 3652/4065/3895 3853/4312/4097 3655/4068/3898
f 2353/2606/2551 3668/4084/3911 3854/4313/4098
f 2353/2606/2551 3854/4313/4098 2354/2607/2552
f 3668/4084/3911 3655/4068/3898 3853/4312/4097
f 3668/4084/3911 3853/4312/4097 3854/4313/4098
f 3854/4313/4098 3853/4312/4097 3850/4309/4094
f 3854/4313/4098 3850/4309/4094 3849/4308/4093
f 2354/2607/2552 3854/4313/4098 3849/4308/4093
f 2354/2607/2552 3849/4308/4093 2352/2605/2550
f 3228/3574/3459 3511/3918/3754 3855/4314/4099
f 3228/3574/3459 3855/4314/4099 3612/4023/3855
f 3511/3918/3754 3496/3898/3739 3856/4315/4100
f 3511/3918/3754 3856/4315/4100 3855/4314/4099
f 3855/4314/4099 3856/4315/4100 3857/4316/4101
f 3855/4314/4099 3857/4316/4101 3858/4317/4102
f 3612/4023/3855 3855/4314/4099 3858/4317/4102
f 3612/4023/3855 3858/4317/4102 3614/4025/3857
f 2825/3119/3034 3624/4035/3867 3859/4318/4103
f 2825/3119/3034 3859/4318/4103 3556/3966/3799
f 3624/4035/3867 3614/4025/3857 3858/4317/4102
f 3624/4035/3867 3858/4317/4102 3859/4318/4103
f 3859/4318/4103 3858/4317/4102 3857/4316/4101
f 3859/4318/4103 3857/4316/4101 3860/4319/4104
f 3556/3966/3799 3859/4318/4103 3860/4319/4104
f 3556/3966/3799 3860/4319/4104 3555/3965/3798
f 3273/3619/3504 3553/3963/3796 3861/4320/4105
f 3273/3619/3504 3861/4320/4105 3494/3896/3737
f 3553/3963/3796 3555/3965/3798 3860/4319/4104
f 3553/3963/3796 3860/4319/4104 3861/4320/4105
f 3861/4320/4105 3860/4319/4104 3857/4316/4101
f 3861/4320/4105 3857/4316/4101 3856/4315/4100
f 3494/3896/3737 3861/4320/4105 3856/4315/4100
f 3494/3896/3737 3856/4315/4100 3496/3898/3739
f 2359/2612/2557 2794/3083/3003 3862/4321/4106
f 2359/2612/2557 3862/4321/4106 3588/3999/3831
f 2794/3083/3003 2796/3085/3005 3863/4322/4107
f 2794/3083/3003 3863/4322/4107 3862/4321/4106
f 3862/4321/4106 3863/4322/4107 3864/4323/4108
f 3862/4321/4106 3864/4323/4108 3865/4324/4109
f 3588/3999/3831 3862/4321/4106 3865/4324/4109
f 3588/3999/3831 3865/4324/4109 3590/4001/3833
f 2332/2582/2530 3597/4008/3840 3866/4325/4110
f 2332/2582/2530 3866/4325/4110 2808/3097/3017
f 3597/4008/3840 3590/4001/3833 3865/4324/4109
f 3597/4008/3840 3865/4324/4109 3866/4325/4110
f 3866/4325/4110 3865/4324/4109 3864/4323/4108
f 3866/4325/4110 3864/4323/4108 3867/4326/4111
f 2808/3097/3017 3866/4325/4110 3867/4326/4111
f 2808/3097/3017 3867/4326/4111 2807/3096/3016
f 2682/2957/2888 2802/3091/3011 3868/4327/4112
f 2682/2957/2888 3868/4327/4112 2797/3086/3006
f 2802/3091/3011 2807/3096/3016 3867/4326/4111
f 2802/3091/3011 3867/4326/4111 3868/4327/4112
f 3868/4327/4112 3867/4326/4111 3864/4323/4108
f 3868/4327/4112 3864/4323/4108 3863/4322/4107
f 2797/3086/3006 3868/4327/4112 3863/4322/4107
f 2797/3086/3006 3863/4322/4107 2796/3085/3005
f 2374/2627/2572 2377/2630/2575 3869/4328/4113
f 2374/2627/2572 3869/4328/4113 3054/3357/3269
f 2377/2630/2575 2381/2634/2579 3870/4329/4114
f 2377/2630/2575 3870/4329/4114 3869/4328/4113
f 3869/4328/4113 3870/4329/4114 3871/4330/4115
f 3869/4328/4113 3871/4330/4115 3872/4331/4116
f 3054/3357/3269 3869/4328/4113 3872/4331/4116
f 3054/3357/3269 3872/4331/4116 3053/3356/3268
f 2614/2884/2820 3051/3354/3266 3873/4332/4117
f 2614/2884/2820 3873/4332/4117 2615/2885/2821
f 3051/3354/3266 3053/3356/3268 3872/4331/4116
f 3051/3354/3266 3872/4331/4116 3873/4332/4117
f 3873/4332/4117 3872/4331/4116 3871/4330/4115
f 3873/4332/4117 3871/4330/4115 3874/4333/4118
f 2615/2885/2821 3873/4332/4117 3874/4333/4118
f 2615/2885/2821 3874/4333/4118 2618/2888/2824
f 2382/2635/2580 2631/2901/2837 3875/4334/4119
f 2382/2635/2580 3875/4334/4119 2383/2636/2581
f 2631/2901/2837 2618/2888/2824 3874/4333/4118
f 2631/2901/2837 3874/4333/4118 3875/4334/4119
f 3875/4334/4119 3874/4333/4118 3871/4330/4115
f 3875/4334/4119 3871/4330/4115 3870/4329/4114
f 2383/2636/2581 3875/4334/4119 3870/4329/4114
f 2383/2636/2581 3870/4329/4114 2381/2634/2579
f 2623/2893/2829 3326/4335/3557 3876/4336/4120
f 2623/2893/2829 3876/4336/4120 3296/3648/3527
f 3326/4335/3557 3330/4337/3561 3877/4338/4121
f 3326/4335/3557 3877/4338/4121 3876/4336/4120
f 3876/4336/4120 3877/4338/4121 3878/4339/4122
f 3876/4336/4120 3878/4339/4122 3879/4340/4123
f 3296/3648/3527 3876/4336/4120 3879/4340/4123
f 3296/3648/3527 3879/4340/4123 3299/3651/3530
f 2537/2796/2740 3308/3660/3539 3880/4341/4124
f 2537/2796/2740 3880/4341/4124 2538/2797/2741
f 3308/3660/3539 3299/3651/3530 3879/4340/4123
f 3308/3660/3539 3879/4340/4123 3880/4341/4124
f 3880/4341/4124 3879/4340/4123 3878/4339/4122
f 3880/4341/4124 3878/4339/4122 3881/4342/4125
f 2538/2797/2741 3880/4341/4124 3881/4342/4125
f 2538/2797/2741 3881/4342/4125 2541/2800/2744
f 2270/2515/2462 2573/2840/2777 3882/4343/4126
f 2270/2515/2462 3882/4343/4126 3460/3861/3703
f 2573/2840/2777 2575/2844/2779 3883/4344/4127
f 2573/2840/2777 3883/4344/4127 3882/4343/4126
f 3882/4343/4126 3883/4344/4127 3884/4345/4128
f 3882/4343/4126 3884/4345/4128 3885/4346/4129
f 3460/3861/3703 3882/4343/4126 3885/4346/4129
f 3460/3861/3703 3885/4346/4129 3462/3863/3705
f 2382/2635/2580 3469/3871/3712 3886/4347/4130
f 2382/2635/2580 3886/4347/4130 3317/3669/3548
f 3469/3871/3712 3462/3863/3705 3885/4346/4129
f 3469/3871/3712 3885/4346/4129 3886/4347/4130
f 3886/4347/4130 3885/4346/4129 3884/4345/4128
f 3886/4347/4130 3884/4345/4128 3887/4348/4131
f 3317/3669/3548 3886/4347/4130 3887/4348/4131
f 3317/3669/3548 3887/4348/4131 3316/3668/3547
f 2437/2690/2635 3311/3663/3542 3888/4349/4132
f 2437/2690/2635 3888/4349/4132 2576/2845/2780
f 3311/3663/3542 3316/3668/3547 3887/4348/4131
f 3311/3663/3542 3887/4348/4131 3888/4349/4132
f 3888/4349/4132 3887/4348/4131 3884/4345/4128
f 3888/4349/4132 3884/4345/4128 3883/4344/4127
f 2576/2845/2780 3888/4349/4132 3883/4344/4127
f 2576/2845/2780 3883/4344/4127 2575/2844/2779
f 2664/3719/2870 3356/3722/3592 3889/4350/4133
f 2664/3719/2870 3889/4350/4133 3470/4351/3713
f 3359/3725/3595 3890/4352/4134 3889/4350/4133
f 3359/3725/3595 3889/4350/4133 3356/3722/3592
f 3891/4353/4135 3892/4354/4136 3889/4350/4133
f 3891/4353/4135 3889/4350/4133 3890/4352/4134
f 3893/4355/4137 3894/4356/4138 3889/4350/4133
f 3893/4355/4137 3889/4350/4133 3892/4354/4136
f 3472/4357/3715 3470/4351/3713 3889/4350/4133
f 3472/4357/3715 3889/4350/4133 3894/4356/4138
f 2252/2497/2444 3479/4358/3722 3895/4359/4139
f 2252/2497/2444 3895/4359/4139 2253/2498/2445
f 3479/4358/3722 3472/4357/3715 3894/4356/4138
f 3479/4358/3722 3894/4356/4138 3895/4359/4139
f 3895/4359/4139 3894/4356/4138 3893/4355/4137
f 3895/4359/4139 3893/4355/4137 3896/4360/4140
f 2253/2498/2445 3895/4359/4139 3896/4360/4140
f 2253/2498/2445 3896/4360/4140 2256/2501/2448
f 2560/2822/2763 3897/4361/4141 3898/4362/4142
f 2560/2822/2763 3898/4362/4142 3447/3843/3687
f 3897/4361/4141 3899/4363/4143 3900/4364/4144
f 3897/4361/4141 3900/4364/4144 3898/4362/4142
f 3898/4362/4142 3900/4364/4144 3901/4365/4145
f 3898/4362/4142 3901/4365/4145 3902/4366/4146
f 3447/3843/3687 3898/4362/4142 3902/4366/4146
f 3447/3843/3687 3902/4366/4146 3446/3842/3686
f 2646/2916/2852 3444/3840/3684 3903/4367/4147
f 2646/2916/2852 3903/4367/4147 2650/2920/2856
f 3444/3840/3684 3446/3842/3686 3902/4366/4146
f 3444/3840/3684 3902/4366/4146 3903/4367/4147
f 3903/4367/4147 3902/4366/4146 3901/4365/4145
f 3903/4367/4147 3901/4365/4145 3904/4368/4148
f 2650/2920/2856 3903/4367/4147 3904/4368/4148
f 2650/2920/2856 3904/4368/4148 2653/2923/2859
f 2664/2934/2870 2667/2937/2873 3905/4369/4149
f 2664/2934/2870 3905/4369/4149 3906/4370/4150
f 2667/2937/2873 2653/2923/2859 3904/4368/4148
f 2667/2937/2873 3904/4368/4148 3905/4369/4149
f 3905/4369/4149 3904/4368/4148 3901/4365/4145
f 3905/4369/4149 3901/4365/4145 3900/4364/4144
f 3906/4370/4150 3905/4369/4149 3900/4364/4144
f 3906/4370/4150 3900/4364/4144 3899/4363/4143
f 2560/3712/2763 3351/3715/3584 3907/4371/4151
f 2560/3712/2763 3907/4371/4151 3897/4372/4141
f 3351/3715/3589 3353/3718/3588 3908/4373/4152
f 3351/3715/3589 3908/4373/4152 3907/4371/4153
f 3907/4371/4153 3908/4373/4152 3909/4374/4154
f 3907/4371/4153 3909/4374/4154 3910/4375/4155
f 3897/4372/4141 3907/4371/4151 3910/4375/4155
f 3897/4372/4141 3910/4375/4155 3899/4376/4143
f 2664/3719/2870 3906/4377/4150 3911/4378/4156
f 2664/3719/2870 3911/4378/4156 3354/3720/3590
f 3906/4377/4150 3899/4376/4143 3910/4375/4155
f 3906/4377/4150 3910/4375/4155 3911/4378/4156
f 3911/4378/4156 3910/4375/4155 3909/4374/4154
f 3911/4378/4156 3909/4374/4154 3912/4379/4157
f 3354/3720/3590 3911/4378/4156 3912/4379/4157
f 3354/3720/3590 3912/4379/4157 3357/3723/3593
f 2289/4380/2481 3107/4381/3323 3913/4382/4158
f 2289/4380/2481 3913/4382/4158 2290/4383/2482
f 3109/4384/3327 3914/4385/4159 3913/4382/4160
f 3109/4384/3327 3913/4382/4160 3107/4381/3326
f 2293/4386/2485 2290/4383/2482 3913/4382/4161
f 2293/4386/2485 3913/4382/4161 3914/4385/4161
f 2506/2760/2705 2509/2763/2708 3915/4387/4162
f 2506/2760/2705 3915/4387/4162 3097/3424/3312
f 2512/2766/2711 3916/4388/4163 3915/4387/4162
f 2512/2766/2711 3915/4387/4162 2509/2763/2708
f 3100/3427/3315 3097/3424/3312 3915/4387/4162
f 3100/3427/3315 3915/4387/4162 3916/4388/4163
f 2297/2547/2489 2478/2732/2676 3917/4389/4164
f 2297/2547/2489 3917/4389/4164 2298/2548/2490
f 2483/2737/2681 3918/4390/4165 3917/4389/4164
f 2483/2737/2681 3917/4389/4164 2478/2732/2676
f 3919/4391/4166 3920/4392/4167 3917/4389/4168
f 3919/4391/4166 3917/4389/4168 3918/4390/4169
f 3921/4393/4170 3922/4394/4171 3917/4389/4168
f 3921/4393/4170 3917/4389/4168 3920/4392/4167
f 2301/2551/2493 2298/2548/2496 3917/4389/4168
f 2301/2551/2493 3917/4389/4168 3922/4394/4171
f 3923/4395/4172 3924/4396/4173 3925/4397/4173
f 3923/4395/4172 3925/4397/4173 3926/4398/4174
f 2516/2771/4175 3380/3754/4176 3925/4397/4176
f 2516/2771/4175 3925/4397/4176 3924/4396/4177
f 3377/3753/3613 3376/4399/3612 3925/4397/4178
f 3377/3753/3613 3925/4397/4178 3380/3754/3618
f 2475/4400/2673 3927/4401/4179 3925/4397/4178
f 2475/4400/2673 3925/4397/4178 3376/4399/3612
f 3928/4402/4180 3926/4398/4181 3925/4397/4178
f 3928/4402/4180 3925/4397/4178 3927/4401/4179
f 3929/4403/4182 3930/4404/4183 3931/4405/4184
f 3929/4403/4182 3931/4405/4184 3932/4406/4185
f 3930/4404/4183 3083/3799/3298 3409/3798/3649
f 3930/4404/4183 3409/3798/3649 3931/4405/4184
f 3931/4405/4184 3409/3798/3649 3408/3797/3648
f 3931/4405/4184 3408/3797/3648 3933/4407/4186
f 3932/4406/4185 3931/4405/4184 3933/4407/4186
f 3932/4406/4185 3933/4407/4186 3934/4408/4187
f 3935/4409/4188 3936/4410/4189 3937/4411/4190
f 3935/4409/4188 3937/4411/4190 3938/4412/4191
f 3121/3451/3341 3415/3805/3655 3937/4411/4190
f 3121/3451/3341 3937/4411/4190 3936/4410/4189
f 3412/3802/3652 3411/3801/3651 3937/4411/4190
f 3412/3802/3652 3937/4411/4190 3415/3805/3655
f 2427/2680/2625 3939/4413/4192 3937/4411/4190
f 2427/2680/2625 3937/4411/4190 3411/3801/3651
f 3940/4414/4193 3938/4412/4191 3937/4411/4190
f 3940/4414/4193 3937/4411/4190 3939/4413/4192
f 3941/4415/4194 3942/4416/4195 3943/4417/4196
f 3941/4415/4194 3943/4417/4196 3944/4418/4197
f 3942/4416/4195 2256/2501/2448 3896/4360/4140
f 3942/4416/4195 3896/4360/4140 3943/4417/4196
f 3943/4417/4196 3896/4360/4140 3893/4355/4137
f 3943/4417/4196 3893/4355/4137 3892/4354/4136
f 3944/4418/4197 3943/4417/4196 3892/4354/4136
f 3944/4418/4197 3892/4354/4136 3891/4353/4135
f 3390/4419/3630 3389/4420/3629 3945/4421/4198
f 3390/4419/3630 3945/4421/4198 3946/4422/4199
f 2536/4423/2739 3947/4424/4200 3945/4421/4201
f 2536/4423/2739 3945/4421/4201 3389/4420/3628
f 3948/4425/4202 3946/4422/4199 3945/4421/4198
f 3948/4425/4202 3945/4421/4198 3947/4424/4203
f 3949/4426/4204 3950/4427/4205 3951/4428/4206
f 3949/4426/4204 3951/4428/4206 3952/4429/4207
f 2527/3443/2730 3113/3442/3333 3951/4428/4208
f 2527/3443/2730 3951/4428/4208 3950/4427/4209
f 3112/3441/3331 3952/4429/4207 3951/4428/4206
f 3112/3441/3331 3951/4428/4206 3113/3442/3332
f 3948/4430/4202 3947/4431/4203 3953/4432/4210
f 3948/4430/4202 3953/4432/4210 3954/4433/4211
f 2536/2795/2739 2535/2794/2738 3953/4432/4212
f 2536/2795/2739 3953/4432/4212 3947/4431/4200
f 2529/2788/2732 2528/2787/2731 3953/4432/4212
f 2529/2788/2732 3953/4432/4212 2535/2794/2738
f 2527/2786/2730 3950/4434/4209 3953/4432/4212
f 2527/2786/2730 3953/4432/4212 2528/2787/2731
f 3949/4435/4204 3954/4433/4211 3953/4432/4210
f 3949/4435/4204 3953/4432/4210 3950/4434/4205
f 3955/4436/4213 3956/4437/4214 3957/4438/4215
f 3955/4436/4213 3957/4438/4215 3958/4439/4216
f 3956/4437/4214 3075/3387/3290 3086/3403/3301
f 3956/4437/4214 3086/3403/3301 3957/4438/4215
f 3957/4438/4215 3086/3403/3301 3085/3402/3300
f 3957/4438/4215 3085/3402/3300 3959/4440/4217
f 3958/4439/4216 3957/4438/4215 3959/4440/4217
f 3958/4439/4216 3959/4440/4217 3960/4441/4218
f 3961/4442/4219 3962/4443/4220 3963/4444/4221
f 3961/4442/4219 3963/4444/4221 3964/4445/4222
f 3962/4443/4220 2288/2538/2480 2287/2537/2479
f 3962/4443/4220 2287/2537/2479 3963/4444/4221
f 3963/4444/4221 2287/2537/2479 2286/2536/2478
f 3963/4444/4221 2286/2536/2478 2296/2546/2488
f 3964/4445/4222 3963/4444/4221 2296/2546/2488
f 3964/4445/4222 2296/2546/2488 2295/2545/2487
f 3965/4446/4223 3966/4447/4224 3967/4448/4225
f 3965/4446/4223 3967/4448/4225 3968/4449/4226
f 2441/2694/2639 2523/2781/2726 3967/4448/4227
f 2441/2694/2639 3967/4448/4227 3966/4447/4228
f 2518/2780/2720 2517/4450/2719 3967/4448/4227
f 2518/2780/2720 3967/4448/4227 2523/2781/2726
f 2516/4451/4175 3924/4452/4177 3967/4448/4225
f 2516/4451/4175 3967/4448/4225 2517/4450/4229
f 3923/4453/4230 3968/4449/4226 3967/4448/4225
f 3923/4453/4230 3967/4448/4225 3924/4452/4177
f 3969/4454/4231 3970/4455/4232 3971/4456/4233
f 3969/4454/4231 3971/4456/4233 3972/4457/4234
f 3970/4455/4235 3123/3453/3343 3122/3452/3342
f 3970/4455/4235 3122/3452/3342 3971/4456/4233
f 3971/4456/4233 3122/3452/3342 3121/3451/3341
f 3971/4456/4233 3121/3451/3341 3936/4410/4189
f 3972/4457/4234 3971/4456/4233 3936/4410/4189
f 3972/4457/4234 3936/4410/4189 3935/4409/4188
f 3940/4414/4193 3939/4413/4192 3973/4458/4236
f 3940/4414/4193 3973/4458/4236 3974/4459/4237
f 3939/4413/4192 2427/2680/2625 2426/2679/2624
f 3939/4413/4192 2426/2679/2624 3973/4458/4238
f 3973/4458/4238 2426/2679/2624 2425/2678/2623
f 3973/4458/4238 2425/2678/2623 3975/4460/4239
f 3974/4459/4237 3973/4458/4236 3975/4460/4240
f 3974/4459/4237 3975/4460/4240 3976/4461/4241
f 3977/4462/4242 3978/4463/4243 3979/4464/4244
f 3977/4462/4242 3979/4464/4244 3980/4465/4244
f 3981/4466/4245 3982/4467/4246 3979/4464/4247
f 3981/4466/4245 3979/4464/4247 3978/4463/4248
f 3344/4468/3577 3343/4469/3576 3979/4464/4247
f 3344/4468/3577 3979/4464/4247 3982/4467/4246
f 3341/4470/4249 3983/4471/4250 3979/4464/4251
f 3341/4470/4249 3979/4464/4251 3343/4469/4252
f 3984/4472/4253 3980/4465/4254 3979/4464/4251
f 3984/4472/4253 3979/4464/4251 3983/4471/4250
f 3985/4473/4255 3986/4474/4256 3987/4475/4257
f 3985/4473/4255 3987/4475/4257 3988/4476/4258
f 2541/4477/2744 3881/4478/4125 3987/4475/4257
f 2541/4477/2744 3987/4475/4257 3986/4474/4256
f 3878/4479/4122 3877/4480/4121 3987/4475/4257
f 3878/4479/4122 3987/4475/4257 3881/4478/4125
f 3330/3690/3561 3989/4481/4259 3987/4475/4257
f 3330/3690/3561 3987/4475/4257 3877/4480/4121
f 3990/4482/4260 3988/4476/4258 3987/4475/4257
f 3990/4482/4260 3987/4475/4257 3989/4481/4259
f 2451/2704/2649 2450/2703/2648 3991/4483/4261
f 2451/2704/2649 3991/4483/4261 3992/4484/4262
f 2450/2703/2648 2443/2696/2641 2442/2695/2640
f 2450/2703/2648 2442/2695/2640 3991/4483/4261
f 3991/4483/4261 2442/2695/2640 2441/2694/2639
f 3991/4483/4261 2441/2694/2639 3966/4447/4228
f 3992/4484/4262 3991/4483/4261 3966/4447/4224
f 3992/4484/4262 3966/4447/4224 3965/4446/4223
f 3993/4485/4263 3994/4486/4264 3995/4487/4265
f 3993/4485/4263 3995/4487/4265 3996/4488/4266
f 3136/3686/3356 3135/4489/3355 3995/4487/4265
f 3136/3686/3356 3995/4487/4265 3994/4486/4264
f 3129/3459/3349 3128/3458/3348 3995/4487/4265
f 3129/3459/3349 3995/4487/4265 3135/4489/3355
f 2436/2689/2634 3997/4490/4267 3995/4487/4265
f 2436/2689/2634 3995/4487/4265 3128/3458/3348
f 3998/4491/4268 3996/4488/4266 3995/4487/4265
f 3998/4491/4268 3995/4487/4265 3997/4490/4267
f 3402/3787/3642 3401/3786/3641 3999/4492/4269
f 3402/3787/3642 3999/4492/4269 4000/4493/4270
f 3399/3784/3639 4001/4494/4271 3999/4492/4269
f 3399/3784/3639 3999/4492/4269 3401/3786/3641
f 4002/4495/4272 4000/4493/4270 3999/4492/4269
f 4002/4495/4272 3999/4492/4269 4001/4494/4271
f 4003/4496/4273 4004/4497/4274 4005/4498/4275
f 4003/4496/4273 4005/4498/4275 4006/4499/4276
f 4004/4497/4277 3125/3455/3345 3124/3454/3344
f 4004/4497/4277 3124/3454/3344 4005/4498/4278
f 4005/4498/4278 3124/3454/3344 3123/3453/3343
f 4005/4498/4278 3123/3453/3343 3970/4455/4235
f 4006/4499/4276 4005/4498/4275 3970/4455/4232
f 4006/4499/4276 3970/4455/4232 3969/4454/4231
f 2549/4500/2752 2548/4501/2751 4007/4502/4279
f 2549/4500/2752 4007/4502/4279 4008/4503/4280
f 2548/4501/2751 2543/4504/2746 2542/4505/2745
f 2548/4501/2751 2542/4505/2745 4007/4502/4279
f 4007/4502/4279 2542/4505/2745 2541/4477/2744
f 4007/4502/4279 2541/4477/2744 3986/4474/4256
f 4008/4503/4280 4007/4502/4279 3986/4474/4256
f 4008/4503/4280 3986/4474/4256 3985/4473/4255
f 2565/2827/2768 2564/2826/2767 4009/4506/4281
f 2565/2827/2768 4009/4506/4281 4010/4507/4282
f 2564/2826/2767 2557/2819/2760 2556/2818/2759
f 2564/2826/2767 2556/2818/2759 4009/4506/4281
f 4009/4506/4281 2556/2818/2759 2555/2817/2758
f 4009/4506/4281 2555/2817/2758 4011/4508/4283
f 4010/4507/4282 4009/4506/4281 4011/4508/4283
f 4010/4507/4282 4011/4508/4283 4012/4509/4284
f 3998/4491/4268 3997/4490/4267 4013/4510/4285
f 3998/4491/4268 4013/4510/4285 4014/4511/4286
f 2436/2689/2634 2435/2688/2633 4013/4510/4285
f 2436/2689/2634 4013/4510/4285 3997/4490/4267
f 2434/2687/2632 4014/4511/4286 4013/4510/4285
f 2434/2687/2632 4013/4510/4285 2435/2688/2633
f 3928/4512/4180 3927/4513/4179 4015/4514/4287
f 3928/4512/4180 4015/4514/4287 4016/4515/4288
f 2475/2729/2673 2474/2728/2672 4015/4514/4287
f 2475/2729/2673 4015/4514/4287 3927/4513/4179
f 2473/2727/2671 4017/4516/4289 4015/4514/4287
f 2473/2727/2671 4015/4514/4287 2474/2728/2672
f 4018/4517/4290 4019/4518/4291 4015/4514/4287
f 4018/4517/4290 4015/4514/4287 4017/4516/4289
f 4020/4519/4292 4016/4515/4288 4015/4514/4287
f 4020/4519/4292 4015/4514/4287 4019/4518/4291
f 4012/4509/4284 4011/4508/4283 4021/4520/4293
f 4012/4509/4284 4021/4520/4293 4022/4521/4294
f 2555/2817/2758 3438/3834/3678 4021/4520/4293
f 2555/2817/2758 4021/4520/4293 4011/4508/4283
f 3435/3831/3675 3434/3830/3674 4021/4520/4293
f 3435/3831/3675 4021/4520/4293 3438/3834/3678
f 2288/2538/2480 3962/4443/4220 4021/4520/4293
f 2288/2538/2480 4021/4520/4293 3434/3830/3674
f 3961/4442/4219 4022/4521/4294 4021/4520/4293
f 3961/4442/4219 4021/4520/4293 3962/4443/4220
f 4023/4522/4295 4024/4523/4296 4025/4524/4297
f 4023/4522/4295 4025/4524/4297 4026/4525/4298
f 2409/2662/2607 2603/2873/2807 4025/4524/4297
f 2409/2662/2607 4025/4524/4297 4024/4523/4296
f 2598/2868/2802 2597/2867/2801 4025/4524/4297
f 2598/2868/2802 4025/4524/4297 2603/2873/2807
f 2596/2866/2800 4027/4526/4299 4025/4524/4297
f 2596/2866/2800 4025/4524/4297 2597/2867/2801
f 4028/4527/4300 4026/4525/4298 4025/4524/4297
f 4028/4527/4300 4025/4524/4297 4027/4526/4299
f 4029/4528/4301 4030/4529/4302 4031/4530/4303
f 4029/4528/4301 4031/4530/4303 4032/4531/4304
f 4030/4529/4302 2260/2505/2452 2259/2504/2451
f 4030/4529/4302 2259/2504/2451 4031/4530/4303
f 4031/4530/4303 2259/2504/2451 2258/2503/2450
f 4031/4530/4303 2258/2503/2450 4033/4532/4305
f 4032/4531/4304 4031/4530/4303 4033/4532/4306
f 4032/4531/4304 4033/4532/4306 4034/4533/4307
f 4034/4533/4307 4033/4532/4306 4035/4534/4308
f 4034/4533/4307 4035/4534/4308 4036/4535/4309
f 4033/4532/4305 2258/2503/2450 2257/2502/2449
f 4033/4532/4305 2257/2502/2449 4035/4534/4308
f 4035/4534/4308 2257/2502/2449 2256/2501/2448
f 4035/4534/4308 2256/2501/2448 3942/4416/4195
f 4036/4535/4309 4035/4534/4308 3942/4416/4195
f 4036/4535/4309 3942/4416/4195 3941/4415/4194
f 3976/4461/4241 3975/4460/4240 4037/4536/4310
f 3976/4461/4241 4037/4536/4310 4038/4537/4311
f 3975/4460/4239 2425/2678/2623 2424/2677/2622
f 3975/4460/4239 2424/2677/2622 4037/4536/4310
f 4037/4536/4310 2424/2677/2622 2423/2676/2621
f 4037/4536/4310 2423/2676/2621 4039/4538/4312
f 4038/4537/4311 4037/4536/4310 4039/4538/4312
f 4038/4537/4311 4039/4538/4312 4040/4539/4313
f 4002/4495/4272 4001/4494/4271 4041/4540/4314
f 4002/4495/4272 4041/4540/4314 4042/4541/4315
f 3399/3784/3639 3398/3783/3638 4041/4540/4314
f 3399/3784/3639 4041/4540/4314 4001/4494/4271
f 3394/3782/3634 3393/4542/3633 4041/4540/4314
f 3394/3782/3634 4041/4540/4314 3398/3783/3638
f 2260/2505/2452 4030/4529/4302 4041/4540/4314
f 2260/2505/2452 4041/4540/4314 3393/4542/3633
f 4029/4528/4301 4042/4541/4315 4041/4540/4314
f 4029/4528/4301 4041/4540/4314 4030/4529/4302
f 4043/4543/4316 4044/4544/4317 4045/4545/4318
f 4043/4543/4316 4045/4545/4318 4046/4546/4319
f 2419/2672/2617 2418/2671/2616 4045/4545/4318
f 2419/2672/2617 4045/4545/4318 4044/4544/4317
f 2411/2664/2609 2410/2663/2608 4045/4545/4318
f 2411/2664/2609 4045/4545/4318 2418/2671/2616
f 2409/2662/2607 4024/4523/4296 4045/4545/4318
f 2409/2662/2607 4045/4545/4318 2410/2663/2608
f 4023/4522/4295 4046/4546/4319 4045/4545/4318
f 4023/4522/4295 4045/4545/4318 4024/4523/4296
f 3984/4547/4253 3983/4548/4250 4047/4549/4320
f 3984/4547/4253 4047/4549/4320 4048/4550/4321
f 3341/4551/4249 3340/4552/4322 4047/4549/4320
f 3341/4551/4249 4047/4549/4320 3983/4548/4250
f 3334/4553/3565 3333/4554/3564 4047/4549/4323
f 3334/4553/3565 4047/4549/4323 3340/4552/3571
f 3125/4555/3345 4004/4556/4277 4047/4549/4323
f 3125/4555/3345 4047/4549/4323 3333/4554/3564
f 4003/4557/4273 4048/4550/4324 4047/4549/4324
f 4003/4557/4273 4047/4549/4324 4004/4556/4274
f 3990/4482/4260 3989/4481/4259 4049/4558/4325
f 3990/4482/4260 4049/4558/4325 4050/4559/4326
f 3989/4481/4259 3330/3690/3561 3329/3689/3560
f 3989/4481/4259 3329/3689/3560 4049/4558/4325
f 4049/4558/4325 3329/3689/3560 3328/3688/3559
f 4049/4558/4325 3328/3688/3559 4051/4560/4327
f 4050/4559/4326 4049/4558/4325 4051/4560/4327
f 4050/4559/4326 4051/4560/4327 4052/4561/4328
f 3960/4441/4218 3959/4440/4217 4053/4562/4329
f 3960/4441/4218 4053/4562/4329 4054/4563/4330
f 3959/4440/4217 3085/3402/3300 3084/3401/3299
f 3959/4440/4217 3084/3401/3299 4053/4562/4329
f 4053/4562/4329 3084/3401/3299 3083/3400/3298
f 4053/4562/4329 3083/3400/3298 3930/4564/4183
f 4054/4563/4330 4053/4562/4329 3930/4564/4183
f 4054/4563/4330 3930/4564/4183 3929/4565/4182
f 4028/4527/4300 4027/4526/4299 4055/4566/4331
f 4028/4527/4300 4055/4566/4331 4056/4567/4332
f 2596/2866/2800 3405/3790/3645 4055/4566/4331
f 2596/2866/2800 4055/4566/4331 4027/4526/4299
f 3404/3789/3644 4056/4567/4332 4055/4566/4331
f 3404/3789/3644 4055/4566/4331 3405/3790/3645
f 4052/4561/4328 4051/4560/4327 4057/4568/4333
f 4052/4561/4328 4057/4568/4333 4058/4569/4334
f 4051/4560/4327 3328/3688/3559 3327/3687/3558
f 4051/4560/4327 3327/3687/3558 4057/4568/4333
f 4057/4568/4333 3327/3687/3558 3136/3686/3356
f 4057/4568/4333 3136/3686/3356 3994/4486/4264
f 4058/4569/4334 4057/4568/4333 3994/4486/4264
f 4058/4569/4334 3994/4486/4264 3993/4485/4263
f 4020/4570/4335 4019/4571/4336 4059/4572/4337
f 4020/4570/4335 4059/4572/4337 4060/4573/4338
f 4019/4571/4336 4018/4574/4290 4061/4575/4339
f 4019/4571/4336 4061/4575/4339 4059/4572/4337
f 4059/4572/4337 4061/4575/4339 4062/4576/4340
f 4059/4572/4337 4062/4576/4340 4063/4577/4341
f 4060/4573/4338 4059/4572/4337 4063/4577/4341
f 4060/4573/4338 4063/4577/4341 4064/4578/4342
f 3934/4408/4187 3933/4407/4186 4065/4579/4343
f 3934/4408/4187 4065/4579/4343 4066/4580/4344
f 3933/4407/4186 3408/3797/3648 3407/3796/3647
f 3933/4407/4186 3407/3796/3647 4065/4579/4343
f 4065/4579/4343 3407/3796/3647 2419/3795/2617
f 4065/4579/4343 2419/3795/2617 4044/4581/4317
f 4066/4580/4344 4065/4579/4343 4044/4581/4317
f 4066/4580/4344 4044/4581/4317 4043/4582/4316
f 4040/4583/4313 4039/4584/4312 4067/4585/4345
f 4040/4583/4313 4067/4585/4345 4068/4586/4346
f 2423/3397/2621 3080/3396/3295 4067/4585/4345
f 2423/3397/2621 4067/4585/4345 4039/4584/4312
f 3077/3389/3292 3076/3388/3291 4067/4585/4345
f 3077/3389/3292 4067/4585/4345 3080/3396/3295
f 3075/3387/3290 3956/4437/4214 4067/4585/4345
f 3075/3387/3290 4067/4585/4345 3076/3388/3291
f 3955/4436/4213 4068/4586/4346 4067/4585/4345
f 3955/4436/4213 4067/4585/4345 3956/4437/4214
f 2978/3280/3192 2977/3279/3191 4069/4587/4347
f 2978/3280/3192 4069/4587/4347 4070/4588/4348
f 2976/3278/3190 4071/4589/4349 4069/4587/4350
f 2976/3278/3190 4069/4587/4350 2977/3279/3191
f 4072/4590/4351 4070/4588/4348 4069/4587/4347
f 4072/4590/4351 4069/4587/4347 4071/4589/4349
f 4073/4591/4352 4074/4592/4353 4075/4593/4354
f 4073/4591/4352 4075/4593/4354 4076/4594/4355
f 4074/4592/4356 2989/3292/3203 2988/3291/3202
f 4074/4592/4356 2988/3291/3202 4075/4593/4357
f 4075/4593/4357 2988/3291/3202 2987/3290/3201
f 4075/4593/4357 2987/3290/3201 2996/3299/3211
f 4076/4594/4355 4075/4593/4354 2996/3299/3210
f 4076/4594/4355 2996/3299/3210 2995/3298/3209
f 4072/4590/4351 4071/4589/4349 4077/4595/4358
f 4072/4590/4351 4077/4595/4358 4078/4596/4359
f 2976/3278/3190 3690/4114/3933 4077/4595/4358
f 2976/3278/3190 4077/4595/4358 4071/4589/4349
f 3689/4113/3932 3694/4118/3937 4077/4595/4358
f 3689/4113/3932 4077/4595/4358 3690/4114/3933
f 3693/4117/3936 4079/4597/4360 4077/4595/4358
f 3693/4117/3936 4077/4595/4358 3694/4118/3937
f 4080/4598/4361 4078/4596/4359 4077/4595/4358
f 4080/4598/4361 4077/4595/4358 4079/4597/4360
f 3775/4599/4018 3774/4600/4017 4081/4601/4362
f 3775/4599/4018 4081/4601/4362 4082/4602/4363
f 2989/3292/3203 4074/4592/4356 4081/4601/4364
f 2989/3292/3203 4081/4601/4364 3774/4600/4017
f 4073/4591/4352 4082/4602/4363 4081/4601/4362
f 4073/4591/4352 4081/4601/4362 4074/4592/4353
f 3731/4162/3974 3730/4161/3973 4083/4603/4365
f 3731/4162/3974 4083/4603/4365 4084/4604/4366
f 3730/4161/3973 3726/4160/3969 3725/4605/3968
f 3730/4161/3973 3725/4605/3968 4083/4603/4365
f 4083/4603/4365 3725/4605/3968 3723/4606/3966
f 4083/4603/4365 3723/4606/3966 4085/4607/4367
f 4084/4604/4366 4083/4603/4365 4085/4607/4367
f 4084/4604/4366 4085/4607/4367 4086/4608/4368
f 4087/4609/4369 4088/4610/4370 4089/4611/4371
f 4087/4609/4369 4089/4611/4371 4090/4612/4372
f 2902/3196/3112 2901/3195/3111 4089/4611/4371
f 2902/3196/3112 4089/4611/4371 4088/4610/4370
f 2895/3189/3105 2894/3188/3104 4089/4611/4371
f 2895/3189/3105 4089/4611/4371 2901/3195/3111
f 2893/3187/3103 4091/4613/4373 4089/4611/4371
f 2893/3187/3103 4089/4611/4371 2894/3188/3104
f 4092/4614/4374 4090/4612/4372 4089/4611/4371
f 4092/4614/4374 4089/4611/4371 4091/4613/4373
f 4080/4598/4361 4079/4597/4360 4093/4615/4375
f 4080/4598/4361 4093/4615/4375 4094/4616/4376
f 4079/4597/4360 3693/4117/3936 3833/4285/4077
f 4079/4597/4360 3833/4285/4077 4093/4615/4377
f 4093/4615/4377 3833/4285/4077 3830/4280/4074
f 4093/4615/4377 3830/4280/4074 3829/4279/4073
f 4094/4616/4376 4093/4615/4375 3829/4279/4073
f 4094/4616/4376 3829/4279/4073 3828/4278/4072
f 4095/4617/4378 4096/4618/4379 4097/4619/4380
f 4095/4617/4378 4097/4619/4380 4098/4620/4381
f 3167/3509/3388 3205/3551/3436 4097/4619/4380
f 3167/3509/3388 4097/4619/4380 4096/4618/4379
f 3204/3550/3435 4099/4621/4382 4097/4619/4380
f 3204/3550/3435 4097/4619/4380 3205/3551/3436
f 4100/4622/4383 4101/4623/4384 4097/4619/4380
f 4100/4622/4383 4097/4619/4380 4099/4621/4382
f 4102/4624/4385 4098/4620/4381 4097/4619/4380
f 4102/4624/4385 4097/4619/4380 4101/4623/4384
f 4103/4625/4386 4104/4626/4387 4105/4627/4388
f 4103/4625/4386 4105/4627/4388 4106/4628/4389
f 2868/3162/3077 3825/4274/4069 4105/4627/4388
f 2868/3162/3077 4105/4627/4388 4104/4626/4387
f 3824/4273/4068 4106/4628/4389 4105/4627/4388
f 3824/4273/4068 4105/4627/4388 3825/4274/4069
f 4086/4629/4368 4085/4630/4367 4107/4631/4390
f 4086/4629/4368 4107/4631/4390 4108/4632/4391
f 4085/4630/4367 3723/4152/3966 3722/4151/3965
f 4085/4630/4367 3722/4151/3965 4107/4631/4390
f 4107/4631/4390 3722/4151/3965 3721/4150/3964
f 4107/4631/4390 3721/4150/3964 4109/4633/4392
f 4108/4632/4391 4107/4631/4390 4109/4633/4392
f 4108/4632/4391 4109/4633/4392 4110/4634/4393
f 4111/4635/4394 4112/4636/4395 4113/4637/4396
f 4111/4635/4394 4113/4637/4396 4114/4638/4396
f 4100/4622/4383 4115/4639/4397 4113/4637/4398
f 4100/4622/4383 4113/4637/4398 4112/4636/4399
f 4116/4640/4400 4114/4638/4401 4113/4637/4398
f 4116/4640/4400 4113/4637/4398 4115/4639/4397
f 4117/4641/4402 4118/4642/4403 4119/4643/4404
f 4117/4641/4402 4119/4643/4404 4120/4644/4405
f 3737/4645/3980 3760/4646/4003 4119/4643/4404
f 3737/4645/3980 4119/4643/4404 4118/4642/4403
f 3759/4647/4002 3764/4648/4007 4119/4643/4404
f 3759/4647/4002 4119/4643/4404 3760/4646/4003
f 3763/4201/4006 4121/4649/4406 4119/4643/4404
f 3763/4201/4006 4119/4643/4404 3764/4648/4007
f 4122/4650/4407 4120/4644/4405 4119/4643/4404
f 4122/4650/4407 4119/4643/4404 4121/4649/4406
f 4110/4651/4393 4109/4652/4392 4123/4653/4408
f 4110/4651/4393 4123/4653/4408 4124/4654/4409
f 4109/4652/4392 3721/4655/3964 3720/4656/3963
f 4109/4652/4392 3720/4656/3963 4123/4653/4408
f 4123/4653/4408 3720/4656/3963 2902/4657/3112
f 4123/4653/4408 2902/4657/3112 4088/4658/4370
f 4124/4654/4409 4123/4653/4408 4088/4658/4370
f 4124/4654/4409 4088/4658/4370 4087/4659/4369
f 4102/4624/4385 4101/4623/4384 4125/4660/4410
f 4102/4624/4385 4125/4660/4410 4126/4661/4411
f 4100/4622/4383 4112/4636/4399 4125/4660/4410
f 4100/4622/4383 4125/4660/4410 4101/4623/4384
f 4111/4635/4394 4126/4661/4412 4125/4660/4412
f 4111/4635/4394 4125/4660/4412 4112/4636/4395
f 4127/4662/4413 4128/4663/4414 4129/4664/4415
f 4127/4662/4413 4129/4664/4415 4130/4665/4416
f 4128/4663/4414 2320/2570/2515 2319/2569/2514
f 4128/4663/4414 2319/2569/2514 4129/4664/4415
f 4129/4664/4415 2319/2569/2514 2312/2562/2507
f 4129/4664/4415 2312/2562/2507 2311/2561/2506
f 4130/4665/4416 4129/4664/4415 2311/2561/2506
f 4130/4665/4416 2311/2561/2506 2310/2560/2505
f 4131/4666/4417 4132/4667/4418 4133/4668/4419
f 4131/4666/4417 4133/4668/4419 4134/4669/4420
f 3771/4204/4014 3778/4213/4021 4133/4668/4419
f 3771/4204/4014 4133/4668/4419 4132/4667/4418
f 3777/4212/4020 4134/4669/4420 4133/4668/4419
f 3777/4212/4020 4133/4668/4419 3778/4213/4021
f 4135/4670/4421 4136/4671/4422 4137/4672/4423
f 4135/4670/4421 4137/4672/4423 4138/4673/4424
f 2877/3171/3086 2876/3170/3085 4137/4672/4423
f 2877/3171/3086 4137/4672/4423 4136/4671/4422
f 2870/3164/3079 2869/3163/3078 4137/4672/4423
f 2870/3164/3079 4137/4672/4423 2876/3170/3085
f 2868/3162/3077 4104/4626/4387 4137/4672/4423
f 2868/3162/3077 4137/4672/4423 2869/3163/3078
f 4103/4625/4386 4138/4673/4424 4137/4672/4423
f 4103/4625/4386 4137/4672/4423 4104/4626/4387
f 2961/3263/3171 2960/3262/3170 4139/4674/4425
f 2961/3263/3171 4139/4674/4425 4140/4675/4426
f 2960/3262/3170 2959/3261/3169 2966/3268/3176
f 2960/3262/3170 2966/3268/3176 4139/4674/4425
f 4139/4674/4425 2966/3268/3176 2320/2570/2515
f 4139/4674/4425 2320/2570/2515 4128/4663/4414
f 4140/4675/4426 4139/4674/4425 4128/4663/4414
f 4140/4675/4426 4128/4663/4414 4127/4662/4413
f 3745/4676/3988 3744/4677/3987 4141/4678/4427
f 3745/4676/3988 4141/4678/4427 4142/4679/4428
f 3744/4677/3987 3739/4680/3982 3738/4681/3981
f 3744/4677/3987 3738/4681/3981 4141/4678/4427
f 4141/4678/4427 3738/4681/3981 3737/4645/3980
f 4141/4678/4427 3737/4645/3980 4118/4642/4403
f 4142/4679/4428 4141/4678/4427 4118/4642/4403
f 4142/4679/4428 4118/4642/4403 4117/4641/4402
f 4143/4682/4429 4144/4683/4430 4145/4684/4431
f 4143/4682/4429 4145/4684/4431 4146/4685/4432
f 2999/3302/3214 3163/3505/3384 4145/4684/4431
f 2999/3302/3214 4145/4684/4431 4144/4683/4430
f 3162/3504/3383 3168/3510/3389 4145/4684/4431
f 3162/3504/3383 4145/4684/4431 3163/3505/3384
f 3167/3509/3388 4096/4618/4379 4145/4684/4431
f 3167/3509/3388 4145/4684/4431 3168/3510/3389
f 4095/4617/4378 4146/4685/4432 4145/4684/4431
f 4095/4617/4378 4145/4684/4431 4096/4618/4379
f 4116/4640/4400 4115/4639/4397 4147/4686/4433
f 4116/4640/4400 4147/4686/4433 4148/4687/4434
f 4100/4622/4383 4099/4621/4382 4147/4686/4433
f 4100/4622/4383 4147/4686/4433 4115/4639/4397
f 3204/3550/3435 3203/3549/3434 4147/4686/4433
f 3204/3550/3435 4147/4686/4433 4099/4621/4382
f 2877/3171/3086 4136/4671/4422 4147/4686/4433
f 2877/3171/3086 4147/4686/4433 3203/3549/3434
f 4135/4670/4421 4148/4687/4434 4147/4686/4433
f 4135/4670/4421 4147/4686/4433 4136/4671/4422
f 3001/3304/3216 3000/3303/3215 4149/4688/4435
f 3001/3304/3216 4149/4688/4435 4150/4689/4436
f 2999/3302/3214 4144/4683/4430 4149/4688/4435
f 2999/3302/3214 4149/4688/4435 3000/3303/3215
f 4143/4682/4429 4150/4689/4436 4149/4688/4435
f 4143/4682/4429 4149/4688/4435 4144/4683/4430
f 4122/4650/4407 4121/4649/4406 4151/4690/4437
f 4122/4650/4407 4151/4690/4437 4152/4691/4438
f 3763/4201/4006 3768/4200/4011 4151/4690/4437
f 3763/4201/4006 4151/4690/4437 4121/4649/4406
f 3767/4199/4010 3772/4205/4015 4151/4690/4437
f 3767/4199/4010 4151/4690/4437 3768/4200/4011
f 3771/4204/4014 4132/4667/4418 4151/4690/4437
f 3771/4204/4014 4151/4690/4437 3772/4205/4015
f 4131/4666/4417 4152/4691/4438 4151/4690/4437
f 4131/4666/4417 4151/4690/4437 4132/4667/4418
f 4092/4614/4374 4091/4613/4373 4153/4692/4439
f 4092/4614/4374 4153/4692/4439 4154/4693/4440
f 4091/4613/4373 2893/3187/3103 3817/4266/4061
f 4091/4613/4373 3817/4266/4061 4153/4692/4439
f 4153/4692/4439 3817/4266/4061 3814/4263/4058
f 4153/4692/4439 3814/4263/4058 3813/4262/4057
f 4154/4693/4440 4153/4692/4439 3813/4262/4057
f 4154/4693/4440 3813/4262/4057 3812/4261/4056
f 2942/3241/3152 2941/3240/3151 4155/4694/4441
f 2942/3241/3152 4155/4694/4441 4156/4695/4442
f 2940/3239/3150 2952/4696/3162 4155/4694/4441
f 2940/3239/3150 4155/4694/4441 2941/3240/3151
f 2951/4697/3161 4156/4695/4442 4155/4694/4441
f 2951/4697/3161 4155/4694/4441 2952/4696/3162
f 4157/4698/4443 4158/4699/4444 4159/4700/4445
f 4157/4698/4443 4159/4700/4445 4160/4701/4446
f 2888/3182/3097 2887/3181/3098 4159/4700/4447
f 2888/3182/3097 4159/4700/4447 4158/4699/4444
f 2886/3180/3095 4160/4701/4446 4159/4700/4445
f 2886/3180/3095 4159/4700/4445 2887/3181/3096
f 2754/4702/2963 2753/4703/2962 4161/4704/4448
f 2754/4702/2963 4161/4704/4448 4162/4705/4449
f 2753/4703/2962 2747/4706/2956 2746/4707/2955
f 2753/4703/2962 2746/4707/2955 4161/4704/4448
f 4161/4704/4448 2746/4707/2955 2745/4708/2954
f 4161/4704/4448 2745/4708/2954 4163/4709/4450
f 4162/4705/4449 4161/4704/4448 4163/4709/4450
f 4162/4705/4449 4163/4709/4450 4164/4710/4451
f 4165/4711/4452 4166/4712/4453 4167/4713/4454
f 4165/4711/4452 4167/4713/4454 4168/4714/4455
f 4018/4517/4290 4017/4516/4289 4167/4713/4454
f 4018/4517/4290 4167/4713/4454 4166/4712/4453
f 2473/2727/2671 2472/2726/2670 4167/4713/4454
f 2473/2727/2671 4167/4713/4454 4017/4516/4289
f 2469/2723/2667 4169/4715/4456 4167/4713/4454
f 2469/2723/2667 4167/4713/4454 2472/2726/2670
f 4170/4716/4457 4168/4714/4455 4167/4713/4454
f 4170/4716/4457 4167/4713/4454 4169/4715/4456
f 4171/4717/4458 4172/4718/4459 4173/4719/4460
f 4171/4717/4458 4173/4719/4460 4174/4720/4461
f 4175/4721/4462 4176/4722/4463 4173/4719/4460
f 4175/4721/4462 4173/4719/4460 4172/4718/4459
f 4064/4723/4342 4063/4724/4341 4173/4719/4460
f 4064/4723/4342 4173/4719/4460 4176/4722/4463
f 4062/4725/4340 4177/4726/4464 4173/4719/4460
f 4062/4725/4340 4173/4719/4460 4063/4724/4341
f 4178/4727/4465 4174/4720/4461 4173/4719/4460
f 4178/4727/4465 4173/4719/4460 4177/4726/4464
f 4164/4710/4451 4163/4709/4450 4179/4728/4466
f 4164/4710/4451 4179/4728/4466 4180/4729/4467
f 2745/4708/2954 3272/4730/3503 4179/4728/4466
f 2745/4708/2954 4179/4728/4466 4163/4709/4450
f 3271/4731/3502 3278/4732/3509 4179/4728/4466
f 3271/4731/3502 4179/4728/4466 3272/4730/3503
f 3277/3902/3508 3501/3905/3744 4179/4728/4466
f 3277/3902/3508 4179/4728/4466 3278/4732/3509
f 3505/3910/3748 4180/4729/4467 4179/4728/4466
f 3505/3910/3748 4179/4728/4466 3501/3905/3744
f 4178/4727/4465 4177/4726/4464 4181/4733/4468
f 4178/4727/4465 4181/4733/4468 4182/4734/4469
f 4177/4726/4464 4062/4725/4340 4061/4735/4339
f 4177/4726/4464 4061/4735/4339 4181/4733/4468
f 4181/4733/4468 4061/4735/4339 4018/4736/4290
f 4181/4733/4468 4018/4736/4290 4166/4737/4453
f 4182/4734/4469 4181/4733/4468 4166/4737/4453
f 4182/4734/4469 4166/4737/4453 4165/4738/4452
f 4170/4716/4457 4169/4715/4456 4183/4739/4470
f 4170/4716/4457 4183/4739/4470 4184/4740/4471
f 4169/4715/4456 2469/2723/2667 2468/2722/2666
f 4169/4715/4456 2468/2722/2666 4183/4739/4470
f 4183/4739/4470 2468/2722/2666 2461/2715/2659
f 4183/4739/4470 2461/2715/2659 2460/2714/2658
f 4184/4740/4471 4183/4739/4470 2460/2714/2658
f 4184/4740/4471 2460/2714/2658 2459/2713/2657
f 3509/3915/3752 3508/3914/3751 4185/4741/4472
f 3509/3915/3752 4185/4741/4472 4186/4742/4473
f 3233/3579/3464 3232/3578/3463 4185/4741/4472
f 3233/3579/3464 4185/4741/4472 3508/3914/3751
f 3225/3571/3456 3224/3570/3455 4185/4741/4472
f 3225/3571/3456 4185/4741/4472 3232/3578/3463
f 2888/3182/3097 4158/4699/4444 4185/4741/4472
f 2888/3182/3097 4185/4741/4472 3224/3570/3455
f 4157/4698/4443 4186/4742/4473 4185/4741/4472
f 4157/4698/4443 4185/4741/4472 4158/4699/4444
f 3981/4743/4245 3978/4744/4248 4187/4745/4474
f 3981/4743/4245 4187/4745/4474 4188/4746/4475
f 3977/4747/4242 4189/4748/4476 4187/4745/4476
f 3977/4747/4242 4187/4745/4476 3978/4744/4243
f 4190/4749/4477 4188/4746/4475 4187/4745/4474
f 4190/4749/4477 4187/4745/4474 4189/4748/4477
f 3678/4750/3921 3677/4751/3920 4191/4752/4478
f 3678/4750/3921 4191/4752/4478 4192/4753/4479
f 3677/4751/3920 3672/4090/3915 3671/4089/3914
f 3677/4751/3920 3671/4089/3914 4191/4752/4480
f 4191/4752/4480 3671/4089/3914 2331/2581/2528
f 4191/4752/4480 2331/2581/2528 4193/4754/4481
f 4192/4753/4479 4191/4752/4478 4193/4754/4482
f 4192/4753/4479 4193/4754/4482 4194/4755/4483
f 4195/4756/4484 4196/4757/4485 4197/4758/4486
f 4195/4756/4484 4197/4758/4486 4198/4759/4487
f 3157/3499/3378 3156/3498/3377 4197/4758/4486
f 3157/3499/3378 4197/4758/4486 4196/4757/4485
f 3155/3497/3376 4198/4759/4487 4197/4758/4486
f 3155/3497/3376 4197/4758/4486 3156/3498/3377
f 4199/4760/4488 4200/4761/4489 4201/4762/4490
f 4199/4760/4488 4201/4762/4490 4202/4763/4491
f 4200/4761/4489 2716/3002/2922 2715/3001/2921
f 4200/4761/4489 2715/3001/2921 4201/4762/4490
f 4201/4762/4490 2715/3001/2921 2714/3000/2920
f 4201/4762/4490 2714/3000/2920 2724/3010/2930
f 4202/4763/4491 4201/4762/4490 2724/3010/2930
f 4202/4763/4491 2724/3010/2930 2723/3009/2929
f 2327/2577/2522 2326/2576/2525 4203/4764/4492
f 2327/2577/2522 4203/4764/4492 4204/4765/4493
f 2325/2575/2520 4205/4766/4494 4203/4764/4492
f 2325/2575/2520 4203/4764/4492 2326/2576/2521
f 4206/4767/4495 4204/4765/4493 4203/4764/4492
f 4206/4767/4495 4203/4764/4492 4205/4766/4494
f 4207/4768/4496 4208/4769/4497 4209/4770/4498
f 4207/4768/4496 4209/4770/4498 4210/4771/4499
f 2336/4772/2534 3537/4773/3780 4209/4770/4498
f 2336/4772/2534 4209/4770/4498 4208/4769/4497
f 3534/3942/3777 3533/3941/3776 4209/4770/4498
f 3534/3942/3777 4209/4770/4498 3537/4773/3780
f 3157/3499/3378 4196/4757/4485 4209/4770/4498
f 3157/3499/3378 4209/4770/4498 3533/3941/3776
f 4195/4756/4484 4210/4771/4499 4209/4770/4498
f 4195/4756/4484 4209/4770/4498 4196/4757/4485
f 3919/4391/4166 3918/4390/4169 4211/4774/4500
f 3919/4391/4166 4211/4774/4500 4212/4775/4501
f 2483/2737/2681 4213/4776/4502 4211/4774/4503
f 2483/2737/2681 4211/4774/4503 3918/4390/4165
f 4214/4777/4504 4212/4775/4501 4211/4774/4505
f 4214/4777/4504 4211/4774/4505 4213/4776/4506
f 3348/3710/3581 3347/3709/3580 4215/4778/4507
f 3348/3710/3581 4215/4778/4507 4216/4779/4508
f 3069/3708/3284 4217/4780/4509 4215/4778/4510
f 3069/3708/3284 4215/4778/4510 3347/3709/3580
f 4218/4781/4511 4216/4779/4508 4215/4778/4507
f 4218/4781/4511 4215/4778/4507 4217/4780/4509
f 4219/4782/4512 4220/4783/4513 4221/4784/4514
f 4219/4782/4512 4221/4784/4514 4222/4785/4515
f 4220/4783/4513 3061/3364/3276 3060/3363/3275
f 4220/4783/4513 3060/3363/3275 4221/4784/4514
f 4221/4784/4514 3060/3363/3275 3059/3362/3274
f 4221/4784/4514 3059/3362/3274 4223/4786/4516
f 4222/4785/4515 4221/4784/4514 4223/4786/4516
f 4222/4785/4515 4223/4786/4516 4224/4787/4517
f 4224/4787/4517 4223/4786/4516 4225/4788/4518
f 4224/4787/4517 4225/4788/4518 4226/4789/4519
f 4223/4786/4516 3059/3362/3274 3058/3361/3273
f 4223/4786/4516 3058/3361/3273 4225/4788/4518
f 4225/4788/4518 3058/3361/3273 2716/3002/2922
f 4225/4788/4518 2716/3002/2922 4200/4761/4489
f 4226/4789/4519 4225/4788/4518 4200/4761/4489
f 4226/4789/4519 4200/4761/4489 4199/4760/4488
f 4206/4767/4495 4205/4766/4494 4227/4790/4520
f 4206/4767/4495 4227/4790/4520 4228/4791/4521
f 2325/2575/2520 2343/2596/2541 4227/4790/4520
f 2325/2575/2520 4227/4790/4520 4205/4766/4494
f 2338/2595/2536 2337/4792/2535 4227/4790/4520
f 2338/2595/2536 4227/4790/4520 2343/2596/2541
f 2336/4772/2534 4208/4769/4497 4227/4790/4520
f 2336/4772/2534 4227/4790/4520 2337/4792/2535
f 4207/4768/4496 4228/4791/4521 4227/4790/4520
f 4207/4768/4496 4227/4790/4520 4208/4769/4497
f 4214/4777/4504 4213/4776/4506 4229/4793/4522
f 4214/4777/4504 4229/4793/4522 4230/4794/4523
f 4213/4776/4502 2483/2737/2681 2482/2736/2680
f 4213/4776/4502 2482/2736/2680 4229/4793/4524
f 4229/4793/4524 2482/2736/2680 2481/2735/2679
f 4229/4793/4524 2481/2735/2679 2491/2745/2689
f 4230/4794/4523 4229/4793/4522 2491/2745/2689
f 4230/4794/4523 2491/2745/2689 2490/2744/2688
f 4194/4795/4483 4193/4796/4482 4231/4797/4525
f 4194/4795/4483 4231/4797/4525 4232/4798/4526
f 2331/4799/2528 2330/4800/2529 4231/4797/4527
f 2331/4799/2528 4231/4797/4527 4193/4796/4481
f 2329/4801/2526 4232/4798/4526 4231/4797/4525
f 2329/4801/2526 4231/4797/4525 2330/4800/2527
f 4218/4781/4511 4217/4780/4509 4233/4802/4528
f 4218/4781/4511 4233/4802/4528 4234/4803/4529
f 3069/3708/3284 3068/4804/3283 4233/4802/4528
f 3069/3708/3284 4233/4802/4528 4217/4780/4509
f 3067/3380/3282 3072/3379/3287 4233/4802/4528
f 3067/3380/3282 4233/4802/4528 3068/4804/3283
f 3061/3378/3276 4220/4805/4513 4233/4802/4528
f 3061/3378/3276 4233/4802/4528 3072/3379/3287
f 4219/4806/4512 4234/4803/4529 4233/4802/4528
f 4219/4806/4512 4233/4802/4528 4220/4805/4513
f 2195/4807/2375 2194/4808/2376 4235/4809/4530
f 2195/4807/2375 4235/4809/4530 4236/4810/4531
f 2194/4808/2376 2078/4811/4532 4237/4812/4532
f 2194/4808/2376 4237/4812/4532 4235/4809/4530
f 4235/4809/4533 4237/4812/4534 4064/4813/4534
f 4235/4809/4533 4064/4813/4534 4176/4814/4535
f 4236/4810/4536 4235/4809/4533 4176/4814/4535
f 4236/4810/4536 4176/4814/4535 4175/4815/4536
f 2078/4816/4537 2076/4817/4537 4238/4818/4538
f 2078/4816/4537 4238/4818/4538 4237/4819/4539
f 2076/4817/4540 2034/4820/4541 4239/4821/4542
f 2076/4817/4540 4239/4821/4542 4238/4818/4540
f 4238/4818/4543 4239/4821/4544 4020/4570/4335
f 4238/4818/4543 4020/4570/4335 4060/4573/4338
f 4237/4819/4539 4238/4818/4538 4060/4573/4338
f 4237/4819/4539 4060/4573/4338 4064/4578/4342
f 2034/4822/4541 2032/4823/4545 4240/4824/4546
f 2034/4822/4541 4240/4824/4546 4239/4825/4542
f 2032/4823/4545 1944/4826/4547 4241/4827/4548
f 2032/4823/4545 4241/4827/4548 4240/4824/4546
f 4240/4824/4549 4241/4827/4550 3928/4828/4550
f 4240/4824/4549 3928/4828/4550 4016/4829/4551
f 4239/4825/4544 4240/4824/4549 4016/4829/4551
f 4239/4825/4544 4016/4829/4551 4020/4830/4335
f 1944/2162/4547 1941/2159/4552 4242/4831/4553
f 1944/2162/4547 4242/4831/4553 4241/4832/4548
f 1941/2159/4552 1940/2158/4554 4243/4833/4555
f 1941/2159/4552 4243/4833/4555 4242/4831/4553
f 4242/4831/4553 4243/4833/4555 3923/4834/4172
f 4242/4831/4553 3923/4834/4172 3926/4835/4174
f 4241/4832/4548 4242/4831/4553 3926/4835/4174
f 4241/4832/4548 3926/4835/4174 3928/4836/4556
f 1940/2158/4554 1983/4837/4557 4244/4838/4558
f 1940/2158/4554 4244/4838/4558 4243/4833/4555
f 1983/4837/4557 1982/4839/4559 4245/4840/4560
f 1983/4837/4557 4245/4840/4560 4244/4838/4558
f 4244/4838/4558 4245/4840/4560 3965/4841/4561
f 4244/4838/4558 3965/4841/4561 3968/4842/4562
f 4243/4833/4555 4244/4838/4558 3968/4842/4562
f 4243/4833/4555 3968/4842/4562 3923/4834/4172
f 1982/4839/4559 2008/4843/4563 4246/4844/4564
f 1982/4839/4559 4246/4844/4564 4245/4840/4560
f 2008/4843/4563 469/4845/4565 4247/4846/4566
f 2008/4843/4563 4247/4846/4566 4246/4844/4564
f 4246/4844/4567 4247/4846/4568 2451/4847/4569
f 4246/4844/4567 2451/4847/4569 3992/4848/4570
f 4245/4840/4560 4246/4844/4567 3992/4848/4570
f 4245/4840/4560 3992/4848/4570 3965/4841/4561
f 469/4845/4565 468/4849/4571 4248/4850/4572
f 469/4845/4565 4248/4850/4572 4247/4846/4566
f 468/4849/4571 467/4851/4573 4249/4852/4574
f 468/4849/4571 4249/4852/4574 4248/4850/4572
f 4248/4850/4575 4249/4852/4574 2453/4853/4576
f 4248/4850/4575 2453/4853/4576 2452/4854/4577
f 4247/4846/4568 4248/4850/4575 2452/4854/4577
f 4247/4846/4568 2452/4854/4577 2451/4847/4569
f 467/4851/4573 1130/4855/1256 4250/4856/4578
f 467/4851/4573 4250/4856/4578 4249/4852/4574
f 1130/4855/1256 1129/4857/1255 4251/4858/4579
f 1130/4855/1256 4251/4858/4579 4250/4856/4578
f 4250/4856/4578 4251/4858/4579 3112/4859/3331
f 4250/4856/4578 3112/4859/3331 3111/4860/4580
f 4249/4852/4574 4250/4856/4578 3111/4860/4580
f 4249/4852/4574 3111/4860/4580 2453/4853/4576
f 1129/4857/1255 1967/4861/2121 4252/4862/4581
f 1129/4857/1255 4252/4862/4581 4251/4858/4579
f 1967/4861/2121 1966/4863/2120 4253/4864/4582
f 1967/4861/2121 4253/4864/4582 4252/4862/4581
f 4252/4862/4581 4253/4864/4582 3949/4865/4204
f 4252/4862/4581 3949/4865/4204 3952/4866/4207
f 4251/4858/4579 4252/4862/4581 3952/4866/4207
f 4251/4858/4579 3952/4866/4207 3112/4859/3331
f 1964/4867/2116 1962/4868/2114 4254/4869/4583
f 1964/4867/2116 4254/4869/4583 4255/4870/4584
f 1962/4868/2114 1407/4871/1548 4256/4872/4585
f 1962/4868/2114 4256/4872/4585 4254/4869/4583
f 4254/4869/4583 4256/4872/4585 3390/4873/3630
f 4254/4869/4583 3390/4873/3630 3946/4874/4199
f 4255/4870/4584 4254/4869/4583 3946/4874/4199
f 4255/4870/4584 3946/4874/4199 3948/4875/4202
f 1966/4863/2120 1970/4876/2126 4257/4877/4586
f 1966/4863/2120 4257/4877/4586 4253/4864/4582
f 1970/4876/2126 1964/4878/2116 4255/4879/4584
f 1970/4876/2126 4255/4879/4584 4257/4877/4586
f 4257/4877/4586 4255/4879/4584 3948/4880/4202
f 4257/4877/4586 3948/4880/4202 3954/4881/4211
f 4253/4864/4582 4257/4877/4586 3954/4881/4211
f 4253/4864/4582 3954/4881/4211 3949/4865/4204
f 1407/1610/1548 1406/1609/4587 4258/4882/4588
f 1407/1610/1548 4258/4882/4588 4256/4883/4585
f 1406/1609/4587 453/1608/4589 4259/4884/4590
f 1406/1609/4587 4259/4884/4590 4258/4882/4588
f 4258/4882/4588 4259/4884/4591 2432/4885/4592
f 4258/4882/4588 2432/4885/4592 3391/4886/4593
f 4256/4883/4585 4258/4882/4588 3391/4886/4593
f 4256/4883/4585 3391/4886/4593 3390/4887/3630
f 453/1608/4589 452/4888/4594 4260/4889/4595
f 453/1608/4589 4260/4889/4595 4259/4884/4590
f 452/4888/4594 451/4890/4596 4261/4891/4597
f 452/4888/4594 4261/4891/4597 4260/4889/4595
f 4260/4889/4595 4261/4891/4597 2434/4892/4598
f 4260/4889/4595 2434/4892/4598 2433/4893/4599
f 4259/4884/4591 4260/4889/4595 2433/4893/4599
f 4259/4884/4591 2433/4893/4599 2432/4885/4592
f 451/4890/4596 2030/4894/4600 4262/4895/4601
f 451/4890/4596 4262/4895/4601 4261/4891/4597
f 2030/4894/4600 2014/4896/4602 4263/4897/4603
f 2030/4894/4600 4263/4897/4603 4262/4895/4601
f 4262/4895/4601 4263/4897/4604 3998/4898/4605
f 4262/4895/4601 3998/4898/4605 4014/4899/4606
f 4261/4891/4597 4262/4895/4601 4014/4899/4606
f 4261/4891/4597 4014/4899/4606 2434/4892/4598
f 2014/4896/4602 2011/4900/4607 4264/4901/4608
f 2014/4896/4602 4264/4901/4608 4263/4897/4603
f 2011/4900/4607 2010/4902/4609 4265/4903/4610
f 2011/4900/4607 4265/4903/4610 4264/4901/4608
f 4264/4901/4611 4265/4903/4612 3993/4904/4613
f 4264/4901/4611 3993/4904/4613 3996/4905/4614
f 4263/4897/4604 4264/4901/4611 3996/4905/4614
f 4263/4897/4604 3996/4905/4614 3998/4898/4605
f 2068/4906/4615 2066/4907/4616 4266/4908/4617
f 2068/4906/4615 4266/4908/4617 4267/4909/4618
f 2066/4907/4616 2006/4910/4619 4268/4911/4620
f 2066/4907/4616 4268/4911/4620 4266/4908/4617
f 4266/4908/4621 4268/4911/4622 3990/4912/4623
f 4266/4908/4621 3990/4912/4623 4050/4913/4624
f 4267/4909/4625 4266/4908/4621 4050/4913/4624
f 4267/4909/4625 4050/4913/4624 4052/4914/4626
f 2006/4910/4619 2003/4915/4627 4269/4916/4628
f 2006/4910/4619 4269/4916/4628 4268/4911/4620
f 2003/4915/4627 2002/4917/4629 4270/4918/4630
f 2003/4915/4627 4270/4918/4630 4269/4916/4628
f 4269/4916/4631 4270/4918/4632 3985/4919/4633
f 4269/4916/4631 3985/4919/4633 3988/4920/4634
f 4268/4911/4622 4269/4916/4631 3988/4920/4634
f 4268/4911/4622 3988/4920/4634 3990/4912/4623
f 2010/4902/4609 2074/4921/4635 4271/4922/4636
f 2010/4902/4609 4271/4922/4636 4265/4903/4610
f 2074/4921/4635 2068/4906/4615 4267/4909/4618
f 2074/4921/4635 4267/4909/4618 4271/4922/4636
f 4271/4922/4637 4267/4909/4625 4052/4914/4626
f 4271/4922/4637 4052/4914/4626 4058/4923/4638
f 4265/4903/4612 4271/4922/4637 4058/4923/4638
f 4265/4903/4612 4058/4923/4638 3993/4904/4613
f 566/4924/4639 565/4925/4640 4272/4926/4641
f 566/4924/4639 4272/4926/4641 4273/4927/4642
f 565/4925/4640 529/713/4643 4274/4928/4644
f 565/4925/4640 4274/4928/4644 4272/4926/4641
f 4272/4926/4645 4274/4928/4646 2510/4929/4647
f 4272/4926/4645 2510/4929/4647 2550/4930/4648
f 4273/4927/4649 4272/4926/4645 2550/4930/4648
f 4273/4927/4649 2550/4930/4648 2549/4931/4650
f 2002/4917/4629 2024/4932/4651 4275/4933/4652
f 2002/4917/4629 4275/4933/4652 4270/4918/4630
f 2024/4932/4651 566/4924/4639 4273/4927/4642
f 2024/4932/4651 4273/4927/4642 4275/4933/4652
f 4275/4933/4653 4273/4927/4649 2549/4931/4650
f 4275/4933/4653 2549/4931/4650 4008/4934/4654
f 4270/4918/4632 4275/4933/4653 4008/4934/4654
f 4270/4918/4632 4008/4934/4654 3985/4919/4633
f 1121/4935/4655 1120/4936/4656 4276/4937/4657
f 1121/4935/4655 4276/4937/4657 4277/4938/4658
f 1120/4936/4656 1119/4939/4659 4278/4940/4660
f 1120/4936/4656 4278/4940/4660 4276/4937/4657
f 4276/4937/4657 4278/4940/4660 3102/4941/3317
f 4276/4937/4657 3102/4941/3317 3101/4942/4661
f 4277/4938/4658 4276/4937/4657 3101/4942/4661
f 4277/4938/4658 3101/4942/4661 3100/4943/4662
f 527/711/4663 1933/4944/4664 4279/4945/4665
f 527/711/4663 4279/4945/4665 4280/4946/4666
f 1933/4944/4664 1121/4935/4655 4277/4938/4658
f 1933/4944/4664 4277/4938/4658 4279/4945/4665
f 4279/4945/4665 4277/4938/4658 3100/4943/4662
f 4279/4945/4665 3100/4943/4662 3916/4947/4667
f 4280/4946/4666 4279/4945/4665 3916/4947/4667
f 4280/4946/4666 3916/4947/4667 2512/4948/4668
f 529/713/4643 528/712/4669 4281/4949/4670
f 529/713/4643 4281/4949/4670 4274/4928/4644
f 528/712/4669 527/711/4663 4280/4946/4666
f 528/712/4669 4280/4946/4666 4281/4949/4670
f 4281/4949/4670 4280/4946/4666 2512/4948/4668
f 4281/4949/4670 2512/4948/4668 2511/4950/4671
f 4274/4928/4646 4281/4949/4670 2511/4950/4671
f 4274/4928/4646 2511/4950/4671 2510/4929/4647
f 1125/4951/4672 1931/4952/4673 4282/4953/4674
f 1125/4951/4672 4282/4953/4674 4283/4954/4675
f 1931/4952/4673 313/4955/4676 4284/4956/4677
f 1931/4952/4673 4284/4956/4677 4282/4953/4674
f 4282/4953/4674 4284/4956/4677 2293/4957/4678
f 4282/4953/4674 2293/4957/4678 3914/4958/4159
f 4283/4954/4675 4282/4953/4674 3914/4958/4159
f 4283/4954/4675 3914/4958/4159 3109/4959/3327
f 1119/4939/4659 1126/4960/4679 4285/4961/4680
f 1119/4939/4659 4285/4961/4680 4278/4940/4660
f 1126/4960/4679 1125/4951/4672 4283/4954/4675
f 1126/4960/4679 4283/4954/4675 4285/4961/4680
f 4285/4961/4680 4283/4954/4675 3109/4959/3327
f 4285/4961/4680 3109/4959/3327 3108/4962/3325
f 4278/4940/4660 4285/4961/4680 3108/4962/3325
f 4278/4940/4660 3108/4962/3325 3102/4941/3317
f 313/4955/4681 312/4963/4681 4286/4964/4681
f 313/4955/4681 4286/4964/4681 4284/4956/4681
f 312/4963/4682 311/4965/4683 4287/4966/4684
f 312/4963/4682 4287/4966/4684 4286/4964/4682
f 4286/4964/4685 4287/4966/4686 2295/4967/4687
f 4286/4964/4685 2295/4967/4687 2294/4968/4685
f 4284/4956/4688 4286/4964/4688 2294/4968/4688
f 4284/4956/4688 2294/4968/4688 2293/4957/4688
f 311/4965/4683 1979/4969/2136 4288/4970/4689
f 311/4965/4683 4288/4970/4689 4287/4966/4684
f 1979/4969/2136 1978/4971/2135 4289/4972/4690
f 1979/4969/2136 4289/4972/4690 4288/4970/4689
f 4288/4970/4691 4289/4972/4692 3961/4973/4219
f 4288/4970/4691 3961/4973/4219 3964/4974/4222
f 4287/4966/4686 4288/4970/4691 3964/4974/4222
f 4287/4966/4686 3964/4974/4222 2295/4967/4687
f 1978/4971/2135 2038/4975/2203 4290/4976/4693
f 1978/4971/2135 4290/4976/4693 4289/4972/4690
f 2038/4975/2203 2028/4977/4694 4291/4978/4695
f 2038/4975/2203 4291/4978/4695 4290/4976/4693
f 4290/4976/4696 4291/4978/4697 4012/4979/4698
f 4290/4976/4696 4012/4979/4698 4022/4980/4294
f 4289/4972/4692 4290/4976/4696 4022/4980/4294
f 4289/4972/4692 4022/4980/4294 3961/4973/4219
f 583/4981/4699 582/4982/4700 4292/4983/4701
f 583/4981/4699 4292/4983/4701 4293/4984/4702
f 582/4982/4700 581/4985/4703 4294/4986/4704
f 582/4982/4700 4294/4986/4704 4292/4983/4701
f 4292/4983/4701 4294/4986/4704 2567/4987/4705
f 4292/4983/4701 2567/4987/4705 2566/4988/4706
f 4293/4984/4707 4292/4983/4701 2566/4988/4706
f 4293/4984/4707 2566/4988/4706 2565/4989/4708
f 2028/4977/4694 2026/4990/4709 4295/4991/4710
f 2028/4977/4694 4295/4991/4710 4291/4978/4695
f 2026/4990/4709 583/4981/4699 4293/4984/4702
f 2026/4990/4709 4293/4984/4702 4295/4991/4710
f 4295/4991/4711 4293/4984/4707 2565/4989/4708
f 4295/4991/4711 2565/4989/4708 4010/4992/4712
f 4291/4978/4697 4295/4991/4711 4010/4992/4712
f 4291/4978/4697 4010/4992/4712 4012/4979/4698
f 581/4993/4703 1370/4994/1508 4296/4995/4713
f 581/4993/4703 4296/4995/4713 4294/4996/4704
f 1370/4994/1508 1369/4997/1507 4297/4998/4714
f 1370/4994/1508 4297/4998/4714 4296/4995/4713
f 4296/4995/4713 4297/4998/4714 3353/3718/3588
f 4296/4995/4713 3353/3718/3588 3352/3717/3586
f 4294/4996/4704 4296/4995/4713 3352/3717/3586
f 4294/4996/4704 3352/3717/3586 2567/3716/4705
f 1369/4999/1507 1927/5000/4715 4298/5001/4716
f 1369/4999/1507 4298/5001/4716 4297/5002/4714
f 1927/5000/4715 1926/5003/4717 4299/5004/4718
f 1927/5000/4715 4299/5004/4718 4298/5001/4716
f 4298/5001/4716 4299/5004/4718 3909/5005/4719
f 4298/5001/4716 3909/5005/4719 3908/5006/4152
f 4297/5002/4714 4298/5001/4716 3908/5006/4152
f 4297/5002/4714 3908/5006/4152 3353/5007/3588
f 1926/5003/4717 1929/5008/4720 4300/5009/4721
f 1926/5003/4717 4300/5009/4721 4299/5004/4718
f 1929/5008/4720 1376/5010/4722 4301/5011/4723
f 1929/5008/4720 4301/5011/4723 4300/5009/4721
f 4300/5009/4721 4301/5011/4724 3357/5012/4725
f 4300/5009/4721 3357/5012/4725 3912/5013/4726
f 4299/5004/4718 4300/5009/4721 3912/5013/4726
f 4299/5004/4718 3912/5013/4726 3909/5005/4719
f 1376/5010/4722 1375/5014/4727 4302/5015/4728
f 1376/5010/4722 4302/5015/4728 4301/5011/4723
f 1375/5014/4727 1374/5016/4729 4303/5017/4730
f 1375/5014/4727 4303/5017/4730 4302/5015/4728
f 4302/5015/4731 4303/5017/4732 3359/5018/4733
f 4302/5015/4731 3359/5018/4733 3358/5019/4734
f 4301/5011/4724 4302/5015/4731 3358/5019/4734
f 4301/5011/4724 3358/5019/4734 3357/5012/4725
f 1374/5016/4729 1911/5020/4735 4304/5021/4736
f 1374/5016/4729 4304/5021/4736 4303/5017/4730
f 1911/5020/4735 1910/5022/4737 4305/5023/4738
f 1911/5020/4735 4305/5023/4738 4304/5021/4736
f 4304/5021/4739 4305/5023/4740 3891/5024/4741
f 4304/5021/4739 3891/5024/4741 3890/5025/4742
f 4303/5017/4732 4304/5021/4739 3890/5025/4742
f 4303/5017/4732 3890/5025/4742 3359/5018/4733
f 1910/5022/4737 1959/5026/4743 4306/5027/4744
f 1910/5022/4737 4306/5027/4744 4305/5023/4738
f 1959/5026/4743 1958/5028/4745 4307/5029/4746
f 1959/5026/4743 4307/5029/4746 4306/5027/4744
f 4306/5027/4747 4307/5029/4746 3941/5030/4748
f 4306/5027/4747 3941/5030/4748 3944/5031/4749
f 4305/5023/4740 4306/5027/4747 3944/5031/4749
f 4305/5023/4740 3944/5031/4749 3891/5024/4741
f 1958/5028/4745 2052/5032/4750 4308/5033/4751
f 1958/5028/4745 4308/5033/4751 4307/5029/4746
f 2052/5032/4750 2050/5034/4752 4309/5035/4753
f 2052/5032/4750 4309/5035/4753 4308/5033/4751
f 4308/5033/4751 4309/5035/4753 4034/5036/4754
f 4308/5033/4751 4034/5036/4754 4036/5037/4755
f 4307/5029/4746 4308/5033/4751 4036/5037/4755
f 4307/5029/4746 4036/5037/4755 3941/5030/4748
f 1419/5038/4756 2072/5039/4757 4310/5040/4758
f 1419/5038/4756 4310/5040/4758 4311/5041/4759
f 2072/5039/4757 2044/5042/4760 4312/5043/4761
f 2072/5039/4757 4312/5043/4761 4310/5040/4758
f 4310/5040/4762 4312/5043/4763 4028/5044/4764
f 4310/5040/4762 4028/5044/4764 4056/5045/4765
f 4311/5041/4766 4310/5040/4762 4056/5045/4765
f 4311/5041/4766 4056/5045/4765 3404/5046/4767
f 2044/5042/4760 2041/5047/4768 4313/5048/4769
f 2044/5042/4760 4313/5048/4769 4312/5043/4761
f 2041/5047/4768 2040/5049/4770 4314/5050/4771
f 2041/5047/4768 4314/5050/4771 4313/5048/4769
f 4313/5048/4772 4314/5050/4773 4023/5051/4774
f 4313/5048/4772 4023/5051/4774 4026/5052/4775
f 4312/5043/4763 4313/5048/4772 4026/5052/4775
f 4312/5043/4763 4026/5052/4775 4028/5044/4764
f 2050/5034/4752 2047/5053/4776 4315/5054/4777
f 2050/5034/4752 4315/5054/4777 4309/5035/4753
f 2047/5053/4776 2046/5055/4778 4316/5056/4779
f 2047/5053/4776 4316/5056/4779 4315/5054/4777
f 4315/5054/4777 4316/5056/4780 4029/5057/4781
f 4315/5054/4777 4029/5057/4781 4032/5058/4782
f 4309/5035/4753 4315/5054/4777 4032/5058/4782
f 4309/5035/4753 4032/5058/4782 4034/5036/4754
f 2046/5055/4778 2058/5059/4783 4317/5060/4784
f 2046/5055/4778 4317/5060/4784 4316/5056/4779
f 2058/5059/4783 2018/5061/4785 4318/5062/4786
f 2058/5059/4783 4318/5062/4786 4317/5060/4784
f 4317/5060/4787 4318/5062/4786 4002/5063/4788
f 4317/5060/4787 4002/5063/4788 4042/5064/4789
f 4316/5056/4780 4317/5060/4787 4042/5064/4789
f 4316/5056/4780 4042/5064/4789 4029/5057/4781
f 2018/5061/4785 2016/5065/4790 4319/5066/4791
f 2018/5061/4785 4319/5066/4791 4318/5062/4786
f 2016/5065/4790 1421/5067/4792 4320/5068/4793
f 2016/5065/4790 4320/5068/4793 4319/5066/4791
f 4319/5066/4791 4320/5068/4794 3402/5069/4795
f 4319/5066/4791 3402/5069/4795 4000/5070/4796
f 4318/5062/4786 4319/5066/4791 4000/5070/4796
f 4318/5062/4786 4000/5070/4796 4002/5063/4788
f 1421/5067/4792 1420/5071/4797 4321/5072/4798
f 1421/5067/4792 4321/5072/4798 4320/5068/4793
f 1420/5071/4797 1419/5038/4756 4311/5041/4759
f 1420/5071/4797 4311/5041/4759 4321/5072/4798
f 4321/5072/4799 4311/5041/4766 3404/5046/4767
f 4321/5072/4799 3404/5046/4767 3403/5073/4800
f 4320/5068/4794 4321/5072/4799 3403/5073/4800
f 4320/5068/4794 3403/5073/4800 3402/5069/4795
f 2040/5049/4770 2061/5074/4801 4322/5075/4802
f 2040/5049/4770 4322/5075/4802 4314/5050/4771
f 2061/5074/4801 2060/5076/4803 4323/5077/4804
f 2061/5074/4801 4323/5077/4804 4322/5075/4802
f 4322/5075/4805 4323/5077/4806 4043/5078/4807
f 4322/5075/4805 4043/5078/4807 4046/5079/4808
f 4314/5050/4773 4322/5075/4805 4046/5079/4808
f 4314/5050/4773 4046/5079/4808 4023/5051/4774
f 2060/5076/4803 2082/5080/4809 4324/5081/4810
f 2060/5076/4803 4324/5081/4810 4323/5077/4804
f 2082/5080/4809 1950/5082/4811 4325/5083/4812
f 2082/5080/4809 4325/5083/4812 4324/5081/4810
f 4324/5081/4813 4325/5083/4814 3934/5084/4815
f 4324/5081/4813 3934/5084/4815 4066/5085/4816
f 4323/5077/4806 4324/5081/4813 4066/5085/4816
f 4323/5077/4806 4066/5085/4816 4043/5078/4807
f 1950/5082/4811 1947/5086/4817 4326/5087/4818
f 1950/5082/4811 4326/5087/4818 4325/5083/4812
f 1947/5086/4817 1946/5088/4819 4327/5089/4820
f 1947/5086/4817 4327/5089/4820 4326/5087/4818
f 4326/5087/4821 4327/5089/4822 3929/5090/4823
f 4326/5087/4821 3929/5090/4823 3932/5091/4824
f 4325/5083/4814 4326/5087/4821 3932/5091/4824
f 4325/5083/4814 3932/5091/4824 3934/5084/4815
f 1946/5088/4819 2070/5092/4825 4328/5093/4826
f 1946/5088/4819 4328/5093/4826 4327/5089/4820
f 2070/5092/4825 1976/5094/4827 4329/5095/4828
f 2070/5092/4825 4329/5095/4828 4328/5093/4826
f 4328/5093/4829 4329/5095/4830 3960/5096/4831
f 4328/5093/4829 3960/5096/4831 4054/5097/4832
f 4327/5089/4822 4328/5093/4829 4054/5097/4832
f 4327/5089/4822 4054/5097/4832 3929/5090/4823
f 1976/5094/4827 1973/5098/4833 4330/5099/4834
f 1976/5094/4827 4330/5099/4834 4329/5095/4828
f 1973/5098/4833 1972/5100/4835 4331/5101/4836
f 1973/5098/4833 4331/5101/4836 4330/5099/4834
f 4330/5099/4837 4331/5101/4838 3955/5102/4839
f 4330/5099/4837 3955/5102/4839 3958/5103/4840
f 4329/5095/4830 4330/5099/4837 3958/5103/4840
f 4329/5095/4830 3958/5103/4840 3960/5096/4831
f 1972/5100/4835 2084/5104/4841 4332/5105/4842
f 1972/5100/4835 4332/5105/4842 4331/5101/4836
f 2084/5104/4841 2056/5106/4843 4333/5107/4844
f 2084/5104/4841 4333/5107/4844 4332/5105/4842
f 4332/5105/4845 4333/5107/4844 4040/5108/4846
f 4332/5105/4845 4040/5108/4846 4068/5109/4847
f 4331/5101/4838 4332/5105/4845 4068/5109/4847
f 4331/5101/4838 4068/5109/4847 3955/5102/4839
f 2056/5106/4843 2054/5110/4848 4334/5111/4849
f 2056/5106/4843 4334/5111/4849 4333/5107/4844
f 2054/5110/4848 1992/5112/4850 4335/5113/4851
f 2054/5110/4848 4335/5113/4851 4334/5111/4849
f 4334/5111/4849 4335/5113/4851 3976/5114/4852
f 4334/5111/4849 3976/5114/4852 4038/5115/4853
f 4333/5107/4844 4334/5111/4849 4038/5115/4853
f 4333/5107/4844 4038/5115/4853 4040/5108/4846
f 1992/5112/4850 1990/5116/4854 4336/5117/4855
f 1992/5112/4850 4336/5117/4855 4335/5113/4851
f 1990/5116/4854 1956/5118/4856 4337/5119/4857
f 1990/5116/4854 4337/5119/4857 4336/5117/4855
f 4336/5117/4855 4337/5119/4857 3940/5120/4858
f 4336/5117/4855 3940/5120/4858 3974/5121/4859
f 4335/5113/4851 4336/5117/4855 3974/5121/4859
f 4335/5113/4851 3974/5121/4859 3976/5114/4852
f 1956/5118/4856 1953/5122/4860 4338/5123/4861
f 1956/5118/4856 4338/5123/4861 4337/5119/4857
f 1953/5122/4860 1952/5124/4862 4339/5125/4863
f 1953/5122/4860 4339/5125/4863 4338/5123/4861
f 4338/5123/4864 4339/5125/4863 3935/5126/4865
f 4338/5123/4864 3935/5126/4865 3938/5127/4866
f 4337/5119/4857 4338/5123/4864 3938/5127/4866
f 4337/5119/4857 3938/5127/4866 3940/5120/4858
f 1952/5124/4862 1987/5128/4867 4340/5129/4868
f 1952/5124/4862 4340/5129/4868 4339/5125/4863
f 1987/5128/4867 1986/5130/4869 4341/5131/4870
f 1987/5128/4867 4341/5131/4870 4340/5129/4868
f 4340/5129/4868 4341/5131/4870 3969/5132/4871
f 4340/5129/4868 3969/5132/4871 3972/5133/4872
f 4339/5125/4863 4340/5129/4868 3972/5133/4872
f 4339/5125/4863 3972/5133/4872 3935/5126/4865
f 1986/5130/4869 2021/5134/4873 4342/5135/4874
f 1986/5130/4869 4342/5135/4874 4341/5131/4870
f 2021/5134/4873 2020/5136/4875 4343/5137/4876
f 2021/5134/4873 4343/5137/4876 4342/5135/4874
f 4342/5135/4874 4343/5137/4876 4003/5138/4877
f 4342/5135/4874 4003/5138/4877 4006/5139/4878
f 4341/5131/4870 4342/5135/4874 4006/5139/4878
f 4341/5131/4870 4006/5139/4878 3969/5132/4871
f 2020/5136/4875 2064/5140/4879 4344/5141/4880
f 2020/5136/4875 4344/5141/4880 4343/5137/4876
f 2064/5140/4879 1998/5142/4881 4345/5143/4882
f 2064/5140/4879 4345/5143/4882 4344/5141/4880
f 4344/5141/4883 4345/5143/4884 3984/5144/4253
f 4344/5141/4883 3984/5144/4253 4048/5145/4321
f 4343/5137/4876 4344/5141/4883 4048/5145/4321
f 4343/5137/4876 4048/5145/4321 4003/5138/4877
f 1998/5146/4881 1995/5147/4885 4346/5148/4885
f 1998/5146/4881 4346/5148/4885 4345/5149/4882
f 1995/5147/4886 1994/5150/4887 4347/5151/4888
f 1995/5147/4886 4347/5151/4888 4346/5148/4886
f 4346/5148/4889 4347/5151/4890 3977/5152/4891
f 4346/5148/4889 3977/5152/4891 3980/5153/4889
f 4345/5149/4884 4346/5148/4892 3980/5153/4254
f 4345/5149/4884 3980/5153/4254 3984/5154/4253
f 996/5155/4893 995/5156/4894 4348/5157/4895
f 996/5155/4893 4348/5157/4895 4349/5158/4896
f 995/5156/4894 994/5159/4897 4350/5160/4898
f 995/5156/4894 4350/5160/4898 4348/5157/4895
f 4348/5157/4895 4350/5160/4898 2980/5161/4899
f 4348/5157/4895 2980/5161/4899 2979/5162/4900
f 4349/5158/4896 4348/5157/4895 2979/5162/4900
f 4349/5158/4896 2979/5162/4900 2978/5163/4901
f 2088/5164/4902 2086/5165/4903 4351/5166/4904
f 2088/5164/4902 4351/5166/4904 4352/5167/4905
f 2086/5165/4903 996/5155/4893 4349/5158/4896
f 2086/5165/4903 4349/5158/4896 4351/5166/4904
f 4351/5166/4904 4349/5158/4896 2978/5163/4901
f 4351/5166/4904 2978/5163/4901 4070/5168/4906
f 4352/5167/4905 4351/5166/4904 4070/5168/4906
f 4352/5167/4905 4070/5168/4906 4072/5169/4907
f 2096/5170/4908 2094/5171/4909 4353/5172/4910
f 2096/5170/4908 4353/5172/4910 4354/5173/4911
f 2094/5171/4909 2088/5164/4902 4352/5167/4905
f 2094/5171/4909 4352/5167/4905 4353/5172/4910
f 4353/5172/4910 4352/5167/4905 4072/5169/4907
f 4353/5172/4910 4072/5169/4907 4078/5174/4912
f 4354/5173/4911 4353/5172/4910 4078/5174/4912
f 4354/5173/4911 4078/5174/4912 4080/5175/4913
f 1217/5176/1351 1848/5177/4914 4355/5178/4915
f 1217/5176/1351 4355/5178/4915 4356/5179/4916
f 1848/5177/4914 1847/5180/4917 4357/5181/4918
f 1848/5177/4914 4357/5181/4918 4355/5178/4915
f 4355/5178/4915 4357/5181/4918 3828/5182/4919
f 4355/5178/4915 3828/5182/4919 3827/5183/4920
f 4356/5179/4916 4355/5178/4915 3827/5183/4920
f 4356/5179/4916 3827/5183/4920 3201/5184/4921
f 1847/5180/4917 2110/5185/4922 4358/5186/4923
f 1847/5180/4917 4358/5186/4923 4357/5181/4918
f 2110/5185/4922 2096/5170/4908 4354/5173/4911
f 2110/5185/4922 4354/5173/4911 4358/5186/4923
f 4358/5186/4923 4354/5173/4911 4080/5175/4913
f 4358/5186/4923 4080/5175/4913 4094/5187/4924
f 4357/5181/4918 4358/5186/4923 4094/5187/4924
f 4357/5181/4918 4094/5187/4924 3828/5182/4919
f 957/2402/4925 956/5188/4926 4359/5189/4927
f 957/2402/4925 4359/5189/4927 4360/5190/4928
f 956/5188/4926 955/2018/4929 4361/5191/4930
f 956/5188/4926 4361/5191/4930 4359/5189/4927
f 4359/5189/4931 4361/5191/4932 2944/5192/4933
f 4359/5189/4931 2944/5192/4933 2943/5193/4934
f 4360/5190/4928 4359/5189/4931 2943/5193/4934
f 4360/5190/4928 2943/5193/4934 2942/5194/4935
f 1212/5195/1343 1218/5196/1352 4362/5197/4936
f 1212/5195/1343 4362/5197/4936 4363/5198/4937
f 1218/5196/1352 1217/5199/1351 4356/5200/4916
f 1218/5196/1352 4356/5200/4916 4362/5197/4936
f 4362/5197/4936 4356/5200/4916 3201/5201/4921
f 4362/5197/4936 3201/5201/4921 3200/5202/4938
f 4363/5198/4937 4362/5197/4936 3200/5202/3428
f 4363/5198/4937 3200/5202/3428 3197/3540/3424
f 1214/5203/1347 1213/5204/1344 4364/5205/4939
f 1214/5203/1347 4364/5205/4939 4365/5206/4940
f 1213/5204/1344 1212/5195/1343 4363/5198/4937
f 1213/5204/1344 4363/5198/4937 4364/5205/4939
f 4364/5205/4939 4363/5198/4937 3197/3540/3424
f 4364/5205/4939 3197/3540/3424 3196/3539/3421
f 4365/5206/4940 4364/5205/4939 3196/3539/3421
f 4365/5206/4940 3196/3539/3421 3195/3538/3420
f 1805/5207/4941 1804/5208/4942 4366/5209/4943
f 1805/5207/4941 4366/5209/4943 4367/5210/4944
f 1804/5208/4942 1214/5211/1347 4365/5212/4940
f 1804/5208/4942 4365/5212/4940 4366/5209/4943
f 4366/5209/4943 4365/5212/4940 3195/5213/3420
f 4366/5209/4943 3195/5213/3420 3789/5214/4945
f 4367/5210/4944 4366/5209/4943 3789/5214/4945
f 4367/5210/4944 3789/5214/4945 3788/5215/4946
f 955/2018/4929 1808/2017/4947 4368/5216/4948
f 955/2018/4929 4368/5216/4948 4361/5191/4930
f 1808/2017/4947 1805/2013/4941 4367/5217/4944
f 1808/2017/4947 4367/5217/4944 4368/5216/4948
f 4368/5216/4949 4367/5217/4944 3788/5218/4946
f 4368/5216/4949 3788/5218/4946 3791/5219/4950
f 4361/5191/4932 4368/5216/4949 3791/5219/4950
f 4361/5191/4932 3791/5219/4950 2944/5192/4933
f 969/5220/4951 968/5221/4952 4369/5222/4953
f 969/5220/4951 4369/5222/4953 4370/5223/4954
f 968/5221/4952 967/2406/4955 4371/5224/4956
f 968/5221/4952 4371/5224/4956 4369/5222/4953
f 4369/5222/4957 4371/5224/4956 2951/5225/4958
f 4369/5222/4957 2951/5225/4958 2950/5226/4959
f 4370/5223/4960 4369/5222/4957 2950/5226/4959
f 4370/5223/4960 2950/5226/4959 2949/5227/4961
f 1017/5228/4962 1016/5229/4963 4372/5230/4964
f 1017/5228/4962 4372/5230/4964 4373/5231/4965
f 1016/5229/4963 969/5220/4951 4370/5223/4954
f 1016/5229/4963 4370/5223/4954 4372/5230/4964
f 4372/5230/4966 4370/5223/4960 2949/5227/4961
f 4372/5230/4966 2949/5227/4961 3002/5232/4967
f 4373/5231/4968 4372/5230/4966 3002/5232/4967
f 4373/5231/4968 3002/5232/4967 3001/5233/4969
f 2112/5234/2283 2161/5235/2336 4374/5236/4970
f 2112/5234/2283 4374/5236/4970 4375/5237/4971
f 2161/5235/2336 2160/5238/4972 4376/5239/4973
f 2161/5235/2336 4376/5239/4973 4374/5236/4970
f 4374/5236/4974 4376/5239/4975 4143/5240/4976
f 4374/5236/4974 4143/5240/4976 4146/5241/4432
f 4375/5237/4977 4374/5236/4974 4146/5241/4432
f 4375/5237/4977 4146/5241/4432 4095/5242/4378
f 967/2406/4955 2172/2403/4978 4377/5243/4979
f 967/2406/4955 4377/5243/4979 4371/5224/4956
f 2172/2403/4978 957/2402/4925 4360/5190/4928
f 2172/2403/4978 4360/5190/4928 4377/5243/4979
f 4377/5243/4979 4360/5190/4928 2942/5194/4935
f 4377/5243/4979 2942/5194/4935 4156/5244/4980
f 4371/5224/4956 4377/5243/4979 4156/5244/4980
f 4371/5224/4956 4156/5244/4980 2951/5225/4958
f 2160/5238/4972 2166/5245/4981 4378/5246/4982
f 2160/5238/4972 4378/5246/4982 4376/5239/4973
f 2166/5245/4981 1017/5228/4962 4373/5231/4965
f 2166/5245/4981 4373/5231/4965 4378/5246/4982
f 4378/5246/4983 4373/5231/4968 3001/5233/4969
f 4378/5246/4983 3001/5233/4969 4150/5247/4984
f 4376/5239/4975 4378/5246/4983 4150/5247/4984
f 4376/5239/4975 4150/5247/4984 4143/5240/4976
f 2116/5248/4985 2113/5249/4986 4379/5250/4987
f 2116/5248/4985 4379/5250/4987 4380/5251/4988
f 2113/5249/4986 2112/5234/2283 4375/5237/4971
f 2113/5249/4986 4375/5237/4971 4379/5250/4987
f 4379/5250/4989 4375/5237/4977 4095/5242/4378
f 4379/5250/4989 4095/5242/4378 4098/5252/4990
f 4380/5251/4991 4379/5250/4989 4098/5252/4990
f 4380/5251/4991 4098/5252/4990 4102/5253/4992
f 2120/5254/2291 2153/5255/2330 4381/5256/4993
f 2120/5254/2291 4381/5256/4993 4382/5257/4994
f 2153/5255/2327 2152/5258/2326 4383/5259/4995
f 2153/5255/2327 4383/5259/4995 4381/5256/4996
f 4381/5256/4997 4383/5259/4998 4135/5260/4421
f 4381/5256/4997 4135/5260/4421 4138/5261/4424
f 4382/5257/4999 4381/5256/4997 4138/5261/4424
f 4382/5257/4999 4138/5261/4424 4103/5262/5000
f 2128/5263/5001 2142/5264/5002 4384/5265/5003
f 2128/5263/5001 4384/5265/5003 4385/5266/5004
f 2142/5264/5002 2116/5248/4985 4380/5251/4988
f 2142/5264/5002 4380/5251/4988 4384/5265/5003
f 4384/5265/5003 4380/5251/4991 4102/5253/4992
f 4384/5265/5003 4102/5253/4992 4126/5267/5005
f 4385/5266/5004 4384/5265/5003 4126/5267/5005
f 4385/5266/5004 4126/5267/5005 4111/5268/5006
f 2132/5269/5007 2129/5270/5008 4386/5271/5009
f 2132/5269/5007 4386/5271/5009 4387/5272/5010
f 2129/5270/5008 2128/5263/5001 4385/5266/5004
f 2129/5270/5008 4385/5266/5004 4386/5271/5009
f 4386/5271/5009 4385/5266/5004 4111/5268/5006
f 4386/5271/5009 4111/5268/5006 4114/5273/5011
f 4387/5272/5012 4386/5271/5009 4114/5273/5011
f 4387/5272/5012 4114/5273/5011 4116/5274/5013
f 2152/5258/2326 2164/5275/2339 4388/5276/5014
f 2152/5258/2326 4388/5276/5014 4383/5259/4995
f 2164/5275/2339 2132/5269/5007 4387/5272/5010
f 2164/5275/2339 4387/5272/5010 4388/5276/5014
f 4388/5276/5015 4387/5272/5012 4116/5274/5013
f 4388/5276/5015 4116/5274/5013 4148/5277/4434
f 4383/5259/4998 4388/5276/5015 4148/5277/4434
f 4383/5259/4998 4148/5277/4434 4135/5260/4421
f 1841/5278/5016 2121/5279/5017 4389/5280/5018
f 1841/5278/5016 4389/5280/5018 4390/5281/5019
f 2121/5279/5017 2120/5254/2291 4382/5257/4994
f 2121/5279/5017 4382/5257/4994 4389/5280/5018
f 4389/5280/5020 4382/5257/4999 4103/5262/5000
f 4389/5280/5020 4103/5262/5000 4106/5282/5021
f 4390/5281/5022 4389/5280/5020 4106/5282/5021
f 4390/5281/5022 4106/5282/5021 3824/5283/5023
f 1837/5284/5024 1842/5285/5025 4391/5286/5026
f 1837/5284/5024 4391/5286/5026 4392/5287/5027
f 1842/5285/5025 1841/5278/5016 4390/5281/5019
f 1842/5285/5025 4390/5281/5019 4391/5286/5026
f 4391/5286/5028 4390/5281/5022 3824/5283/5023
f 4391/5286/5028 3824/5283/5023 3823/5288/5028
f 4392/5287/5029 4391/5286/5030 3823/5288/5030
f 4392/5287/5029 3823/5288/5030 3820/5289/5031
f 1811/5290/5032 1838/5291/5033 4393/5292/5034
f 1811/5290/5032 4393/5292/5034 4394/5293/5035
f 1838/5291/5033 1837/5284/5024 4392/5287/5027
f 1838/5291/5033 4392/5287/5027 4393/5292/5034
f 4393/5292/5034 4392/5287/5029 3820/5289/5031
f 4393/5292/5034 3820/5289/5031 3819/5294/5036
f 4394/5293/5035 4393/5292/5034 3819/5294/5036
f 4394/5293/5035 3819/5294/5036 3795/5295/5037
f 974/5296/5038 1812/5297/5039 4395/5298/5040
f 974/5296/5038 4395/5298/5040 4396/5299/5041
f 1812/5297/5039 1811/5290/5032 4394/5293/5035
f 1812/5297/5039 4394/5293/5035 4395/5298/5040
f 4395/5298/5040 4394/5293/5035 3795/5295/5037
f 4395/5298/5040 3795/5295/5037 3794/5300/5042
f 4396/5299/5041 4395/5298/5040 3794/5300/5042
f 4396/5299/5041 3794/5300/5042 2963/5301/5043
f 976/5302/5044 975/5303/5045 4397/5304/5046
f 976/5302/5044 4397/5304/5046 4398/5305/5047
f 975/5303/5045 974/5296/5038 4396/5299/5041
f 975/5303/5045 4396/5299/5041 4397/5304/5046
f 4397/5304/5048 4396/5299/5041 2963/5301/5043
f 4397/5304/5048 2963/5301/5043 2962/5306/5049
f 4398/5305/5050 4397/5304/5048 2962/5306/5049
f 4398/5305/5050 2962/5306/5049 2961/5307/5051
f 2144/5308/5052 2156/5309/5053 4399/5310/5054
f 2144/5308/5052 4399/5310/5054 4400/5311/5055
f 2156/5309/5053 976/5302/5044 4398/5305/5047
f 2156/5309/5053 4398/5305/5047 4399/5310/5054
f 4399/5310/5056 4398/5305/5050 2961/5307/5051
f 4399/5310/5056 2961/5307/5051 4140/5312/5057
f 4400/5311/5058 4399/5310/5056 4140/5312/5057
f 4400/5311/5058 4140/5312/5057 4127/5313/5059
f 329/5314/5060 2145/5315/5061 4401/5316/5062
f 329/5314/5060 4401/5316/5062 4402/5317/5063
f 2145/5315/5061 2144/5308/5052 4400/5311/5055
f 2145/5315/5061 4400/5311/5055 4401/5316/5062
f 4401/5316/5064 4400/5311/5058 4127/5313/5059
f 4401/5316/5064 4127/5313/5059 4130/5318/5065
f 4402/5317/5066 4401/5316/5064 4130/5318/5065
f 4402/5317/5066 4130/5318/5065 2310/5319/5067
f 331/5320/5068 330/5321/5069 4403/5322/5070
f 331/5320/5068 4403/5322/5070 4404/5323/5071
f 330/5321/5069 329/5314/5060 4402/5317/5063
f 330/5321/5069 4402/5317/5063 4403/5322/5070
f 4403/5322/5072 4402/5317/5066 2310/5319/5067
f 4403/5322/5072 2310/5319/5067 2309/5324/5073
f 4404/5323/5074 4403/5322/5072 2309/5324/5073
f 4404/5323/5074 2309/5324/5073 2308/5325/5075
f 1816/5326/5076 1815/5327/5077 4405/5328/5078
f 1816/5326/5076 4405/5328/5078 4406/5329/5079
f 1815/5327/5077 331/5320/5068 4404/5323/5071
f 1815/5327/5077 4404/5323/5071 4405/5328/5078
f 4405/5328/5078 4404/5323/5074 2308/5325/5075
f 4405/5328/5078 2308/5325/5075 3799/5330/5080
f 4406/5329/5079 4405/5328/5078 3799/5330/5080
f 4406/5329/5079 3799/5330/5080 3798/5331/5081
f 1207/5332/5082 1206/5333/5083 4407/5334/5084
f 1207/5332/5082 4407/5334/5084 4408/5335/5085
f 1206/5333/5083 1199/5336/5086 4409/5337/5087
f 1206/5333/5083 4409/5337/5087 4407/5334/5084
f 4407/5334/5088 4409/5337/5089 3182/5338/5090
f 4407/5334/5088 3182/5338/5090 3190/5339/5091
f 4408/5335/5092 4407/5334/5088 3190/5339/5091
f 4408/5335/5092 3190/5339/5091 3189/5340/5093
f 1821/5341/5094 1820/5342/5095 4410/5343/5096
f 1821/5341/5094 4410/5343/5096 4411/5344/5097
f 1820/5342/5095 1207/5332/5082 4408/5335/5085
f 1820/5342/5095 4408/5335/5085 4410/5343/5096
f 4410/5343/5098 4408/5335/5092 3189/5340/5093
f 4410/5343/5098 3189/5340/5093 3805/5345/5099
f 4411/5344/5100 4410/5343/5098 3805/5345/5099
f 4411/5344/5100 3805/5345/5099 3804/5346/5101
f 1749/5347/5102 1748/5348/5103 4412/5349/5104
f 1749/5347/5102 4412/5349/5104 4413/5350/5105
f 1748/5348/5103 1747/5351/5106 4414/5352/5107
f 1748/5348/5103 4414/5352/5107 4412/5349/5104
f 4412/5349/5108 4414/5352/5109 3733/5353/5110
f 4412/5349/5108 3733/5353/5110 3732/5354/5111
f 4413/5350/5112 4412/5349/5108 3732/5354/5111
f 4413/5350/5112 3732/5354/5111 3731/5355/5113
f 2126/5356/5114 2124/5357/5115 4415/5358/5116
f 2126/5356/5114 4415/5358/5116 4416/5359/5117
f 2124/5357/5115 2102/5360/5118 4417/5361/5119
f 2124/5357/5115 4417/5361/5119 4415/5358/5116
f 4415/5358/5120 4417/5361/5121 4086/5362/5122
f 4415/5358/5120 4086/5362/5122 4108/5363/5123
f 4416/5359/5124 4415/5358/5120 4108/5363/5123
f 4416/5359/5124 4108/5363/5123 4110/5364/5125
f 2102/5360/5118 2100/5365/5126 4418/5366/5127
f 2102/5360/5118 4418/5366/5127 4417/5361/5119
f 2100/5365/5126 1749/5367/5102 4413/5368/5105
f 2100/5365/5126 4413/5368/5105 4418/5366/5127
f 4418/5366/5128 4413/5368/5112 3731/5369/5113
f 4418/5366/5128 3731/5369/5113 4084/5370/5129
f 4417/5361/5121 4418/5366/5128 4084/5370/5129
f 4417/5361/5121 4084/5370/5129 4086/5362/5122
f 2104/5371/5130 2140/5372/5131 4419/5373/5132
f 2104/5371/5130 4419/5373/5132 4420/5374/5133
f 2140/5372/5131 2126/5356/5114 4416/5359/5117
f 2140/5372/5131 4416/5359/5117 4419/5373/5132
f 4419/5373/5134 4416/5359/5124 4110/5364/5125
f 4419/5373/5134 4110/5364/5125 4124/5375/5135
f 4420/5374/5136 4419/5373/5134 4124/5375/5135
f 4420/5374/5136 4124/5375/5135 4087/5376/5137
f 2108/5377/5138 2105/5378/5139 4421/5379/5140
f 2108/5377/5138 4421/5379/5140 4422/5380/5141
f 2105/5378/5139 2104/5381/5130 4420/5382/5133
f 2105/5378/5139 4420/5382/5133 4421/5379/5140
f 4421/5379/5142 4420/5382/5136 4087/5383/5137
f 4421/5379/5142 4087/5383/5137 4090/5384/5142
f 4422/5380/5143 4421/5379/5144 4090/5384/5144
f 4422/5380/5143 4090/5384/5144 4092/5385/5145
f 1831/5386/5146 2170/5387/5147 4423/5388/5148
f 1831/5386/5146 4423/5388/5148 4424/5389/5149
f 2170/5387/5147 2108/5390/5138 4422/5391/5141
f 2170/5387/5147 4422/5391/5141 4423/5388/5148
f 4423/5388/5150 4422/5391/5143 4092/5392/5145
f 4423/5388/5150 4092/5392/5145 4154/5393/5151
f 4424/5389/5149 4423/5388/5150 4154/5393/5151
f 4424/5389/5149 4154/5393/5151 3812/5394/5152
f 2138/5395/5153 2135/5396/5154 4425/5397/5155
f 2138/5395/5153 4425/5397/5155 4426/5398/5156
f 2135/5396/5154 2134/5399/5157 4427/5400/5158
f 2135/5396/5154 4427/5400/5158 4425/5397/5155
f 4425/5397/5159 4427/5400/5160 4117/5401/5161
f 4425/5397/5159 4117/5401/5161 4120/5402/5162
f 4426/5398/5163 4425/5397/5159 4120/5402/5162
f 4426/5398/5163 4120/5402/5162 4122/5403/5164
f 2148/5404/5165 2168/5405/5166 4428/5406/5167
f 2148/5404/5165 4428/5406/5167 4429/5407/5168
f 2168/5405/5166 2138/5395/5153 4426/5398/5156
f 2168/5405/5166 4426/5398/5156 4428/5406/5167
f 4428/5406/5169 4426/5398/5163 4122/5403/5164
f 4428/5406/5169 4122/5403/5164 4152/5408/5170
f 4429/5407/5168 4428/5406/5169 4152/5408/5170
f 4429/5407/5168 4152/5408/5170 4131/5409/5171
f 1197/5410/5172 1818/5411/5173 4430/5412/5174
f 1197/5410/5172 4430/5412/5174 4431/5413/5175
f 1818/5411/5173 1816/5326/5076 4406/5329/5079
f 1818/5411/5173 4406/5329/5079 4430/5412/5174
f 4430/5412/5174 4406/5329/5079 3798/5331/5081
f 4430/5412/5174 3798/5331/5081 3801/5414/5176
f 4431/5413/5177 4430/5412/5174 3801/5414/5176
f 4431/5413/5177 3801/5414/5176 3184/5415/5178
f 1199/5336/5086 1198/5416/5179 4432/5417/5180
f 1199/5336/5086 4432/5417/5180 4409/5337/5087
f 1198/5416/5179 1197/5410/5172 4431/5413/5175
f 1198/5416/5179 4431/5413/5175 4432/5417/5180
f 4432/5417/5181 4431/5413/5177 3184/5415/5178
f 4432/5417/5181 3184/5415/5178 3183/5418/5182
f 4409/5337/5089 4432/5417/5181 3183/5418/5182
f 4409/5337/5089 3183/5418/5182 3182/5338/5090
f 1747/5419/5106 1824/5420/5183 4433/5421/5184
f 1747/5419/5106 4433/5421/5184 4414/5422/5107
f 1824/5420/5183 1821/5341/5094 4411/5344/5097
f 1824/5420/5183 4411/5344/5097 4433/5421/5184
f 4433/5421/5185 4411/5344/5100 3804/5346/5101
f 4433/5421/5185 3804/5346/5101 3807/5423/5186
f 4414/5422/5109 4433/5421/5185 3807/5423/5186
f 4414/5422/5109 3807/5423/5186 3733/5424/5110
f 988/5425/1104 1832/5426/5187 4434/5427/5188
f 988/5425/1104 4434/5427/5188 4435/5428/5189
f 1832/5426/5187 1831/5386/5146 4424/5389/5149
f 1832/5426/5187 4424/5389/5149 4434/5427/5188
f 4434/5427/5188 4424/5389/5149 3812/5394/5152
f 4434/5427/5188 3812/5394/5152 3811/5429/5190
f 4435/5428/5189 4434/5427/5188 3811/5429/5190
f 4435/5428/5189 3811/5429/5190 2973/5430/3185
f 990/5431/1108 989/5432/1105 4436/5433/5191
f 990/5431/1108 4436/5433/5191 4437/5434/5192
f 989/5432/1105 988/5425/1104 4435/5428/5189
f 989/5432/1105 4435/5428/5189 4436/5433/5191
f 4436/5433/5191 4435/5428/5189 2973/5430/3185
f 4436/5433/5191 2973/5430/3185 2972/5435/3182
f 4437/5434/5192 4436/5433/5191 2972/5435/3182
f 4437/5434/5192 2972/5435/3182 2971/5436/3181
f 1762/5437/5193 1761/5438/5194 4438/5439/5195
f 1762/5437/5193 4438/5439/5195 4439/5440/5196
f 1761/5438/5194 990/5431/1108 4437/5434/5192
f 1761/5438/5194 4437/5434/5192 4438/5439/5195
f 4438/5439/5195 4437/5434/5192 2971/5436/3181
f 4438/5439/5195 2971/5436/3181 3746/5441/5197
f 4439/5440/5198 4438/5439/5195 3746/5441/5197
f 4439/5440/5198 3746/5441/5197 3745/5442/5199
f 2134/5399/5157 2158/5443/5200 4440/5444/5201
f 2134/5399/5157 4440/5444/5201 4427/5400/5158
f 2158/5443/5200 1762/5437/5193 4439/5440/5196
f 2158/5443/5200 4439/5440/5196 4440/5444/5201
f 4440/5444/5202 4439/5440/5198 3745/5442/5199
f 4440/5444/5202 3745/5442/5199 4142/5445/5203
f 4427/5400/5160 4440/5444/5202 4142/5445/5203
f 4427/5400/5160 4142/5445/5203 4117/5401/5161
f 1792/5446/5204 2149/5447/5205 4441/5448/5206
f 1792/5446/5204 4441/5448/5206 4442/5449/5207
f 2149/5447/5205 2148/5404/5165 4429/5407/5168
f 2149/5447/5205 4429/5407/5168 4441/5448/5206
f 4441/5448/5206 4429/5407/5168 4131/5409/5171
f 4441/5448/5206 4131/5409/5171 4134/5450/5208
f 4442/5449/5207 4441/5448/5206 4134/5450/5208
f 4442/5449/5207 4134/5450/5208 3777/5451/5209
f 1794/5452/5210 1793/5453/5211 4443/5454/5212
f 1794/5452/5210 4443/5454/5212 4444/5455/5213
f 1793/5453/5211 1792/5446/5204 4442/5449/5207
f 1793/5453/5211 4442/5449/5207 4443/5454/5212
f 4443/5454/5212 4442/5449/5207 3777/5451/5209
f 4443/5454/5212 3777/5451/5209 3776/5456/5214
f 4444/5455/5213 4443/5454/5212 3776/5456/5214
f 4444/5455/5213 3776/5456/5214 3775/5457/5215
f 2090/5458/2258 2098/5459/2268 4445/5460/5216
f 2090/5458/2258 4445/5460/5216 4446/5461/5217
f 2098/5459/2268 1794/5452/5210 4444/5455/5213
f 2098/5459/2268 4444/5455/5213 4445/5460/5216
f 4445/5460/5216 4444/5455/5213 3775/5457/5215
f 4445/5460/5216 3775/5457/5215 4082/5462/5218
f 4446/5461/5217 4445/5460/5216 4082/5462/5218
f 4446/5461/5217 4082/5462/5218 4073/5463/5219
f 1011/5464/5220 2091/5465/5221 4447/5466/5222
f 1011/5464/5220 4447/5466/5222 4448/5467/5223
f 2091/5465/5221 2090/5458/2258 4446/5461/5217
f 2091/5465/5221 4446/5461/5217 4447/5466/5222
f 4447/5466/5222 4446/5461/5217 4073/5463/5219
f 4447/5466/5222 4073/5463/5219 4076/5468/5224
f 4448/5467/5223 4447/5466/5222 4076/5468/5224
f 4448/5467/5223 4076/5468/5224 2995/5469/5225
f 1188/5470/1316 1826/5471/1972 4449/5472/5226
f 1188/5470/1316 4449/5472/5226 4450/5473/5227
f 1826/5471/1972 1013/5474/5228 4451/5475/5229
f 1826/5471/1972 4451/5475/5229 4449/5472/5226
f 4449/5472/5226 4451/5475/5229 2993/5476/5230
f 4449/5472/5226 2993/5476/5230 3809/5477/5231
f 4450/5473/5227 4449/5472/5226 3809/5477/5231
f 4450/5473/5227 3809/5477/5231 3174/5478/5232
f 1013/5474/5228 1012/5479/5233 4452/5480/5234
f 1013/5474/5228 4452/5480/5234 4451/5475/5229
f 1012/5479/5233 1011/5464/5220 4448/5467/5223
f 1012/5479/5233 4448/5467/5223 4452/5480/5234
f 4452/5480/5234 4448/5467/5223 2995/5469/5225
f 4452/5480/5234 2995/5469/5225 2994/5481/5235
f 4451/5475/5229 4452/5480/5234 2994/5481/5235
f 4451/5475/5229 2994/5481/5235 2993/5476/5230
f 1190/5482/1319 1189/5483/1317 4453/5484/5236
f 1190/5482/1319 4453/5484/5236 4454/5485/5237
f 1189/5483/1317 1188/5470/1316 4450/5473/5227
f 1189/5483/1317 4450/5473/5227 4453/5484/5236
f 4453/5484/5236 4450/5473/5227 3174/5478/5232
f 4453/5484/5236 3174/5478/5232 3173/5486/5238
f 4454/5485/5237 4453/5484/5236 3173/5486/5238
f 4454/5485/5237 3173/5486/5238 3172/5487/5239
f 318/5488/416 1193/5489/5240 4455/5490/5241
f 318/5488/416 4455/5490/5241 4456/5491/5242
f 1193/5489/5240 1190/5482/1319 4454/5485/5237
f 1193/5489/5240 4454/5485/5237 4455/5490/5241
f 4455/5490/5241 4454/5485/5237 3172/5487/5239
f 4455/5490/5241 3172/5487/5239 3176/5492/5243
f 4456/5491/5242 4455/5490/5241 3176/5492/5243
f 4456/5491/5242 3176/5492/5243 2303/5493/2497
f 320/5494/420 319/5495/417 4457/5496/5244
f 320/5494/420 4457/5496/5244 4458/5497/5245
f 319/5495/417 318/5488/416 4456/5491/5242
f 319/5495/417 4456/5491/5242 4457/5496/5244
f 4457/5496/5244 4456/5491/5242 2303/5493/2497
f 4457/5496/5244 2303/5493/2497 2302/5498/2494
f 4458/5497/5245 4457/5496/5244 2302/5498/2494
f 4458/5497/5245 2302/5498/2494 2301/5499/2493
f 1936/5500/5246 1935/5501/5247 4459/5502/5248
f 1936/5500/5246 4459/5502/5248 4460/5503/5249
f 1935/5501/5247 320/5494/420 4458/5497/5245
f 1935/5501/5247 4458/5497/5245 4459/5502/5248
f 4459/5502/5248 4458/5497/5245 2301/5499/2493
f 4459/5502/5248 2301/5499/2493 3922/5504/5250
f 4460/5503/5249 4459/5502/5248 3922/5504/5250
f 4460/5503/5249 3922/5504/5250 3921/5505/5251
f 994/5159/5252 993/5506/5253 4461/5507/5254
f 994/5159/5252 4461/5507/5254 4350/5160/5255
f 993/5506/5253 905/5508/5256 4462/5509/5257
f 993/5506/5253 4462/5509/5257 4461/5507/5254
f 4461/5507/5254 4462/5509/5258 2882/5510/5259
f 4461/5507/5254 2882/5510/5259 2981/5511/5260
f 4350/5160/5255 4461/5507/5254 2981/5511/5260
f 4350/5160/5255 2981/5511/5260 2980/5161/5261
f 2192/5512/5262 2189/5513/2368 4463/5514/5263
f 2192/5512/5262 4463/5514/5263 4464/5515/5262
f 2189/5513/2368 2188/5516/2367 4465/5517/5264
f 2189/5513/2368 4465/5517/5264 4463/5514/5263
f 4463/5514/5265 4465/5517/5266 4171/5518/5266
f 4463/5514/5265 4171/5518/5266 4174/5519/5267
f 4464/5515/5268 4463/5514/5265 4174/5519/5267
f 4464/5515/5268 4174/5519/5267 4178/5520/4465
f 2182/5521/5269 2198/5522/5270 4466/5523/5270
f 2182/5521/5269 4466/5523/5270 4467/5524/5271
f 2198/5522/2380 2192/5525/2379 4464/5526/5272
f 2198/5522/2380 4464/5526/5272 4466/5523/5272
f 4466/5523/5273 4464/5526/5268 4178/4727/4465
f 4466/5523/5273 4178/4727/4465 4182/4734/4469
f 4467/5524/5274 4466/5523/5273 4182/4734/4469
f 4467/5524/5274 4182/4734/4469 4165/4738/4452
f 2186/5527/5275 2183/5528/5276 4468/5529/5277
f 2186/5527/5275 4468/5529/5277 4469/5530/5278
f 2183/5528/5276 2182/5521/5269 4467/5524/5271
f 2183/5528/5276 4467/5524/5271 4468/5529/5277
f 4468/5529/5279 4467/5524/5274 4165/4738/4452
f 4468/5529/5279 4165/4738/4452 4168/5531/4455
f 4469/5530/5280 4468/5529/5279 4168/5531/4455
f 4469/5530/5280 4168/5531/4455 4170/5532/5281
f 478/5533/5282 2200/5534/5283 4470/5535/5284
f 478/5533/5282 4470/5535/5284 4471/5536/5285
f 2200/5534/5283 2186/5527/5275 4469/5530/5278
f 2200/5534/5283 4469/5530/5278 4470/5535/5284
f 4470/5535/5286 4469/5530/5280 4170/5532/5281
f 4470/5535/5286 4170/5532/5281 4184/5537/5287
f 4471/5536/5288 4470/5535/5286 4184/5537/5287
f 4471/5536/5288 4184/5537/5287 2459/5538/5289
f 630/5539/5290 629/5540/5291 4472/5541/5292
f 630/5539/5290 4472/5541/5292 4473/5542/5293
f 629/5540/5291 480/5543/5294 4474/5544/5295
f 629/5540/5291 4474/5544/5295 4472/5541/5292
f 4472/5541/5292 4474/5544/5295 2457/5545/5296
f 4472/5541/5292 2457/5545/5296 2613/5546/5297
f 4473/5542/5293 4472/5541/5292 2613/5546/5297
f 4473/5542/5293 2613/5546/5297 2612/5547/5298
f 626/5548/734 625/5549/732 4475/5550/5299
f 626/5548/734 4475/5550/5299 4476/5551/5300
f 625/5549/732 624/5552/5301 4477/5553/5302
f 625/5549/732 4477/5553/5302 4475/5550/5299
f 4475/5550/5299 4477/5553/5302 2609/5554/5303
f 4475/5550/5299 2609/5554/5303 2608/5555/2812
f 4476/5551/5300 4475/5550/5299 2608/5555/2812
f 4476/5551/5300 2608/5555/2812 2607/5556/2811
f 384/5557/5304 1476/5558/1619 4478/5559/5305
f 384/5557/5304 4478/5559/5305 4479/5560/5306
f 1476/5558/1619 626/5548/734 4476/5551/5300
f 1476/5558/1619 4476/5551/5300 4478/5559/5305
f 4478/5559/5305 4476/5551/5300 2607/5556/2811
f 4478/5559/5305 2607/5556/2811 3459/5561/3701
f 4479/5560/5306 4478/5559/5305 3459/5561/3701
f 4479/5560/5306 3459/5561/3701 2373/5562/5307
f 755/5563/5308 1474/5564/5309 4480/5565/5310
f 755/5563/5308 4480/5565/5310 4481/5566/5311
f 1474/5564/5309 398/5567/5312 4482/5568/5313
f 1474/5564/5309 4482/5568/5313 4480/5565/5310
f 4480/5565/5310 4482/5568/5313 2378/5569/5314
f 4480/5565/5310 2378/5569/5314 3457/5570/3697
f 4481/5566/5311 4480/5565/5310 3457/5570/3697
f 4481/5566/5311 3457/5570/3697 2740/5571/2948
f 757/5572/870 756/5573/867 4483/5574/5315
f 757/5572/870 4483/5574/5315 4484/5575/5316
f 756/5573/867 755/5563/5308 4481/5566/5311
f 756/5573/867 4481/5566/5311 4483/5574/5315
f 4483/5574/5315 4481/5566/5311 2740/5571/2948
f 4483/5574/5315 2740/5571/2948 2739/5576/2945
f 4484/5575/5316 4483/5574/5315 2739/5576/2945
f 4484/5575/5316 2739/5576/2945 2738/5577/2944
f 770/5578/5317 1538/5579/5318 4485/5580/5319
f 770/5578/5317 4485/5580/5319 4486/5581/5320
f 1538/5579/5318 757/5572/870 4484/5575/5316
f 1538/5579/5318 4484/5575/5316 4485/5580/5319
f 4485/5580/5319 4484/5575/5316 2738/5577/2944
f 4485/5580/5319 2738/5577/2944 3521/5582/3764
f 4486/5581/5320 4485/5580/5319 3521/5582/3764
f 4486/5581/5320 3521/5582/3764 2756/5583/5321
f 1521/5584/5322 1520/5585/5323 4487/5586/5324
f 1521/5584/5322 4487/5586/5324 4488/5587/5325
f 1520/5585/5323 1519/5588/5326 4489/5589/5327
f 1520/5585/5323 4489/5589/5327 4487/5586/5324
f 4487/5586/5328 4489/5589/5329 3505/5590/5330
f 4487/5586/5328 3505/5590/5330 3504/5591/5331
f 4488/5587/5325 4487/5586/5328 3504/5591/5331
f 4488/5587/5325 3504/5591/5331 3503/5592/5332
f 1526/5593/5333 1525/5594/5334 4490/5595/5335
f 1526/5593/5333 4490/5595/5335 4491/5596/5336
f 1525/5594/5334 1521/5584/5322 4488/5587/5325
f 1525/5594/5334 4488/5587/5325 4490/5595/5335
f 4490/5595/5335 4488/5587/5325 3503/5592/5332
f 4490/5595/5335 3503/5592/5332 3510/5597/5337
f 4491/5596/5336 4490/5595/5335 3510/5597/5337
f 4491/5596/5336 3510/5597/5337 3509/5598/5338
f 2174/5599/5339 2202/5600/5340 4492/5601/5341
f 2174/5599/5339 4492/5601/5341 4493/5602/5342
f 2202/5600/5340 1526/5593/5333 4491/5596/5336
f 2202/5600/5340 4491/5596/5336 4492/5601/5341
f 4492/5601/5341 4491/5596/5336 3509/5598/5338
f 4492/5601/5341 3509/5598/5338 4186/5603/5343
f 4493/5602/5342 4492/5601/5341 4186/5603/5343
f 4493/5602/5342 4186/5603/5343 4157/5604/5344
f 901/5605/1015 2175/5606/2350 4494/5607/5345
f 901/5605/1015 4494/5607/5345 4495/5608/5346
f 2175/5606/2350 2174/5599/5339 4493/5602/5342
f 2175/5606/2350 4493/5602/5342 4494/5607/5345
f 4494/5607/5345 4493/5602/5342 4157/5604/5344
f 4494/5607/5345 4157/5604/5344 4160/5609/4446
f 4495/5608/5346 4494/5607/5345 4160/5609/4446
f 4495/5608/5346 4160/5609/4446 2886/5610/3095
f 480/5543/5294 479/5611/5347 4496/5612/5348
f 480/5543/5294 4496/5612/5348 4474/5544/5295
f 479/5611/5347 478/5533/5282 4471/5536/5285
f 479/5611/5347 4471/5536/5285 4496/5612/5348
f 4496/5612/5349 4471/5536/5288 2459/5538/5289
f 4496/5612/5349 2459/5538/5289 2458/5613/5350
f 4474/5544/5295 4496/5612/5349 2458/5613/5350
f 4474/5544/5295 2458/5613/5350 2457/5545/5296
f 1156/5614/5351 1155/5615/5352 4497/5616/5353
f 1156/5614/5351 4497/5616/5353 4498/5617/5354
f 1155/5615/5352 630/5539/5290 4473/5542/5293
f 1155/5615/5352 4473/5542/5293 4497/5616/5353
f 4497/5616/5353 4473/5542/5293 2612/5547/5298
f 4497/5616/5353 2612/5547/5298 3142/5618/5355
f 4498/5617/5354 4497/5616/5353 3142/5618/5355
f 4498/5617/5354 3142/5618/5355 3141/5619/5356
f 624/5552/5301 1164/5620/5357 4499/5621/5358
f 624/5552/5301 4499/5621/5358 4477/5553/5302
f 1164/5620/5357 1156/5614/5351 4498/5617/5354
f 1164/5620/5357 4498/5617/5354 4499/5621/5358
f 4499/5621/5358 4498/5617/5354 3141/5619/5356
f 4499/5621/5358 3141/5619/5356 3145/5622/5359
f 4477/5553/5302 4499/5621/5358 3145/5622/5359
f 4477/5553/5302 3145/5622/5359 2609/5554/5303
f 386/5623/5360 385/5624/5361 4500/5625/5362
f 386/5623/5360 4500/5625/5362 4501/5626/5363
f 385/5624/5361 384/5557/5304 4479/5560/5306
f 385/5624/5361 4479/5560/5306 4500/5625/5362
f 4500/5625/5364 4479/5560/5306 2373/5562/5307
f 4500/5625/5364 2373/5562/5307 2372/5627/5365
f 4501/5626/5366 4500/5625/5364 2372/5627/5365
f 4501/5626/5366 2372/5627/5365 2371/5628/5367
f 398/5567/5312 397/5629/5368 4502/5630/5369
f 398/5567/5312 4502/5630/5369 4482/5568/5313
f 397/5629/5368 386/5623/5360 4501/5626/5363
f 397/5629/5368 4501/5626/5363 4502/5630/5369
f 4502/5630/5370 4501/5626/5366 2371/5628/5367
f 4502/5630/5370 2371/5628/5367 2379/5631/5371
f 4482/5568/5313 4502/5630/5370 2379/5631/5371
f 4482/5568/5313 2379/5631/5371 2378/5569/5314
f 772/5632/5372 771/5633/5373 4503/5634/5374
f 772/5632/5372 4503/5634/5374 4504/5635/5375
f 771/5633/5373 770/5578/5317 4486/5581/5320
f 771/5633/5373 4486/5581/5320 4503/5634/5374
f 4503/5634/5376 4486/5581/5320 2756/5583/5321
f 4503/5634/5376 2756/5583/5321 2755/5636/5377
f 4504/5635/5378 4503/5634/5376 2755/5636/5377
f 4504/5635/5378 2755/5636/5377 2754/5637/5379
f 2180/5638/5380 2178/5639/5381 4505/5640/5382
f 2180/5638/5380 4505/5640/5382 4506/5641/5383
f 2178/5639/5381 772/5632/5372 4504/5635/5375
f 2178/5639/5381 4504/5635/5375 4505/5640/5382
f 4505/5640/5384 4504/5635/5378 2754/5637/5379
f 4505/5640/5384 2754/5637/5379 4162/5642/5385
f 4506/5641/5386 4505/5640/5384 4162/5642/5385
f 4506/5641/5386 4162/5642/5385 4164/5643/5387
f 1519/5588/5326 2196/5644/5388 4507/5645/5389
f 1519/5588/5326 4507/5645/5389 4489/5589/5327
f 2196/5644/5388 2180/5638/5380 4506/5641/5383
f 2196/5644/5388 4506/5641/5383 4507/5645/5389
f 4507/5645/5390 4506/5641/5386 4164/5643/5387
f 4507/5645/5390 4164/5643/5387 4180/5646/5391
f 4489/5589/5329 4507/5645/5390 4180/5646/5391
f 4489/5589/5329 4180/5646/5391 3505/5590/5330
f 903/5647/5392 902/5648/5393 4508/5649/5394
f 903/5647/5392 4508/5649/5394 4509/5650/5395
f 902/5648/5393 901/5605/1015 4495/5608/5346
f 902/5648/5393 4495/5608/5346 4508/5649/5394
f 4508/5649/5394 4495/5608/5346 2886/5610/3095
f 4508/5649/5394 2886/5610/3095 2885/5651/5396
f 4509/5650/5395 4508/5649/5394 2885/5651/5396
f 4509/5650/5395 2885/5651/5396 2884/5652/5397
f 905/5653/5256 904/5654/5398 4510/5655/5399
f 905/5653/5256 4510/5655/5399 4462/5656/5257
f 904/5654/5398 903/5647/5392 4509/5650/5395
f 904/5654/5398 4509/5650/5395 4510/5655/5399
f 4510/5655/5400 4509/5650/5395 2884/5652/5397
f 4510/5655/5400 2884/5652/5397 2883/5657/5401
f 4462/5656/5258 4510/5655/5400 2883/5657/5401
f 4462/5656/5258 2883/5657/5401 2882/5658/5259
f 2188/5659/2367 2191/5660/2370 4511/5661/5402
f 2188/5659/2367 4511/5661/5402 4465/5662/5264
f 2191/5660/2370 2195/5663/2375 4236/5664/4531
f 2191/5660/2370 4236/5664/4531 4511/5661/5402
f 4511/5661/5402 4236/5664/4531 4175/5665/5403
f 4511/5661/5402 4175/5665/5403 4172/5666/5404
f 4465/5662/5264 4511/5661/5402 4172/5666/5404
f 4465/5662/5264 4172/5666/5404 4171/5667/5405
f 2206/5668/5406 2204/5669/5407 4512/5670/5408
f 2206/5668/5406 4512/5670/5408 4513/5671/5409
f 2204/5669/5407 2001/5672/5410 4514/5673/5411
f 2204/5669/5407 4514/5673/5411 4512/5670/5408
f 4512/5670/5408 4514/5673/5411 3981/5674/5412
f 4512/5670/5408 3981/5674/5412 4188/5675/5413
f 4513/5671/5409 4512/5670/5408 4188/5675/5413
f 4513/5671/5409 4188/5675/5413 4190/5676/5414
f 2001/5672/5410 2000/5677/5415 4515/5678/5416
f 2001/5672/5410 4515/5678/5416 4514/5673/5411
f 2000/5677/5415 1361/5679/1497 4516/5680/5417
f 2000/5677/5415 4516/5680/5417 4515/5678/5416
f 4515/5678/5416 4516/5680/5417 3344/5681/3577
f 4515/5678/5416 3344/5681/3577 3982/5682/4246
f 4514/5673/5411 4515/5678/5416 3982/5682/4246
f 4514/5673/5411 3982/5682/4246 3981/5674/5412
f 1361/5679/1497 1360/5683/1495 4517/5684/5418
f 1361/5679/1497 4517/5684/5418 4516/5680/5417
f 1360/5683/1495 741/5685/5419 4518/5686/5420
f 1360/5683/1495 4518/5686/5420 4517/5684/5418
f 4517/5684/5418 4518/5686/5420 2721/5687/2927
f 4517/5684/5418 2721/5687/2927 3345/5688/3578
f 4516/5680/5417 4517/5684/5418 3345/5688/3578
f 4516/5680/5417 3345/5688/3578 3344/5681/3577
f 741/5685/5419 740/5689/5421 4519/5690/5422
f 741/5685/5419 4519/5690/5422 4518/5686/5420
f 740/5689/5421 739/5691/5423 4520/5692/5424
f 740/5689/5421 4520/5692/5424 4519/5690/5422
f 4519/5690/5422 4520/5692/5425 2723/5693/5426
f 4519/5690/5422 2723/5693/5426 2722/5694/5427
f 4518/5686/5420 4519/5690/5422 2722/5694/5427
f 4518/5686/5420 2722/5694/5427 2721/5687/2927
f 739/5691/5423 2217/5695/5428 4521/5696/5429
f 739/5691/5423 4521/5696/5429 4520/5692/5424
f 2217/5695/5428 2216/5697/5430 4522/5698/5431
f 2217/5695/5428 4522/5698/5431 4521/5696/5429
f 4521/5696/5432 4522/5698/5433 4199/5699/5434
f 4521/5696/5432 4199/5699/5434 4202/5700/5435
f 4520/5692/5425 4521/5696/5432 4202/5700/5435
f 4520/5692/5425 4202/5700/5435 2723/5693/5426
f 2216/5697/5430 2242/5701/5436 4523/5702/5437
f 2216/5697/5430 4523/5702/5437 4522/5698/5431
f 2242/5701/5436 2240/5703/5438 4524/5704/5439
f 2242/5701/5436 4524/5704/5439 4523/5702/5437
f 4523/5702/5440 4524/5704/5441 4224/5705/5442
f 4523/5702/5440 4224/5705/5442 4226/5706/5443
f 4522/5698/5433 4523/5702/5440 4226/5706/5443
f 4522/5698/5433 4226/5706/5443 4199/5699/5434
f 2240/5703/5438 2237/5707/5444 4525/5708/5445
f 2240/5703/5438 4525/5708/5445 4524/5704/5439
f 2237/5707/5444 2236/5709/5446 4526/5710/5447
f 2237/5707/5444 4526/5710/5447 4525/5708/5445
f 4525/5708/5448 4526/5710/5449 4219/5711/5450
f 4525/5708/5448 4219/5711/5450 4222/5712/5451
f 4524/5704/5441 4525/5708/5448 4222/5712/5451
f 4524/5704/5441 4222/5712/5451 4224/5705/5442
f 2236/5709/5446 2250/5713/5452 4527/5714/5453
f 2236/5709/5446 4527/5714/5453 4526/5710/5447
f 2250/5713/5452 2234/5715/5454 4528/5716/5455
f 2250/5713/5452 4528/5716/5455 4527/5714/5453
f 4527/5714/5456 4528/5716/5455 4218/5717/5457
f 4527/5714/5456 4218/5717/5457 4234/5718/5458
f 4526/5710/5449 4527/5714/5456 4234/5718/5458
f 4526/5710/5449 4234/5718/5458 4219/5711/5450
f 2234/5715/5454 2232/5719/5459 4529/5720/5460
f 2234/5715/5454 4529/5720/5460 4528/5716/5455
f 2232/5719/5459 1365/5721/5461 4530/5722/5462
f 2232/5719/5459 4530/5722/5462 4529/5720/5460
f 4529/5720/5460 4530/5722/5462 3348/5723/5463
f 4529/5720/5460 3348/5723/5463 4216/5724/5464
f 4528/5716/5455 4529/5720/5460 4216/5724/5464
f 4528/5716/5455 4216/5724/5464 4218/5717/5457
f 1365/5721/5461 1364/5725/5465 4531/5726/5466
f 1365/5721/5461 4531/5726/5466 4530/5722/5462
f 1364/5725/5465 1174/5727/5467 4532/5728/5468
f 1364/5725/5465 4532/5728/5468 4531/5726/5466
f 4531/5726/5466 4532/5728/5469 3153/5729/5470
f 4531/5726/5466 3153/5729/5470 3349/5730/5471
f 4530/5722/5462 4531/5726/5466 3349/5730/5471
f 4530/5722/5462 3349/5730/5471 3348/5723/5463
f 1174/5727/5467 1173/5731/5472 4533/5732/5473
f 1174/5727/5467 4533/5732/5473 4532/5728/5468
f 1173/5731/5472 1172/5733/5474 4534/5734/5475
f 1173/5731/5472 4534/5734/5475 4533/5732/5473
f 4533/5732/5473 4534/5734/5475 3155/5735/5476
f 4533/5732/5473 3155/5735/5476 3154/5736/5477
f 4532/5728/5469 4533/5732/5473 3154/5736/5477
f 4532/5728/5469 3154/5736/5477 3153/5729/5470
f 1172/5733/5474 2213/5737/5478 4535/5738/5479
f 1172/5733/5474 4535/5738/5479 4534/5734/5475
f 2213/5737/5478 2212/5739/5480 4536/5740/5481
f 2213/5737/5478 4536/5740/5481 4535/5738/5479
f 4535/5738/5479 4536/5740/5481 4195/5741/5482
f 4535/5738/5479 4195/5741/5482 4198/5742/5483
f 4534/5734/5475 4535/5738/5479 4198/5742/5483
f 4534/5734/5475 4198/5742/5483 3155/5735/5476
f 2212/5739/5480 2225/5743/5484 4537/5744/5485
f 2212/5739/5480 4537/5744/5485 4536/5740/5481
f 2225/5743/5484 2224/5745/5486 4538/5746/5487
f 2225/5743/5484 4538/5746/5487 4537/5744/5485
f 4537/5744/5488 4538/5746/5489 4207/5747/5490
f 4537/5744/5488 4207/5747/5490 4210/5748/5491
f 4536/5740/5481 4537/5744/5488 4210/5748/5491
f 4536/5740/5481 4210/5748/5491 4195/5741/5482
f 2224/5745/5486 2244/5749/5492 4539/5750/5493
f 2224/5745/5486 4539/5750/5493 4538/5746/5487
f 2244/5749/5492 2222/5751/5494 4540/5752/5495
f 2244/5749/5492 4540/5752/5495 4539/5750/5493
f 4539/5750/5496 4540/5752/5495 4206/5753/5497
f 4539/5750/5496 4206/5753/5497 4228/5754/5498
f 4538/5746/5489 4539/5750/5496 4228/5754/5498
f 4538/5746/5489 4228/5754/5498 4207/5747/5490
f 2222/5751/5494 2220/5755/5499 4541/5756/5500
f 2222/5751/5494 4541/5756/5500 4540/5752/5495
f 2220/5755/5499 346/5757/5501 4542/5758/5502
f 2220/5755/5499 4542/5758/5502 4541/5756/5500
f 4541/5756/5500 4542/5758/5502 2327/5759/5503
f 4541/5756/5500 2327/5759/5503 4204/5760/5504
f 4540/5752/5495 4541/5756/5500 4204/5760/5504
f 4540/5752/5495 4204/5760/5504 4206/5753/5497
f 346/5757/5501 345/5761/5505 4543/5762/5506
f 346/5757/5501 4543/5762/5506 4542/5758/5502
f 345/5761/5505 344/2492/5507 4544/5763/5508
f 345/5761/5505 4544/5763/5508 4543/5762/5506
f 4543/5762/5506 4544/5763/5508 2329/5764/2526
f 4543/5762/5506 2329/5764/2526 2328/5765/5509
f 4542/5758/5502 4543/5762/5506 2328/5765/5509
f 4542/5758/5502 2328/5765/5509 2327/5759/5503
f 2210/2488/2393 2208/5766/2391 4545/5767/5510
f 2210/2488/2393 4545/5767/5510 4546/5768/5511
f 2208/5766/2391 1695/5769/5512 4547/5770/5513
f 2208/5766/2391 4547/5770/5513 4545/5767/5510
f 4545/5767/5510 4547/5770/5513 3678/5771/5514
f 4545/5767/5510 3678/5771/5514 4192/5772/4479
f 4546/5768/5511 4545/5767/5510 4192/5772/4479
f 4546/5768/5511 4192/5772/4479 4194/5773/4483
f 1695/5769/5512 1694/5774/5515 4548/5775/5516
f 1695/5769/5512 4548/5775/5516 4547/5770/5513
f 1694/5774/5515 1134/5776/5517 4549/5777/5518
f 1694/5774/5515 4549/5777/5518 4548/5775/5516
f 4548/5775/5516 4549/5777/5519 3116/5778/5520
f 4548/5775/5516 3116/5778/5520 3679/5779/5521
f 4547/5770/5513 4548/5775/5516 3679/5779/5521
f 4547/5770/5513 3679/5779/5521 3678/5771/5514
f 1134/5776/5517 1133/5780/5522 4550/5781/5523
f 1134/5776/5517 4550/5781/5523 4549/5777/5518
f 1133/5780/5522 508/5782/5524 4551/5783/5525
f 1133/5780/5522 4551/5783/5525 4550/5781/5523
f 4550/5781/5523 4551/5783/5525 2488/5784/5526
f 4550/5781/5523 2488/5784/5526 3117/5785/5527
f 4549/5777/5519 4550/5781/5523 3117/5785/5527
f 4549/5777/5519 3117/5785/5527 3116/5778/5520
f 508/5782/5524 507/5786/5528 4552/5787/5529
f 508/5782/5524 4552/5787/5529 4551/5783/5525
f 507/5786/5528 506/5788/611 4553/5789/5530
f 507/5786/5528 4553/5789/5530 4552/5787/5529
f 4552/5787/5529 4553/5789/5530 2490/5790/5531
f 4552/5787/5529 2490/5790/5531 2489/5791/5532
f 4551/5783/5525 4552/5787/5529 2489/5791/5532
f 4551/5783/5525 2489/5791/5532 2488/5784/5526
f 506/5788/611 2246/5792/2436 4554/5793/5533
f 506/5788/611 4554/5793/5533 4553/5789/5530
f 2246/5792/2436 2230/5794/2416 4555/5795/5534
f 2246/5792/2436 4555/5795/5534 4554/5793/5533
f 4554/5793/5533 4555/5795/5534 4214/5796/4504
f 4554/5793/5533 4214/5796/4504 4230/5797/4523
f 4553/5789/5530 4554/5793/5533 4230/5797/4523
f 4553/5789/5530 4230/5797/4523 2490/5790/5531
f 1938/5798/2089 1937/5799/5535 4556/5800/5536
f 1938/5798/2089 4556/5800/5536 4557/5801/5537
f 1937/5799/5535 1936/5802/5538 4460/5803/5539
f 1937/5799/5535 4460/5803/5539 4556/5800/5536
f 4556/5800/5536 4460/5803/5539 3921/5804/5540
f 4556/5800/5536 3921/5804/5540 3920/5805/5541
f 4557/5801/5537 4556/5800/5536 3920/5805/5541
f 4557/5801/5537 3920/5805/5541 3919/5806/4166
f 344/2492/5507 2248/2489/2439 4558/5807/5542
f 344/2492/5507 4558/5807/5542 4544/5763/5508
f 2248/2489/2439 2210/2488/2393 4546/5768/5511
f 2248/2489/2439 4546/5768/5511 4558/5807/5542
f 4558/5807/5542 4546/5768/5511 4194/5773/4483
f 4558/5807/5542 4194/5773/4483 4232/5808/4526
f 4544/5763/5508 4558/5807/5542 4232/5808/4526
f 4544/5763/5508 4232/5808/4526 2329/5764/2526
f 2230/5794/2416 2228/5809/2414 4559/5810/5543
f 2230/5794/2416 4559/5810/5543 4555/5795/5534
f 2228/5809/2414 1938/5798/2089 4557/5801/5537
f 2228/5809/2414 4557/5801/5537 4559/5810/5543
f 4559/5810/5543 4557/5801/5537 3919/5806/4166
f 4559/5810/5543 3919/5806/4166 4212/5811/4501
f 4555/5795/5534 4559/5810/5543 4212/5811/4501
f 4555/5795/5534 4212/5811/4501 4214/5796/4504
f 1994/5812/4887 2207/5813/5544 4560/5814/5544
f 1994/5812/4887 4560/5814/5544 4347/5815/4888
f 2207/5813/5545 2206/5816/5545 4513/5817/5546
f 2207/5813/5545 4513/5817/5546 4560/5814/5547
f 4560/5814/5547 4513/5817/5546 4190/5818/5548
f 4560/5814/5547 4190/5818/5548 4189/5819/5548
f 4347/5815/4890 4560/5814/5549 4189/5819/5549
f 4347/5815/4890 4189/5819/5549 3977/5820/4891
