# Blender 4.0.1
# www.blender.org
mtllib Door_VAR01.mtl
o Puerta_Marco
v -0.012444 -0.004310 0.002500
v -0.009944 -0.004309 0.000000
v -0.009969 -0.006809 0.002500
v -0.012110 -0.004309 0.001252
v -0.012122 -0.005558 0.002500
v -0.011797 -0.005505 0.001304
v -0.009956 -0.005558 0.000334
v -0.011192 -0.004309 0.000334
v -0.011151 -0.005505 0.000658
v -0.011214 -0.006475 0.002500
v -0.009965 -0.006475 0.001252
v -0.011158 -0.006151 0.001304
v -0.008671 0.369168 0.002500
v -0.006171 0.369151 0.000000
v -0.008336 0.369166 0.001250
v -0.007421 0.369160 0.000335
v -0.008671 0.581857 0.002500
v -0.006171 0.581911 0.000000
v -0.008336 0.581864 0.001250
v -0.007421 0.581884 0.000335
v -0.015997 0.752196 0.002500
v -0.013494 0.752163 0.000000
v -0.015662 0.752192 0.001250
v -0.014745 0.752180 0.000335
v 0.002319 1.014116 0.002500
v 0.004822 1.014070 0.000000
v 0.002654 1.014110 0.001250
v 0.003570 1.014093 0.000335
v -0.005008 1.235741 0.002500
v -0.002507 1.235763 0.000000
v -0.004673 1.235744 0.001250
v -0.003757 1.235752 0.000335
v -0.001344 1.472018 0.002500
v 0.001156 1.471999 0.000000
v -0.001009 1.472016 0.001250
v -0.000094 1.472009 0.000335
v -0.001344 1.721117 0.002500
v 0.001156 1.721127 0.000000
v -0.001009 1.721118 0.001250
v -0.000094 1.721122 0.000335
v -0.003176 1.942741 0.002500
v -0.000675 1.942679 0.000000
v -0.002841 1.942733 0.001250
v -0.001926 1.942710 0.000335
v 0.004006 2.066627 0.002500
v 0.006650 2.069122 0.002500
v 0.006510 2.066622 0.000000
v 0.004411 2.067873 0.002500
v 0.004341 2.066625 0.001252
v 0.004734 2.067820 0.001305
v 0.006632 2.068788 0.001252
v 0.005382 2.068790 0.002500
v 0.005417 2.068465 0.001305
v 0.005260 2.066624 0.000334
v 0.006581 2.067870 0.000334
v 0.005381 2.067818 0.000659
v 0.044588 2.069122 0.002500
v 0.047088 2.066622 0.002500
v 0.044588 2.066622 0.000000
v 0.045837 2.068788 0.002500
v 0.044588 2.068788 0.001252
v 0.045784 2.068464 0.001305
v 0.046754 2.066622 0.001252
v 0.046754 2.067871 0.002500
v 0.046430 2.067818 0.001305
v 0.044588 2.067871 0.000334
v 0.045837 2.066622 0.000334
v 0.045784 2.067818 0.000659
v 0.047088 2.010896 0.002500
v 0.049588 2.008396 0.002500
v 0.044588 2.005896 0.000000
v 0.047459 2.009669 0.002500
v 0.046721 2.009307 0.001279
v 0.047091 2.008813 0.001316
v 0.047999 2.008028 0.001279
v 0.048361 2.008767 0.002500
v 0.047506 2.008398 0.001316
v 0.045810 2.007485 0.000368
v 0.046177 2.007117 0.000368
v 0.046669 2.007976 0.000645
v 0.062991 2.008396 0.002500
v 0.065491 2.010896 0.002500
v 0.067991 2.005896 0.000000
v 0.064218 2.008767 0.002500
v 0.064580 2.008028 0.001279
v 0.065073 2.008398 0.001316
v 0.065858 2.009307 0.001279
v 0.065120 2.009669 0.002500
v 0.065488 2.008813 0.001316
v 0.066402 2.007117 0.000368
v 0.066769 2.007485 0.000368
v 0.065910 2.007976 0.000645
v 0.065491 2.072756 0.002500
v 0.067991 2.075256 0.002500
v 0.067991 2.072756 0.000000
v 0.065825 2.074005 0.002500
v 0.065825 2.072756 0.001252
v 0.066149 2.073952 0.001305
v 0.067991 2.074922 0.001252
v 0.066742 2.074922 0.002500
v 0.066795 2.074598 0.001305
v 0.066742 2.072756 0.000334
v 0.067991 2.074005 0.000334
v 0.066795 2.073952 0.000659
v 0.075872 2.075256 0.002500
v 0.078372 2.072756 0.002500
v 0.075872 2.072756 0.000000
v 0.077120 2.074922 0.002500
v 0.075872 2.074922 0.001252
v 0.077067 2.074598 0.001305
v 0.078038 2.072756 0.001252
v 0.078038 2.074005 0.002500
v 0.077714 2.073952 0.001305
v 0.075872 2.074005 0.000334
v 0.077120 2.072756 0.000334
v 0.077067 2.073952 0.000659
v 0.078372 0.067091 0.002500
v 0.077702 0.062182 0.002500
v 0.075872 0.064932 0.000000
v 0.078274 0.065519 0.002500
v 0.078003 0.066402 0.001276
v 0.077992 0.065206 0.001313
v 0.077530 0.062944 0.001275
v 0.078029 0.063722 0.002500
v 0.077840 0.064099 0.001313
v 0.077097 0.065620 0.000370
v 0.076867 0.063941 0.000370
v 0.077537 0.064705 0.000647
v 0.059168 -0.004401 0.002500
v 0.055998 -0.006809 0.002500
v 0.056599 -0.004309 0.000000
v 0.058512 -0.005620 0.002500
v 0.058812 -0.004372 0.001252
v 0.058180 -0.005541 0.001305
v 0.056065 -0.006459 0.001252
v 0.057348 -0.006504 0.002500
v 0.057361 -0.006163 0.001305
v 0.057869 -0.004338 0.000334
v 0.056286 -0.005541 0.000334
v 0.057516 -0.005517 0.000659
v -0.012444 -0.004310 0.097500
v -0.009969 -0.006809 0.097500
v -0.009944 -0.004309 0.100000
v -0.012122 -0.005558 0.097500
v -0.012110 -0.004309 0.098748
v -0.011797 -0.005505 0.098696
v -0.009966 -0.006475 0.098748
v -0.011214 -0.006475 0.097500
v -0.011158 -0.006151 0.098696
v -0.011192 -0.004309 0.099666
v -0.009956 -0.005558 0.099666
v -0.011151 -0.005505 0.099342
v -0.006171 0.369151 0.100000
v -0.008671 0.369168 0.097500
v -0.007421 0.369160 0.099665
v -0.008336 0.369166 0.098750
v -0.006171 0.581911 0.100000
v -0.008671 0.581857 0.097500
v -0.007421 0.581884 0.099665
v -0.008336 0.581864 0.098750
v -0.013494 0.752163 0.100000
v -0.015997 0.752196 0.097500
v -0.014746 0.752180 0.099665
v -0.015662 0.752192 0.098750
v 0.004821 1.014070 0.100000
v 0.002319 1.014116 0.097500
v 0.003570 1.014093 0.099665
v 0.002654 1.014110 0.098750
v -0.002507 1.235763 0.100000
v -0.005008 1.235741 0.097500
v -0.003758 1.235752 0.099665
v -0.004673 1.235744 0.098750
v 0.001155 1.471999 0.100000
v -0.001345 1.472018 0.097500
v -0.000095 1.472009 0.099665
v -0.001010 1.472016 0.098750
v 0.001155 1.721127 0.100000
v -0.001345 1.721117 0.097500
v -0.000095 1.721122 0.099665
v -0.001010 1.721118 0.098750
v -0.000676 1.942679 0.100000
v -0.003176 1.942741 0.097500
v -0.001926 1.942710 0.099665
v -0.002841 1.942733 0.098750
v 0.004005 2.066627 0.097500
v 0.006509 2.066622 0.100000
v 0.006650 2.069122 0.097500
v 0.004341 2.066625 0.098749
v 0.004411 2.067873 0.097500
v 0.004734 2.067819 0.098696
v 0.006580 2.067870 0.099666
v 0.005260 2.066624 0.099666
v 0.005381 2.067818 0.099342
v 0.005382 2.068789 0.097500
v 0.006632 2.068788 0.098749
v 0.005417 2.068464 0.098696
v 0.044588 2.069122 0.097500
v 0.044588 2.066622 0.100000
v 0.047088 2.066622 0.097500
v 0.044588 2.068788 0.098749
v 0.045837 2.068788 0.097500
v 0.045784 2.068464 0.098696
v 0.045837 2.066622 0.099666
v 0.044588 2.067871 0.099666
v 0.045784 2.067818 0.099342
v 0.046754 2.067871 0.097500
v 0.046754 2.066622 0.098749
v 0.046430 2.067818 0.098696
v 0.047088 2.010896 0.097500
v 0.044588 2.005896 0.100000
v 0.049588 2.008396 0.097500
v 0.046721 2.009307 0.098722
v 0.047459 2.009669 0.097500
v 0.047091 2.008813 0.098684
v 0.046177 2.007117 0.099633
v 0.045810 2.007485 0.099633
v 0.046669 2.007976 0.099356
v 0.048361 2.008767 0.097500
v 0.047999 2.008028 0.098722
v 0.047506 2.008398 0.098684
v 0.062990 2.008396 0.097500
v 0.067990 2.005896 0.100000
v 0.065490 2.010896 0.097500
v 0.064579 2.008028 0.098722
v 0.064217 2.008767 0.097500
v 0.065073 2.008398 0.098684
v 0.066769 2.007485 0.099633
v 0.066401 2.007117 0.099633
v 0.065910 2.007976 0.099356
v 0.065119 2.009669 0.097500
v 0.065858 2.009307 0.098722
v 0.065488 2.008813 0.098684
v 0.065490 2.072756 0.097500
v 0.067990 2.072756 0.100000
v 0.067990 2.075256 0.097500
v 0.065824 2.072756 0.098749
v 0.065824 2.074005 0.097500
v 0.066149 2.073952 0.098696
v 0.067990 2.074005 0.099666
v 0.066742 2.072756 0.099666
v 0.066795 2.073952 0.099342
v 0.066742 2.074922 0.097500
v 0.067990 2.074922 0.098749
v 0.066795 2.074598 0.098696
v 0.075872 2.075256 0.097500
v 0.075872 2.072756 0.100000
v 0.078372 2.072756 0.097500
v 0.075872 2.074922 0.098749
v 0.077120 2.074922 0.097500
v 0.077067 2.074598 0.098696
v 0.077120 2.072756 0.099666
v 0.075872 2.074005 0.099666
v 0.077067 2.073952 0.099342
v 0.078038 2.074005 0.097500
v 0.078038 2.072756 0.098749
v 0.077713 2.073952 0.098696
v 0.078372 0.067091 0.097500
v 0.075872 0.064932 0.100000
v 0.077701 0.062182 0.097500
v 0.078002 0.066402 0.098725
v 0.078274 0.065519 0.097500
v 0.077991 0.065206 0.098688
v 0.076867 0.063941 0.099631
v 0.077097 0.065620 0.099631
v 0.077537 0.064705 0.099353
v 0.078028 0.063722 0.097500
v 0.077530 0.062944 0.098725
v 0.077840 0.064099 0.098688
v 0.059168 -0.004401 0.097500
v 0.056598 -0.004309 0.100000
v 0.055998 -0.006809 0.097500
v 0.058812 -0.004372 0.098749
v 0.058512 -0.005620 0.097500
v 0.058180 -0.005541 0.098696
v 0.056286 -0.005541 0.099666
v 0.057869 -0.004338 0.099666
v 0.057516 -0.005517 0.099342
v 0.057348 -0.006504 0.097500
v 0.056065 -0.006459 0.098749
v 0.057360 -0.006163 0.098696
v 0.969205 -0.006809 0.002500
v 0.966758 -0.004310 0.002500
v 0.969259 -0.004309 0.000000
v 0.967964 -0.006475 0.002500
v 0.969212 -0.006475 0.001252
v 0.968024 -0.006151 0.001304
v 0.967093 -0.004310 0.001252
v 0.967066 -0.005558 0.002500
v 0.967391 -0.005505 0.001304
v 0.969232 -0.005558 0.000334
v 0.968010 -0.004309 0.000334
v 0.968037 -0.005505 0.000658
v 1.049680 -0.006809 0.002500
v 1.049643 -0.004309 0.000000
v 1.052144 -0.004310 0.002500
v 1.049675 -0.006475 0.001252
v 1.050923 -0.006476 0.002500
v 1.050866 -0.006151 0.001304
v 1.050892 -0.004309 0.000334
v 1.049662 -0.005558 0.000334
v 1.050856 -0.005505 0.000658
v 1.051828 -0.005558 0.002500
v 1.051810 -0.004310 0.001252
v 1.051503 -0.005505 0.001304
v 1.046515 0.211569 0.000000
v 1.049015 0.211577 0.002500
v 1.047765 0.211573 0.000335
v 1.048680 0.211576 0.001250
v 1.048041 0.480219 0.000000
v 1.050541 0.480213 0.002500
v 1.049291 0.480216 0.000335
v 1.050206 0.480214 0.001250
v 1.048041 0.868528 0.000000
v 1.050541 0.868514 0.002500
v 1.049291 0.868521 0.000335
v 1.050206 0.868516 0.001250
v 1.053536 1.467463 0.000000
v 1.056036 1.467450 0.002500
v 1.054786 1.467456 0.000335
v 1.055701 1.467452 0.001250
v 1.053536 1.932687 0.000000
v 1.056036 1.932678 0.002500
v 1.054786 1.932683 0.000335
v 1.055701 1.932679 0.001250
v 1.058447 2.165754 0.002500
v 1.055914 2.162652 0.000000
v 1.056600 2.166597 0.002500
v 1.057988 2.165075 0.001252
v 1.058330 2.167045 0.002500
v 1.057879 2.166323 0.001305
v 1.056136 2.164358 0.000334
v 1.057058 2.163937 0.000334
v 1.057225 2.165521 0.000659
v 1.057652 2.167355 0.002500
v 1.056388 2.165806 0.001252
v 1.057402 2.166541 0.001305
v 1.018614 2.129642 0.000000
v 1.016884 2.131450 0.002500
v 1.017749 2.130546 0.000335
v 1.017116 2.131208 0.001250
v 0.997427 2.107725 0.000000
v 0.995538 2.109367 0.002500
v 0.996482 2.108546 0.000335
v 0.995791 2.109147 0.001250
v 0.955119 2.057604 0.002500
v 0.956081 2.054773 0.000000
v 0.953581 2.053133 0.002500
v 0.955089 2.056964 0.001275
v 0.954369 2.056276 0.002500
v 0.954441 2.055926 0.001312
v 0.954855 2.054250 0.000370
v 0.955437 2.055940 0.000370
v 0.954598 2.055283 0.000648
v 0.953806 2.054642 0.002500
v 0.953951 2.053657 0.001275
v 0.954079 2.054873 0.001312
v 0.956081 0.346714 0.000000
v 0.953581 0.346183 0.002500
v 0.954831 0.346448 0.000335
v 0.953916 0.346254 0.001250
v 0.960452 0.336879 0.000000
v 0.958488 0.335142 0.002500
v 0.959470 0.336011 0.000335
v 0.958751 0.335375 0.001250
v 0.976354 0.327338 0.000000
v 0.973823 0.325941 0.002500
v 0.975088 0.326639 0.000335
v 0.974162 0.326128 0.001250
v 0.969205 -0.006809 0.097500
v 0.969259 -0.004309 0.100000
v 0.966758 -0.004310 0.097500
v 0.969212 -0.006475 0.098748
v 0.967964 -0.006475 0.097500
v 0.968024 -0.006151 0.098696
v 0.968011 -0.004309 0.099666
v 0.969232 -0.005558 0.099666
v 0.968038 -0.005505 0.099342
v 0.967066 -0.005558 0.097500
v 0.967093 -0.004310 0.098748
v 0.967391 -0.005505 0.098696
v 1.049680 -0.006809 0.097500
v 1.052144 -0.004310 0.097500
v 1.049644 -0.004309 0.100000
v 1.050924 -0.006476 0.097500
v 1.049675 -0.006475 0.098748
v 1.050866 -0.006151 0.098696
v 1.051810 -0.004310 0.098748
v 1.051828 -0.005558 0.097500
v 1.051503 -0.005505 0.098696
v 1.049662 -0.005558 0.099666
v 1.050892 -0.004309 0.099666
v 1.050857 -0.005505 0.099342
v 1.049015 0.211577 0.097500
v 1.046515 0.211569 0.100000
v 1.048680 0.211576 0.098750
v 1.047765 0.211573 0.099665
v 1.050541 0.480213 0.097500
v 1.048041 0.480219 0.100000
v 1.050206 0.480214 0.098750
v 1.049291 0.480216 0.099665
v 1.050541 0.868514 0.097500
v 1.048041 0.868528 0.100000
v 1.050206 0.868516 0.098750
v 1.049291 0.868521 0.099665
v 1.056036 1.467450 0.097500
v 1.053536 1.467463 0.100000
v 1.055701 1.467452 0.098750
v 1.054786 1.467456 0.099665
v 1.056036 1.932678 0.097500
v 1.053536 1.932687 0.100000
v 1.055701 1.932679 0.098750
v 1.054786 1.932683 0.099665
v 1.058447 2.165754 0.097500
v 1.056600 2.166597 0.097500
v 1.055915 2.162652 0.100000
v 1.058330 2.167045 0.097500
v 1.057988 2.165075 0.098749
v 1.057879 2.166323 0.098696
v 1.056388 2.165806 0.098749
v 1.057653 2.167355 0.097500
v 1.057402 2.166541 0.098696
v 1.057058 2.163937 0.099666
v 1.056136 2.164358 0.099666
v 1.057225 2.165521 0.099342
v 1.016884 2.131450 0.097500
v 1.018614 2.129642 0.100000
v 1.017116 2.131208 0.098750
v 1.017749 2.130546 0.099665
v 0.995538 2.109367 0.097500
v 0.997427 2.107725 0.100000
v 0.995791 2.109147 0.098750
v 0.996482 2.108546 0.099665
v 0.955120 2.057604 0.097500
v 0.953581 2.053133 0.097500
v 0.956081 2.054773 0.100000
v 0.954369 2.056276 0.097500
v 0.955089 2.056964 0.098726
v 0.954441 2.055926 0.098688
v 0.953951 2.053657 0.098726
v 0.953806 2.054642 0.097500
v 0.954079 2.054873 0.098688
v 0.955437 2.055940 0.099630
v 0.954855 2.054250 0.099630
v 0.954598 2.055283 0.099353
v 0.953581 0.346183 0.097500
v 0.956081 0.346714 0.100000
v 0.953916 0.346254 0.098750
v 0.954831 0.346448 0.099665
v 0.958488 0.335142 0.097500
v 0.960452 0.336879 0.100000
v 0.958751 0.335375 0.098750
v 0.959470 0.336011 0.099665
v 0.973823 0.325941 0.097500
v 0.976354 0.327338 0.100000
v 0.974162 0.326128 0.098750
v 0.975088 0.326639 0.099665
v 0.953581 2.055633 0.000000
v 0.953581 2.055633 0.002567
v 0.953581 2.055633 0.000856
v 0.953581 2.055633 0.001711
v 0.753249 2.043444 0.002551
v 0.753134 2.045942 0.000000
v 0.753233 2.043778 0.001276
v 0.753191 2.044693 0.000342
v 0.591075 2.039027 0.002539
v 0.591013 2.041527 0.000000
v 0.591067 2.039362 0.001270
v 0.591044 2.040277 0.000340
v 0.524297 2.037791 0.002530
v 0.524302 2.040291 0.000000
v 0.524298 2.038126 0.001265
v 0.524300 2.039041 0.000339
v 0.319725 2.042384 0.002523
v 0.319770 2.044883 0.000000
v 0.319731 2.042719 0.001262
v 0.319748 2.043634 0.000338
v 0.181931 2.043974 0.002518
v 0.182041 2.046473 0.000000
v 0.181945 2.044308 0.001259
v 0.181986 2.045223 0.000338
v 0.078702 2.051924 0.002515
v 0.081202 2.054238 0.000000
v 0.079037 2.052234 0.001258
v 0.079952 2.053081 0.000337
v 0.078702 2.075256 0.002512
v 0.081202 2.077756 0.000000
v 0.079037 2.075591 0.001256
v 0.079952 2.076506 0.000337
v 0.065204 2.075256 0.002511
v 0.062704 2.077756 0.000000
v 0.064869 2.075591 0.001256
v 0.063954 2.076506 0.000337
v 0.065204 2.011133 0.002511
v 0.062704 2.008633 0.002500
v 0.062704 2.011133 0.000000
v 0.064870 2.009885 0.002507
v 0.064870 2.011133 0.001259
v 0.064546 2.009937 0.001309
v 0.062704 2.008967 0.001250
v 0.063953 2.008967 0.002504
v 0.063900 2.009291 0.001306
v 0.063953 2.011133 0.000338
v 0.062704 2.009885 0.000332
v 0.063900 2.009937 0.000660
v 0.049861 2.008633 0.002500
v 0.047361 2.011133 0.002500
v 0.049861 2.011133 0.000000
v 0.048612 2.008967 0.002500
v 0.049861 2.008967 0.001252
v 0.048665 2.009291 0.001305
v 0.047695 2.011133 0.001252
v 0.047695 2.009885 0.002500
v 0.048019 2.009937 0.001305
v 0.049861 2.009885 0.000334
v 0.048612 2.011133 0.000334
v 0.048665 2.009937 0.000659
v 0.047361 2.069122 0.002500
v 0.049861 2.071622 0.000000
v 0.047696 2.069457 0.001250
v 0.048611 2.070372 0.000335
v 0.021985 2.069122 0.002500
v 0.019485 2.071622 0.002500
v 0.021985 2.071622 0.000000
v 0.020737 2.069456 0.002500
v 0.021985 2.069456 0.001252
v 0.020790 2.069781 0.001305
v 0.019819 2.071622 0.001252
v 0.019819 2.070374 0.002500
v 0.020144 2.070427 0.001305
v 0.021985 2.070374 0.000334
v 0.020737 2.071622 0.000334
v 0.020790 2.070427 0.000659
v 0.019485 2.158633 0.002500
v 0.021985 2.161071 0.002500
v 0.021985 2.158570 0.000000
v 0.019819 2.159873 0.002500
v 0.019819 2.158624 0.001252
v 0.020144 2.159812 0.001305
v 0.021985 2.160737 0.001252
v 0.020736 2.160768 0.002500
v 0.020790 2.160442 0.001305
v 0.020737 2.158601 0.000334
v 0.021985 2.159819 0.000334
v 0.020790 2.159796 0.000659
v 0.081848 2.159599 0.002500
v 0.081906 2.157097 0.000000
v 0.081856 2.159264 0.001250
v 0.081877 2.158348 0.000335
v 0.117630 2.162155 0.002500
v 0.117719 2.159655 0.000000
v 0.117642 2.161820 0.001250
v 0.117674 2.160905 0.000335
v 0.170280 2.162155 0.002500
v 0.170178 2.159655 0.000000
v 0.170266 2.161820 0.001250
v 0.170229 2.160905 0.000335
v 0.251556 2.155510 0.002500
v 0.251440 2.153011 0.000000
v 0.251540 2.155175 0.001250
v 0.251498 2.154260 0.000335
v 0.458395 2.153301 0.002500
v 0.458360 2.150802 0.000000
v 0.458390 2.152966 0.001250
v 0.458377 2.152051 0.000335
v 0.564391 2.151093 0.002500
v 0.564396 2.148592 0.000000
v 0.564392 2.150758 0.001250
v 0.564394 2.149843 0.000335
v 0.681428 2.154037 0.002500
v 0.681538 2.151539 0.000000
v 0.681443 2.153703 0.001250
v 0.681483 2.152788 0.000335
v 0.809506 2.162134 0.002500
v 0.809664 2.159639 0.000000
v 0.809528 2.161800 0.001250
v 0.809585 2.160887 0.000335
v 0.937298 2.170228 0.002500
v 0.937445 2.167732 0.000000
v 0.937318 2.169894 0.001250
v 0.937372 2.168980 0.000335
v 1.034846 2.175340 0.002500
v 1.034860 2.172837 0.000000
v 1.034848 2.175004 0.001250
v 1.034853 2.174088 0.000335
v 1.038955 2.175169 0.002500
v 1.037816 2.172714 0.000000
v 1.038802 2.174839 0.001250
v 1.038386 2.173941 0.000335
v 1.042892 2.170889 0.002500
v 1.040336 2.169975 0.000000
v 1.042550 2.170766 0.001250
v 1.041614 2.170432 0.000335
v 1.042049 2.156126 0.002500
v 1.040035 2.151972 0.002500
v 1.039470 2.154811 0.000000
v 1.041857 2.154596 0.002500
v 1.041575 2.156013 0.001252
v 1.041395 2.154541 0.001305
v 1.039830 2.152414 0.001252
v 1.041118 2.153071 0.002500
v 1.040874 2.153468 0.001305
v 1.040628 2.155531 0.000334
v 1.039623 2.153456 0.000334
v 1.040728 2.154202 0.000659
v 1.016884 2.131450 0.002500
v 1.015153 2.133256 0.000000
v 1.016652 2.131692 0.001250
v 1.016019 2.132353 0.000335
v 0.995538 2.109367 0.002500
v 0.993648 2.111010 0.000000
v 0.995284 2.109587 0.001250
v 0.994593 2.110189 0.000335
v 0.955119 2.057604 0.002500
v 0.953581 2.055633 0.000000
v 0.953581 2.055633 0.000000
v 0.954607 2.056947 0.001667
v 0.954607 2.056947 0.001667
v 0.954208 2.056436 0.001019
v 0.953581 2.055633 0.000000
v 0.954094 2.056290 0.000834
v 0.954000 2.056170 0.000682
v 0.954094 2.056290 0.000834
v 0.953581 2.055633 0.000000
v 0.954094 2.056290 0.000834
v 0.953581 2.055633 0.097434
v 0.953581 2.055633 0.100000
v 0.953581 2.055633 0.098289
v 0.953581 2.055633 0.099145
v 0.753134 2.045942 0.100000
v 0.753249 2.043444 0.097450
v 0.753191 2.044693 0.099659
v 0.753233 2.043778 0.098725
v 0.591013 2.041527 0.100000
v 0.591075 2.039027 0.097462
v 0.591044 2.040277 0.099660
v 0.591067 2.039362 0.098731
v 0.524302 2.040291 0.100000
v 0.524297 2.037791 0.097471
v 0.524300 2.039041 0.099661
v 0.524298 2.038126 0.098736
v 0.319770 2.044883 0.100000
v 0.319725 2.042384 0.097478
v 0.319748 2.043634 0.099662
v 0.319731 2.042719 0.098739
v 0.182041 2.046473 0.100000
v 0.181931 2.043974 0.097482
v 0.181986 2.045223 0.099663
v 0.181945 2.044308 0.098741
v 0.081202 2.054238 0.100000
v 0.078702 2.051924 0.097486
v 0.079952 2.053081 0.099663
v 0.079037 2.052234 0.098743
v 0.081202 2.077756 0.100000
v 0.078702 2.075256 0.097488
v 0.079952 2.076506 0.099664
v 0.079037 2.075591 0.098744
v 0.062704 2.077756 0.100000
v 0.065204 2.075256 0.097489
v 0.063954 2.076506 0.099664
v 0.064869 2.075591 0.098745
v 0.065204 2.011133 0.097490
v 0.062704 2.011133 0.100000
v 0.062704 2.008633 0.097500
v 0.064833 2.011133 0.098722
v 0.064833 2.009906 0.097493
v 0.064556 2.009944 0.098685
v 0.062704 2.009906 0.099629
v 0.063931 2.011133 0.099628
v 0.063893 2.009944 0.099350
v 0.063932 2.009004 0.097497
v 0.062704 2.009004 0.098727
v 0.063893 2.009282 0.098687
v 0.049861 2.008633 0.097500
v 0.049861 2.011133 0.100000
v 0.047361 2.011133 0.097500
v 0.049861 2.008967 0.098749
v 0.048612 2.008967 0.097500
v 0.048665 2.009291 0.098696
v 0.048612 2.011133 0.099666
v 0.049861 2.009885 0.099666
v 0.048665 2.009937 0.099342
v 0.047695 2.009885 0.097500
v 0.047695 2.011133 0.098749
v 0.048019 2.009937 0.098696
v 0.049861 2.071622 0.100000
v 0.047361 2.069122 0.097500
v 0.048611 2.070372 0.099665
v 0.047696 2.069457 0.098750
v 0.021985 2.069122 0.097500
v 0.021985 2.071622 0.100000
v 0.019485 2.071622 0.097500
v 0.021985 2.069456 0.098749
v 0.020737 2.069456 0.097500
v 0.020790 2.069781 0.098696
v 0.020737 2.071622 0.099666
v 0.021985 2.070374 0.099666
v 0.020790 2.070427 0.099342
v 0.019819 2.070374 0.097500
v 0.019819 2.071622 0.098749
v 0.020144 2.070427 0.098696
v 0.019485 2.158633 0.097500
v 0.021985 2.158570 0.100000
v 0.021985 2.161071 0.097500
v 0.019819 2.158624 0.098749
v 0.019819 2.159873 0.097500
v 0.020144 2.159812 0.098696
v 0.021985 2.159819 0.099666
v 0.020737 2.158601 0.099666
v 0.020790 2.159796 0.099342
v 0.020736 2.160768 0.097500
v 0.021985 2.160737 0.098749
v 0.020790 2.160442 0.098696
v 0.081906 2.157097 0.100000
v 0.081848 2.159599 0.097500
v 0.081877 2.158348 0.099665
v 0.081856 2.159264 0.098750
v 0.117719 2.159655 0.100000
v 0.117630 2.162155 0.097500
v 0.117674 2.160905 0.099665
v 0.117642 2.161820 0.098750
v 0.170178 2.159655 0.100000
v 0.170280 2.162155 0.097500
v 0.170229 2.160905 0.099665
v 0.170266 2.161820 0.098750
v 0.251440 2.153011 0.100000
v 0.251556 2.155510 0.097500
v 0.251498 2.154260 0.099665
v 0.251540 2.155175 0.098750
v 0.458360 2.150802 0.100000
v 0.458395 2.153301 0.097500
v 0.458377 2.152051 0.099665
v 0.458390 2.152966 0.098750
v 0.564396 2.148592 0.100000
v 0.564391 2.151093 0.097500
v 0.564394 2.149843 0.099665
v 0.564392 2.150758 0.098750
v 0.681538 2.151539 0.100000
v 0.681428 2.154037 0.097500
v 0.681483 2.152788 0.099665
v 0.681443 2.153703 0.098750
v 0.809664 2.159639 0.100000
v 0.809506 2.162134 0.097500
v 0.809585 2.160887 0.099665
v 0.809528 2.161800 0.098750
v 0.937445 2.167732 0.100000
v 0.937298 2.170228 0.097500
v 0.937372 2.168980 0.099665
v 0.937318 2.169894 0.098750
v 1.034860 2.172837 0.100000
v 1.034846 2.175340 0.097500
v 1.034853 2.174088 0.099665
v 1.034848 2.175004 0.098750
v 1.037816 2.172714 0.100000
v 1.038955 2.175169 0.097500
v 1.038386 2.173941 0.099665
v 1.038802 2.174839 0.098750
v 1.040336 2.169975 0.100000
v 1.042892 2.170889 0.097500
v 1.041614 2.170432 0.099665
v 1.042550 2.170766 0.098750
v 1.042049 2.156126 0.097500
v 1.039470 2.154811 0.100000
v 1.040035 2.151972 0.097500
v 1.041575 2.156013 0.098749
v 1.041857 2.154596 0.097500
v 1.041395 2.154541 0.098696
v 1.039623 2.153456 0.099666
v 1.040628 2.155531 0.099666
v 1.040728 2.154202 0.099342
v 1.041118 2.153071 0.097500
v 1.039830 2.152414 0.098749
v 1.040874 2.153468 0.098696
v 1.015153 2.133256 0.100000
v 1.016884 2.131450 0.097500
v 1.016019 2.132353 0.099665
v 1.016652 2.131692 0.098750
v 0.993648 2.111010 0.100000
v 0.995538 2.109367 0.097500
v 0.994593 2.110189 0.099665
v 0.995284 2.109587 0.098750
v 0.955119 2.057604 0.097500
v 0.953581 2.055633 0.100000
v 0.953581 2.055633 0.100000
v 0.954607 2.056947 0.098334
v 0.954607 2.056947 0.098334
v 0.954208 2.056436 0.098982
v 0.953581 2.055633 0.100000
v 0.954094 2.056290 0.099167
v 0.954000 2.056170 0.099319
v 0.954094 2.056290 0.099167
v 0.953581 2.055633 0.100000
v 0.954094 2.056290 0.099167
vn -0.1300 -0.9828 -0.1313
vn 0.1086 -0.9853 -0.1318
vn 0.1085 -0.9853 0.1318
vn -0.1300 -0.9828 0.1313
vn -0.9914 -0.0041 -0.1306
vn -0.9914 0.0077 -0.1306
vn -0.9914 0.0077 0.1306
vn -0.9914 -0.0041 0.1306
vn 0.9909 -0.0228 -0.1327
vn 0.9825 0.1297 -0.1335
vn 0.9825 0.1297 0.1336
vn 0.9909 -0.0228 0.1327
vn -0.9912 0.0246 -0.1303
vn -0.9912 0.0246 0.1303
vn 0.9196 -0.3686 -0.1358
vn 0.9605 -0.2436 -0.1348
vn 0.9605 -0.2436 0.1348
vn 0.9196 -0.3686 0.1358
vn -0.9745 0.1833 -0.1291
vn -0.9745 0.1834 0.1291
vn -0.1305 0.0007 -0.9915
vn -0.1305 -0.0028 -0.9914
vn -0.1349 0.0018 -0.9909
vn -0.1304 0.0024 -0.9915
vn -0.1325 -0.0012 -0.9912
vn -0.1305 0.0010 -0.9914
vn -0.1305 -0.0005 -0.9914
vn -0.1331 0.0033 -0.9911
vn -0.1290 0.1367 -0.9822
vn 0.1335 0.1296 -0.9825
vn 0.0713 0.0744 -0.9947
vn -0.0713 0.0744 -0.9947
vn -0.1335 0.1296 -0.9825
vn 0.1336 0.1297 -0.9825
vn 0.1654 -0.0226 -0.9860
vn 0.1255 -0.1617 -0.9788
vn -0.1297 -0.1288 -0.9832
vn -0.1305 0.0007 0.9915
vn -0.1297 -0.1288 0.9832
vn 0.1255 -0.1617 0.9788
vn 0.1654 -0.0226 0.9860
vn 0.1336 0.1297 0.9825
vn -0.1335 0.1296 0.9825
vn -0.0713 0.0744 0.9947
vn 0.0713 0.0744 0.9947
vn 0.1335 0.1296 0.9825
vn -0.1290 0.1367 0.9822
vn -0.1331 0.0033 0.9911
vn -0.1305 -0.0005 0.9914
vn -0.1305 0.0010 0.9914
vn -0.1325 -0.0012 0.9912
vn -0.1304 0.0024 0.9915
vn -0.1349 0.0018 0.9909
vn -0.1305 -0.0028 0.9914
vn 0.1296 0.9831 -0.1297
vn -0.1266 0.9835 -0.1290
vn -0.1266 0.9835 0.1290
vn 0.1296 0.9831 0.1297
vn -0.9914 0.0133 -0.1301
vn -0.9912 -0.0213 -0.1308
vn -0.9912 -0.0213 0.1308
vn -0.9914 0.0133 0.1301
vn -0.9914 0.0050 -0.1305
vn -0.9914 0.0050 0.1305
vn 0.9769 0.1143 -0.1806
vn 0.9826 0.1296 -0.1334
vn 0.9826 0.1296 0.1334
vn 0.9769 0.1143 0.1806
vn -0.9912 0.0182 -0.1312
vn -0.9912 0.0182 0.1312
vn -0.1145 0.9757 -0.1867
vn 0.1145 0.9757 -0.1867
vn 0.1145 0.9757 0.1867
vn -0.1145 0.9757 0.1867
vn -0.9914 -0.0087 -0.1303
vn -0.9914 -0.0087 0.1303
vn -0.9826 0.1296 -0.1334
vn -0.9769 0.1143 -0.1806
vn -0.9769 0.1143 0.1806
vn -0.9826 0.1296 0.1334
vn 0.1296 0.9831 -0.1296
vn -0.1296 0.9831 -0.1296
vn -0.1296 0.9831 0.1296
vn 0.1296 0.9831 0.1296
vn -0.9842 -0.1201 -0.1298
vn -0.8632 -0.1132 -0.4920
vn -0.7771 -0.4415 -0.4485
vn -0.8658 -0.4853 -0.1221
vn -0.4919 -0.1169 -0.8628
vn -0.4485 -0.4440 -0.7757
vn -0.1218 -0.4911 -0.8626
vn -0.1218 -0.8612 -0.4934
vn -0.4494 -0.7726 -0.4485
vn -0.4940 -0.8608 -0.1221
vn -0.8419 0.5263 -0.1196
vn -0.7580 0.4796 -0.4420
vn -0.8555 0.1686 -0.4897
vn -0.4767 0.8709 -0.1196
vn -0.4350 0.7845 -0.4419
vn -0.1188 0.8638 -0.4896
vn -0.1196 0.4963 -0.8599
vn -0.4396 0.4659 -0.7679
vn -0.4885 0.1481 -0.8599
vn 0.4915 0.8623 -0.1216
vn 0.4473 0.7744 -0.4474
vn 0.1215 0.8623 -0.4916
vn 0.8623 0.4915 -0.1216
vn 0.7745 0.4473 -0.4473
vn 0.8605 0.1212 -0.4948
vn 0.4951 0.1212 -0.8603
vn 0.4474 0.4473 -0.7744
vn 0.1216 0.4916 -0.8623
vn 0.6983 0.4227 -0.5776
vn 0.4948 0.4560 -0.7398
vn 0.7835 0.1276 -0.6081
vn 0.4228 0.6983 -0.5776
vn 0.4560 0.4947 -0.7398
vn 0.1280 0.7821 -0.6098
vn 0.4114 0.2270 -0.8827
vn 0.1040 0.2704 -0.9571
vn 0.3177 0.3177 -0.8934
vn 0.2647 0.1038 -0.9587
vn 0.2271 0.4115 -0.8827
vn -0.4227 0.6983 -0.5777
vn -0.4560 0.4947 -0.7398
vn -0.1279 0.7821 -0.6098
vn -0.6983 0.4227 -0.5776
vn -0.4948 0.4559 -0.7398
vn -0.7835 0.1277 -0.6081
vn -0.2271 0.4115 -0.8827
vn -0.2647 0.1038 -0.9587
vn -0.3177 0.3176 -0.8934
vn -0.1040 0.2704 -0.9571
vn -0.4115 0.2270 -0.8827
vn -0.8623 0.4915 -0.1216
vn -0.7744 0.4473 -0.4473
vn -0.8605 0.1212 -0.4948
vn -0.4915 0.8623 -0.1216
vn -0.4473 0.7744 -0.4474
vn -0.1216 0.8623 -0.4915
vn -0.1216 0.4915 -0.8623
vn -0.4473 0.4474 -0.7744
vn -0.4951 0.1212 -0.8603
vn 0.1216 0.8623 -0.4915
vn 0.7744 0.4473 -0.4473
vn 0.8603 0.1214 -0.4951
vn 0.4951 0.1214 -0.8603
vn 0.4473 0.4474 -0.7744
vn 0.1216 0.4915 -0.8623
vn 0.9896 -0.0897 -0.1128
vn 0.9027 -0.0511 -0.4273
vn 0.8696 -0.0056 -0.4938
vn 0.9774 -0.1790 -0.1128
vn 0.8833 -0.1928 -0.4273
vn 0.8388 -0.2275 -0.4947
vn 0.4812 -0.1341 -0.8663
vn 0.6598 -0.0901 -0.7460
vn 0.4989 0.0003 -0.8666
vn 0.7585 -0.6403 -0.1212
vn 0.6852 -0.5833 -0.4363
vn 0.8055 -0.3291 -0.4929
vn 0.4135 -0.9024 -0.1212
vn 0.3781 -0.8165 -0.4363
vn 0.1014 -0.8661 -0.4895
vn 0.1068 -0.5100 -0.8535
vn 0.3990 -0.5253 -0.7516
vn 0.4667 -0.2404 -0.8511
vn -0.9842 -0.1201 0.1298
vn -0.8658 -0.4853 0.1221
vn -0.7771 -0.4415 0.4485
vn -0.8632 -0.1132 0.4920
vn -0.4940 -0.8608 0.1221
vn -0.4494 -0.7726 0.4485
vn -0.1219 -0.8612 0.4934
vn -0.1218 -0.4911 0.8626
vn -0.4485 -0.4440 0.7757
vn -0.4919 -0.1169 0.8627
vn -0.8555 0.1686 0.4897
vn -0.7580 0.4796 0.4420
vn -0.8419 0.5263 0.1196
vn -0.4885 0.1481 0.8599
vn -0.4396 0.4659 0.7679
vn -0.1196 0.4963 0.8599
vn -0.1188 0.8638 0.4896
vn -0.4350 0.7845 0.4420
vn -0.4767 0.8709 0.1196
vn 0.1215 0.8623 0.4916
vn 0.4473 0.7744 0.4474
vn 0.4915 0.8623 0.1216
vn 0.1216 0.4916 0.8623
vn 0.4474 0.4473 0.7744
vn 0.4951 0.1212 0.8603
vn 0.8605 0.1212 0.4948
vn 0.7745 0.4473 0.4473
vn 0.8623 0.4915 0.1216
vn 0.7835 0.1276 0.6081
vn 0.4947 0.4560 0.7398
vn 0.6983 0.4227 0.5776
vn 0.2271 0.4115 0.8827
vn 0.2647 0.1038 0.9587
vn 0.3177 0.3177 0.8934
vn 0.1040 0.2704 0.9571
vn 0.4115 0.2270 0.8827
vn 0.4560 0.4947 0.7399
vn 0.4227 0.6983 0.5777
vn 0.1280 0.7821 0.6098
vn -0.1280 0.7821 0.6098
vn -0.4560 0.4947 0.7398
vn -0.4227 0.6983 0.5777
vn -0.4115 0.2270 0.8827
vn -0.1040 0.2704 0.9571
vn -0.3177 0.3176 0.8934
vn -0.2647 0.1038 0.9587
vn -0.2271 0.4114 0.8827
vn -0.4947 0.4560 0.7398
vn -0.6983 0.4227 0.5776
vn -0.7835 0.1277 0.6081
vn -0.8605 0.1212 0.4948
vn -0.7744 0.4473 0.4473
vn -0.8623 0.4915 0.1216
vn -0.4951 0.1212 0.8603
vn -0.4473 0.4474 0.7744
vn -0.1216 0.4915 0.8623
vn -0.1216 0.8623 0.4915
vn -0.4473 0.7744 0.4474
vn -0.4915 0.8623 0.1216
vn 0.1216 0.8623 0.4915
vn 0.1216 0.4915 0.8623
vn 0.4473 0.4474 0.7744
vn 0.4951 0.1214 0.8603
vn 0.8603 0.1214 0.4951
vn 0.7744 0.4473 0.4473
vn 0.8696 -0.0056 0.4938
vn 0.9027 -0.0511 0.4273
vn 0.9896 -0.0897 0.1128
vn 0.4990 0.0003 0.8666
vn 0.6598 -0.0901 0.7460
vn 0.4812 -0.1341 0.8663
vn 0.8388 -0.2275 0.4947
vn 0.8833 -0.1928 0.4273
vn 0.9774 -0.1790 0.1128
vn 0.8055 -0.3291 0.4929
vn 0.6852 -0.5833 0.4363
vn 0.7585 -0.6403 0.1212
vn 0.4667 -0.2404 0.8511
vn 0.3990 -0.5253 0.7516
vn 0.1068 -0.5100 0.8535
vn 0.1014 -0.8661 0.4895
vn 0.3781 -0.8165 0.4363
vn 0.4134 -0.9024 0.1212
vn -0.8658 0.0044 -0.5003
vn -0.7071 0.0036 -0.7071
vn -0.2587 0.0013 -0.9660
vn -0.8649 -0.0186 -0.5016
vn -0.7069 -0.0152 -0.7072
vn -0.2587 -0.0056 -0.9659
vn -0.8679 0.0116 -0.4965
vn -0.7065 0.0095 -0.7077
vn -0.2584 0.0035 -0.9660
vn -0.8635 0.0159 -0.5041
vn -0.7065 0.0130 -0.7076
vn -0.2585 0.0048 -0.9660
vn -0.8669 -0.0076 -0.4984
vn -0.7070 -0.0062 -0.7072
vn -0.2587 -0.0023 -0.9659
vn -0.8657 0.0067 -0.5006
vn -0.7071 0.0055 -0.7071
vn -0.2588 0.0020 -0.9659
vn -0.8658 -0.0036 -0.5003
vn -0.7071 -0.0029 -0.7071
vn -0.2588 -0.0011 -0.9659
vn -0.8670 0.0215 -0.4979
vn -0.7067 0.0175 -0.7073
vn -0.2586 0.0064 -0.9660
vn -0.2587 0.0013 0.9660
vn -0.7071 0.0036 0.7071
vn -0.8658 0.0044 0.5003
vn -0.4971 -0.0107 0.8676
vn -0.8649 -0.0186 0.5016
vn -0.5063 0.0068 0.8623
vn -0.7065 0.0095 0.7077
vn -0.9657 0.0130 0.2592
vn -0.2585 0.0048 0.9660
vn -0.7065 0.0130 0.7076
vn -0.8635 0.0159 0.5041
vn -0.2587 -0.0023 0.9659
vn -0.7070 -0.0062 0.7072
vn -0.8669 -0.0076 0.4984
vn -0.4990 0.0039 0.8666
vn -0.8657 0.0067 0.5006
vn -0.4995 -0.0021 0.8663
vn -0.8658 -0.0036 0.5003
vn -0.2586 0.0064 0.9660
vn -0.7067 0.0175 0.7073
vn -0.8670 0.0215 0.4979
vn 0.5137 0.8580 -0.0000
vn 0.8580 0.5137 -0.0000
vn -0.8580 0.5137 -0.0000
vn -0.5137 0.8580 -0.0000
vn -0.9904 0.0212 -0.1363
vn -0.9855 -0.1094 -0.1300
vn -0.9855 -0.1094 0.1300
vn -0.9904 0.0212 0.1363
vn -0.7478 0.6502 -0.1340
vn -0.8181 0.5608 -0.1271
vn -0.8181 0.5608 0.1271
vn -0.7478 0.6502 0.1340
vn 0.9914 0.0044 -0.1306
vn 0.9914 -0.0028 -0.1305
vn 0.9914 -0.0028 0.1305
vn 0.9914 0.0044 0.1306
vn -0.9900 0.0614 -0.1271
vn -0.9692 -0.2059 -0.1349
vn -0.9692 -0.2059 0.1349
vn -0.9900 0.0614 0.1271
vn 0.9914 -0.0045 -0.1306
vn 0.9914 -0.0045 0.1306
vn -0.9064 -0.4029 -0.1271
vn -0.9064 -0.4029 0.1270
vn 0.9914 -0.0045 -0.1305
vn 0.9914 -0.0045 0.1305
vn -0.5103 -0.8505 -0.1270
vn -0.5097 -0.8495 -0.1364
vn -0.5097 -0.8495 0.1364
vn -0.5103 -0.8505 0.1270
vn 0.9899 -0.0050 -0.1413
vn 0.9899 -0.0050 0.1413
vn 0.1297 -0.1278 0.9833
vn 0.1305 0.0006 0.9914
vn 0.1308 -0.0004 0.9914
vn 0.1305 -0.0006 0.9914
vn 0.1309 -0.0006 0.9914
vn 0.1335 -0.0007 0.9910
vn 0.0444 0.0971 0.9943
vn -0.0943 0.0989 0.9906
vn -0.1048 0.0908 0.9903
vn -0.1764 0.0607 0.9825
vn -0.1457 -0.0300 0.9889
vn -0.1112 -0.0984 0.9889
vn -0.0997 -0.0551 0.9935
vn -0.1297 -0.1269 0.9834
vn 0.9821 0.0479 -0.1823
vn 0.9821 0.0479 0.1823
vn 0.9847 -0.1159 -0.1299
vn 0.9847 -0.1159 0.1299
vn -0.6068 0.7736 -0.1823
vn -0.6844 0.7154 -0.1410
vn -0.6844 0.7154 0.1410
vn -0.6068 0.7736 0.1823
vn 0.1297 -0.1278 -0.9833
vn -0.1297 -0.1269 -0.9834
vn -0.0997 -0.0551 -0.9935
vn -0.1112 -0.0984 -0.9889
vn -0.1457 -0.0300 -0.9889
vn -0.1764 0.0607 -0.9825
vn -0.1048 0.0908 -0.9903
vn -0.0943 0.0989 -0.9906
vn 0.0444 0.0971 -0.9943
vn 0.1335 -0.0007 -0.9910
vn 0.1309 -0.0006 -0.9914
vn 0.1305 -0.0006 -0.9914
vn 0.1308 -0.0004 -0.9914
vn 0.1305 0.0006 -0.9915
vn -0.1305 -0.9829 -0.1300
vn -0.4968 -0.8592 -0.1226
vn -0.4516 -0.7706 -0.4498
vn -0.1224 -0.8617 -0.4925
vn -0.8696 -0.4783 -0.1226
vn -0.7801 -0.4350 -0.4498
vn -0.8641 -0.1039 -0.4925
vn -0.4923 -0.1116 -0.8633
vn -0.4498 -0.4402 -0.7771
vn -0.1222 -0.4897 -0.8633
vn 0.1302 -0.9830 -0.1298
vn 0.1221 -0.8619 -0.4922
vn 0.4502 -0.7718 -0.4490
vn 0.4951 -0.8602 -0.1222
vn 0.1220 -0.4903 -0.8630
vn 0.4490 -0.4425 -0.7762
vn 0.4921 -0.1148 -0.8630
vn 0.8636 -0.1096 -0.4922
vn 0.7783 -0.4390 -0.4490
vn 0.8673 -0.4826 -0.1223
vn 0.8294 0.0449 -0.5568
vn 0.8532 0.0910 -0.5135
vn 0.9822 0.0914 -0.1638
vn 0.4180 0.0869 -0.9043
vn 0.6430 0.0882 -0.7608
vn -0.2075 0.3728 -0.9044
vn 0.0849 0.1859 -0.9789
vn -0.5089 0.6564 -0.5570
vn -0.4901 0.7044 -0.5135
vn -0.3545 0.5437 -0.7607
vn -0.5742 0.8021 -0.1638
vn 0.3393 0.7429 -0.5770
vn 0.2932 0.6419 -0.7086
vn 0.2254 0.4933 -0.8401
vn -0.7221 0.4994 -0.4787
vn -0.8247 0.4041 -0.3957
vn -0.9031 0.4188 -0.0952
vn -0.4360 0.2844 -0.8538
vn -0.6447 0.2219 -0.7315
vn -0.5186 0.0440 -0.8539
vn -0.8765 0.0505 -0.4787
vn -0.8987 0.1890 -0.3958
vn -0.9695 0.2257 -0.0951
vn -0.1304 -0.9829 0.1300
vn -0.1223 -0.8617 0.4925
vn -0.4515 -0.7706 0.4498
vn -0.4968 -0.8592 0.1226
vn -0.1221 -0.4897 0.8633
vn -0.4498 -0.4402 0.7771
vn -0.4923 -0.1116 0.8633
vn -0.8641 -0.1039 0.4925
vn -0.7801 -0.4350 0.4498
vn -0.8696 -0.4783 0.1226
vn 0.1302 -0.9830 0.1299
vn 0.4951 -0.8602 0.1222
vn 0.4502 -0.7719 0.4490
vn 0.1221 -0.8619 0.4922
vn 0.8673 -0.4826 0.1222
vn 0.7783 -0.4390 0.4489
vn 0.8636 -0.1096 0.4922
vn 0.4921 -0.1148 0.8629
vn 0.4491 -0.4426 0.7762
vn 0.1220 -0.4903 0.8630
vn 0.9822 0.0914 0.1639
vn 0.8532 0.0910 0.5136
vn 0.8294 0.0449 0.5568
vn 0.3393 0.7429 0.5770
vn 0.2931 0.6418 0.7087
vn -0.5089 0.6564 0.5570
vn -0.4900 0.7044 0.5135
vn -0.5742 0.8021 0.1638
vn -0.2075 0.3728 0.9044
vn -0.3545 0.5437 0.7607
vn 0.4180 0.0869 0.9043
vn 0.0849 0.1858 0.9789
vn 0.6430 0.0882 0.7608
vn 0.2252 0.4932 0.8403
vn -0.9031 0.4188 0.0952
vn -0.8246 0.4042 0.3958
vn -0.7221 0.4994 0.4787
vn -0.9695 0.2257 0.0951
vn -0.8987 0.1890 0.3957
vn -0.8765 0.0505 0.4787
vn -0.5187 0.0440 0.8538
vn -0.6447 0.2219 0.7315
vn -0.4360 0.2844 0.8538
vn 0.4987 0.0022 -0.8668
vn 0.8656 0.0038 -0.5007
vn 0.5003 -0.0014 -0.8658
vn 0.8661 -0.0025 -0.4998
vn 0.4994 -0.0023 -0.8664
vn 0.7071 -0.0032 -0.7071
vn 0.9659 -0.0044 -0.2588
vn 0.5005 -0.0023 -0.8657
vn 0.8662 -0.0040 -0.4997
vn 0.5020 -0.0025 -0.8649
vn 0.8603 -0.0043 -0.5098
vn -0.3501 0.3668 -0.8619
vn -0.5955 0.6231 -0.5072
vn -0.3846 0.3338 -0.8606
vn -0.6536 0.5680 -0.5002
vn -0.5095 -0.1074 -0.8537
vn -0.8492 -0.1805 -0.4963
vn -0.3898 -0.3448 -0.8539
vn -0.6871 -0.4516 -0.5691
vn -0.2419 -0.2266 -0.9435
vn -0.3638 -0.6063 -0.7071
vn -0.4970 -0.8283 -0.2588
vn -0.9658 0.0207 -0.2586
vn -0.7069 0.0151 -0.7071
vn 0.8656 0.0038 0.5007
vn 0.4987 0.0022 0.8668
vn 0.8661 -0.0025 0.4998
vn 0.5003 -0.0014 0.8658
vn 0.8658 -0.0040 0.5004
vn 0.4994 -0.0023 0.8664
vn 0.8662 -0.0040 0.4997
vn 0.5006 -0.0023 0.8657
vn 0.8603 -0.0043 0.5098
vn 0.5020 -0.0025 0.8649
vn -0.5955 0.6231 0.5072
vn -0.3501 0.3668 0.8619
vn -0.6536 0.5680 0.5002
vn -0.3846 0.3338 0.8606
vn -0.8492 -0.1805 0.4963
vn -0.5095 -0.1074 0.8538
vn -0.8827 -0.3923 0.2588
vn -0.5168 -0.4572 0.7237
vn -0.3897 -0.3448 0.8539
vn -0.4970 -0.8283 0.2588
vn -0.3638 -0.6063 0.7071
vn -0.2419 -0.2266 0.9435
vn -0.7069 0.0151 0.7071
vn -0.9658 0.0207 0.2586
vn 0.4154 0.9096 -0.0000
vn -1.0000 -0.0000 -0.0000
vn 0.0156 0.9913 -0.1305
vn 0.0457 0.9903 -0.1310
vn 0.0457 0.9903 0.1310
vn 0.0156 0.9913 0.1305
vn -0.0438 -0.9906 -0.1293
vn -0.0168 -0.9914 -0.1294
vn -0.0168 -0.9914 0.1294
vn -0.0438 -0.9906 0.1293
vn -0.0021 0.9914 -0.1308
vn -0.0021 0.9914 0.1308
vn -0.0762 -0.9899 -0.1193
vn -0.0762 -0.9899 0.1193
vn -0.0437 0.9904 -0.1308
vn -0.0437 0.9904 0.1308
vn -0.9902 -0.0000 -0.1395
vn -0.9928 -0.0000 -0.1194
vn -0.9928 -0.0000 0.1194
vn -0.9902 -0.0000 0.1395
vn -0.0626 0.9895 -0.1305
vn -0.0626 0.9895 0.1305
vn -0.0000 -0.9902 -0.1396
vn -0.0000 -0.9902 0.1396
vn -0.0573 0.9898 -0.1305
vn -0.0573 0.9898 0.1305
vn 0.9826 -0.1335 -0.1292
vn 0.9902 -0.0000 -0.1397
vn 0.9890 -0.0002 0.1481
vn 0.9823 -0.1328 0.1324
vn -0.0053 0.9915 -0.1302
vn -0.0053 0.9915 0.1302
vn -0.1296 -0.9831 -0.1295
vn 0.1338 -0.9825 -0.1296
vn 0.1334 -0.9821 0.1330
vn -0.1292 -0.9826 0.1336
vn 0.0413 0.9912 -0.1259
vn 0.0413 0.9912 0.1259
vn -0.9901 -0.0000 -0.1402
vn -0.9831 -0.1296 -0.1296
vn -0.9831 -0.1296 0.1296
vn -0.9901 -0.0000 0.1402
vn 0.7301 0.6717 -0.1259
vn 0.7301 0.6717 -0.1260
vn 0.7301 0.6717 0.1260
vn 0.7301 0.6717 0.1259
vn -0.1296 -0.9831 -0.1296
vn -0.0000 -0.9901 -0.1401
vn -0.0000 -0.9901 0.1401
vn -0.1296 -0.9831 0.1296
vn 0.9823 -0.0904 -0.1642
vn 0.9871 -0.0585 -0.1489
vn 0.9871 -0.0585 0.1489
vn 0.9823 -0.0904 0.1642
vn -0.9829 0.1306 -0.1300
vn -0.9829 0.1306 0.1300
vn 0.6850 -0.7143 -0.1431
vn 0.6791 -0.7154 -0.1643
vn 0.6791 -0.7154 0.1643
vn 0.6850 -0.7143 0.1431
vn -0.0232 0.9911 -0.1312
vn -0.1063 0.9858 -0.1301
vn -0.1064 0.9858 0.1301
vn -0.0232 0.9911 0.1312
vn 0.7509 -0.6519 -0.1058
vn 0.7509 -0.6519 0.1058
vn -0.0353 0.9909 -0.1302
vn -0.0353 0.9909 0.1302
vn 0.0115 -0.2515 -0.9678
vn 0.0030 -0.1328 -0.9911
vn -0.0003 -0.1337 -0.9910
vn -0.0022 -0.1317 -0.9913
vn -0.0059 -0.1339 -0.9910
vn -0.1047 -0.0971 -0.9898
vn -0.0666 -0.0666 -0.9956
vn 0.0667 -0.0666 -0.9956
vn 0.1307 -0.1291 -0.9830
vn -0.1297 -0.1294 -0.9831
vn -0.0662 -0.0662 -0.9956
vn -0.1296 -0.1296 -0.9831
vn -0.1265 0.1297 -0.9834
vn -0.0030 0.1304 -0.9915
vn -0.0048 0.1333 -0.9911
vn 0.0055 0.1336 -0.9910
vn 0.0060 0.1304 -0.9914
vn 0.0021 0.1309 -0.9914
vn -0.0003 0.1305 -0.9914
vn -0.0058 0.1304 -0.9914
vn -0.0082 0.1303 -0.9914
vn -0.0076 0.1308 -0.9914
vn -0.0007 0.1342 -0.9910
vn 0.0634 0.1366 -0.9886
vn 0.1464 0.0501 -0.9880
vn 0.1931 -0.0936 -0.9767
vn 0.0927 -0.0967 -0.9910
vn 0.1902 -0.1524 -0.9698
vn -0.0000 -0.0000 -1.0000
vn 0.7872 -0.6137 -0.0600
vn 0.7872 -0.6137 0.0600
vn 0.0404 0.9907 -0.1302
vn 0.0404 0.9907 0.1302
vn -0.0019 -0.9917 -0.1289
vn 0.0227 -0.9914 -0.1286
vn 0.0227 -0.9914 0.1286
vn -0.0019 -0.9917 0.1289
vn 0.0115 -0.2515 0.9678
vn -0.0000 -0.0000 1.0000
vn 0.1902 -0.1524 0.9699
vn 0.0927 -0.0967 0.9910
vn 0.1931 -0.0936 0.9767
vn 0.1464 0.0501 0.9880
vn 0.0634 0.1366 0.9886
vn -0.0007 0.1342 0.9910
vn -0.0076 0.1307 0.9914
vn -0.0082 0.1303 0.9914
vn -0.0058 0.1304 0.9914
vn -0.0003 0.1305 0.9914
vn 0.0021 0.1309 0.9914
vn 0.0060 0.1304 0.9914
vn 0.0055 0.1336 0.9910
vn -0.0048 0.1333 0.9911
vn -0.0030 0.1304 0.9915
vn -0.1265 0.1297 0.9834
vn -0.1296 -0.1296 0.9831
vn -0.0662 -0.0662 0.9956
vn -0.1293 -0.1336 0.9826
vn 0.1338 -0.1329 0.9821
vn 0.0705 -0.0667 0.9953
vn -0.0666 -0.0666 0.9956
vn -0.1047 -0.0971 0.9898
vn -0.0059 -0.1339 0.9910
vn -0.0022 -0.1317 0.9913
vn -0.0003 -0.1337 0.9910
vn 0.0030 -0.1328 0.9911
vn 0.0437 -0.9937 -0.1029
vn 0.0437 -0.9937 0.1029
vn 0.8605 -0.4949 -0.1210
vn 0.7754 -0.4466 -0.4465
vn 0.8631 -0.1211 -0.4903
vn 0.4954 -0.8602 -0.1211
vn 0.4484 -0.7741 -0.4469
vn 0.1221 -0.8622 -0.4915
vn 0.1226 -0.4909 -0.8625
vn 0.4493 -0.4464 -0.7739
vn 0.4935 -0.1209 -0.8613
vn -0.4915 -0.8623 -0.1216
vn -0.4473 -0.7744 -0.4474
vn -0.1216 -0.8624 -0.4915
vn -0.8623 -0.4915 -0.1216
vn -0.7744 -0.4473 -0.4474
vn -0.8623 -0.1216 -0.4916
vn -0.4916 -0.1216 -0.8623
vn -0.4473 -0.4474 -0.7744
vn -0.1216 -0.4914 -0.8624
vn -0.1216 -0.8623 -0.4916
vn -0.7744 -0.4473 -0.4473
vn -0.1216 -0.4916 -0.8623
vn -0.8587 0.4976 -0.1228
vn -0.7700 0.4522 -0.4502
vn -0.8616 0.1225 -0.4926
vn -0.4763 0.8707 -0.1228
vn -0.4331 0.7809 -0.4502
vn -0.1012 0.8643 -0.4927
vn -0.1102 0.4923 -0.8634
vn -0.4392 0.4501 -0.7775
vn -0.4894 0.1222 -0.8634
vn 0.9468 -0.2747 -0.1674
vn 0.8355 -0.2441 -0.4923
vn 0.8465 -0.0836 -0.5257
vn 0.8023 -0.5730 -0.1674
vn 0.7092 -0.5046 -0.4923
vn 0.5888 -0.6136 -0.5261
vn 0.3830 -0.3522 -0.8539
vn 0.5899 -0.2859 -0.7552
vn 0.5138 -0.0833 -0.8538
vn -0.0000 1.0000 -0.0000
vn -0.0000 0.2425 -0.9701
vn -0.0000 0.2614 -0.9652
vn -0.9340 0.1751 -0.3113
vn 0.7761 0.2425 0.5821
vn 0.8657 0.5005 -0.0000
vn 0.8617 -0.1134 0.4945
vn 0.7826 -0.4404 0.4399
vn 0.8612 -0.4955 0.1133
vn 0.4970 -0.1135 0.8603
vn 0.4419 -0.4406 0.7814
vn 0.1152 -0.4956 0.8609
vn 0.1150 -0.8609 0.4957
vn 0.4414 -0.7818 0.4404
vn 0.4959 -0.8609 0.1134
vn -0.1202 -0.8604 0.4952
vn -0.4473 -0.7744 0.4474
vn -0.4915 -0.8623 0.1216
vn -0.1202 -0.4952 0.8604
vn -0.4473 -0.4473 0.7744
vn -0.4916 -0.1216 0.8623
vn -0.8623 -0.1216 0.4916
vn -0.7744 -0.4473 0.4474
vn -0.8623 -0.4915 0.1216
vn -0.1216 -0.8623 0.4916
vn -0.1216 -0.4916 0.8623
vn -0.4474 -0.4473 0.7744
vn -0.7744 -0.4473 0.4473
vn -0.8616 0.1225 0.4926
vn -0.7700 0.4522 0.4502
vn -0.8587 0.4976 0.1228
vn -0.4894 0.1222 0.8634
vn -0.4392 0.4501 0.7775
vn -0.1101 0.4923 0.8634
vn -0.1012 0.8643 0.4927
vn -0.4331 0.7809 0.4502
vn -0.4763 0.8707 0.1228
vn 0.8465 -0.0836 0.5257
vn 0.8355 -0.2441 0.4923
vn 0.9468 -0.2747 0.1674
vn 0.5138 -0.0833 0.8538
vn 0.5899 -0.2859 0.7552
vn 0.3830 -0.3522 0.8539
vn 0.5888 -0.6136 0.5261
vn 0.7092 -0.5046 0.4923
vn 0.8023 -0.5730 0.1674
vn -0.0000 -1.0000 -0.0000
vn 0.7069 0.0221 -0.7069
vn 0.9644 -0.1808 -0.1929
vn -0.4688 -0.5347 -0.7031
vn -0.4986 -0.7090 -0.4986
vn -0.0000 -0.7649 -0.6441
vn 0.0602 -0.9951 -0.0779
vn 0.0403 -0.9148 -0.4019
vn 0.0562 -0.9494 -0.3090
vn 0.0300 -0.6694 -0.7423
vn 0.0447 -0.8011 -0.5969
vn 0.0365 -0.6907 -0.7222
vn 0.0199 -0.8689 -0.4946
vn 0.0163 -0.7124 -0.7016
vn 0.0060 -0.2625 -0.9649
vn -0.0017 -0.8690 -0.4948
vn -0.0014 -0.7112 -0.7030
vn -0.0005 -0.2617 -0.9652
vn -0.0147 -0.8674 -0.4974
vn -0.0121 -0.7103 -0.7038
vn -0.0044 -0.2610 -0.9653
vn -0.0384 -0.8678 -0.4955
vn -0.0313 -0.7088 -0.7047
vn -0.0115 -0.2602 -0.9655
vn -0.0693 -0.9005 -0.4293
vn -0.0545 -0.7073 -0.7048
vn -0.1423 -0.1319 -0.9810
vn -0.8323 -0.0000 -0.5544
vn -0.9030 -0.0000 -0.4297
vn -0.7090 -0.0000 -0.7052
vn -0.1323 -0.1322 -0.9823
vn -0.0000 -0.8321 -0.5546
vn -0.0000 -0.7087 -0.7055
vn 0.1324 -0.1322 -0.9823
vn 0.8320 -0.0000 -0.5547
vn 0.7086 -0.0000 -0.7056
vn -0.9660 -0.0000 -0.2586
vn -0.7071 -0.0000 -0.7071
vn -0.1315 -0.1315 -0.9825
vn -0.0000 -0.9660 -0.2586
vn -0.0000 -0.7071 -0.7071
vn -0.0226 0.9656 -0.2590
vn -0.0165 0.7065 -0.7075
vn -0.0115 0.4935 -0.8697
vn -0.0344 0.9653 -0.2590
vn -0.0252 0.7064 -0.7073
vn -0.0180 0.5038 -0.8636
vn 0.0394 0.9651 -0.2590
vn 0.0288 0.7062 -0.7074
vn 0.0206 0.5043 -0.8633
vn 0.0399 0.8635 -0.5028
vn 0.0228 0.4949 -0.8687
vn 0.0136 0.8661 -0.4996
vn 0.0079 0.5006 -0.8657
vn -0.0019 0.8650 -0.5017
vn -0.0011 0.4971 -0.8677
vn -0.0382 0.8644 -0.5014
vn -0.0220 0.4971 -0.8674
vn -0.0547 0.8643 -0.5000
vn -0.0316 0.4990 -0.8660
vn -0.0500 0.8648 -0.4996
vn -0.0289 0.4998 -0.8656
vn -0.0046 0.8677 -0.4970
vn -0.0038 0.7067 -0.7075
vn -0.0014 0.2586 -0.9660
vn 0.0368 0.8824 -0.4690
vn 0.0295 0.7065 -0.7071
vn 0.2970 0.3462 -0.8899
vn 0.6502 0.5982 -0.4684
vn 0.6499 0.5979 -0.4691
vn 0.4928 0.1724 -0.8529
vn 0.8694 -0.0550 -0.4910
vn 0.5947 -0.6189 -0.5131
vn 0.3453 -0.3595 -0.8669
vn 0.6904 -0.5935 -0.4137
vn 0.5032 -0.4183 -0.7562
vn 0.7285 -0.5612 -0.3929
vn 0.5901 -0.4431 -0.6749
vn 0.5438 -0.4043 -0.7354
vn 0.0365 -0.6907 0.7222
vn 0.0300 -0.6694 0.7423
vn 0.0447 -0.8011 0.5969
vn 0.0403 -0.9148 0.4019
vn 0.0562 -0.9494 0.3090
vn 0.0602 -0.9951 0.0779
vn 0.0060 -0.2625 0.9649
vn 0.0163 -0.7124 0.7016
vn 0.0199 -0.8689 0.4946
vn -0.0005 -0.2617 0.9652
vn -0.0014 -0.7112 0.7030
vn -0.0017 -0.8690 0.4948
vn -0.0044 -0.2610 0.9653
vn -0.0121 -0.7103 0.7038
vn -0.0147 -0.8674 0.4974
vn -0.0115 -0.2602 0.9655
vn -0.0313 -0.7088 0.7047
vn -0.0384 -0.8678 0.4955
vn -0.1423 -0.1319 0.9810
vn -0.0545 -0.7073 0.7048
vn -0.0693 -0.9005 0.4293
vn -0.1323 -0.1322 0.9824
vn -0.7090 -0.0000 0.7052
vn -0.8323 -0.0000 0.5544
vn -0.9030 -0.0000 0.4297
vn 0.2454 -0.1132 0.9628
vn -0.0000 -0.7087 0.7055
vn -0.0000 -0.8321 0.5546
vn 0.8287 -0.0005 0.5597
vn -0.1315 -0.1315 0.9825
vn -0.7071 -0.0000 0.7071
vn -0.9660 -0.0000 0.2586
vn -0.0000 -0.7071 0.7071
vn -0.0000 -0.9660 0.2586
vn -0.0115 0.4935 0.8697
vn -0.0165 0.7065 0.7075
vn -0.0226 0.9656 0.2590
vn -0.0180 0.5038 0.8636
vn -0.0252 0.7064 0.7073
vn -0.0344 0.9653 0.2590
vn 0.0206 0.5043 0.8633
vn 0.0288 0.7062 0.7074
vn 0.0394 0.9651 0.2590
vn 0.0228 0.4949 0.8687
vn 0.0399 0.8635 0.5028
vn 0.0041 0.2588 0.9659
vn 0.0111 0.7070 0.7071
vn 0.0136 0.8661 0.4996
vn -0.0006 0.2588 0.9659
vn -0.0015 0.7070 0.7072
vn -0.0019 0.8650 0.5017
vn -0.0220 0.4971 0.8674
vn -0.0382 0.8644 0.5014
vn -0.0316 0.4990 0.8660
vn -0.0547 0.8643 0.5000
vn -0.0289 0.4998 0.8656
vn -0.0500 0.8648 0.4996
vn -0.0014 0.2585 0.9660
vn -0.0038 0.7067 0.7075
vn -0.0046 0.8677 0.4970
vn 0.2970 0.3462 0.8899
vn 0.0294 0.7065 0.7071
vn 0.0368 0.8824 0.4690
vn 0.4928 0.1724 0.8529
vn 0.6502 0.5982 0.4684
vn 0.6500 0.5979 0.4691
vn 0.8694 -0.0550 0.4910
vn 0.3453 -0.3595 0.8669
vn 0.5947 -0.6189 0.5131
vn 0.5032 -0.4183 0.7562
vn 0.6904 -0.5935 0.4136
vn 0.5438 -0.4043 0.7354
vn 0.5901 -0.4431 0.6749
vn 0.7285 -0.5612 0.3928
vn 0.7882 -0.6154 -0.0000
vn 0.7881 -0.6155 -0.0000
vt 0.507079 0.529347
vt 0.536752 0.529399
vt 0.536678 0.572880
vt 0.507006 0.572828
vt 0.302015 0.161632
vt 0.302015 0.275637
vt 0.258535 0.275637
vt 0.258535 0.161632
vt 0.309665 0.917764
vt 0.309665 0.003949
vt 0.353145 0.003950
vt 0.353145 0.917765
vt 0.302015 0.060210
vt 0.258535 0.060210
vt 0.309667 0.949502
vt 0.309665 0.919972
vt 0.353146 0.919972
vt 0.353148 0.949503
vt 0.302015 0.003480
vt 0.258535 0.003480
vt 0.213573 0.783250
vt 0.213573 0.685924
vt 0.210222 0.608044
vt 0.218604 0.488230
vt 0.215250 0.386818
vt 0.216926 0.278751
vt 0.216926 0.164788
vt 0.216088 0.063439
vt 0.219376 0.006739
vt 0.236802 0.006731
vt 0.236802 0.034510
vt 0.247512 0.034504
vt 0.247512 0.003919
vt 0.251119 0.003917
vt 0.251119 0.922396
vt 0.242299 0.954075
vt 0.211847 0.954091
vt 0.199053 0.783255
vt 0.200779 0.954096
vt 0.170327 0.954081
vt 0.161507 0.922402
vt 0.161507 0.003917
vt 0.165114 0.003919
vt 0.165114 0.034505
vt 0.175824 0.034510
vt 0.175824 0.006730
vt 0.193250 0.006739
vt 0.196538 0.063439
vt 0.195700 0.164788
vt 0.195700 0.278752
vt 0.197376 0.386820
vt 0.194022 0.488232
vt 0.202404 0.608047
vt 0.199053 0.685928
vt 0.429596 0.626476
vt 0.412237 0.626473
vt 0.412237 0.582993
vt 0.429596 0.582997
vt 0.302015 0.605140
vt 0.302015 0.683068
vt 0.258535 0.683068
vt 0.258535 0.605140
vt 0.302015 0.780409
vt 0.258535 0.780409
vt 0.412698 0.531867
vt 0.438088 0.531867
vt 0.438087 0.575348
vt 0.412697 0.575348
vt 0.302015 0.485189
vt 0.258535 0.485189
vt 0.620096 0.620234
vt 0.613964 0.620233
vt 0.613964 0.576753
vt 0.620096 0.576755
vt 0.302015 0.383790
vt 0.258535 0.383790
vt 0.463913 0.580564
vt 0.492224 0.580564
vt 0.492224 0.624045
vt 0.463913 0.624045
vt 0.630421 0.446627
vt 0.626815 0.446626
vt 0.626815 0.403147
vt 0.630421 0.403147
vt 0.302015 0.951354
vt 0.302586 0.951353
vt 0.302562 0.951898
vt 0.302015 0.951924
vt 0.210846 0.954073
vt 0.211273 0.954086
vt 0.211289 0.954628
vt 0.210989 0.954619
vt 0.211839 0.954657
vt 0.211828 0.955063
vt 0.211282 0.954914
vt 0.506547 0.529346
vt 0.506601 0.528799
vt 0.507110 0.528776
vt 0.302015 0.952340
vt 0.302562 0.952191
vt 0.302858 0.951896
vt 0.302015 0.002908
vt 0.302562 0.002931
vt 0.302586 0.003480
vt 0.411199 0.626477
vt 0.411653 0.626474
vt 0.411666 0.627022
vt 0.411346 0.627024
vt 0.412225 0.627045
vt 0.219423 0.005730
vt 0.219406 0.006164
vt 0.218855 0.006183
vt 0.218867 0.005878
vt 0.218802 0.006734
vt 0.218375 0.006720
vt 0.218554 0.006173
vt 0.411642 0.627320
vt 0.430163 0.626477
vt 0.430136 0.627025
vt 0.429592 0.627048
vt 0.439130 0.531867
vt 0.438672 0.531867
vt 0.438662 0.531320
vt 0.438984 0.531320
vt 0.438103 0.531296
vt 0.438143 0.530876
vt 0.438690 0.531025
vt 0.236800 0.006155
vt 0.237345 0.006174
vt 0.237371 0.006725
vt 0.236793 0.005721
vt 0.237340 0.005869
vt 0.412123 0.531867
vt 0.411750 0.531325
vt 0.411990 0.531308
vt 0.411673 0.531867
vt 0.411542 0.531325
vt 0.613233 0.620793
vt 0.613011 0.620774
vt 0.613407 0.620231
vt 0.238354 0.033515
vt 0.237527 0.033945
vt 0.237750 0.033548
vt 0.238128 0.033345
vt 0.237359 0.033777
vt 0.237769 0.032930
vt 0.237938 0.033155
vt 0.620662 0.620233
vt 0.621049 0.620776
vt 0.620819 0.620794
vt 0.245767 0.033155
vt 0.246180 0.032742
vt 0.246357 0.033151
vt 0.246167 0.033341
vt 0.492950 0.580005
vt 0.493177 0.580022
vt 0.492787 0.580564
vt 0.246527 0.032926
vt 0.246950 0.033772
vt 0.246555 0.033544
vt 0.246782 0.033941
vt 0.245942 0.033511
vt 0.463340 0.580564
vt 0.463363 0.580017
vt 0.463911 0.579993
vt 0.625809 0.446630
vt 0.626240 0.446627
vt 0.626260 0.447175
vt 0.625957 0.447178
vt 0.626811 0.447199
vt 0.247503 0.002910
vt 0.247509 0.003343
vt 0.246960 0.003363
vt 0.246955 0.003058
vt 0.246938 0.003914
vt 0.246512 0.003901
vt 0.246660 0.003353
vt 0.630988 0.446628
vt 0.630960 0.447176
vt 0.630417 0.447199
vt 0.309665 0.002908
vt 0.309665 0.003366
vt 0.309118 0.003376
vt 0.309118 0.003053
vt 0.309094 0.003935
vt 0.308674 0.003895
vt 0.308822 0.003348
vt 0.251116 0.003341
vt 0.251661 0.003360
vt 0.251688 0.003912
vt 0.251110 0.002908
vt 0.251656 0.003055
vt 0.309665 0.918476
vt 0.309122 0.918606
vt 0.309104 0.918062
vt 0.309665 0.919284
vt 0.309122 0.919104
vt 0.309105 0.919617
vt 0.308690 0.919134
vt 0.308817 0.918815
vt 0.251676 0.922076
vt 0.251876 0.922491
vt 0.251572 0.922844
vt 0.308690 0.918379
vt 0.309667 0.950029
vt 0.309120 0.949978
vt 0.309096 0.949473
vt 0.537984 0.529401
vt 0.537385 0.529400
vt 0.537421 0.528853
vt 0.537842 0.528854
vt 0.536813 0.528828
vt 0.536991 0.528408
vt 0.537546 0.528558
vt 0.242877 0.954083
vt 0.242714 0.954618
vt 0.242153 0.954634
vt 0.243302 0.954085
vt 0.243013 0.954619
vt 0.258535 0.951354
vt 0.258535 0.951924
vt 0.257987 0.951898
vt 0.257963 0.951353
vt 0.258535 0.952340
vt 0.257987 0.952191
vt 0.507034 0.573399
vt 0.506526 0.573374
vt 0.506474 0.572827
vt 0.200798 0.955069
vt 0.200787 0.954663
vt 0.201337 0.954634
vt 0.201344 0.954920
vt 0.201353 0.954092
vt 0.201779 0.954079
vt 0.201637 0.954625
vt 0.257692 0.951896
vt 0.257963 0.003480
vt 0.257987 0.002931
vt 0.258535 0.002908
vt 0.194251 0.006720
vt 0.193824 0.006734
vt 0.193771 0.006183
vt 0.194072 0.006173
vt 0.193220 0.006164
vt 0.193203 0.005730
vt 0.193759 0.005878
vt 0.411653 0.582994
vt 0.411666 0.582448
vt 0.412225 0.582423
vt 0.411199 0.582998
vt 0.411346 0.582451
vt 0.411642 0.582155
vt 0.429592 0.582426
vt 0.430136 0.582452
vt 0.430163 0.582998
vt 0.175832 0.005721
vt 0.175826 0.006154
vt 0.175281 0.006173
vt 0.175286 0.005868
vt 0.175255 0.006725
vt 0.438142 0.576339
vt 0.438102 0.575919
vt 0.438661 0.575895
vt 0.438689 0.576191
vt 0.438671 0.575348
vt 0.439129 0.575348
vt 0.438983 0.575895
vt 0.411989 0.575907
vt 0.411748 0.575890
vt 0.412122 0.575348
vt 0.174857 0.032930
vt 0.175267 0.033777
vt 0.174876 0.033548
vt 0.174688 0.033155
vt 0.175099 0.033945
vt 0.174272 0.033515
vt 0.174498 0.033345
vt 0.613407 0.576752
vt 0.613011 0.576211
vt 0.613233 0.576195
vt 0.411672 0.575348
vt 0.411541 0.575890
vt 0.620819 0.576197
vt 0.621049 0.576213
vt 0.620662 0.576753
vt 0.166684 0.033511
vt 0.165844 0.033941
vt 0.166071 0.033544
vt 0.166459 0.033341
vt 0.165676 0.033773
vt 0.166099 0.032926
vt 0.166269 0.033151
vt 0.492788 0.624045
vt 0.493177 0.624587
vt 0.492950 0.624604
vt 0.166446 0.032743
vt 0.166859 0.033155
vt 0.463911 0.624616
vt 0.463363 0.624592
vt 0.463340 0.624045
vt 0.166114 0.003901
vt 0.165688 0.003914
vt 0.165666 0.003363
vt 0.165966 0.003353
vt 0.165116 0.003343
vt 0.165123 0.002910
vt 0.165670 0.003058
vt 0.626240 0.403148
vt 0.626260 0.402602
vt 0.626811 0.402577
vt 0.625809 0.403151
vt 0.625957 0.402604
vt 0.630417 0.402577
vt 0.630960 0.402603
vt 0.630988 0.403149
vt 0.161516 0.002908
vt 0.161510 0.003341
vt 0.160965 0.003360
vt 0.160969 0.003055
vt 0.160938 0.003912
vt 0.354137 0.003896
vt 0.353717 0.003936
vt 0.353693 0.003377
vt 0.353988 0.003349
vt 0.353145 0.003367
vt 0.353146 0.002909
vt 0.353693 0.003054
vt 0.353706 0.918063
vt 0.353689 0.918607
vt 0.353145 0.918477
vt 0.354121 0.918380
vt 0.353994 0.918816
vt 0.161054 0.922850
vt 0.160750 0.922496
vt 0.160949 0.922081
vt 0.354121 0.919135
vt 0.353706 0.919618
vt 0.353689 0.919105
vt 0.353145 0.919285
vt 0.353719 0.949474
vt 0.353695 0.949979
vt 0.353148 0.950030
vt 0.169323 0.954091
vt 0.169748 0.954089
vt 0.169912 0.954624
vt 0.169613 0.954625
vt 0.170473 0.954640
vt 0.536914 0.573871
vt 0.536738 0.573451
vt 0.537345 0.573428
vt 0.537469 0.573724
vt 0.537312 0.572881
vt 0.537910 0.572882
vt 0.537766 0.573429
vt 0.302587 0.780409
vt 0.212573 0.783226
vt 0.212999 0.783242
vt 0.302587 0.683063
vt 0.212573 0.685927
vt 0.212999 0.685931
vt 0.302587 0.605141
vt 0.209221 0.608012
vt 0.209647 0.608031
vt 0.302587 0.485190
vt 0.217603 0.488194
vt 0.218029 0.488215
vt 0.302587 0.383787
vt 0.214250 0.386809
vt 0.214675 0.386819
vt 0.302587 0.275637
vt 0.215926 0.278726
vt 0.216352 0.278742
vt 0.302587 0.161630
vt 0.215926 0.164774
vt 0.216352 0.164785
vt 0.302587 0.060212
vt 0.215088 0.063396
vt 0.215513 0.063420
vt 0.411200 0.530891
vt 0.251868 0.923286
vt 0.507192 0.528356
vt 0.199627 0.783247
vt 0.200052 0.783231
vt 0.257963 0.780409
vt 0.199627 0.685935
vt 0.200052 0.685931
vt 0.257963 0.683063
vt 0.202979 0.608035
vt 0.203405 0.608016
vt 0.257963 0.605141
vt 0.194597 0.488217
vt 0.195023 0.488196
vt 0.257962 0.485190
vt 0.197951 0.386821
vt 0.198376 0.386811
vt 0.257962 0.383787
vt 0.196274 0.278743
vt 0.196700 0.278727
vt 0.257962 0.275637
vt 0.196274 0.164786
vt 0.196700 0.164774
vt 0.257962 0.161630
vt 0.197112 0.063420
vt 0.197538 0.063396
vt 0.257962 0.060212
vt 0.411199 0.576324
vt 0.160757 0.923292
vt 0.507115 0.573819
vt 0.621085 0.576750
vt 0.621085 0.620230
vt 0.606353 0.475292
vt 0.606353 0.626468
vt 0.562872 0.626468
vt 0.562872 0.475292
vt 0.404408 0.013106
vt 0.404408 0.036970
vt 0.360928 0.036970
vt 0.360928 0.013106
vt 0.110462 0.893447
vt 0.110462 0.771118
vt 0.153943 0.771119
vt 0.153943 0.893448
vt 0.404408 0.039023
vt 0.404408 0.820241
vt 0.360928 0.820241
vt 0.360928 0.039023
vt 0.110462 0.594202
vt 0.153943 0.594203
vt 0.404408 0.825273
vt 0.360928 0.825273
vt 0.110462 0.321556
vt 0.153942 0.321557
vt 0.445019 0.582737
vt 0.451139 0.582749
vt 0.451066 0.626230
vt 0.444945 0.626217
vt 0.110462 0.109590
vt 0.153942 0.109591
vt 0.003890 0.995996
vt 0.005603 0.897248
vt 0.005255 0.774351
vt 0.005761 0.596719
vt 0.004027 0.322727
vt 0.004633 0.109910
vt 0.003845 0.004708
vt 0.020871 0.019866
vt 0.030539 0.029924
vt 0.049391 0.054211
vt 0.047165 0.835564
vt 0.045152 0.840056
vt 0.037862 0.844396
vt 0.040677 0.996120
vt 0.110461 0.003501
vt 0.153942 0.003502
vt 0.110462 0.991945
vt 0.153942 0.991946
vt 0.631580 0.519253
vt 0.613011 0.519372
vt 0.613011 0.475893
vt 0.631580 0.475774
vt 0.404408 0.002908
vt 0.360928 0.002908
vt 0.102672 0.995990
vt 0.065886 0.996114
vt 0.068700 0.844392
vt 0.061411 0.840051
vt 0.059398 0.835559
vt 0.057172 0.054211
vt 0.076024 0.029925
vt 0.085691 0.019866
vt 0.102718 0.004708
vt 0.101929 0.109909
vt 0.102535 0.322725
vt 0.100801 0.596715
vt 0.101307 0.774346
vt 0.100959 0.897242
vt 0.463387 0.478365
vt 0.462857 0.478364
vt 0.462912 0.477817
vt 0.463419 0.477794
vt 0.606353 0.627454
vt 0.606353 0.627038
vt 0.606900 0.627013
vt 0.606900 0.627306
vt 0.606924 0.626467
vt 0.064885 0.996099
vt 0.065312 0.996111
vt 0.065324 0.996653
vt 0.065023 0.996645
vt 0.065873 0.996680
vt 0.065858 0.997086
vt 0.065313 0.996939
vt 0.607196 0.627010
vt 0.499586 0.478429
vt 0.499613 0.477857
vt 0.500176 0.477882
vt 0.500174 0.478430
vt 0.499685 0.477437
vt 0.500227 0.477587
vt 0.103241 0.995984
vt 0.103224 0.996526
vt 0.102680 0.996557
vt 0.103654 0.995969
vt 0.103515 0.996515
vt 0.110462 0.992500
vt 0.109915 0.992461
vt 0.109891 0.991930
vt 0.500658 0.478430
vt 0.500517 0.477883
vt 0.109890 0.003791
vt 0.109914 0.003217
vt 0.110461 0.002908
vt 0.103654 0.003578
vt 0.103237 0.004114
vt 0.103309 0.003384
vt 0.103603 0.003007
vt 0.102815 0.003923
vt 0.102921 0.003246
vt 0.103384 0.002908
vt 0.632070 0.519251
vt 0.631946 0.519801
vt 0.631474 0.519827
vt 0.632376 0.519252
vt 0.632162 0.519801
vt 0.404969 0.037263
vt 0.404952 0.037741
vt 0.404408 0.037581
vt 0.056706 0.053191
vt 0.056873 0.053673
vt 0.056488 0.053970
vt 0.056410 0.053667
vt 0.056609 0.054447
vt 0.405383 0.038506
vt 0.404969 0.038782
vt 0.404952 0.038224
vt 0.405256 0.038034
vt 0.404408 0.038331
vt 0.463313 0.521846
vt 0.463344 0.522417
vt 0.462837 0.522392
vt 0.462783 0.521845
vt 0.040704 0.997092
vt 0.040690 0.996686
vt 0.041239 0.996659
vt 0.041249 0.996945
vt 0.041250 0.996117
vt 0.041677 0.996105
vt 0.041539 0.996650
vt 0.562872 0.627038
vt 0.562325 0.627013
vt 0.562301 0.626467
vt 0.562872 0.627454
vt 0.562325 0.627306
vt 0.562029 0.627010
vt 0.499513 0.521909
vt 0.500100 0.521910
vt 0.500101 0.522457
vt 0.499538 0.522480
vt 0.500585 0.521911
vt 0.500442 0.522458
vt 0.154514 0.991931
vt 0.154490 0.992462
vt 0.153942 0.992501
vt 0.002908 0.995975
vt 0.003321 0.995990
vt 0.003338 0.996532
vt 0.003047 0.996521
vt 0.003883 0.996562
vt 0.499608 0.522900
vt 0.500151 0.522753
vt 0.153942 0.002909
vt 0.154489 0.003218
vt 0.154513 0.003792
vt 0.632376 0.475773
vt 0.632070 0.475771
vt 0.631946 0.475227
vt 0.632162 0.475228
vt 0.631474 0.475205
vt 0.003641 0.003246
vt 0.003748 0.003923
vt 0.003254 0.003384
vt 0.003178 0.002908
vt 0.003325 0.004114
vt 0.002908 0.003578
vt 0.002960 0.003007
vt 0.360928 0.037581
vt 0.360384 0.037741
vt 0.360367 0.037263
vt 0.360928 0.038331
vt 0.360384 0.038224
vt 0.360367 0.038782
vt 0.359953 0.038506
vt 0.360080 0.038034
vt 0.049690 0.053673
vt 0.050075 0.053970
vt 0.049954 0.054447
vt 0.049857 0.053191
vt 0.050152 0.053666
vt 0.463507 0.477374
vt 0.101529 0.897233
vt 0.109471 0.991890
vt 0.109472 0.893394
vt 0.109890 0.893433
vt 0.101877 0.774341
vt 0.109471 0.771063
vt 0.109890 0.771103
vt 0.101371 0.596711
vt 0.109471 0.594144
vt 0.109890 0.594186
vt 0.103105 0.322721
vt 0.109471 0.321498
vt 0.109890 0.321540
vt 0.102499 0.109904
vt 0.109471 0.109533
vt 0.109890 0.109575
vt 0.109470 0.004269
vt 0.085292 0.019449
vt 0.084994 0.019134
vt 0.613115 0.519945
vt 0.075588 0.029545
vt 0.075264 0.029258
vt 0.404980 0.003018
vt 0.404980 0.013206
vt 0.058824 0.835678
vt 0.058398 0.835755
vt 0.056189 0.054706
vt 0.404980 0.820207
vt 0.060960 0.840445
vt 0.060625 0.840724
vt 0.404980 0.825165
vt 0.068120 0.844708
vt 0.067690 0.844930
vt 0.445158 0.582165
vt 0.451308 0.582177
vt 0.606925 0.475205
vt 0.463430 0.522837
vt 0.154515 0.893434
vt 0.154934 0.893396
vt 0.154934 0.991891
vt 0.005034 0.897239
vt 0.154515 0.771104
vt 0.154934 0.771064
vt 0.004685 0.774346
vt 0.154515 0.594187
vt 0.154934 0.594145
vt 0.005191 0.596715
vt 0.154514 0.321541
vt 0.154933 0.321499
vt 0.003457 0.322723
vt 0.154514 0.109576
vt 0.154933 0.109534
vt 0.004064 0.109905
vt 0.154933 0.004270
vt 0.613115 0.475321
vt 0.021568 0.019134
vt 0.021271 0.019449
vt 0.360356 0.013206
vt 0.360356 0.003018
vt 0.031298 0.029258
vt 0.030975 0.029545
vt 0.360355 0.820207
vt 0.050373 0.054706
vt 0.048164 0.835759
vt 0.047739 0.835682
vt 0.360355 0.825165
vt 0.045937 0.840729
vt 0.045602 0.840450
vt 0.451233 0.626802
vt 0.445082 0.626790
vt 0.038872 0.844935
vt 0.038443 0.844713
vt 0.562300 0.475205
vt 0.553666 0.496136
vt 0.606128 0.268790
vt 0.606110 0.363404
vt 0.562630 0.363408
vt 0.562648 0.268793
vt 0.613529 0.350999
vt 0.613530 0.289151
vt 0.656990 0.289147
vt 0.656993 0.350996
vt 0.606140 0.220316
vt 0.562661 0.220319
vt 0.613526 0.396761
vt 0.656994 0.396758
vt 0.606136 0.166733
vt 0.562657 0.166736
vt 0.613166 0.526335
vt 0.623845 0.526336
vt 0.623845 0.569804
vt 0.613166 0.569805
vt 0.606114 0.108039
vt 0.562635 0.108042
vt 0.445477 0.531872
vt 0.451549 0.531884
vt 0.451475 0.575353
vt 0.445404 0.575343
vt 0.606093 0.049477
vt 0.562613 0.049480
vt 0.463338 0.529711
vt 0.492553 0.529711
vt 0.492552 0.573182
vt 0.463337 0.573182
vt 0.606080 0.004786
vt 0.562600 0.004789
vt 0.613136 0.403568
vt 0.618914 0.403578
vt 0.618840 0.447058
vt 0.613063 0.447048
vt 0.606080 0.002908
vt 0.562601 0.002911
vt 0.506629 0.580530
vt 0.533168 0.580530
vt 0.533168 0.624010
vt 0.506629 0.624010
vt 0.551841 0.529347
vt 0.553963 0.529348
vt 0.553961 0.572828
vt 0.551840 0.572828
vt 0.540577 0.580678
vt 0.551991 0.580698
vt 0.551918 0.624179
vt 0.540504 0.624159
vt 0.545152 0.529347
vt 0.545151 0.572828
vt 0.507043 0.478217
vt 0.546865 0.478217
vt 0.546865 0.521697
vt 0.507043 0.521697
vt 0.412393 0.490102
vt 0.412411 0.477954
vt 0.455891 0.478027
vt 0.455873 0.490176
vt 0.606087 0.441008
vt 0.606079 0.468382
vt 0.562600 0.468385
vt 0.562608 0.441011
vt 0.412376 0.501571
vt 0.455856 0.501644
vt 0.606080 0.424607
vt 0.562601 0.424611
vt 0.543851 0.136165
vt 0.544826 0.210379
vt 0.544961 0.240913
vt 0.541543 0.334473
vt 0.539929 0.397486
vt 0.535727 0.443577
vt 0.524970 0.443420
vt 0.524851 0.451884
vt 0.555324 0.452329
vt 0.555242 0.458206
vt 0.527574 0.457802
vt 0.527394 0.470558
vt 0.487624 0.469977
vt 0.488684 0.442568
vt 0.487745 0.426164
vt 0.488083 0.402159
vt 0.491645 0.365019
vt 0.493989 0.270350
vt 0.495683 0.221844
vt 0.495089 0.168221
vt 0.492210 0.109539
vt 0.489332 0.051014
vt 0.487624 0.006404
vt 0.487700 0.005052
vt 0.488969 0.003917
vt 0.495899 0.004415
vt 0.505602 0.015686
vt 0.515639 0.025675
vt 0.540710 0.044379
vt 0.412344 0.524126
vt 0.455825 0.524200
vt 0.606082 0.400517
vt 0.562603 0.400520
vt 0.613533 0.197518
vt 0.613537 0.167376
vt 0.656982 0.167373
vt 0.656987 0.197515
vt 0.423561 0.136165
vt 0.426703 0.044378
vt 0.451774 0.025675
vt 0.461811 0.015686
vt 0.471514 0.004415
vt 0.478444 0.003917
vt 0.479713 0.005052
vt 0.479789 0.006404
vt 0.478081 0.051014
vt 0.475203 0.109539
vt 0.472324 0.168222
vt 0.471730 0.221844
vt 0.473424 0.270351
vt 0.475768 0.365020
vt 0.479330 0.402160
vt 0.479668 0.426165
vt 0.478729 0.442569
vt 0.479789 0.469978
vt 0.440019 0.470558
vt 0.439839 0.457803
vt 0.412171 0.458206
vt 0.412088 0.452329
vt 0.442562 0.451885
vt 0.442443 0.443421
vt 0.431686 0.443577
vt 0.427484 0.397487
vt 0.425870 0.334474
vt 0.422451 0.240913
vt 0.422586 0.210379
vt 0.613541 0.094054
vt 0.656975 0.094051
vt 0.462783 0.529710
vt 0.462822 0.529161
vt 0.463352 0.529138
vt 0.619994 0.403583
vt 0.619503 0.403581
vt 0.619508 0.403033
vt 0.619853 0.403034
vt 0.618943 0.403006
vt 0.619021 0.402586
vt 0.619563 0.402737
vt 0.555327 0.451760
vt 0.555869 0.451794
vt 0.555890 0.452339
vt 0.555320 0.451346
vt 0.555864 0.451503
vt 0.612603 0.403567
vt 0.612655 0.403020
vt 0.613165 0.402997
vt 0.534154 0.580530
vt 0.533738 0.580530
vt 0.533713 0.579983
vt 0.534006 0.579983
vt 0.533167 0.579959
vt 0.555209 0.459206
vt 0.555229 0.458779
vt 0.555771 0.458765
vt 0.555757 0.459066
vt 0.555808 0.458216
vt 0.556214 0.458229
vt 0.556057 0.458774
vt 0.533710 0.579687
vt 0.540044 0.580677
vt 0.540096 0.580130
vt 0.540606 0.580107
vt 0.547851 0.478217
vt 0.547435 0.478217
vt 0.547409 0.477670
vt 0.547702 0.477670
vt 0.546863 0.477645
vt 0.527361 0.471557
vt 0.527381 0.471131
vt 0.527923 0.471117
vt 0.527910 0.471417
vt 0.527960 0.470568
vt 0.528366 0.470581
vt 0.528209 0.471126
vt 0.547406 0.477374
vt 0.506474 0.478217
vt 0.506500 0.477670
vt 0.507045 0.477645
vt 0.606083 0.469386
vt 0.606080 0.468956
vt 0.606628 0.468936
vt 0.606630 0.469238
vt 0.606651 0.468386
vt 0.486614 0.469972
vt 0.487048 0.469971
vt 0.487046 0.470521
vt 0.486741 0.470521
vt 0.487597 0.470551
vt 0.487567 0.470977
vt 0.487025 0.470821
vt 0.544463 0.529347
vt 0.544458 0.528800
vt 0.545121 0.528776
vt 0.543800 0.529347
vt 0.543992 0.528800
vt 0.411839 0.478008
vt 0.411864 0.477449
vt 0.412412 0.477374
vt 0.496979 0.004275
vt 0.496515 0.004356
vt 0.496176 0.003848
vt 0.496503 0.003790
vt 0.495572 0.003883
vt 0.544942 0.528356
vt 0.544332 0.528504
vt 0.498993 0.535475
vt 0.498993 0.535962
vt 0.498993 0.536341
vt 0.498993 0.542156
vt 0.498993 0.542610
vt 0.498993 0.542693
vt 0.498993 0.542509
vt 0.498993 0.548995
vt 0.498993 0.548597
vt 0.498993 0.548508
vt 0.553691 0.477848
vt 0.553691 0.477460
vt 0.553691 0.477531
vt 0.553666 0.501952
vt 0.553666 0.484117
vt 0.553666 0.483663
vt 0.553666 0.484016
vt 0.553691 0.477374
vt 0.463353 0.573746
vt 0.462823 0.573729
vt 0.462794 0.573183
vt 0.412093 0.451364
vt 0.412086 0.451771
vt 0.411547 0.451798
vt 0.411552 0.451499
vt 0.411532 0.452340
vt 0.618946 0.448033
vt 0.618870 0.447620
vt 0.619429 0.447603
vt 0.619484 0.447906
vt 0.619423 0.447058
vt 0.619905 0.447057
vt 0.619783 0.447602
vt 0.613090 0.447620
vt 0.612580 0.447595
vt 0.612529 0.447047
vt 0.411199 0.458230
vt 0.411605 0.458217
vt 0.411642 0.458766
vt 0.411356 0.458775
vt 0.412184 0.458780
vt 0.412203 0.459206
vt 0.411655 0.459066
vt 0.533738 0.624010
vt 0.533713 0.624558
vt 0.533167 0.624582
vt 0.534154 0.624010
vt 0.534006 0.624558
vt 0.533710 0.624853
vt 0.540531 0.624730
vt 0.540020 0.624705
vt 0.539970 0.624158
vt 0.439047 0.470582
vt 0.439453 0.470569
vt 0.439489 0.471118
vt 0.439203 0.471127
vt 0.440032 0.471132
vt 0.440051 0.471558
vt 0.439503 0.471418
vt 0.547435 0.521697
vt 0.547409 0.522245
vt 0.546863 0.522269
vt 0.547851 0.521697
vt 0.547702 0.522245
vt 0.547406 0.522540
vt 0.507045 0.522269
vt 0.506500 0.522245
vt 0.506474 0.521697
vt 0.479846 0.470978
vt 0.479816 0.470552
vt 0.480367 0.470522
vt 0.480388 0.470822
vt 0.480365 0.469973
vt 0.480799 0.469973
vt 0.480672 0.470522
vt 0.562601 0.468960
vt 0.562055 0.468939
vt 0.562029 0.468389
vt 0.562604 0.469390
vt 0.562057 0.469242
vt 0.545120 0.573399
vt 0.544457 0.573375
vt 0.544462 0.572828
vt 0.544941 0.573819
vt 0.544331 0.573671
vt 0.470898 0.004356
vt 0.471237 0.003848
vt 0.471841 0.003883
vt 0.470434 0.004275
vt 0.470910 0.003790
vt 0.455892 0.477447
vt 0.456439 0.477525
vt 0.456463 0.478083
vt 0.543799 0.572828
vt 0.543991 0.573375
vt 0.456206 0.524486
vt 0.456502 0.524710
vt 0.498993 0.528716
vt 0.498993 0.529188
vt 0.498993 0.529273
vt 0.498993 0.529083
vt 0.498993 0.529659
vt 0.553666 0.490308
vt 0.553691 0.489933
vt 0.553687 0.490001
vt 0.456587 0.524773
vt 0.456656 0.524826
vt 0.613545 0.002911
vt 0.612957 0.094033
vt 0.613154 0.002911
vt 0.612530 0.093975
vt 0.612762 0.002911
vt 0.540697 0.044385
vt 0.544418 0.136150
vt 0.612956 0.167352
vt 0.612530 0.167285
vt 0.545393 0.210375
vt 0.612954 0.197490
vt 0.612530 0.197412
vt 0.545528 0.240925
vt 0.612953 0.289120
vt 0.612530 0.289035
vt 0.542110 0.334495
vt 0.612952 0.350964
vt 0.612530 0.350868
vt 0.540495 0.397522
vt 0.612951 0.396584
vt 0.612530 0.396101
vt 0.536243 0.444159
vt 0.613011 0.525761
vt 0.623702 0.525761
vt 0.536611 0.444590
vt 0.525928 0.444434
vt 0.525529 0.444002
vt 0.445356 0.531297
vt 0.451729 0.531309
vt 0.445022 0.530876
vt 0.452218 0.530889
vt 0.525425 0.451323
vt 0.492720 0.529137
vt 0.463392 0.528717
vt 0.493177 0.528716
vt 0.613244 0.402577
vt 0.506474 0.579958
vt 0.528531 0.458816
vt 0.528132 0.458385
vt 0.552171 0.580127
vt 0.540684 0.579687
vt 0.552661 0.579708
vt 0.606660 0.441008
vt 0.487674 0.442585
vt 0.488107 0.442575
vt 0.606653 0.424606
vt 0.486735 0.426193
vt 0.487168 0.426178
vt 0.606656 0.400527
vt 0.487074 0.402113
vt 0.487506 0.402130
vt 0.606683 0.363415
vt 0.490637 0.364967
vt 0.491069 0.364986
vt 0.606701 0.268796
vt 0.492980 0.270330
vt 0.493412 0.270336
vt 0.606714 0.220319
vt 0.494673 0.221840
vt 0.495106 0.221839
vt 0.606709 0.166729
vt 0.494081 0.168260
vt 0.494513 0.168241
vt 0.606688 0.108033
vt 0.491202 0.109596
vt 0.491634 0.109569
vt 0.606666 0.049471
vt 0.488324 0.051066
vt 0.488755 0.051042
vt 0.606653 0.004789
vt 0.486614 0.006404
vt 0.487047 0.006401
vt 0.606654 0.002981
vt 0.486715 0.004595
vt 0.487137 0.004786
vt 0.551800 0.528775
vt 0.553819 0.528775
vt 0.488602 0.002908
vt 0.488763 0.003332
vt 0.551689 0.528356
vt 0.411821 0.490185
vt 0.506308 0.015019
vt 0.506015 0.015298
vt 0.411804 0.501665
vt 0.516281 0.024944
vt 0.516015 0.025250
vt 0.411962 0.524412
vt 0.411581 0.524697
vt 0.411384 0.501924
vt 0.540400 0.044145
vt 0.553679 0.477841
vt 0.553666 0.477835
vt 0.422995 0.136149
vt 0.426716 0.044384
vt 0.657748 0.002908
vt 0.657986 0.093971
vt 0.657558 0.094030
vt 0.657356 0.002908
vt 0.656965 0.002908
vt 0.422020 0.210376
vt 0.657988 0.167281
vt 0.657563 0.167349
vt 0.421884 0.240925
vt 0.657989 0.197408
vt 0.657565 0.197487
vt 0.425303 0.334495
vt 0.657990 0.289032
vt 0.657567 0.289116
vt 0.426918 0.397523
vt 0.657990 0.350865
vt 0.657569 0.350961
vt 0.431169 0.444160
vt 0.657990 0.396098
vt 0.657569 0.396581
vt 0.441884 0.444003
vt 0.441485 0.444434
vt 0.430801 0.444590
vt 0.623702 0.570379
vt 0.613011 0.570380
vt 0.441987 0.451324
vt 0.452141 0.576349
vt 0.444945 0.576337
vt 0.445280 0.575917
vt 0.451653 0.575928
vt 0.493176 0.574177
vt 0.463392 0.574161
vt 0.492719 0.573756
vt 0.613167 0.448040
vt 0.439280 0.458386
vt 0.438881 0.458817
vt 0.506474 0.624583
vt 0.552584 0.625171
vt 0.540608 0.625150
vt 0.552096 0.624751
vt 0.479306 0.442576
vt 0.479739 0.442587
vt 0.562037 0.441012
vt 0.480245 0.426179
vt 0.480678 0.426194
vt 0.562030 0.424609
vt 0.479907 0.402131
vt 0.480339 0.402114
vt 0.562032 0.400531
vt 0.476344 0.364987
vt 0.476775 0.364968
vt 0.562059 0.363418
vt 0.474001 0.270337
vt 0.474433 0.270331
vt 0.562077 0.268799
vt 0.472307 0.221840
vt 0.472740 0.221841
vt 0.562090 0.220323
vt 0.472900 0.168241
vt 0.473332 0.168260
vt 0.562086 0.166733
vt 0.475779 0.109569
vt 0.476211 0.109596
vt 0.562064 0.108037
vt 0.478658 0.051042
vt 0.479089 0.051066
vt 0.562042 0.049475
vt 0.480366 0.006401
vt 0.480799 0.006404
vt 0.562029 0.004792
vt 0.480276 0.004786
vt 0.480698 0.004596
vt 0.562030 0.002985
vt 0.478650 0.003332
vt 0.478810 0.002908
vt 0.553818 0.573400
vt 0.551799 0.573400
vt 0.551688 0.573819
vt 0.461398 0.015298
vt 0.461105 0.015019
vt 0.456445 0.490261
vt 0.451397 0.025250
vt 0.451131 0.024944
vt 0.456428 0.501740
vt 0.427012 0.044145
vt 0.456847 0.502001
vt 0.553691 0.490321
vt 0.553679 0.490314
vt 0.553666 0.507768
vt 0.456968 0.525060
vt 0.411199 0.524983
vt 0.411581 0.524697
s 1
usemtl Marco
f 3/1/1 130/2/2 271/3/3 142/4/4
f 37/5/5 33/6/6 174/7/7 178/8/8
f 117/9/9 106/10/10 247/11/11 257/12/12
f 41/13/13 37/5/5 178/8/8 182/14/14
f 129/15/15 118/16/16 259/17/17 269/18/18
f 45/19/19 41/13/13 182/14/14 185/20/20
f 14/21/21 18/22/22 22/23/23 26/24/24 30/25/25 34/26/26 38/27/27 42/28/28 47/29/29 59/30/30 71/31/31 83/32/32 95/33/33 107/34/34 119/35/35 131/36/36 2/37/37
f 153/38/38 143/39/39 270/40/40 258/41/41 246/42/42 234/43/43 222/44/44 210/45/45 198/46/46 186/47/47 181/48/48 177/49/49 173/50/50 169/51/51 165/52/52 161/53/53 157/54/54
f 57/55/55 46/56/56 187/57/57 197/58/58
f 21/59/59 17/60/60 158/61/61 162/62/62
f 17/60/60 13/63/63 154/64/64 158/61/61
f 69/65/65 58/66/66 199/67/67 209/68/68
f 25/69/69 21/59/59 162/62/62 166/70/70
f 81/71/71 70/72/72 211/73/73 221/74/74
f 29/75/75 25/69/69 166/70/70 170/76/76
f 93/77/77 82/78/78 223/79/79 233/80/80
f 33/6/6 29/75/75 170/76/76 174/7/7
f 105/81/81 94/82/82 235/83/83 245/84/84
f 1/85/85 4/86/86 6/87/87 5/88/88
f 4/89/86 8/90/89 9/91/90 6/92/87
f 2/37/37 7/93/91 9/91/90 8/90/89
f 7/93/91 11/94/92 12/95/93 9/91/90
f 3/1/1 10/96/94 12/97/93 11/98/92
f 10/99/94 5/88/88 6/87/87 12/100/93
f 6/87/87 9/101/90 12/100/93
f 45/19/19 48/102/95 50/103/96 49/104/97
f 48/105/95 52/106/98 53/107/99 50/108/96
f 46/56/56 51/109/100 53/107/99 52/106/98
f 51/110/100 55/111/101 56/112/102 53/113/99
f 47/29/29 54/114/103 56/112/102 55/111/101
f 54/114/103 49/115/97 50/116/96 56/112/102
f 50/108/96 53/107/99 56/117/102
f 57/55/55 60/118/104 62/119/105 61/120/106
f 60/121/104 64/122/107 65/123/108 62/124/105
f 58/66/66 63/125/109 65/123/108 64/122/107
f 63/125/109 67/126/110 68/127/111 65/123/108
f 59/30/30 66/128/112 68/129/111 67/130/110
f 66/128/112 61/131/106 62/132/105 68/129/111
f 62/124/105 65/123/108 68/127/111
f 69/65/65 72/133/113 74/134/114 73/135/115
f 72/133/113 76/136/116 77/137/117 74/134/114
f 70/72/72 75/138/118 77/139/117 76/140/116
f 75/141/119 79/142/120 80/143/121 77/144/117
f 71/31/31 78/145/122 80/143/121 79/142/120
f 78/145/122 73/146/123 74/147/114 80/143/121
f 74/147/114 77/144/117 80/143/121
f 81/71/71 84/148/124 86/149/125 85/150/126
f 84/151/124 88/152/127 89/153/128 86/154/125
f 82/78/78 87/155/129 89/156/128 88/157/127
f 87/158/130 91/159/131 92/160/132 89/153/128
f 83/32/32 90/161/133 92/160/132 91/159/131
f 90/161/133 85/162/134 86/154/125 92/160/132
f 86/154/125 89/153/128 92/160/132
f 93/77/77 96/163/135 98/164/136 97/165/137
f 96/166/135 100/167/138 101/168/139 98/169/136
f 94/82/82 99/170/140 101/168/139 100/167/138
f 99/171/140 103/172/141 104/173/142 101/174/139
f 95/33/33 102/175/143 104/173/142 103/172/141
f 102/175/143 97/176/137 98/177/136 104/173/142
f 98/177/136 101/174/139 104/173/142
f 105/81/81 108/178/104 110/179/105 109/180/144
f 108/181/104 112/182/107 113/183/145 110/184/105
f 106/10/10 111/185/146 113/183/145 112/182/107
f 111/185/146 115/186/147 116/187/148 113/183/145
f 107/34/34 114/188/149 116/189/148 115/190/147
f 114/188/149 109/191/144 110/192/105 116/189/148
f 110/184/105 113/183/145 116/187/148
f 117/9/9 120/193/150 122/194/151 121/195/152
f 120/193/150 124/196/153 125/197/154 122/194/151
f 118/16/16 123/198/155 125/197/154 124/196/153
f 123/198/155 127/199/156 128/200/157 125/197/154
f 119/35/35 126/201/158 128/202/157 127/203/156
f 126/204/158 121/195/152 122/194/151 128/200/157
f 122/194/151 125/197/154 128/200/157
f 129/15/15 132/205/159 134/206/160 133/207/161
f 132/208/159 136/209/162 137/210/163 134/211/160
f 130/2/2 135/212/164 137/210/163 136/209/162
f 135/212/164 139/213/165 140/214/166 137/210/163
f 131/36/36 138/215/167 140/216/166 139/217/165
f 138/215/167 133/218/161 134/219/160 140/216/166
f 134/211/160 137/210/163 140/214/166
f 141/220/168 144/221/169 146/222/170 145/223/171
f 144/221/169 148/224/172 149/225/173 146/222/170
f 142/4/4 147/226/174 149/227/173 148/228/172
f 147/229/174 151/230/175 152/231/176 149/232/173
f 143/39/39 150/233/177 152/231/176 151/230/175
f 150/233/177 145/234/171 146/235/170 152/231/176
f 146/222/170 149/225/173 152/236/176
f 185/20/20 188/237/178 190/238/179 189/239/180
f 188/240/178 192/241/181 193/242/182 190/243/179
f 186/47/47 191/244/183 193/242/182 192/241/181
f 191/244/183 195/245/184 196/246/185 193/242/182
f 187/57/57 194/247/186 196/248/185 195/249/184
f 194/247/186 189/250/180 190/251/179 196/248/185
f 190/251/179 193/252/182 196/248/185
f 197/58/58 200/253/187 202/254/188 201/255/189
f 200/256/187 204/257/190 205/258/191 202/259/188
f 198/46/46 203/260/192 205/258/191 204/257/190
f 203/261/192 207/262/193 208/263/194 205/264/191
f 199/67/67 206/265/195 208/263/194 207/262/193
f 206/265/195 201/266/189 202/267/188 208/263/194
f 202/267/188 205/264/191 208/263/194
f 209/68/68 212/268/196 214/269/197 213/270/198
f 212/271/199 216/272/200 217/273/201 214/274/197
f 210/45/45 215/275/202 217/273/201 216/272/200
f 215/275/202 219/276/203 220/277/204 217/273/201
f 211/73/73 218/278/205 220/279/204 219/280/206
f 218/281/205 213/270/198 214/269/197 220/282/204
f 214/274/197 217/273/201 220/277/204
f 221/74/74 224/283/207 226/284/208 225/285/209
f 224/286/210 228/287/211 229/288/212 226/289/208
f 222/44/44 227/290/213 229/288/212 228/287/211
f 227/290/213 231/291/214 232/292/215 229/288/212
f 223/79/79 230/293/216 232/294/215 231/295/217
f 230/296/216 225/297/209 226/289/208 232/292/215
f 226/289/208 229/288/212 232/292/215
f 233/80/80 236/298/218 238/299/219 237/300/220
f 236/301/218 240/302/221 241/303/222 238/304/219
f 234/43/43 239/305/223 241/303/222 240/302/221
f 239/305/223 243/306/224 244/307/225 241/303/222
f 235/83/83 242/308/226 244/309/225 243/310/224
f 242/308/226 237/311/220 238/312/219 244/309/225
f 238/304/219 241/303/222 244/307/225
f 245/84/84 248/313/227 250/314/188 249/315/189
f 248/316/227 252/317/228 253/318/229 250/319/188
f 246/42/42 251/320/230 253/318/229 252/317/228
f 251/321/230 255/322/231 256/323/232 253/324/229
f 247/11/11 254/325/195 256/323/232 255/322/231
f 254/325/195 249/326/189 250/327/188 256/323/232
f 250/327/188 253/324/229 256/323/232
f 257/12/12 260/328/233 262/329/234 261/330/235
f 260/328/233 264/331/236 265/332/237 262/329/234
f 258/41/41 263/333/238 265/334/237 264/335/236
f 263/336/238 267/337/239 268/338/240 265/332/237
f 259/17/17 266/339/241 268/338/240 267/337/239
f 266/339/241 261/330/235 262/329/234 268/338/240
f 262/329/234 265/332/237 268/338/240
f 269/18/18 272/340/242 274/341/243 273/342/244
f 272/343/242 276/344/245 277/345/246 274/346/243
f 270/40/40 275/347/247 277/345/246 276/344/245
f 275/348/247 279/349/248 280/350/249 277/351/246
f 271/3/3 278/352/250 280/350/249 279/349/248
f 278/352/250 273/353/244 274/354/243 280/350/249
f 274/354/243 277/351/246 280/350/249
f 1/85/85 13/63/63 15/355/251 4/86/86
f 4/89/86 15/356/251 16/357/252 8/90/89
f 8/90/89 16/357/253 14/21/21 2/37/37
f 13/63/63 17/60/60 19/358/254 15/355/251
f 15/356/251 19/359/254 20/360/255 16/357/252
f 16/357/253 20/360/256 18/22/22 14/21/21
f 17/60/60 21/59/59 23/361/257 19/358/254
f 19/359/254 23/362/257 24/363/258 20/360/255
f 20/360/256 24/363/259 22/23/23 18/22/22
f 21/59/59 25/69/69 27/364/260 23/361/257
f 23/362/257 27/365/260 28/366/261 24/363/258
f 24/363/259 28/366/262 26/24/24 22/23/23
f 25/69/69 29/75/75 31/367/263 27/364/260
f 27/365/260 31/368/263 32/369/264 28/366/261
f 28/366/262 32/369/265 30/25/25 26/24/24
f 29/75/75 33/6/6 35/370/266 31/367/263
f 31/368/263 35/371/266 36/372/267 32/369/264
f 32/369/265 36/372/268 34/26/26 30/25/25
f 33/6/6 37/5/5 39/373/269 35/370/266
f 35/371/266 39/374/269 40/375/270 36/372/267
f 36/372/268 40/375/271 38/27/27 34/26/26
f 37/5/5 41/13/13 43/376/272 39/373/269
f 39/374/269 43/377/272 44/378/273 40/375/270
f 40/375/271 44/378/274 42/28/28 38/27/27
f 41/13/13 45/19/19 49/104/97 43/376/272
f 43/377/272 49/115/97 54/114/103 44/378/273
f 44/378/274 54/114/103 47/29/29 42/28/28
f 46/56/56 57/55/55 61/120/106 51/109/100
f 51/110/100 61/131/106 66/128/112 55/111/101
f 55/111/101 66/128/112 59/30/30 47/29/29
f 58/66/66 69/65/65 73/135/115 63/125/109
f 63/125/109 73/135/115 78/379/122 67/126/110
f 67/130/110 78/145/122 71/31/31 59/30/30
f 70/72/72 81/71/71 85/150/126 75/138/118
f 75/141/118 85/162/126 90/161/133 79/142/120
f 79/142/120 90/161/133 83/32/32 71/31/31
f 82/78/78 93/77/77 97/165/137 87/155/129
f 87/158/129 97/176/137 102/175/143 91/159/131
f 91/159/131 102/175/143 95/33/33 83/32/32
f 94/82/82 105/81/81 109/180/144 99/170/140
f 99/171/140 109/191/144 114/188/149 103/172/141
f 103/172/141 114/188/149 107/34/34 95/33/33
f 106/10/10 117/9/9 121/195/152 111/185/146
f 111/185/146 121/195/152 126/204/158 115/186/147
f 115/190/147 126/201/158 119/35/35 107/34/34
f 118/16/16 129/15/15 133/207/161 123/198/155
f 123/380/155 133/218/161 138/215/167 127/203/156
f 127/203/156 138/215/167 131/36/36 119/35/35
f 2/37/37 131/36/36 139/217/165 7/93/91
f 7/381/91 139/213/165 135/212/164 11/98/92
f 11/98/92 135/212/164 130/2/2 3/1/1
f 143/39/39 153/38/38 155/382/275 150/233/177
f 150/233/177 155/382/276 156/383/277 145/234/171
f 145/223/171 156/384/277 154/64/64 141/220/168
f 153/38/38 157/54/54 159/385/278 155/382/275
f 155/382/276 159/385/278 160/386/279 156/383/277
f 156/384/277 160/387/279 158/61/61 154/64/64
f 157/54/54 161/53/53 163/388/280 159/385/278
f 159/385/278 163/388/280 164/389/281 160/386/279
f 160/387/279 164/390/282 162/62/62 158/61/61
f 161/53/53 165/52/52 167/391/283 163/388/280
f 163/388/280 167/391/284 168/392/285 164/389/281
f 164/390/282 168/393/285 166/70/70 162/62/62
f 165/52/52 169/51/51 171/394/286 167/391/283
f 167/391/284 171/394/287 172/395/288 168/392/285
f 168/393/285 172/396/288 170/76/76 166/70/70
f 169/51/51 173/50/50 175/397/289 171/394/286
f 171/394/287 175/397/289 176/398/290 172/395/288
f 172/396/288 176/399/290 174/7/7 170/76/76
f 173/50/50 177/49/49 179/400/291 175/397/289
f 175/397/289 179/400/291 180/401/292 176/398/290
f 176/399/290 180/402/292 178/8/8 174/7/7
f 177/49/49 181/48/48 183/403/293 179/400/291
f 179/400/291 183/403/294 184/404/295 180/401/292
f 180/402/292 184/405/295 182/14/14 178/8/8
f 181/48/48 186/47/47 192/241/181 183/403/293
f 183/403/294 192/241/181 188/240/178 184/404/295
f 184/405/295 188/237/178 185/20/20 182/14/14
f 186/47/47 198/46/46 204/257/190 191/244/183
f 191/244/183 204/257/190 200/256/187 195/245/184
f 195/249/184 200/253/187 197/58/58 187/57/57
f 198/46/46 210/45/45 216/272/200 203/260/192
f 203/261/192 216/406/200 212/268/196 207/262/193
f 207/262/193 212/268/196 209/68/68 199/67/67
f 210/45/45 222/44/44 228/287/211 215/275/202
f 215/275/202 228/287/211 224/286/207 219/276/206
f 219/280/206 224/283/207 221/74/74 211/73/73
f 222/44/44 234/43/43 240/302/221 227/290/213
f 227/290/213 240/302/221 236/301/218 231/291/217
f 231/295/217 236/298/218 233/80/80 223/79/79
f 234/43/43 246/42/42 252/317/228 239/305/223
f 239/305/223 252/317/228 248/316/227 243/306/224
f 243/310/224 248/313/227 245/84/84 235/83/83
f 246/42/42 258/41/41 264/335/236 251/320/230
f 251/321/230 264/331/236 260/328/233 255/322/231
f 255/322/231 260/328/233 257/12/12 247/11/11
f 258/41/41 270/40/40 276/344/245 263/333/238
f 263/333/238 276/344/245 272/343/242 267/407/239
f 267/337/239 272/340/242 269/18/18 259/17/17
f 142/4/4 271/3/3 279/349/248 147/226/174
f 147/226/174 279/349/248 275/348/247 151/408/175
f 151/230/175 275/347/247 270/40/40 143/39/39
f 93/77/77 233/80/80 237/300/220 96/163/135
f 96/166/135 237/311/220 242/308/226 100/167/138
f 100/167/138 242/308/226 235/83/83 94/82/82
f 247/11/11 106/10/10 112/182/107 254/325/195
f 254/325/195 112/182/107 108/181/104 249/326/189
f 249/315/189 108/178/104 105/81/81 245/84/84
f 259/17/17 118/16/16 124/196/153 266/339/241
f 266/339/241 124/196/153 120/193/150 261/330/235
f 261/330/235 120/193/150 117/9/9 257/12/12
f 3/1/1 142/4/4 148/228/172 10/96/94
f 10/99/94 148/224/172 144/221/169 5/88/88
f 5/88/88 144/221/169 141/220/168 1/85/85
f 271/3/3 130/2/2 136/209/162 278/352/250
f 278/352/250 136/209/162 132/208/159 273/353/244
f 273/342/244 132/205/159 129/15/15 269/18/18
f 187/57/57 46/56/56 52/106/98 194/247/186
f 194/247/186 52/106/98 48/105/95 189/250/180
f 189/239/180 48/102/95 45/19/19 185/20/20
f 199/67/67 58/66/66 64/122/107 206/265/195
f 206/265/195 64/122/107 60/121/104 201/266/189
f 201/255/189 60/118/104 57/55/55 197/58/58
f 211/73/73 70/72/72 76/140/296 218/278/296
f 218/281/296 76/136/296 72/133/297 213/270/297
f 213/270/297 72/133/297 69/65/65 209/68/68
f 223/79/79 82/78/78 88/157/298 230/293/298
f 230/409/298 88/410/298 84/148/299 225/285/299
f 225/285/299 84/148/299 81/71/71 221/74/74
f 13/63/63 1/85/85 141/220/168 154/64/64
f 366/411/300 282/412/301 371/413/302 453/414/303
f 342/415/304 345/416/305 433/417/306 429/418/307
f 306/419/308 310/420/309 397/421/310 393/422/311
f 347/423/312 358/424/313 445/425/314 434/426/315
f 310/420/309 314/427/316 401/428/317 397/421/310
f 358/424/313 362/429/318 449/430/319 445/425/314
f 314/427/316 318/431/320 405/432/321 401/428/317
f 362/433/322 366/434/323 453/435/324 449/436/325
f 318/431/320 322/437/326 409/438/327 405/432/321
f 383/439/328 394/440/329 398/441/330 402/442/331 406/443/332 410/444/333 415/445/334 426/446/335 430/447/336 435/448/337 446/449/338 450/450/339 454/451/340 370/452/341
f 322/437/326 325/453/342 413/454/343 409/438/327
f 295/455/344 306/419/308 393/422/311 382/456/345
f 327/457/346 338/458/347 425/459/348 414/460/349
f 338/461/347 342/415/304 429/418/307 425/462/348
f 294/463/350 283/464/351 365/465/352 361/466/353 357/467/354 346/468/355 341/469/356 337/470/357 326/471/358 321/472/359 317/473/360 313/474/361 309/475/362 305/476/363
f 281/477/364 284/478/365 286/479/366 285/480/367
f 284/481/365 288/482/368 289/483/369 286/484/366
f 282/412/301 287/485/370 289/483/369 288/482/368
f 287/486/370 291/487/371 292/488/372 289/489/369
f 283/464/351 290/490/373 292/488/372 291/487/371
f 290/490/373 285/491/367 286/492/366 292/488/372
f 286/484/366 289/483/369 292/493/372
f 293/494/374 296/495/375 298/496/376 297/497/377
f 296/495/375 300/498/378 301/499/379 298/496/376
f 294/463/350 299/500/380 301/501/379 300/502/378
f 299/500/380 303/503/381 304/504/382 301/501/379
f 295/455/344 302/505/383 304/506/382 303/507/381
f 302/508/383 297/497/377 298/496/376 304/509/382
f 298/496/376 301/499/379 304/509/382
f 325/453/342 328/510/384 330/511/385 329/512/386
f 328/513/384 332/514/387 333/515/388 330/516/385
f 326/471/358 331/517/389 333/515/390 332/514/387
f 331/517/389 335/518/391 336/519/392 333/515/393
f 327/457/346 334/520/394 336/521/392 335/522/391
f 334/520/395 329/523/395 330/524/396 336/521/396
f 330/516/396 333/515/397 336/519/396
f 345/416/305 348/525/398 350/526/399 349/527/400
f 348/528/398 352/529/401 353/530/402 350/531/399
f 346/468/355 351/532/403 353/530/402 352/529/401
f 351/533/403 355/534/404 356/535/405 353/536/402
f 347/423/312 354/537/406 356/535/405 355/534/404
f 354/537/406 349/527/400 350/526/399 356/535/405
f 350/526/399 353/536/402 356/535/405
f 369/538/407 372/539/408 374/540/409 373/541/410
f 372/542/408 376/543/411 377/544/412 374/545/409
f 370/452/341 375/546/413 377/544/412 376/543/411
f 375/546/413 379/547/414 380/548/415 377/544/412
f 371/413/302 378/549/416 380/550/415 379/551/414
f 378/549/416 373/552/410 374/553/409 380/550/415
f 374/553/409 377/554/412 380/550/415
f 381/555/417 384/556/418 386/557/419 385/558/420
f 384/556/418 388/559/421 389/560/422 386/557/419
f 382/456/345 387/561/423 389/562/422 388/563/421
f 387/564/423 391/565/424 392/566/425 389/567/422
f 383/439/328 390/568/426 392/566/425 391/565/424
f 390/569/426 385/558/420 386/557/419 392/570/425
f 386/557/419 389/560/422 392/570/425
f 413/454/343 416/571/427 418/572/428 417/573/429
f 416/574/430 420/575/430 421/576/431 418/577/431
f 414/460/349 419/578/432 421/576/433 420/575/434
f 419/579/432 423/580/435 424/581/436 421/582/433
f 415/445/334 422/583/437 424/581/438 423/580/435
f 422/583/437 417/584/429 418/585/428 424/581/439
f 418/585/431 421/582/431 424/581/440
f 433/417/306 436/586/441 438/587/442 437/588/443
f 436/586/441 440/589/444 441/590/445 438/587/442
f 434/426/315 439/591/446 441/590/445 440/589/444
f 439/591/446 443/592/447 444/593/448 441/590/445
f 435/448/337 442/594/449 444/595/448 443/596/447
f 442/594/449 437/597/443 438/598/442 444/595/448
f 438/587/442 441/590/445 444/593/448
f 283/464/351 294/463/350 300/502/378 290/490/373
f 290/599/373 300/498/378 296/495/375 285/480/367
f 285/480/367 296/495/375 293/494/374 281/477/364
f 294/463/350 305/476/363 307/600/450 299/500/380
f 299/601/380 307/602/450 308/603/451 303/507/381
f 303/507/381 308/603/451 306/419/308 295/455/344
f 305/476/363 309/475/362 311/604/452 307/600/450
f 307/602/450 311/605/452 312/606/453 308/603/451
f 308/603/451 312/606/453 310/420/309 306/419/308
f 309/475/362 313/474/361 315/607/454 311/604/452
f 311/605/452 315/608/454 316/609/455 312/606/453
f 312/606/453 316/609/456 314/427/316 310/420/309
f 313/474/361 317/473/360 319/610/457 315/607/454
f 315/608/454 319/611/457 320/612/458 316/609/455
f 316/609/456 320/612/458 318/431/320 314/427/316
f 317/473/360 321/472/359 323/613/459 319/610/457
f 319/611/457 323/614/459 324/615/460 320/612/458
f 320/612/458 324/615/460 322/437/326 318/431/320
f 321/472/359 326/471/358 332/514/387 323/613/459
f 323/614/459 332/616/387 328/510/384 324/615/460
f 324/615/460 328/510/384 325/453/342 322/437/326
f 326/471/358 337/470/357 339/617/461 331/517/389
f 331/517/389 339/617/461 340/618/462 335/518/391
f 335/522/391 340/619/462 338/458/347 327/457/346
f 337/470/357 341/469/356 343/620/463 339/617/461
f 339/617/461 343/620/463 344/621/464 340/618/462
f 340/622/462 344/623/464 342/415/304 338/461/347
f 341/469/356 346/468/355 352/529/401 343/620/463
f 343/620/463 352/529/401 348/528/398 344/621/464
f 344/623/464 348/525/398 345/416/305 342/415/304
f 346/468/355 357/467/354 359/624/465 351/532/403
f 351/532/403 359/624/465 360/625/466 355/626/404
f 355/534/404 360/627/466 358/424/313 347/423/312
f 357/467/354 361/466/353 363/628/467 359/624/465
f 359/624/465 363/628/467 364/629/468 360/625/466
f 360/627/466 364/630/468 362/429/318 358/424/313
f 361/466/353 365/465/352 367/631/469 363/628/467
f 363/628/467 367/631/469 368/632/470 364/629/468
f 364/633/471 368/634/471 366/434/323 362/433/322
f 282/412/301 366/411/300 368/635/472 287/485/370
f 287/486/370 368/632/473 367/631/473 291/487/371
f 291/487/371 367/631/469 365/465/352 283/464/351
f 369/538/407 381/555/417 385/558/420 372/539/408
f 372/539/408 385/558/420 390/569/426 376/636/411
f 376/543/411 390/568/426 383/439/328 370/452/341
f 382/456/345 393/422/311 395/637/474 387/561/423
f 387/561/423 395/637/474 396/638/475 391/639/424
f 391/565/424 396/640/475 394/440/329 383/439/328
f 393/422/311 397/421/310 399/641/476 395/637/474
f 395/637/474 399/641/476 400/642/477 396/638/475
f 396/640/475 400/643/477 398/441/330 394/440/329
f 397/421/310 401/428/317 403/644/478 399/641/476
f 399/641/476 403/644/478 404/645/479 400/642/477
f 400/643/477 404/646/479 402/442/331 398/441/330
f 401/428/317 405/432/321 407/647/480 403/644/478
f 403/644/478 407/647/480 408/648/481 404/645/479
f 404/646/479 408/649/481 406/443/332 402/442/331
f 405/432/321 409/438/327 411/650/482 407/647/480
f 407/647/480 411/650/482 412/651/483 408/648/481
f 408/649/481 412/652/483 410/444/333 406/443/332
f 409/438/327 413/454/343 417/573/429 411/650/482
f 411/650/482 417/573/429 422/653/437 412/651/483
f 412/652/483 422/583/437 415/445/334 410/444/333
f 414/460/349 425/459/348 427/654/484 419/578/432
f 419/579/432 427/655/484 428/656/485 423/580/435
f 423/580/435 428/656/485 426/446/335 415/445/334
f 425/462/348 429/418/307 431/657/486 427/658/484
f 427/655/484 431/659/486 432/660/487 428/656/485
f 428/656/485 432/660/487 430/447/336 426/446/335
f 429/418/307 433/417/306 437/588/443 431/657/486
f 431/659/486 437/597/443 442/594/449 432/660/487
f 432/660/487 442/594/449 435/448/337 430/447/336
f 434/426/315 445/425/314 447/661/488 439/591/446
f 439/662/446 447/663/488 448/664/489 443/596/447
f 443/596/447 448/664/489 446/449/338 435/448/337
f 445/425/314 449/430/319 451/665/490 447/661/488
f 447/663/488 451/666/491 452/667/492 448/664/489
f 448/664/489 452/667/492 450/450/339 446/449/338
f 449/436/325 453/435/324 455/668/493 451/669/493
f 451/666/491 455/670/494 456/671/495 452/667/492
f 452/667/492 456/671/495 454/451/340 450/450/339
f 370/452/341 454/451/340 456/671/495 375/546/413
f 375/546/413 456/671/496 455/670/496 379/547/414
f 379/551/414 455/672/497 453/414/303 371/413/302
f 381/555/417 293/494/374 297/497/377 384/556/418
f 384/556/418 297/497/377 302/508/383 388/559/421
f 388/563/421 302/505/383 295/455/344 382/456/345
f 347/423/312 434/426/315 440/589/444 354/537/406
f 354/537/406 440/589/444 436/586/441 349/527/400
f 349/527/400 436/586/441 433/417/306 345/416/305
f 281/477/364 369/538/407 373/541/410 284/478/365
f 284/481/365 373/552/410 378/549/416 288/482/368
f 288/482/368 378/549/416 371/413/302 282/412/301
f 327/457/346 414/460/349 420/575/434 334/520/394
f 334/520/498 420/575/498 416/574/498 329/523/498
f 329/512/386 416/571/427 413/454/343 325/453/342
f 281/477/364 293/494/374 381/555/417 369/538/407
f 458/673/499 614/673/499 783/673/499 625/673/499
f 561/674/500 557/675/501 726/676/502 730/677/503
f 477/678/504 473/679/505 642/680/506 646/681/507
f 565/682/508 561/674/500 730/677/503 734/683/509
f 481/684/510 477/678/504 646/681/507 650/685/511
f 569/686/512 565/682/508 734/683/509 738/687/513
f 485/688/514 481/689/515 650/690/516 654/691/517
f 573/692/518 569/686/512 738/687/513 742/693/519
f 489/694/520 485/695/520 654/696/521 658/697/521
f 577/698/522 573/692/518 742/693/519 746/699/523
f 493/700/524 489/701/525 658/702/526 661/703/527
f 581/704/528 577/698/522 746/699/523 750/705/529
f 505/706/530 494/707/531 663/708/532 673/709/533
f 585/710/534 581/704/528 750/705/529 754/711/535
f 517/712/536 506/713/537 675/714/538 686/715/539
f 589/716/540 585/717/541 754/718/542 758/719/543
f 521/720/544 517/721/545 686/722/546 689/723/547
f 593/724/548 589/716/549 758/719/550 761/725/551
f 533/726/552 522/727/537 691/728/538 701/729/553
f 605/730/554 594/731/555 763/732/556 774/733/557
f 545/734/558 534/735/559 703/736/560 714/737/561
f 609/738/562 605/730/554 774/733/557 778/739/563
f 549/740/564 545/734/558 714/737/561 718/741/565
f 462/742/566 466/743/567 470/744/568 474/745/569 478/746/570 482/747/571 486/748/572 490/749/573 495/750/574 507/751/575 518/752/576 523/753/577 535/754/578 546/755/579 550/756/580 554/757/581 558/758/582 562/759/583 566/760/584 570/761/585 574/762/586 578/763/587 582/764/588 586/765/589 590/766/590 595/767/591 606/768/592 610/769/593 615/770/594 457/770/594
f 613/771/595 609/738/562 778/739/563 781/772/596
f 553/773/597 549/740/564 718/741/565 722/774/598
f 469/775/599 465/776/600 634/777/601 638/778/602
f 629/779/603 626/780/604 782/780/604 777/781/605 773/782/606 762/783/607 757/784/608 753/785/609 749/786/610 745/787/611 741/788/612 737/789/613 733/790/614 729/791/615 725/792/616 721/793/617 717/794/618 713/795/619 702/796/620 690/797/621 685/798/622 674/799/623 662/800/624 657/801/625 653/802/626 649/803/627 645/804/628 641/805/629 637/806/630 633/807/631
f 557/675/501 553/773/597 722/774/598 726/676/502
f 473/679/505 469/775/599 638/778/602 642/680/506
f 465/776/600 461/808/632 630/809/633 634/777/601
f 493/700/524 496/810/634 498/811/635 497/812/636
f 496/813/634 500/814/637 501/815/638 498/816/635
f 494/707/531 499/817/639 501/815/638 500/814/637
f 499/817/639 503/818/640 504/819/641 501/815/638
f 495/750/574 502/820/642 504/821/641 503/822/640
f 502/820/642 497/823/636 498/824/635 504/821/641
f 498/816/635 501/815/638 504/819/641
f 505/706/530 508/825/643 510/826/644 509/827/645
f 508/828/643 512/829/646 513/830/647 510/831/644
f 506/713/537 511/832/648 513/830/647 512/829/646
f 511/833/648 515/834/649 516/835/650 513/836/647
f 507/751/575 514/837/651 516/835/650 515/834/649
f 514/837/651 509/838/645 510/839/644 516/835/650
f 510/831/644 513/830/647 516/840/650
f 521/720/544 524/841/643 526/842/644 525/843/652
f 524/844/643 528/845/646 529/846/653 526/847/644
f 522/727/537 527/848/648 529/846/653 528/845/646
f 527/849/648 531/850/649 532/851/650 529/852/653
f 523/753/577 530/853/654 532/851/650 531/850/649
f 530/853/654 525/854/652 526/855/644 532/851/650
f 526/847/644 529/846/653 532/856/650
f 533/726/552 536/857/655 538/858/656 537/859/657
f 536/860/655 540/861/658 541/862/659 538/863/656
f 534/735/559 539/864/660 541/862/659 540/861/658
f 539/865/660 543/866/661 544/867/662 541/868/659
f 535/754/578 542/869/663 544/867/662 543/866/661
f 542/869/663 537/870/657 538/871/656 544/867/662
f 538/871/656 541/868/659 544/867/662
f 593/724/548 596/872/664 598/873/665 597/874/666
f 596/872/664 600/875/667 601/876/668 598/873/665
f 594/731/555 599/877/669 601/878/668 600/879/667
f 599/880/669 603/881/670 604/882/671 601/883/668
f 595/767/591 602/884/672 604/882/671 603/881/670
f 602/885/672 597/874/666 598/873/665 604/886/671
f 598/873/665 601/876/668 604/886/671
f 613/887/673 616/888/673 618/889/673 617/888/673
f 616/890/674 620/891/674 621/892/675 618/893/674
f 614/894/676 619/894/676 621/895/676 620/896/676
f 619/897/677 623/897/677 624/898/677 621/899/677
f 615/900/673 622/900/673 624/900/673 623/900/673
f 622/901/678 617/902/678 618/903/678 624/901/678
f 618/904/674 621/899/675 624/898/675
f 661/703/527 664/905/679 666/906/680 665/907/681
f 664/908/679 668/909/682 669/910/683 666/911/680
f 662/800/624 667/912/684 669/910/683 668/909/682
f 667/913/684 671/914/685 672/915/686 669/916/683
f 663/708/532 670/917/687 672/915/686 671/914/685
f 670/917/687 665/918/681 666/919/680 672/915/686
f 666/919/680 669/916/683 672/915/686
f 673/709/533 676/920/688 678/921/689 677/922/690
f 676/923/688 680/924/691 681/925/692 678/926/689
f 674/799/623 679/927/693 681/925/692 680/924/691
f 679/927/693 683/928/694 684/929/695 681/925/692
f 675/714/538 682/930/696 684/931/695 683/932/694
f 682/930/696 677/933/690 678/934/689 684/931/695
f 678/934/689 681/935/692 684/931/695
f 689/723/547 692/936/697 694/937/689 693/938/690
f 692/939/697 696/940/698 697/941/699 694/942/689
f 690/797/621 695/943/693 697/941/699 696/940/698
f 695/943/693 699/944/694 700/945/700 697/941/699
f 691/728/538 698/946/696 700/947/700 699/948/694
f 698/946/696 693/949/690 694/950/689 700/947/700
f 694/950/689 697/951/699 700/947/700
f 701/729/553 704/952/701 706/953/702 705/954/703
f 704/955/701 708/956/704 709/957/705 706/958/702
f 702/796/620 707/959/706 709/957/705 708/956/704
f 707/959/706 711/960/707 712/961/708 709/957/705
f 703/736/560 710/962/709 712/963/708 711/964/707
f 710/962/709 705/965/703 706/966/702 712/963/708
f 706/958/702 709/957/705 712/961/708
f 761/725/551 764/967/710 766/968/711 765/969/712
f 764/967/710 768/970/713 769/971/714 766/968/711
f 762/783/607 767/972/715 769/973/714 768/974/713
f 767/972/715 771/975/716 772/976/717 769/973/714
f 763/732/556 770/977/718 772/978/717 771/979/716
f 770/980/718 765/969/712 766/968/711 772/981/717
f 766/968/711 769/971/714 772/981/717
f 781/772/719 784/982/719 786/983/719 785/982/719
f 784/984/720 788/985/720 789/986/720 786/987/720
f 782/988/721 787/988/721 789/986/721 788/985/721
f 787/989/722 791/989/722 792/990/722 789/991/722
f 783/673/673 790/673/673 792/673/673 791/673/673
f 790/992/723 785/982/723 786/983/723 792/992/723
f 786/983/724 789/993/724 792/992/724
f 458/994/725 461/808/632 463/995/726 460/996/727
f 460/996/727 463/995/726 464/997/728 459/998/729
f 459/999/729 464/1000/728 462/742/566 457/770/730
f 461/808/632 465/776/600 467/1001/731 463/995/726
f 463/995/726 467/1001/731 468/1002/732 464/997/728
f 464/1000/728 468/1003/733 466/743/567 462/742/566
f 465/776/600 469/775/599 471/1004/734 467/1001/731
f 467/1001/731 471/1004/734 472/1005/735 468/1002/732
f 468/1003/733 472/1006/736 470/744/568 466/743/567
f 469/775/599 473/679/505 475/1007/737 471/1004/734
f 471/1004/734 475/1007/737 476/1008/738 472/1005/735
f 472/1006/736 476/1009/739 474/745/569 470/744/568
f 473/679/505 477/678/504 479/1010/740 475/1007/737
f 475/1007/737 479/1010/740 480/1011/741 476/1008/738
f 476/1009/739 480/1012/742 478/746/570 474/745/569
f 477/678/504 481/684/510 483/1013/743 479/1010/740
f 479/1010/740 483/1013/743 484/1014/744 480/1011/741
f 480/1012/742 484/1015/745 482/747/571 478/746/570
f 481/689/515 485/688/514 487/1016/746 483/1017/747
f 483/1018/747 487/1019/746 488/1020/748 484/1015/748
f 484/1015/745 488/1020/749 486/748/572 482/747/571
f 485/695/520 489/694/520 491/1021/750 487/1022/750
f 487/1022/750 491/1021/750 492/1023/751 488/1024/751
f 488/1020/749 492/1025/752 490/749/573 486/748/572
f 489/701/525 493/700/524 497/812/636 491/1026/753
f 491/1026/753 497/812/636 502/1027/642 492/1028/754
f 492/1025/752 502/820/642 495/750/574 490/749/573
f 494/707/531 505/706/530 509/827/645 499/817/639
f 499/817/639 509/827/645 514/1029/651 503/818/640
f 503/822/640 514/837/651 507/751/575 495/750/574
f 506/713/537 517/712/536 519/1030/755 511/832/648
f 511/833/648 519/1031/756 520/1032/756 515/834/649
f 515/834/649 520/1032/757 518/752/576 507/751/575
f 517/721/545 521/720/544 525/843/652 519/1033/758
f 519/1033/759 525/843/652 530/1034/654 520/1035/759
f 520/1032/757 530/853/654 523/753/577 518/752/576
f 522/727/537 533/726/552 537/859/657 527/848/648
f 527/849/648 537/870/657 542/869/663 531/850/649
f 531/850/649 542/869/663 535/754/578 523/753/577
f 534/735/559 545/734/558 547/1036/760 539/864/660
f 539/865/660 547/1037/761 548/1038/762 543/866/661
f 543/866/661 548/1038/762 546/755/579 535/754/578
f 545/734/558 549/740/564 551/1039/763 547/1036/760
f 547/1037/761 551/1040/764 552/1041/765 548/1038/762
f 548/1038/762 552/1041/765 550/756/580 546/755/579
f 549/740/564 553/773/597 555/1042/766 551/1039/763
f 551/1040/764 555/1043/767 556/1044/768 552/1041/765
f 552/1041/765 556/1044/768 554/757/581 550/756/580
f 553/773/597 557/675/501 559/1045/769 555/1042/766
f 555/1043/767 559/1046/769 560/1047/770 556/1044/768
f 556/1044/768 560/1047/770 558/758/582 554/757/581
f 557/675/501 561/674/500 563/1048/771 559/1045/769
f 559/1046/769 563/1049/771 564/1050/772 560/1047/770
f 560/1047/770 564/1050/772 562/759/583 558/758/582
f 561/674/500 565/682/508 567/1051/773 563/1048/771
f 563/1049/771 567/1052/773 568/1053/774 564/1050/772
f 564/1050/772 568/1053/774 566/760/584 562/759/583
f 565/682/508 569/686/512 571/1054/775 567/1051/773
f 567/1052/773 571/1055/775 572/1056/776 568/1053/774
f 568/1053/774 572/1056/776 570/761/585 566/760/584
f 569/686/512 573/692/518 575/1057/777 571/1054/775
f 571/1055/775 575/1058/777 576/1059/778 572/1056/776
f 572/1056/776 576/1059/778 574/762/586 570/761/585
f 573/692/518 577/698/522 579/1060/779 575/1057/777
f 575/1058/777 579/1061/779 580/1062/780 576/1059/778
f 576/1059/778 580/1062/780 578/763/587 574/762/586
f 577/698/522 581/704/528 583/1063/781 579/1060/779
f 579/1061/779 583/1064/781 584/1065/782 580/1062/780
f 580/1062/780 584/1065/783 582/764/588 578/763/587
f 581/704/528 585/710/534 587/1066/784 583/1063/781
f 583/1064/781 587/1067/784 588/1068/785 584/1065/782
f 584/1065/783 588/1068/786 586/765/589 582/764/588
f 585/717/541 589/716/540 591/1069/787 587/1070/788
f 587/1067/788 591/1071/787 592/1072/789 588/1068/786
f 588/1068/786 592/1072/789 590/766/590 586/765/589
f 589/716/549 593/724/548 597/874/666 591/1069/790
f 591/1069/790 597/874/666 602/885/672 592/1073/789
f 592/1072/789 602/884/672 595/767/591 590/766/590
f 594/731/555 605/730/554 607/1074/791 599/877/669
f 599/880/669 607/1075/791 608/1076/792 603/881/670
f 603/881/670 608/1076/792 606/768/592 595/767/591
f 605/730/554 609/738/562 611/1077/793 607/1074/791
f 607/1075/791 611/1078/793 612/1079/794 608/1076/792
f 608/1076/792 612/1079/794 610/769/593 606/768/592
f 609/738/562 613/771/595 617/1080/795 611/1077/793
f 611/1077/793 617/1080/795 622/1081/796 612/1082/794
f 612/1079/794 622/1083/796 615/770/797 610/769/593
f 457/900/673 615/900/673 623/900/673 459/900/673
f 459/1084/673 623/897/673 619/897/673 460/1085/673
f 460/673/673 619/673/673 614/673/673 458/673/673
f 626/780/798 629/779/603 631/1086/799 628/1087/800
f 628/1088/800 631/1089/799 632/1090/801 627/1091/802
f 627/1091/802 632/1090/801 630/809/633 625/1092/803
f 629/779/603 633/807/631 635/1093/804 631/1086/799
f 631/1089/799 635/1094/805 636/1095/806 632/1090/801
f 632/1090/801 636/1095/806 634/777/601 630/809/633
f 633/807/631 637/806/630 639/1096/807 635/1093/804
f 635/1094/805 639/1097/808 640/1098/809 636/1095/806
f 636/1095/806 640/1098/809 638/778/602 634/777/601
f 637/806/630 641/805/629 643/1099/810 639/1096/807
f 639/1097/808 643/1100/811 644/1101/812 640/1098/809
f 640/1098/809 644/1101/812 642/680/506 638/778/602
f 641/805/629 645/804/628 647/1102/813 643/1099/810
f 643/1100/811 647/1103/814 648/1104/815 644/1101/812
f 644/1101/812 648/1104/815 646/681/507 642/680/506
f 645/804/628 649/803/627 651/1105/816 647/1102/813
f 647/1103/814 651/1106/817 652/1107/818 648/1104/815
f 648/1104/815 652/1107/818 650/685/511 646/681/507
f 649/803/627 653/802/626 655/1108/819 651/1105/816
f 651/1105/820 655/1108/820 656/1109/821 652/1110/822
f 652/1111/822 656/1112/821 654/691/517 650/690/516
f 653/802/626 657/801/625 659/1113/823 655/1108/819
f 655/1114/824 659/1115/824 660/1116/825 656/1117/825
f 656/1117/825 660/1116/825 658/697/521 654/696/521
f 657/801/625 662/800/624 668/909/682 659/1113/823
f 659/1118/823 668/1119/682 664/905/679 660/1120/826
f 660/1120/826 664/905/679 661/703/527 658/702/526
f 662/800/624 674/799/623 680/924/691 667/912/684
f 667/913/684 680/1121/691 676/920/688 671/914/685
f 671/914/685 676/920/688 673/709/533 663/708/532
f 674/799/623 685/798/622 687/1122/827 679/927/693
f 679/927/693 687/1122/828 688/1123/828 683/928/694
f 683/932/694 688/1124/829 686/715/539 675/714/538
f 685/798/622 690/797/621 696/940/698 687/1122/827
f 687/1125/830 696/1126/698 692/936/697 688/1127/830
f 688/1127/831 692/936/697 689/723/547 686/722/546
f 690/797/621 702/796/620 708/956/704 695/943/693
f 695/943/693 708/956/704 704/955/701 699/944/694
f 699/948/694 704/952/701 701/729/553 691/728/538
f 702/796/620 713/795/619 715/1128/832 707/959/706
f 707/959/706 715/1128/832 716/1129/833 711/960/707
f 711/964/707 716/1130/834 714/737/561 703/736/560
f 713/795/619 717/794/618 719/1131/835 715/1128/832
f 715/1128/832 719/1131/835 720/1132/836 716/1129/833
f 716/1130/834 720/1133/837 718/741/565 714/737/561
f 717/794/618 721/793/617 723/1134/838 719/1131/835
f 719/1131/835 723/1134/838 724/1135/839 720/1132/836
f 720/1133/837 724/1136/840 722/774/598 718/741/565
f 721/793/617 725/792/616 727/1137/841 723/1134/838
f 723/1134/838 727/1137/841 728/1138/842 724/1135/839
f 724/1136/840 728/1139/842 726/676/502 722/774/598
f 725/792/616 729/791/615 731/1140/843 727/1137/841
f 727/1137/841 731/1140/844 732/1141/845 728/1138/842
f 728/1139/842 732/1142/845 730/677/503 726/676/502
f 729/791/615 733/790/614 735/1143/846 731/1140/843
f 731/1140/844 735/1143/847 736/1144/848 732/1141/845
f 732/1142/845 736/1145/848 734/683/509 730/677/503
f 733/790/614 737/789/613 739/1146/849 735/1143/846
f 735/1143/847 739/1146/849 740/1147/850 736/1144/848
f 736/1145/848 740/1148/850 738/687/513 734/683/509
f 737/789/613 741/788/612 743/1149/851 739/1146/849
f 739/1146/849 743/1149/851 744/1150/852 740/1147/850
f 740/1148/850 744/1151/852 742/693/519 738/687/513
f 741/788/612 745/787/611 747/1152/853 743/1149/851
f 743/1149/851 747/1152/853 748/1153/854 744/1150/852
f 744/1151/852 748/1154/854 746/699/523 742/693/519
f 745/787/611 749/786/610 751/1155/855 747/1152/853
f 747/1152/853 751/1155/856 752/1156/857 748/1153/854
f 748/1154/854 752/1157/857 750/705/529 746/699/523
f 749/786/610 753/785/609 755/1158/858 751/1155/855
f 751/1155/856 755/1158/859 756/1159/860 752/1156/857
f 752/1157/857 756/1160/860 754/711/535 750/705/529
f 753/785/609 757/784/608 759/1161/861 755/1158/858
f 755/1158/858 759/1161/861 760/1162/862 756/1159/863
f 756/1163/863 760/1164/862 758/719/543 754/718/542
f 757/784/608 762/783/607 768/974/713 759/1161/861
f 759/1165/861 768/970/713 764/967/710 760/1164/864
f 760/1164/864 764/967/710 761/725/551 758/719/550
f 762/783/607 773/782/606 775/1166/865 767/972/715
f 767/972/715 775/1166/865 776/1167/866 771/975/716
f 771/979/716 776/1168/866 774/733/557 763/732/556
f 773/782/606 777/781/605 779/1169/867 775/1166/865
f 775/1166/865 779/1169/867 780/1170/868 776/1167/866
f 776/1168/866 780/1171/868 778/739/563 774/733/557
f 777/781/605 782/780/869 788/1172/870 779/1169/867
f 779/1173/867 788/992/870 784/982/871 780/1171/868
f 780/1171/868 784/982/871 781/772/596 778/739/563
f 625/673/673 783/673/673 791/673/673 627/673/673
f 627/1174/499 791/989/499 787/989/499 628/1175/499
f 628/1176/673 787/1176/673 782/1176/673 626/1176/673
f 663/708/532 494/707/531 500/814/637 670/917/687
f 670/917/687 500/814/637 496/813/634 665/918/681
f 665/907/681 496/810/634 493/700/524 661/703/527
f 675/714/538 506/713/537 512/829/646 682/930/696
f 682/930/696 512/829/646 508/828/643 677/933/690
f 677/922/690 508/825/643 505/706/530 673/709/533
f 691/728/538 522/727/537 528/845/646 698/946/696
f 698/946/696 528/845/646 524/844/643 693/949/690
f 693/938/690 524/841/643 521/720/544 689/723/547
f 763/732/556 594/731/555 600/879/667 770/977/718
f 770/980/718 600/875/667 596/872/664 765/969/712
f 765/969/712 596/872/664 593/724/548 761/725/551
f 703/736/560 534/735/559 540/861/658 710/962/709
f 710/962/709 540/861/658 536/860/655 705/965/703
f 705/954/703 536/857/655 533/726/552 701/729/553
f 783/1177/872 614/1178/872 620/1179/872 790/992/872
f 790/992/872 620/1179/872 616/1080/873 785/982/873
f 785/982/873 616/1080/873 613/771/595 781/772/596
f 461/808/632 458/994/725 625/1092/803 630/809/633
o Puerta_Tela
v 0.577765 1.696906 -0.075106
v 0.845594 1.885738 -0.163517
v 0.592860 1.624872 -0.077334
v 0.612905 1.577142 -0.076624
v 0.837993 1.729701 -0.150348
v 0.828646 1.937076 -0.158257
v 0.798898 1.831493 -0.129872
v 0.602670 1.714234 -0.080763
v 0.798494 1.543163 -0.129379
v 0.821081 1.444299 -0.154228
v 0.834266 1.938715 -0.162123
v 0.794123 1.942857 -0.143187
v 0.817800 1.571161 -0.138740
v 0.698266 1.743674 -0.095891
v 0.629804 1.397474 -0.096113
v 0.810616 1.761938 -0.134532
v 0.835820 1.642347 -0.150314
v 0.806950 1.953382 -0.152147
v 0.576644 1.453237 -0.086208
v 0.567429 1.430755 -0.085661
v 0.635588 1.879755 -0.085456
v 0.650608 1.430158 -0.092791
v 0.731271 1.401540 -0.121358
v 0.737820 1.951656 -0.127502
v 0.773779 1.955550 -0.138696
v 0.789941 1.414024 -0.142019
v 0.840008 1.856439 -0.153709
v 0.770072 1.662880 -0.116125
v 0.692711 1.650967 -0.090134
v 0.585507 1.944287 -0.089568
v 0.568902 1.522750 -0.079491
v 0.588653 1.917215 -0.087897
v 0.738920 1.564239 -0.101665
v 0.651600 1.933287 -0.096568
v 0.776231 1.911027 -0.128832
v 0.567295 1.403239 -0.085855
v 0.825951 1.405508 -0.158216
v 0.812838 1.392510 -0.153479
v 0.824499 1.917105 -0.155426
v 0.800410 1.687982 -0.130738
v 0.824228 1.602107 -0.140274
v 0.766479 1.703628 -0.119434
v 0.665583 1.699848 -0.089669
v 0.743761 1.454038 -0.115291
v 0.732674 1.874112 -0.108666
v 0.672745 1.607570 -0.083308
v 0.665530 1.522658 -0.084240
v 0.600729 1.505314 -0.078908
v 0.618781 1.938264 -0.093589
v 0.577744 1.856371 -0.078535
v 0.622240 1.678379 -0.079859
v 0.600327 1.537822 -0.078472
v 0.593338 1.795334 -0.076379
v 0.612090 1.465006 -0.082682
v 0.597143 1.402760 -0.090593
v 0.567241 1.866617 -0.083494
v 0.578844 1.647201 -0.079234
v 0.575477 1.600723 -0.076151
v 0.693363 1.918269 -0.104108
v 0.724671 1.684529 -0.102639
v 0.809029 1.493418 -0.138012
v 0.771728 1.622126 -0.114662
v 0.845382 1.713017 -0.153060
v 0.844608 1.670242 -0.151230
v 0.805315 1.652372 -0.133745
v 0.570817 1.862966 -0.081377
v 0.804965 1.557317 -0.132537
v 0.676976 1.572425 -0.083661
v 0.586805 1.562529 -0.076225
v 0.836629 1.457415 -0.160482
v 0.567657 1.416841 -0.085776
v 0.576703 1.609829 -0.075917
v 0.574544 1.952331 -0.087962
v 0.657076 1.404685 -0.100417
v 0.645290 1.557019 -0.079640
v 0.616129 1.729346 -0.083927
v 0.656015 1.946631 -0.101733
v 0.682856 1.630241 -0.086054
v 0.741577 1.693940 -0.109341
v 0.780245 1.730165 -0.124864
v 0.788892 1.397797 -0.144593
v 0.804928 1.430736 -0.147613
v 0.786048 1.874933 -0.126814
v 0.849787 1.856132 -0.160930
v 0.838909 1.899831 -0.161474
v 0.746068 1.674909 -0.107403
v 0.638910 1.487899 -0.082298
v 0.604584 1.605322 -0.076274
v 0.610853 1.553631 -0.077455
v 0.766769 1.643445 -0.113491
v 0.581867 1.827058 -0.075861
v 0.811520 1.942296 -0.150987
v 0.761798 1.851835 -0.115641
v 0.621847 1.950567 -0.097038
v 0.669508 1.925672 -0.098820
v 0.737869 1.505818 -0.105860
v 0.708971 1.671772 -0.095530
v 0.683575 1.940575 -0.107582
v 0.774234 1.548875 -0.116898
v 0.757261 1.895057 -0.118707
v 0.811257 1.410806 -0.151728
v 0.827505 1.693347 -0.143532
v 0.822041 1.947112 -0.158058
v 0.835944 1.398710 -0.161675
v 0.578522 1.398440 -0.088220
v 0.849192 1.874150 -0.164295
v 0.827911 1.947269 -0.160482
v 0.844316 1.923193 -0.164060
v 0.842890 1.912423 -0.163767
v 0.832850 1.813587 -0.147396
v 0.840633 1.577747 -0.150590
v 0.825043 1.422875 -0.157735
v 0.781110 1.949370 -0.139343
v 0.815673 1.586375 -0.135834
v 0.788877 1.447805 -0.136947
v 0.768408 1.940333 -0.132302
v 0.783711 1.695634 -0.125060
v 0.797784 1.607796 -0.126478
v 0.719919 1.816747 -0.101393
v 0.714336 1.701486 -0.101398
v 0.733944 1.658536 -0.101100
v 0.737923 1.633550 -0.101087
v 0.704182 1.543691 -0.091552
v 0.637644 1.721204 -0.085663
v 0.644587 1.689852 -0.084303
v 0.620308 1.416712 -0.089905
v 0.630102 1.449591 -0.085609
v 0.583184 1.767045 -0.076422
v 0.615229 1.743708 -0.082180
v 0.580757 1.674722 -0.075135
v 0.579589 1.513955 -0.079201
v 0.584326 1.635648 -0.078811
v 0.570091 1.471758 -0.084133
v 0.584637 1.719210 -0.079536
v 0.617598 1.398360 -0.093788
v 0.645554 1.915351 -0.091381
v 0.661353 1.472696 -0.088228
v 0.773827 1.399191 -0.138480
v 0.817645 1.709624 -0.140758
v 0.817680 1.945979 -0.154986
v 0.834781 1.936237 -0.161452
v 0.846074 1.822927 -0.155298
v 0.813142 1.701683 -0.138625
v 0.776783 1.474361 -0.125473
v 0.640523 1.394112 -0.099459
v 0.763020 1.409713 -0.130960
v 0.822192 1.544198 -0.143264
v 0.570478 1.391115 -0.086375
v 0.818868 1.396125 -0.155556
v 0.836163 1.562907 -0.150480
v 0.803614 1.631943 -0.131651
v 0.781358 1.571874 -0.119975
v 0.814226 1.464678 -0.146274
v 0.802902 1.400483 -0.148838
v 0.752422 1.393247 -0.130933
v 0.736018 1.422821 -0.117571
v 0.692258 1.414255 -0.106739
v 0.688787 1.866509 -0.095676
v 0.676518 1.682246 -0.090133
v 0.593806 1.687313 -0.075851
v 0.599369 1.663107 -0.078711
v 0.571130 1.935287 -0.086242
v 0.587123 1.934223 -0.089525
v 0.626148 1.652310 -0.082556
v 0.585648 1.479342 -0.081276
v 0.566768 1.457662 -0.086109
v 0.571847 1.439377 -0.086566
v 0.582990 1.707099 -0.077271
v 0.575259 1.892893 -0.085557
v 0.581487 1.546046 -0.077379
v 0.597868 1.868411 -0.079609
v 0.599055 1.952935 -0.093178
v 0.630205 1.533691 -0.079837
v 0.719085 1.614227 -0.094037
v 0.737073 1.715577 -0.108108
v 0.738317 1.916365 -0.118185
v 0.715708 1.933530 -0.115379
v 0.801557 1.913708 -0.142164
v 0.833117 1.479065 -0.153568
v 0.813374 1.667007 -0.136137
v 0.798447 1.950722 -0.147129
v 0.769855 1.519168 -0.116876
v 0.626312 1.390713 -0.097665
v 0.612895 1.697711 -0.080221
v 0.614327 1.828015 -0.078986
v 0.609586 1.488365 -0.079854
v 0.636382 1.623155 -0.079883
v 0.697304 1.692103 -0.096320
v 0.702406 1.488285 -0.096822
v 0.712410 1.899185 -0.105853
v 0.754864 1.932917 -0.126734
v 0.771703 1.430432 -0.130827
v 0.829236 1.621114 -0.144774
v 0.830497 1.795103 -0.144721
v 0.836639 1.413590 -0.161976
v 0.829291 1.890653 -0.153469
v 0.827039 1.391352 -0.158672
v 0.841441 1.940874 -0.164384
v 0.845337 1.927334 -0.165420
v 0.843745 1.874618 -0.160032
v 0.823478 1.744007 -0.141623
v 0.836839 1.435864 -0.162052
v 0.827799 1.930870 -0.157747
v 0.808987 1.883128 -0.139889
v 0.820647 1.848949 -0.141401
v 0.843973 1.718834 -0.152716
v 0.785525 1.677361 -0.123187
v 0.828062 1.680294 -0.142559
v 0.840379 1.592368 -0.149216
v 0.830108 1.521037 -0.148204
v 0.783222 1.931691 -0.135788
v 0.802351 1.789523 -0.130345
v 0.799389 1.523783 -0.130439
v 0.757598 1.795000 -0.112937
v 0.774566 1.754601 -0.120160
v 0.799672 1.716408 -0.133382
v 0.764830 1.687097 -0.116421
v 0.756547 1.599262 -0.107616
v 0.695221 1.443269 -0.101479
v 0.695763 1.393895 -0.113475
v 0.703010 1.593266 -0.089144
v 0.636059 1.938073 -0.095318
v 0.672134 1.899997 -0.094717
v 0.665931 1.813006 -0.088145
v 0.628602 1.708183 -0.083880
v 0.645908 1.593712 -0.079293
v 0.630295 1.510946 -0.080126
v 0.605119 1.930634 -0.090907
v 0.603189 1.943023 -0.092737
v 0.624152 1.918479 -0.089495
v 0.633054 1.772650 -0.082074
v 0.656667 1.668231 -0.084886
v 0.603010 1.521612 -0.078862
v 0.606516 1.432721 -0.086774
v 0.634438 1.408759 -0.093846
v 0.584064 1.888906 -0.083099
v 0.573327 1.736099 -0.079027
v 0.635692 1.641680 -0.082123
v 0.587955 1.593562 -0.076004
v 0.582160 1.579967 -0.076766
v 0.580087 1.498090 -0.079326
v 0.579351 1.530275 -0.079007
v 0.591326 1.457307 -0.084696
v 0.587010 1.430269 -0.088014
v 0.578457 1.414780 -0.087872
v 0.574111 1.918536 -0.086727
v 0.606171 1.905228 -0.085830
v 0.683000 1.713470 -0.092644
v 0.834355 1.764419 -0.145877
v 0.805839 1.932874 -0.147580
v 0.836748 1.501392 -0.151769
v 0.842239 1.607560 -0.151973
v 0.843047 1.658641 -0.152552
v 0.845783 1.598887 -0.153220
v 0.809071 1.947068 -0.150841
v 0.825975 1.706236 -0.144296
v 0.579443 1.665903 -0.076430
v 0.642999 1.402787 -0.097397
v 0.658545 1.574607 -0.080636
v 0.760052 1.945309 -0.131380
v 0.814933 1.421849 -0.153131
v 0.818279 1.528686 -0.141164
v 0.840694 1.447415 -0.163404
v 0.844631 1.903803 -0.164502
v 0.819508 1.951970 -0.157675
v 0.839409 1.937255 -0.163900
v 0.577837 1.391789 -0.088049
v 0.575103 1.407841 -0.087445
v 0.840318 1.922531 -0.162656
v 0.848068 1.866852 -0.161930
v 0.840279 1.749797 -0.149278
v 0.839834 1.686394 -0.148477
v 0.814976 1.936668 -0.152262
v 0.793041 1.740527 -0.128677
v 0.822713 1.555217 -0.143008
v 0.768439 1.875943 -0.119597
v 0.764885 1.680275 -0.115148
v 0.791444 1.642764 -0.126070
v 0.784403 1.559851 -0.121687
v 0.788812 1.436940 -0.138603
v 0.793678 1.460330 -0.136361
v 0.797976 1.395972 -0.147867
v 0.778865 1.530722 -0.119691
v 0.700297 1.945177 -0.114176
v 0.736582 1.615527 -0.099779
v 0.744336 1.645915 -0.103808
v 0.714883 1.512429 -0.097440
v 0.707727 1.425336 -0.108242
v 0.691119 1.888787 -0.098014
v 0.691661 1.830537 -0.094411
v 0.718145 1.695531 -0.102226
v 0.612540 1.723687 -0.083067
v 0.592586 1.554759 -0.076669
v 0.595690 1.439217 -0.086690
v 0.618222 1.430989 -0.087135
v 0.571409 1.815267 -0.075583
v 0.577296 1.682328 -0.074011
v 0.566997 1.448242 -0.086172
v 0.622880 1.522213 -0.079525
v 0.703929 1.614931 -0.089458
v 0.710989 1.709545 -0.099650
v 0.725067 1.916270 -0.113752
v 0.779509 1.395266 -0.141728
v 0.763938 1.400247 -0.133781
v 0.829585 1.467175 -0.154416
v 0.839387 1.490111 -0.154782
v 0.825264 1.943194 -0.158437
v 0.840101 1.405904 -0.162973
v 0.834299 1.828012 -0.148267
v 0.788448 1.954069 -0.143877
v 0.610875 1.757612 -0.079889
v 0.601407 1.735330 -0.081731
v 0.605594 1.704015 -0.080066
v 0.608406 1.949345 -0.094626
v 0.628689 1.496037 -0.080445
v 0.695716 1.571354 -0.087600
v 0.673433 1.688370 -0.090157
v 0.670077 1.938467 -0.102691
v 0.758309 1.420730 -0.126344
v 0.763290 1.692589 -0.116686
v 0.776135 1.779258 -0.119660
v 0.813450 1.896086 -0.145127
v 0.838328 1.797027 -0.149838
v 0.828393 1.393712 -0.159124
v 0.844984 1.949728 -0.165375
v 0.786372 1.590101 -0.121197
v 0.844180 1.927224 -0.164480
v 0.837853 1.888458 -0.158761
v 0.834140 1.585102 -0.145771
v 0.839365 1.515463 -0.152926
v 0.833383 1.423440 -0.161017
v 0.805160 1.870105 -0.135307
v 0.822048 1.714882 -0.142835
v 0.808250 1.697541 -0.135740
v 0.809273 1.674870 -0.133617
v 0.810190 1.401822 -0.151659
v 0.775749 1.940328 -0.134607
v 0.811086 1.620530 -0.134339
v 0.747253 1.819614 -0.109469
v 0.771779 1.719790 -0.121584
v 0.638675 1.950524 -0.099579
v 0.760835 1.498726 -0.115222
v 0.729445 1.669139 -0.100625
v 0.680148 1.403361 -0.106546
v 0.682118 1.674828 -0.089918
v 0.661874 1.913045 -0.094172
v 0.638604 1.802567 -0.082470
v 0.650964 1.714224 -0.087184
v 0.652469 1.635139 -0.082534
v 0.643332 1.471479 -0.084564
v 0.598495 1.937237 -0.091425
v 0.612229 1.919344 -0.088830
v 0.596325 1.842544 -0.077185
v 0.616243 1.691579 -0.079527
v 0.627863 1.661434 -0.081785
v 0.588518 1.603543 -0.075644
v 0.617402 1.391869 -0.095647
v 0.623373 1.407584 -0.092162
v 0.576457 1.930106 -0.087447
v 0.576366 1.882559 -0.083544
v 0.614228 1.644259 -0.081138
v 0.578001 1.569471 -0.076527
v 0.579604 1.589209 -0.076662
v 0.572656 1.507290 -0.079395
v 0.586419 1.521730 -0.079037
v 0.590653 1.487716 -0.079789
v 0.581452 1.471217 -0.083169
v 0.578878 1.426889 -0.087700
v 0.573349 1.537832 -0.078340
v 0.571387 1.901647 -0.085869
v 0.595710 1.889920 -0.082586
v 0.630330 1.547573 -0.078905
v 0.628002 1.608909 -0.078054
v 0.634550 1.923919 -0.091473
v 0.685488 1.467441 -0.094879
v 0.750015 1.915647 -0.121028
v 0.824246 1.784816 -0.140717
v 0.795222 1.926947 -0.141075
v 0.841498 1.618905 -0.152471
v 0.822156 1.659559 -0.141624
v 0.849499 1.944308 -0.166725
v 0.846981 1.949979 -0.165092
v 0.849496 1.925516 -0.167316
v 0.849088 1.917792 -0.167042
v 0.849685 1.912291 -0.166732
v 0.849656 1.903420 -0.166913
v 0.849027 1.897164 -0.166807
v 0.848930 1.888896 -0.166312
v 0.849572 1.877115 -0.165811
v 0.849412 1.868913 -0.164695
v 0.849770 1.856487 -0.162365
v 0.849699 1.850930 -0.161252
v 0.849149 1.838267 -0.159237
v 0.849658 1.819016 -0.158608
v 0.849020 1.804665 -0.158290
v 0.847681 1.782858 -0.156331
v 0.847263 1.796033 -0.157173
v 0.846949 1.771864 -0.154611
v 0.847564 1.762382 -0.154469
v 0.848457 1.739146 -0.155792
v 0.848392 1.748211 -0.154875
v 0.849356 1.719253 -0.156175
v 0.848688 1.727234 -0.156798
v 0.848630 1.733798 -0.156927
v 0.849680 1.713506 -0.155907
v 0.848623 1.709896 -0.155298
v 0.845562 1.706632 -0.153919
v 0.843719 1.699834 -0.153160
v 0.845718 1.695070 -0.153544
v 0.849148 1.673386 -0.154034
v 0.848246 1.684908 -0.153654
v 0.849406 1.669150 -0.154647
v 0.848327 1.659405 -0.156319
v 0.846884 1.647094 -0.157780
v 0.846128 1.635492 -0.157751
v 0.846238 1.623375 -0.157196
v 0.846881 1.609323 -0.156550
v 0.847483 1.598027 -0.155454
v 0.845346 1.568501 -0.156213
v 0.844449 1.559198 -0.157237
v 0.842059 1.550070 -0.156582
v 0.846751 1.588809 -0.154343
v 0.846712 1.580940 -0.154914
v 0.846050 1.573939 -0.155625
v 0.843249 1.538658 -0.157135
v 0.845106 1.521663 -0.157126
v 0.844858 1.506079 -0.156951
v 0.844269 1.491468 -0.158622
v 0.842696 1.476432 -0.160975
v 0.842711 1.463954 -0.163569
v 0.843384 1.448121 -0.165111
v 0.842952 1.432283 -0.164797
v 0.842839 1.421846 -0.164582
v 0.843197 1.408331 -0.164636
v 0.842165 1.398663 -0.164375
v 0.840580 1.395470 -0.163856
v 0.841051 1.393900 -0.164111
v 0.565755 1.947628 -0.084973
v 0.565592 1.939259 -0.085404
v 0.566693 1.939156 -0.085906
v 0.566927 1.915655 -0.085963
v 0.566424 1.929003 -0.085855
v 0.566670 1.869011 -0.084604
v 0.566980 1.893435 -0.085602
v 0.569981 1.836488 -0.078477
v 0.566778 1.862753 -0.084295
v 0.567473 1.860276 -0.083697
v 0.568717 1.850125 -0.081175
v 0.569589 1.818698 -0.076912
v 0.569832 1.802923 -0.076252
v 0.571899 1.792207 -0.076142
v 0.574780 1.748467 -0.078392
v 0.571528 1.756294 -0.077311
v 0.570638 1.772838 -0.076332
v 0.574389 1.724028 -0.080596
v 0.570962 1.719879 -0.079675
v 0.569659 1.742875 -0.078742
v 0.567634 1.736815 -0.079333
v 0.569317 1.730264 -0.079883
v 0.570121 1.714460 -0.077927
v 0.570051 1.709669 -0.076931
v 0.569041 1.700488 -0.075510
v 0.569657 1.692949 -0.074734
v 0.570083 1.683932 -0.074382
v 0.569803 1.674786 -0.075443
v 0.569834 1.664032 -0.077170
v 0.569120 1.655349 -0.078684
v 0.568132 1.647764 -0.079828
v 0.569623 1.626098 -0.078960
v 0.570463 1.616952 -0.077841
v 0.569389 1.599200 -0.077613
v 0.569946 1.594562 -0.077924
v 0.569604 1.585291 -0.078277
v 0.569393 1.567185 -0.077757
v 0.570609 1.554155 -0.077411
v 0.569702 1.547708 -0.077820
v 0.568647 1.498291 -0.080769
v 0.569126 1.489246 -0.081874
v 0.566452 1.480083 -0.083936
v 0.568437 1.636355 -0.079874
v 0.569267 1.608433 -0.077241
v 0.567761 1.537002 -0.079178
v 0.566610 1.525870 -0.080276
v 0.566631 1.520559 -0.080501
v 0.567382 1.509388 -0.080493
v 0.565464 1.471714 -0.085540
v 0.564970 1.465838 -0.086320
v 0.564073 1.457959 -0.086623
v 0.564151 1.448411 -0.086474
v 0.563809 1.442465 -0.086012
v 0.563096 1.436114 -0.085268
v 0.563764 1.425357 -0.085505
v 0.563759 1.412700 -0.085720
v 0.563778 1.400969 -0.085724
v 0.838520 1.955870 -0.162657
v 0.835284 1.956824 -0.162550
v 0.823341 1.956191 -0.159556
v 0.816643 1.956826 -0.157680
v 0.811186 1.957331 -0.155615
v 0.805115 1.957447 -0.153040
v 0.794084 1.957104 -0.148328
v 0.781798 1.957291 -0.143298
v 0.774374 1.957589 -0.140530
v 0.767384 1.956731 -0.138000
v 0.751642 1.956248 -0.133524
v 0.743092 1.956853 -0.131509
v 0.734352 1.956841 -0.129010
v 0.720706 1.955942 -0.124704
v 0.660677 1.954296 -0.106769
v 0.641343 1.955138 -0.102688
v 0.622266 1.955209 -0.099029
v 0.606361 1.955615 -0.095890
v 0.593565 1.955761 -0.092824
v 0.787829 1.956838 -0.145568
v 0.760001 1.955170 -0.135364
v 0.698085 1.954407 -0.117526
v 0.673937 1.953608 -0.110188
v 0.580245 1.955467 -0.089840
v 0.585323 1.388833 -0.090292
v 0.840277 1.390471 -0.164390
v 0.832897 1.390015 -0.161626
v 0.821971 1.389766 -0.157866
v 0.807879 1.390007 -0.152977
v 0.800043 1.390634 -0.150317
v 0.786239 1.390756 -0.145945
v 0.774586 1.390672 -0.141794
v 0.764459 1.391199 -0.137598
v 0.756633 1.390486 -0.134424
v 0.747142 1.390410 -0.130754
v 0.728260 1.391226 -0.124409
v 0.701414 1.390499 -0.117015
v 0.681354 1.390840 -0.111626
v 0.661338 1.392219 -0.106157
v 0.649210 1.391044 -0.103499
v 0.638265 1.390647 -0.101071
v 0.625390 1.390190 -0.098664
v 0.613179 1.390471 -0.096219
v 0.630951 1.390375 -0.099646
v 0.603446 1.391004 -0.094248
v 0.585485 1.388833 -0.089657
v 0.582112 1.389451 -0.089646
v 0.572025 1.388687 -0.087383
v 0.564706 1.391596 -0.086117
v 0.568368 1.389284 -0.086562
v 0.581536 1.694125 -0.079985
v 0.839184 1.883351 -0.165335
v 0.598218 1.622407 -0.082330
v 0.617738 1.577541 -0.081745
v 0.831615 1.730353 -0.152318
v 0.823176 1.933513 -0.160311
v 0.793742 1.830508 -0.132456
v 0.605688 1.711241 -0.085536
v 0.792005 1.543804 -0.131347
v 0.815631 1.446865 -0.156543
v 0.829398 1.934866 -0.164354
v 0.789494 1.938318 -0.145557
v 0.811213 1.573223 -0.140556
v 0.697982 1.744237 -0.100175
v 0.630916 1.403888 -0.099892
v 0.805542 1.762994 -0.137160
v 0.828620 1.642952 -0.151833
v 0.802302 1.947943 -0.154298
v 0.582235 1.455175 -0.091228
v 0.567821 1.430454 -0.090046
v 0.637847 1.877140 -0.090147
v 0.651417 1.434845 -0.096921
v 0.729352 1.407600 -0.124434
v 0.736975 1.945196 -0.130809
v 0.771742 1.948926 -0.141566
v 0.785236 1.417293 -0.144601
v 0.832045 1.854061 -0.154620
v 0.765438 1.661627 -0.118906
v 0.693411 1.648830 -0.094556
v 0.586274 1.943129 -0.094108
v 0.574451 1.523732 -0.084621
v 0.592993 1.914397 -0.092765
v 0.735713 1.565315 -0.105052
v 0.652517 1.927390 -0.100432
v 0.772546 1.906466 -0.131594
v 0.567629 1.403146 -0.090345
v 0.822496 1.405712 -0.161548
v 0.809833 1.395351 -0.156803
v 0.818949 1.915226 -0.157733
v 0.795953 1.684996 -0.133471
v 0.817304 1.601419 -0.141975
v 0.762907 1.702212 -0.122659
v 0.666689 1.698548 -0.094250
v 0.740568 1.457778 -0.118418
v 0.731349 1.871260 -0.112533
v 0.674910 1.606674 -0.088112
v 0.667176 1.524464 -0.088906
v 0.606206 1.505874 -0.084048
v 0.621863 1.933263 -0.098025
v 0.585041 1.853966 -0.083389
v 0.624905 1.678376 -0.084703
v 0.605587 1.539211 -0.083579
v 0.597537 1.795640 -0.081445
v 0.617177 1.467795 -0.087633
v 0.600058 1.405582 -0.095343
v 0.573953 1.864636 -0.088402
v 0.584114 1.648227 -0.084293
v 0.582027 1.601488 -0.081259
v 0.692118 1.912935 -0.107583
v 0.723351 1.680474 -0.106347
v 0.803020 1.496054 -0.140051
v 0.766612 1.621150 -0.117281
v 0.839400 1.712126 -0.155274
v 0.837995 1.672438 -0.152980
v 0.799194 1.652994 -0.135851
v 0.579308 1.860374 -0.085979
v 0.798342 1.558277 -0.134415
v 0.678558 1.572964 -0.088382
v 0.592419 1.563101 -0.081362
v 0.831221 1.460366 -0.162750
v 0.568295 1.417114 -0.090301
v 0.583115 1.609115 -0.081016
v 0.574610 1.951868 -0.090916
v 0.657067 1.410730 -0.104062
v 0.648765 1.558072 -0.084631
v 0.619146 1.729041 -0.088787
v 0.656165 1.939772 -0.105152
v 0.684463 1.628229 -0.090694
v 0.739271 1.690938 -0.112888
v 0.776272 1.731509 -0.127915
v 0.786084 1.402218 -0.147756
v 0.799231 1.432879 -0.149889
v 0.781434 1.872074 -0.129478
v 0.840985 1.853564 -0.161201
v 0.832990 1.897787 -0.163554
v 0.743252 1.671260 -0.110678
v 0.641871 1.490131 -0.087140
v 0.609522 1.604431 -0.081378
v 0.615717 1.555144 -0.082545
v 0.761713 1.642123 -0.116122
v 0.587641 1.826066 -0.080940
v 0.806490 1.938867 -0.153349
v 0.758987 1.850195 -0.119138
v 0.623815 1.945255 -0.101248
v 0.669077 1.920056 -0.102450
v 0.734991 1.508486 -0.109259
v 0.708669 1.667935 -0.099545
v 0.682331 1.933980 -0.110729
v 0.769034 1.549608 -0.119494
v 0.755396 1.890962 -0.122224
v 0.806408 1.412034 -0.154459
v 0.822495 1.689816 -0.145938
v 0.817045 1.942277 -0.160125
v 0.833810 1.398434 -0.165478
v 0.579945 1.398783 -0.092916
v 0.842359 1.871581 -0.165853
v 0.825430 1.946422 -0.164045
v 0.839337 1.921507 -0.166480
v 0.840261 1.912528 -0.167340
v 0.825600 1.812802 -0.148907
v 0.833447 1.580293 -0.152005
v 0.820717 1.423657 -0.160692
v 0.778009 1.943211 -0.141963
v 0.809355 1.587709 -0.137845
v 0.783483 1.451424 -0.139161
v 0.766609 1.934469 -0.135465
v 0.779898 1.692042 -0.127984
v 0.791822 1.607083 -0.128703
v 0.718899 1.815903 -0.105506
v 0.713121 1.701274 -0.105415
v 0.731629 1.656349 -0.104703
v 0.735094 1.632310 -0.104587
v 0.703300 1.545417 -0.095647
v 0.640259 1.719613 -0.090469
v 0.646100 1.687368 -0.088886
v 0.623168 1.420998 -0.094451
v 0.633149 1.453024 -0.090313
v 0.587585 1.768630 -0.081465
v 0.618121 1.746268 -0.086964
v 0.585113 1.677196 -0.080069
v 0.585604 1.514163 -0.084357
v 0.589933 1.633496 -0.083823
v 0.576540 1.475016 -0.089008
v 0.588108 1.714869 -0.084141
v 0.619653 1.403984 -0.097930
v 0.647298 1.910904 -0.095728
v 0.662110 1.475961 -0.092583
v 0.769849 1.404325 -0.141033
v 0.812917 1.708852 -0.143569
v 0.812267 1.939933 -0.156533
v 0.828355 1.930650 -0.162493
v 0.838300 1.822491 -0.156507
v 0.808565 1.699261 -0.141359
v 0.772092 1.478037 -0.128003
v 0.640885 1.400783 -0.103008
v 0.759089 1.414717 -0.133550
v 0.814920 1.544981 -0.144789
v 0.570854 1.390121 -0.090856
v 0.815349 1.397055 -0.158836
v 0.828986 1.565369 -0.151917
v 0.797260 1.630545 -0.133640
v 0.775966 1.572941 -0.122464
v 0.808247 1.468746 -0.148113
v 0.799440 1.403499 -0.151971
v 0.749298 1.399528 -0.133518
v 0.733489 1.427639 -0.120743
v 0.691680 1.419851 -0.110348
v 0.688729 1.864408 -0.099967
v 0.677213 1.679258 -0.094479
v 0.597124 1.685985 -0.080765
v 0.603172 1.665750 -0.083583
v 0.571426 1.935046 -0.090724
v 0.589255 1.932715 -0.094290
v 0.629886 1.651997 -0.087510
v 0.591918 1.482392 -0.086193
v 0.570920 1.458842 -0.091104
v 0.574843 1.439582 -0.091486
v 0.586111 1.703579 -0.082002
v 0.580931 1.890689 -0.090462
v 0.586780 1.548301 -0.082421
v 0.602666 1.865806 -0.084537
v 0.599693 1.950467 -0.097587
v 0.634396 1.534801 -0.084888
v 0.717420 1.613447 -0.097936
v 0.734450 1.716233 -0.111699
v 0.737197 1.911138 -0.121719
v 0.714165 1.927485 -0.118598
v 0.795644 1.910095 -0.144113
v 0.826558 1.482978 -0.155123
v 0.807754 1.668585 -0.138442
v 0.794157 1.944775 -0.149320
v 0.765345 1.521230 -0.119693
v 0.627512 1.397720 -0.101266
v 0.615247 1.694456 -0.084866
v 0.617307 1.827196 -0.083914
v 0.614624 1.490204 -0.084909
v 0.640185 1.621078 -0.084839
v 0.697064 1.689580 -0.100521
v 0.701394 1.491366 -0.100756
v 0.710896 1.894995 -0.109478
v 0.753984 1.927191 -0.130214
v 0.766825 1.433842 -0.133318
v 0.821991 1.619767 -0.146265
v 0.823469 1.794032 -0.146348
v 0.834663 1.413494 -0.165828
v 0.822108 1.887292 -0.154734
v 0.824281 1.393273 -0.162158
v 0.839498 1.939966 -0.167500
v 0.840329 1.925110 -0.167748
v 0.835657 1.871538 -0.160738
v 0.818010 1.745972 -0.144006
v 0.833771 1.436450 -0.165486
v 0.823447 1.930342 -0.160667
v 0.802752 1.879507 -0.141649
v 0.814058 1.847325 -0.143232
v 0.837696 1.717602 -0.154751
v 0.781071 1.675445 -0.126027
v 0.822459 1.679720 -0.144925
v 0.832775 1.592206 -0.150509
v 0.823356 1.521254 -0.150023
v 0.778849 1.927167 -0.138289
v 0.797340 1.789492 -0.133033
v 0.793118 1.524947 -0.132492
v 0.754734 1.794956 -0.116469
v 0.771095 1.756093 -0.123417
v 0.795006 1.716094 -0.136221
v 0.761687 1.683389 -0.119590
v 0.752273 1.599438 -0.110619
v 0.694319 1.447531 -0.105275
v 0.695161 1.400486 -0.116808
v 0.702638 1.593311 -0.093420
v 0.638329 1.932225 -0.099443
v 0.672222 1.896338 -0.098856
v 0.666824 1.812347 -0.092729
v 0.631015 1.706401 -0.088683
v 0.649360 1.593232 -0.084303
v 0.634255 1.511713 -0.085167
v 0.608912 1.926755 -0.095628
v 0.605379 1.939743 -0.097332
v 0.627609 1.914077 -0.094096
v 0.635380 1.773649 -0.086895
v 0.658836 1.667463 -0.089631
v 0.608435 1.521888 -0.084013
v 0.611702 1.435614 -0.091705
v 0.635488 1.414380 -0.097829
v 0.590887 1.885626 -0.087867
v 0.577551 1.738370 -0.084009
v 0.639442 1.638654 -0.086952
v 0.593981 1.594306 -0.081136
v 0.588390 1.580128 -0.081906
v 0.586329 1.499289 -0.084432
v 0.584971 1.531617 -0.084117
v 0.597669 1.460155 -0.089641
v 0.591844 1.432056 -0.093026
v 0.580531 1.415584 -0.092676
v 0.575910 1.917639 -0.091456
v 0.610545 1.901475 -0.090611
v 0.683704 1.714221 -0.097162
v 0.827855 1.764616 -0.147834
v 0.800280 1.930515 -0.149871
v 0.830091 1.502994 -0.153560
v 0.834267 1.605881 -0.152988
v 0.836218 1.661775 -0.154069
v 0.837686 1.597311 -0.154152
v 0.804212 1.941527 -0.152849
v 0.821101 1.705551 -0.147034
v 0.583819 1.669224 -0.081289
v 0.643276 1.408916 -0.101086
v 0.661401 1.574953 -0.085576
v 0.759227 1.939109 -0.134760
v 0.809671 1.423011 -0.155684
v 0.811281 1.529269 -0.142851
v 0.836983 1.448616 -0.166565
v 0.841173 1.903183 -0.167756
v 0.815605 1.949432 -0.160617
v 0.837323 1.937045 -0.167596
v 0.578960 1.391306 -0.092688
v 0.576585 1.408400 -0.092166
v 0.836956 1.922595 -0.165967
v 0.839794 1.863912 -0.162517
v 0.833773 1.750980 -0.151196
v 0.834025 1.684610 -0.150684
v 0.809982 1.935372 -0.154887
v 0.788780 1.742771 -0.131571
v 0.815506 1.556657 -0.144528
v 0.765369 1.873118 -0.122885
v 0.761448 1.676901 -0.118249
v 0.785354 1.641734 -0.128216
v 0.778653 1.560456 -0.124029
v 0.783144 1.439781 -0.140813
v 0.788265 1.464556 -0.138459
v 0.795547 1.400028 -0.151235
v 0.773629 1.532039 -0.122246
v 0.698990 1.938612 -0.117319
v 0.733586 1.614904 -0.103260
v 0.740968 1.644440 -0.107113
v 0.713305 1.514998 -0.101276
v 0.706519 1.430268 -0.111825
v 0.690583 1.885607 -0.102070
v 0.691623 1.829424 -0.098778
v 0.716847 1.693290 -0.106146
v 0.615784 1.720875 -0.087828
v 0.597803 1.556407 -0.081756
v 0.601744 1.441660 -0.091687
v 0.622072 1.434559 -0.091906
v 0.578207 1.814592 -0.080657
v 0.581785 1.683087 -0.079055
v 0.569926 1.448088 -0.091098
v 0.627424 1.522605 -0.084630
v 0.703705 1.613937 -0.093755
v 0.709909 1.710781 -0.103703
v 0.723300 1.911013 -0.117090
v 0.776217 1.400206 -0.144610
v 0.760038 1.405826 -0.136256
v 0.823338 1.471211 -0.156118
v 0.832505 1.493328 -0.156266
v 0.819389 1.936884 -0.159608
v 0.838409 1.405787 -0.166924
v 0.827150 1.827392 -0.149855
v 0.784864 1.947603 -0.146219
v 0.614097 1.759673 -0.084776
v 0.604861 1.737400 -0.086629
v 0.608164 1.700972 -0.084783
v 0.610050 1.945431 -0.099045
v 0.632591 1.497575 -0.085450
v 0.695679 1.572179 -0.091964
v 0.674042 1.685771 -0.094560
v 0.669296 1.931906 -0.105974
v 0.754393 1.425182 -0.129063
v 0.760204 1.689156 -0.119921
v 0.772477 1.779743 -0.122903
v 0.806955 1.892306 -0.146736
v 0.830524 1.795695 -0.150979
v 0.825729 1.393954 -0.162729
v 0.840145 1.944270 -0.164927
v 0.780921 1.590908 -0.123671
v 0.837668 1.923145 -0.165736
v 0.830316 1.885302 -0.159823
v 0.827151 1.586626 -0.147389
v 0.832828 1.515359 -0.154864
v 0.830590 1.423696 -0.164576
v 0.799227 1.867283 -0.137362
v 0.817000 1.713966 -0.145493
v 0.803884 1.693666 -0.138388
v 0.804039 1.674682 -0.136176
v 0.805969 1.403476 -0.154631
v 0.772850 1.934718 -0.137456
v 0.804587 1.618900 -0.136242
v 0.745003 1.818888 -0.113213
v 0.767843 1.720127 -0.124717
v 0.640112 1.944023 -0.103379
v 0.756844 1.501555 -0.118180
v 0.727676 1.665616 -0.104265
v 0.679839 1.409528 -0.110083
v 0.682986 1.671610 -0.094267
v 0.662298 1.908626 -0.098265
v 0.640535 1.802445 -0.087262
v 0.653158 1.713749 -0.092000
v 0.655676 1.632456 -0.087366
v 0.645521 1.474450 -0.089222
v 0.601295 1.934577 -0.096192
v 0.616320 1.915068 -0.093520
v 0.600727 1.841072 -0.082209
v 0.618481 1.688619 -0.084187
v 0.631164 1.662937 -0.086678
v 0.594327 1.603306 -0.080780
v 0.619171 1.398132 -0.099572
v 0.625465 1.412852 -0.096407
v 0.577657 1.929423 -0.092098
v 0.584187 1.879656 -0.088214
v 0.618715 1.641817 -0.086070
v 0.584186 1.569185 -0.081673
v 0.586049 1.590182 -0.081777
v 0.578929 1.507678 -0.084541
v 0.592315 1.522066 -0.084191
v 0.596592 1.489862 -0.084825
v 0.587957 1.474573 -0.088032
v 0.581918 1.427672 -0.092625
v 0.578642 1.540174 -0.083373
v 0.574252 1.900520 -0.090725
v 0.601009 1.886458 -0.087425
v 0.634599 1.549025 -0.083958
v 0.632066 1.607658 -0.083098
v 0.637303 1.919001 -0.095888
v 0.685002 1.471010 -0.098905
v 0.749128 1.910432 -0.124638
v 0.817957 1.784391 -0.142784
v 0.789542 1.923514 -0.143176
v 0.833552 1.617555 -0.153533
v 0.816096 1.662112 -0.143632
v 0.846911 1.940138 -0.166126
v 0.846090 1.948118 -0.163472
v 0.847970 1.924448 -0.169239
v 0.845351 1.916774 -0.168365
v 0.847579 1.912078 -0.168869
v 0.848856 1.903721 -0.169600
v 0.846869 1.896636 -0.169041
v 0.845724 1.887772 -0.168120
v 0.845955 1.875766 -0.167389
v 0.844536 1.867008 -0.165508
v 0.844067 1.854577 -0.162644
v 0.843707 1.849500 -0.161380
v 0.843446 1.837369 -0.159650
v 0.844250 1.818848 -0.159273
v 0.843908 1.804723 -0.159152
v 0.842211 1.781892 -0.156919
v 0.841946 1.795485 -0.157884
v 0.841844 1.771142 -0.155458
v 0.842716 1.762189 -0.155488
v 0.843687 1.740701 -0.156743
v 0.843753 1.749020 -0.155986
v 0.844565 1.718147 -0.157184
v 0.843696 1.726663 -0.157672
v 0.843397 1.734841 -0.157600
v 0.845144 1.712802 -0.157086
v 0.844842 1.709511 -0.156887
v 0.842153 1.706357 -0.155684
v 0.840369 1.698265 -0.154855
v 0.842194 1.692612 -0.155037
v 0.844619 1.674117 -0.155190
v 0.844161 1.683879 -0.155026
v 0.844537 1.671126 -0.155489
v 0.843400 1.661701 -0.157077
v 0.841803 1.648316 -0.158575
v 0.840909 1.635394 -0.158529
v 0.840809 1.622586 -0.157827
v 0.841327 1.608144 -0.157063
v 0.841933 1.596990 -0.155969
v 0.840639 1.570604 -0.157154
v 0.839526 1.560710 -0.158127
v 0.837070 1.550676 -0.157506
v 0.841420 1.589048 -0.155035
v 0.841632 1.582415 -0.155702
v 0.841269 1.576032 -0.156523
v 0.838523 1.538487 -0.158231
v 0.840697 1.521275 -0.158392
v 0.840235 1.506841 -0.158062
v 0.839528 1.493625 -0.159517
v 0.838243 1.479205 -0.161933
v 0.839004 1.466219 -0.164974
v 0.841241 1.448850 -0.167336
v 0.841876 1.432201 -0.167434
v 0.842060 1.421684 -0.167318
v 0.842285 1.408253 -0.167336
v 0.840989 1.398522 -0.166992
v 0.838997 1.396146 -0.166312
v 0.839289 1.395408 -0.166461
v 0.565926 1.947344 -0.089432
v 0.570766 1.929763 -0.086422
v 0.566757 1.939029 -0.088867
v 0.567388 1.915419 -0.089001
v 0.566455 1.928955 -0.088807
v 0.569398 1.868070 -0.087925
v 0.568608 1.892792 -0.088829
v 0.575279 1.835241 -0.081714
v 0.570829 1.861546 -0.087612
v 0.573010 1.858783 -0.086795
v 0.574620 1.848555 -0.084212
v 0.574488 1.817972 -0.080257
v 0.574021 1.802765 -0.079665
v 0.575476 1.792361 -0.079574
v 0.577364 1.750480 -0.081646
v 0.574490 1.757851 -0.080635
v 0.574044 1.773520 -0.079741
v 0.576930 1.723120 -0.083876
v 0.573444 1.716764 -0.082700
v 0.572447 1.744783 -0.082025
v 0.570717 1.738296 -0.082680
v 0.572052 1.731267 -0.083227
v 0.572431 1.711203 -0.080938
v 0.572314 1.707032 -0.080060
v 0.571756 1.698409 -0.078764
v 0.572714 1.691709 -0.078084
v 0.573450 1.684350 -0.077772
v 0.573270 1.676754 -0.078731
v 0.573031 1.666430 -0.080402
v 0.572508 1.657539 -0.081937
v 0.572024 1.649038 -0.083176
v 0.573878 1.624698 -0.082311
v 0.574843 1.615403 -0.081166
v 0.573869 1.599906 -0.081008
v 0.574415 1.595366 -0.081321
v 0.574043 1.585507 -0.081694
v 0.573641 1.567029 -0.081183
v 0.574470 1.554819 -0.080823
v 0.573234 1.549292 -0.081173
v 0.573001 1.499336 -0.084147
v 0.573533 1.491268 -0.085141
v 0.570860 1.482464 -0.087150
v 0.572528 1.636027 -0.083270
v 0.573820 1.607996 -0.080626
v 0.571204 1.538625 -0.082529
v 0.570097 1.526981 -0.083668
v 0.570447 1.520971 -0.083931
v 0.571579 1.509654 -0.083923
v 0.569687 1.473794 -0.088810
v 0.568401 1.467319 -0.089626
v 0.565905 1.458390 -0.089860
v 0.565369 1.447945 -0.089653
v 0.563802 1.441601 -0.088823
v 0.560986 1.435189 -0.087327
v 0.563524 1.425347 -0.088299
v 0.564031 1.412839 -0.088727
v 0.563756 1.400728 -0.088661
v 0.837375 1.954204 -0.160965
v 0.831779 1.953515 -0.161684
v 0.822172 1.956087 -0.161672
v 0.815112 1.956563 -0.160140
v 0.808423 1.955621 -0.157546
v 0.802120 1.954700 -0.154722
v 0.791296 1.953141 -0.149809
v 0.779859 1.952835 -0.144990
v 0.772637 1.953505 -0.142408
v 0.766443 1.952334 -0.140056
v 0.751425 1.951793 -0.135776
v 0.742784 1.952126 -0.133639
v 0.733718 1.952386 -0.131148
v 0.719941 1.951558 -0.126832
v 0.660409 1.949486 -0.108879
v 0.641925 1.950629 -0.105089
v 0.623206 1.951787 -0.101795
v 0.606942 1.953412 -0.098801
v 0.593630 1.954661 -0.095737
v 0.785431 1.952350 -0.147069
v 0.759569 1.950783 -0.137582
v 0.697294 1.949911 -0.119609
v 0.673199 1.948923 -0.112220
v 0.580214 1.954947 -0.092030
v 0.589679 1.398714 -0.091113
v 0.839032 1.391470 -0.166189
v 0.831076 1.391833 -0.163923
v 0.820214 1.392146 -0.160112
v 0.806264 1.392607 -0.155248
v 0.798602 1.393458 -0.152610
v 0.784597 1.393932 -0.148101
v 0.772422 1.394135 -0.143692
v 0.761851 1.395016 -0.139224
v 0.754173 1.394682 -0.135995
v 0.745464 1.394861 -0.132546
v 0.727279 1.395672 -0.126444
v 0.700939 1.395012 -0.119182
v 0.681166 1.395294 -0.113890
v 0.661231 1.396577 -0.108472
v 0.649217 1.395509 -0.105806
v 0.638627 1.395261 -0.103409
v 0.626294 1.395082 -0.100991
v 0.614543 1.394437 -0.098917
v 0.631599 1.395158 -0.101982
v 0.604871 1.393758 -0.097214
v 0.587284 1.389805 -0.094436
v 0.583187 1.389318 -0.092802
v 0.572424 1.387796 -0.090389
v 0.564686 1.391242 -0.088317
v 0.568452 1.388609 -0.089513
v 0.789433 1.656613 -0.125486
v 0.820494 1.648156 -0.141861
v 0.568991 1.865357 -0.082610
v 0.573316 1.860459 -0.080030
v 0.570720 1.699696 -0.074799
v 0.806878 1.956000 -0.152821
v 0.810274 1.563719 -0.135195
v 0.800934 1.550706 -0.130530
v 0.676758 1.589756 -0.083512
v 0.674117 1.552472 -0.083921
v 0.598031 1.568123 -0.076292
v 0.830648 1.452132 -0.158105
v 0.567631 1.410376 -0.085875
v 0.567646 1.423205 -0.085687
v 0.581257 1.615801 -0.076218
v 0.575359 1.604533 -0.075970
v 0.578982 1.948931 -0.088310
v 0.659897 1.396564 -0.103623
v 0.654417 1.414600 -0.097151
v 0.632873 1.566844 -0.078177
v 0.655191 1.545043 -0.081375
v 0.646916 1.733144 -0.087659
v 0.659075 1.951498 -0.104426
v 0.653655 1.940481 -0.099123
v 0.678379 1.620643 -0.084730
v 0.686700 1.638618 -0.087607
v 0.750008 1.697819 -0.112759
v 0.734361 1.690102 -0.106489
v 0.749025 1.733467 -0.112693
v 0.807989 1.729305 -0.136678
v 0.789620 1.404114 -0.143643
v 0.811760 1.436660 -0.150488
v 0.798073 1.424076 -0.144756
v 0.781341 1.890333 -0.127054
v 0.791259 1.857891 -0.127601
v 0.847184 1.855512 -0.158638
v 0.842846 1.892697 -0.162802
v 0.833732 1.907073 -0.159367
v 0.737530 1.679352 -0.105368
v 0.755215 1.669921 -0.110264
v 0.627161 1.476528 -0.082180
v 0.650268 1.500870 -0.082938
v 0.598798 1.615068 -0.076555
v 0.610178 1.593857 -0.076351
v 0.613570 1.562471 -0.077043
v 0.606566 1.546007 -0.077948
v 0.845956 1.736268 -0.153876
v 0.766728 1.652346 -0.114064
v 0.768591 1.634141 -0.113808
v 0.579318 1.840747 -0.076748
v 0.585995 1.812778 -0.075733
v 0.803550 1.943019 -0.147483
v 0.819470 1.940557 -0.154424
v 0.748514 1.860269 -0.111919
v 0.776211 1.843677 -0.120687
v 0.729381 1.393675 -0.123146
v 0.621757 1.953947 -0.097909
v 0.620961 1.945519 -0.095659
v 0.660213 1.929623 -0.097478
v 0.679697 1.921812 -0.100792
v 0.737024 1.530373 -0.103224
v 0.739869 1.482495 -0.109495
v 0.715444 1.677822 -0.098455
v 0.702221 1.664276 -0.092984
v 0.677687 1.948790 -0.108731
v 0.689236 1.930842 -0.106265
v 0.760995 1.553924 -0.110915
v 0.786509 1.545267 -0.122964
v 0.765335 1.902530 -0.122827
v 0.748266 1.886379 -0.114717
v 0.803151 1.413321 -0.147910
v 0.818290 1.408041 -0.154980
v 0.837848 1.694890 -0.148854
v 0.815691 1.691077 -0.137821
v 0.815234 1.950634 -0.155502
v 0.828244 1.943270 -0.160199
v 0.831471 1.400842 -0.160197
v 0.572573 1.400257 -0.087033
v 0.585436 1.398657 -0.089331
v 0.847664 1.879407 -0.164003
v 0.822570 1.952363 -0.158909
v 0.831814 1.942435 -0.161592
v 0.837877 1.929930 -0.161692
v 0.835650 1.915746 -0.160780
v 0.820265 1.822840 -0.140457
v 0.848625 1.672979 -0.153029
v 0.832204 1.574893 -0.146230
v 0.823942 1.432185 -0.156761
v 0.825433 1.414292 -0.158038
v 0.774305 1.957942 -0.139768
v 0.777438 1.952427 -0.138943
v 0.786257 1.946205 -0.140539
v 0.818300 1.593654 -0.136854
v 0.815619 1.579213 -0.136566
v 0.771084 1.449520 -0.127915
v 0.804515 1.446683 -0.145224
v 0.769874 1.949102 -0.135308
v 0.769780 1.929268 -0.130093
v 0.775322 1.698643 -0.122256
v 0.792105 1.692496 -0.127943
v 0.785642 1.613245 -0.120802
v 0.810280 1.604451 -0.132767
v 0.712164 1.787742 -0.098829
v 0.726182 1.843645 -0.104356
v 0.694065 1.700847 -0.095979
v 0.735123 1.702321 -0.107986
v 0.718748 1.655923 -0.096395
v 0.748779 1.660463 -0.106797
v 0.721265 1.640802 -0.096271
v 0.753301 1.627294 -0.106698
v 0.689297 1.534731 -0.088434
v 0.718299 1.552400 -0.095224
v 0.660920 1.727230 -0.089181
v 0.618482 1.717341 -0.082987
v 0.634690 1.685283 -0.082092
v 0.654217 1.694120 -0.086745
v 0.631466 1.423286 -0.090278
v 0.610511 1.410373 -0.090190
v 0.622954 1.456485 -0.084063
v 0.637775 1.442118 -0.087993
v 0.588704 1.778301 -0.076369
v 0.589985 1.746195 -0.079285
v 0.646133 1.742668 -0.086564
v 0.572722 1.674343 -0.074758
v 0.595451 1.676010 -0.076523
v 0.573028 1.518455 -0.079405
v 0.588357 1.509820 -0.078963
v 0.566836 1.869529 -0.083954
v 0.582314 1.640454 -0.079276
v 0.587640 1.631281 -0.078199
v 0.564759 1.433805 -0.085116
v 0.567882 1.476920 -0.083518
v 0.573126 1.464287 -0.085088
v 0.577741 1.720553 -0.079442
v 0.592411 1.716904 -0.079898
v 0.609816 1.399203 -0.092600
v 0.624102 1.398105 -0.094872
v 0.641794 1.902878 -0.088884
v 0.648872 1.925105 -0.093955
v 0.665065 1.492803 -0.086710
v 0.656785 1.453614 -0.090024
v 0.780243 1.405537 -0.139661
v 0.797107 1.707263 -0.132052
v 0.834524 1.711560 -0.148164
v 0.812705 1.949393 -0.153663
v 0.822642 1.942253 -0.156373
v 0.835254 1.936799 -0.162070
v 0.832804 1.936395 -0.160271
v 0.843525 1.836735 -0.154175
v 0.793522 1.702426 -0.130311
v 0.762991 1.466319 -0.120931
v 0.790485 1.482642 -0.130478
v 0.645910 1.392283 -0.101453
v 0.635058 1.395937 -0.097665
v 0.774697 1.412671 -0.135409
v 0.750150 1.406115 -0.126721
v 0.810239 1.542861 -0.136104
v 0.569040 1.395514 -0.086154
v 0.822117 1.399638 -0.156757
v 0.815840 1.394022 -0.154459
v 0.809918 1.390951 -0.152789
v 0.829182 1.566527 -0.145801
v 0.788845 1.627215 -0.123452
v 0.818373 1.636723 -0.140159
v 0.798901 1.571919 -0.128693
v 0.763126 1.570206 -0.111563
v 0.811192 1.475336 -0.142262
v 0.817279 1.455600 -0.150082
v 0.798204 1.406235 -0.146352
v 0.807481 1.395674 -0.151144
v 0.756312 1.391237 -0.133192
v 0.745402 1.396399 -0.127483
v 0.738308 1.434597 -0.116256
v 0.733958 1.412855 -0.119188
v 0.673965 1.421156 -0.100378
v 0.710309 1.408094 -0.113314
v 0.709412 1.867105 -0.101186
v 0.666682 1.869460 -0.090790
v 0.698448 1.683322 -0.095425
v 0.653291 1.680760 -0.085239
v 0.605282 1.683460 -0.077263
v 0.584925 1.691478 -0.075220
v 0.609478 1.669968 -0.078846
v 0.589744 1.656111 -0.078945
v 0.576444 1.939949 -0.087481
v 0.588042 1.928275 -0.089154
v 0.586212 1.938811 -0.089559
v 0.602212 1.650048 -0.080664
v 0.653056 1.653368 -0.085136
v 0.575344 1.484928 -0.081222
v 0.597461 1.473182 -0.081705
v 0.564832 1.457683 -0.086097
v 0.570171 1.456784 -0.086118
v 0.569582 1.434891 -0.086192
v 0.574179 1.445090 -0.086673
v 0.565142 1.438811 -0.085501
v 0.579465 1.702497 -0.076131
v 0.590417 1.710950 -0.078801
v 0.570742 1.879455 -0.084435
v 0.580485 1.904853 -0.086567
v 0.574479 1.547531 -0.077188
v 0.589728 1.543031 -0.077856
v 0.587218 1.863059 -0.078741
v 0.611644 1.873020 -0.081419
v 0.592357 1.949700 -0.091383
v 0.616103 1.536062 -0.079004
v 0.644744 1.530300 -0.081150
v 0.709759 1.631253 -0.092264
v 0.727198 1.594837 -0.096553
v 0.723582 1.724258 -0.103483
v 0.749386 1.709498 -0.112814
v 0.738309 1.933004 -0.122418
v 0.736842 1.898663 -0.113860
v 0.724996 1.942097 -0.120835
v 0.706073 1.925522 -0.110027
v 0.790963 1.911935 -0.136148
v 0.811982 1.915483 -0.148266
v 0.824142 1.483600 -0.147559
v 0.830260 1.668627 -0.144253
v 0.794525 1.665348 -0.127333
v 0.795992 1.947765 -0.145155
v 0.801775 1.952584 -0.149347
v 0.846830 1.710988 -0.153767
v 0.785973 1.505491 -0.125401
v 0.755491 1.536045 -0.109653
v 0.625382 1.389582 -0.098013
v 0.628030 1.393358 -0.097100
v 0.571670 1.693955 -0.074231
v 0.594104 1.697229 -0.077323
v 0.634888 1.698509 -0.083960
v 0.605192 1.811101 -0.077502
v 0.623598 1.848109 -0.081298
v 0.611605 1.479321 -0.080875
v 0.606194 1.496540 -0.079246
v 0.654603 1.617918 -0.081414
v 0.616998 1.625301 -0.078573
v 0.709437 1.688964 -0.099119
v 0.684214 1.695277 -0.093444
v 0.718795 1.473038 -0.103864
v 0.686901 1.503684 -0.090875
v 0.720643 1.889241 -0.106892
v 0.703834 1.908230 -0.104992
v 0.735555 1.956893 -0.128565
v 0.762598 1.923129 -0.126551
v 0.747958 1.942114 -0.127459
v 0.769294 1.956278 -0.137591
v 0.780814 1.423571 -0.136217
v 0.760818 1.438347 -0.124744
v 0.825840 1.612115 -0.141943
v 0.832796 1.630481 -0.147804
v 0.817786 1.810439 -0.138431
v 0.832211 1.409257 -0.160513
v 0.833384 1.876503 -0.153125
v 0.826054 1.903499 -0.154098
v 0.834816 1.393258 -0.161358
v 0.819450 1.391051 -0.156004
v 0.601893 1.393844 -0.092779
v 0.847240 1.932058 -0.166161
v 0.848249 1.922313 -0.166298
v 0.840321 1.933081 -0.163960
v 0.842788 1.867488 -0.157672
v 0.844423 1.880848 -0.161914
v 0.829998 1.737395 -0.145588
v 0.816746 1.751877 -0.137829
v 0.840602 1.433122 -0.163480
v 0.831443 1.439618 -0.159640
v 0.826362 1.926016 -0.156991
v 0.828640 1.934065 -0.158091
v 0.823270 1.871343 -0.145892
v 0.794420 1.894907 -0.134441
v 0.811317 1.844037 -0.136302
v 0.829556 1.852012 -0.146749
v 0.844884 1.715622 -0.152943
v 0.841461 1.722927 -0.151834
v 0.777975 1.671521 -0.119700
v 0.793110 1.682515 -0.126909
v 0.837222 1.675723 -0.147099
v 0.816315 1.684236 -0.137320
v 0.833315 1.596121 -0.145159
v 0.821154 1.509284 -0.143359
v 0.798756 1.956261 -0.149325
v 0.779802 1.924090 -0.132789
v 0.787786 1.937707 -0.139164
v 0.805878 1.774662 -0.132025
v 0.799779 1.806415 -0.129491
v 0.802511 1.511859 -0.132890
v 0.798012 1.534145 -0.129309
v 0.736364 1.774192 -0.106118
v 0.776316 1.813640 -0.120015
v 0.748653 1.750294 -0.111236
v 0.794518 1.758675 -0.127770
v 0.783187 1.710907 -0.126359
v 0.817111 1.722120 -0.141023
v 0.747972 1.686056 -0.110312
v 0.780970 1.687723 -0.122687
v 0.748793 1.586595 -0.104753
v 0.763604 1.610440 -0.110628
v 0.715753 1.447807 -0.106785
v 0.675470 1.438659 -0.097115
v 0.685562 1.391835 -0.111556
v 0.710383 1.396988 -0.116542
v 0.716368 1.582078 -0.093253
v 0.689940 1.601465 -0.086163
v 0.643679 1.936259 -0.095925
v 0.628214 1.938495 -0.094558
v 0.658218 1.891999 -0.090698
v 0.683627 1.907848 -0.098982
v 0.679733 1.783949 -0.090837
v 0.652324 1.842062 -0.086370
v 0.644610 1.704703 -0.086185
v 0.614741 1.711325 -0.082093
v 0.658263 1.600670 -0.080969
v 0.632298 1.586059 -0.077913
v 0.616528 1.507596 -0.079315
v 0.644316 1.515235 -0.081449
v 0.598185 1.925833 -0.089634
v 0.611489 1.934126 -0.092034
v 0.610559 1.941594 -0.093473
v 0.595344 1.943794 -0.091510
v 0.627562 1.904856 -0.087479
v 0.621675 1.928984 -0.091562
v 0.657336 1.761408 -0.086757
v 0.612531 1.783671 -0.078771
v 0.672103 1.662265 -0.087225
v 0.641191 1.672976 -0.082643
v 0.602771 1.514160 -0.078862
v 0.602302 1.529078 -0.078819
v 0.602769 1.419436 -0.088581
v 0.609607 1.446824 -0.084926
v 0.631678 1.402613 -0.094931
v 0.639228 1.416410 -0.093095
v 0.581197 1.874394 -0.080840
v 0.586713 1.902110 -0.085395
v 0.571877 1.843064 -0.077905
v 0.572354 1.732472 -0.079342
v 0.614423 1.635113 -0.079676
v 0.659259 1.646338 -0.085092
v 0.597904 1.587635 -0.076106
v 0.579983 1.598019 -0.076070
v 0.573823 1.582737 -0.077242
v 0.593896 1.578167 -0.076459
v 0.572978 1.497341 -0.079793
v 0.589148 1.500449 -0.079038
v 0.587982 1.533789 -0.078702
v 0.572956 1.526469 -0.079269
v 0.583923 1.455436 -0.085531
v 0.599625 1.459592 -0.083767
v 0.591379 1.418442 -0.088977
v 0.582509 1.441537 -0.087109
v 0.572619 1.422053 -0.086724
v 0.585452 1.408901 -0.089047
v 0.570877 1.639927 -0.079196
v 0.580060 1.918728 -0.087526
v 0.616207 1.895733 -0.085008
v 0.597937 1.912039 -0.086904
v 0.675708 1.706698 -0.091495
v 0.689801 1.722768 -0.093974
v 0.823746 1.763704 -0.140529
v 0.813380 1.926881 -0.150783
v 0.799692 1.937644 -0.145024
v 0.827129 1.497747 -0.146989
v 0.843711 1.637136 -0.155254
v 0.846143 1.608853 -0.154940
v 0.835284 1.605475 -0.147211
v 0.840012 1.652088 -0.151962
v 0.844338 1.664422 -0.152117
v 0.591057 1.393579 -0.090522
v 0.843740 1.596170 -0.151575
v 0.847597 1.598487 -0.154557
v 0.844240 1.602287 -0.152654
v 0.804503 1.948693 -0.149202
v 0.810006 1.945118 -0.150769
v 0.812835 1.946873 -0.152669
v 0.819379 1.704254 -0.141422
v 0.836703 1.706630 -0.149178
v 0.821455 1.707556 -0.142346
v 0.573778 1.664183 -0.076496
v 0.586470 1.664386 -0.077299
v 0.580444 1.669848 -0.075849
v 0.639419 1.406149 -0.095611
v 0.642299 1.398390 -0.098531
v 0.648044 1.403816 -0.098382
v 0.653924 1.583348 -0.080039
v 0.653231 1.566326 -0.080167
v 0.666725 1.573593 -0.081853
v 0.759567 1.951224 -0.133164
v 0.757634 1.940720 -0.129504
v 0.763789 1.942853 -0.131700
v 0.811298 1.425966 -0.151158
v 0.813196 1.416934 -0.152463
v 0.819581 1.422440 -0.155301
v 0.810211 1.525221 -0.136479
v 0.823915 1.525489 -0.144606
v 0.820550 1.535931 -0.142431
v 0.839108 1.442607 -0.162870
v 0.842510 1.447733 -0.164195
v 0.839285 1.451716 -0.162506
v 0.843912 1.907547 -0.164245
v 0.841997 1.902836 -0.163299
v 0.847197 1.900340 -0.165526
v 0.815402 1.954889 -0.156387
v 0.820361 1.950013 -0.157799
v 0.822941 1.950375 -0.158882
v 0.833990 1.942459 -0.162315
v 0.843049 1.931763 -0.164927
v 0.839856 1.938131 -0.163985
v 0.574173 1.391424 -0.087240
v 0.580313 1.390684 -0.088621
v 0.578610 1.394174 -0.088239
v 0.571492 1.411464 -0.086669
v 0.576963 1.403389 -0.087876
v 0.576859 1.410112 -0.087701
v 0.835178 1.926571 -0.160691
v 0.841778 1.918073 -0.163255
v 0.842633 1.922297 -0.163448
v 0.846391 1.869479 -0.161070
v 0.848852 1.861864 -0.161447
v 0.848623 1.869960 -0.163069
v 0.834891 1.746930 -0.146766
v 0.845213 1.748323 -0.152191
v 0.838209 1.755466 -0.147980
v 0.835997 1.683510 -0.146468
v 0.845184 1.685537 -0.151266
v 0.835371 1.689792 -0.146656
v 0.813365 1.939304 -0.151609
v 0.811228 1.935344 -0.150461
v 0.820430 1.934459 -0.154650
v 0.783213 1.745330 -0.124230
v 0.787306 1.735949 -0.127021
v 0.807670 1.741688 -0.134749
v 0.815323 1.556048 -0.138518
v 0.823094 1.550979 -0.143523
v 0.829133 1.558534 -0.146669
v 0.766303 1.866500 -0.118043
v 0.775892 1.875984 -0.122527
v 0.763159 1.884186 -0.118788
v 0.764967 1.683414 -0.115751
v 0.756524 1.678023 -0.111695
v 0.773433 1.679028 -0.118331
v 0.780558 1.642872 -0.120368
v 0.797094 1.638174 -0.128742
v 0.797009 1.647159 -0.129296
v 0.778473 1.555909 -0.118822
v 0.793512 1.558743 -0.126344
v 0.782329 1.564663 -0.120644
v 0.781090 1.434510 -0.134952
v 0.796477 1.434509 -0.142870
v 0.788424 1.441558 -0.137808
v 0.786410 1.465261 -0.131666
v 0.791132 1.454578 -0.136498
v 0.803130 1.462271 -0.140814
v 0.794106 1.397235 -0.146404
v 0.799411 1.392880 -0.148987
v 0.799945 1.398076 -0.148153
v 0.774856 1.526660 -0.118256
v 0.787801 1.526475 -0.124243
v 0.775212 1.539217 -0.117593
v 0.692717 1.942840 -0.111119
v 0.707594 1.941063 -0.115108
v 0.700117 1.950585 -0.116015
v 0.728732 1.614688 -0.097114
v 0.744689 1.607768 -0.102723
v 0.736684 1.623973 -0.100163
v 0.739163 1.651551 -0.102318
v 0.740927 1.641162 -0.102390
v 0.753786 1.644692 -0.107589
v 0.709934 1.526157 -0.094630
v 0.709935 1.501643 -0.097251
v 0.724851 1.509666 -0.100939
v 0.702065 1.432341 -0.105296
v 0.700731 1.420410 -0.107429
v 0.720481 1.424126 -0.112276
v 0.682110 1.893362 -0.096273
v 0.689668 1.880563 -0.096871
v 0.701229 1.892528 -0.101322
v 0.689914 1.847447 -0.094799
v 0.680826 1.822208 -0.091617
v 0.703972 1.822749 -0.097265
v 0.709371 1.694041 -0.099648
v 0.728476 1.694784 -0.105249
v 0.716459 1.697942 -0.101964
v 0.598268 1.721727 -0.081352
v 0.624651 1.723145 -0.084291
v 0.615274 1.726102 -0.083682
v 0.587251 1.550835 -0.076919
v 0.600395 1.554868 -0.076916
v 0.590145 1.558168 -0.076384
v 0.594428 1.447375 -0.085800
v 0.591944 1.434767 -0.087437
v 0.600336 1.435943 -0.086732
v 0.612963 1.431179 -0.086886
v 0.619008 1.424217 -0.088352
v 0.623152 1.438564 -0.086417
v 0.569946 1.818608 -0.075964
v 0.570699 1.808165 -0.075533
v 0.574922 1.819576 -0.075645
v 0.572611 1.683331 -0.073775
v 0.578996 1.679087 -0.074401
v 0.583150 1.684637 -0.074548
v 0.567145 1.452222 -0.086240
v 0.565427 1.447897 -0.086032
v 0.568745 1.444887 -0.086269
v 0.614065 1.521901 -0.079116
v 0.627008 1.517754 -0.079808
v 0.626791 1.526912 -0.079768
v 0.695893 1.622758 -0.087940
v 0.704298 1.605753 -0.089422
v 0.710384 1.614668 -0.091299
v 0.699333 1.711457 -0.096392
v 0.712413 1.705658 -0.100444
v 0.721364 1.712255 -0.102724
v 0.720643 1.908243 -0.110389
v 0.731147 1.916349 -0.115864
v 0.721803 1.924199 -0.114718
v 0.777235 1.392453 -0.141614
v 0.783583 1.396704 -0.142946
v 0.777512 1.397198 -0.140504
v 0.758457 1.396779 -0.132411
v 0.768649 1.399958 -0.135965
v 0.764014 1.404212 -0.132774
v 0.823551 1.466301 -0.151144
v 0.833196 1.463084 -0.157474
v 0.831056 1.472261 -0.154029
v 0.837831 1.494598 -0.153120
v 0.836511 1.485487 -0.154058
v 0.842629 1.490533 -0.156800
v 0.823922 1.944690 -0.158314
v 0.822179 1.944505 -0.157064
v 0.829335 1.940402 -0.159735
v 0.838679 1.408875 -0.162551
v 0.838697 1.402522 -0.162546
v 0.841954 1.407041 -0.163619
v 0.840403 1.825135 -0.151857
v 0.828630 1.837126 -0.145218
v 0.833210 1.821716 -0.147663
v 0.788319 1.955983 -0.144618
v 0.785134 1.952605 -0.142008
v 0.792447 1.952789 -0.145169
v 0.596619 1.761602 -0.078008
v 0.614036 1.750767 -0.081059
v 0.622214 1.762407 -0.080985
v 0.609092 1.738526 -0.082188
v 0.585867 1.735582 -0.080161
v 0.609481 1.732564 -0.082957
v 0.615275 1.705665 -0.081720
v 0.594613 1.705220 -0.078613
v 0.608845 1.701278 -0.080189
v 0.604649 1.951055 -0.094157
v 0.606176 1.946548 -0.093776
v 0.613993 1.950056 -0.095697
v 0.620540 1.491992 -0.080104
v 0.633840 1.493324 -0.081187
v 0.630432 1.502813 -0.080300
v 0.699600 1.580951 -0.088359
v 0.687541 1.571856 -0.085737
v 0.699295 1.560037 -0.089084
v 0.661084 1.689019 -0.087535
v 0.674565 1.685835 -0.090169
v 0.684145 1.690061 -0.092844
v 0.675466 1.939422 -0.104667
v 0.664117 1.942703 -0.102435
v 0.670538 1.932886 -0.101074
v 0.749441 1.421599 -0.122633
v 0.760797 1.415709 -0.128513
v 0.763808 1.425178 -0.127923
v 0.771762 1.694026 -0.120085
v 0.754092 1.693191 -0.113486
v 0.764079 1.690344 -0.116660
v 0.767339 1.785113 -0.116395
v 0.773359 1.767620 -0.118971
v 0.788047 1.785186 -0.124284
v 0.807807 1.904145 -0.143657
v 0.811455 1.890487 -0.142814
v 0.821027 1.893415 -0.148997
v 0.835314 1.804422 -0.148467
v 0.834775 1.797077 -0.147510
v 0.843847 1.789848 -0.153176
v 0.824193 1.394237 -0.157628
v 0.828333 1.392557 -0.159092
v 0.832193 1.395544 -0.160426
v 0.841130 1.953757 -0.164243
v 0.843800 1.945802 -0.165036
v 0.847616 1.947808 -0.166154
v 0.801729 1.587844 -0.128728
v 0.791407 1.599291 -0.123280
v 0.770855 1.593536 -0.113955
v 0.782829 1.580656 -0.120123
v 0.840389 1.931302 -0.163249
v 0.844845 1.925108 -0.164463
v 0.845539 1.926089 -0.165165
v 0.837748 1.894167 -0.159881
v 0.834937 1.889095 -0.156845
v 0.840578 1.881937 -0.159275
v 0.837100 1.588192 -0.147276
v 0.827003 1.585498 -0.141811
v 0.837191 1.581839 -0.147926
v 0.835752 1.517651 -0.151151
v 0.837844 1.509251 -0.152057
v 0.843030 1.518873 -0.155081
v 0.829926 1.423086 -0.159744
v 0.834924 1.419063 -0.161517
v 0.834952 1.428764 -0.161473
v 0.796766 1.872636 -0.131475
v 0.812004 1.860998 -0.137787
v 0.806741 1.875891 -0.137149
v 0.813112 1.715412 -0.139059
v 0.818817 1.712381 -0.141337
v 0.833171 1.716926 -0.147788
v 0.810162 1.699323 -0.136985
v 0.797034 1.696884 -0.130785
v 0.817696 1.696019 -0.139603
v 0.798838 1.675886 -0.128899
v 0.810613 1.671445 -0.134379
v 0.817944 1.677226 -0.137681
v 0.810304 1.405375 -0.151513
v 0.806755 1.401547 -0.150230
v 0.813845 1.399042 -0.153373
v 0.777666 1.944716 -0.136564
v 0.772521 1.939797 -0.133365
v 0.778346 1.936239 -0.134618
v 0.808374 1.625469 -0.133451
v 0.805113 1.615243 -0.130661
v 0.819401 1.620929 -0.138985
v 0.754515 1.834355 -0.112351
v 0.735618 1.816769 -0.105831
v 0.750961 1.808102 -0.110596
v 0.774903 1.724197 -0.122891
v 0.755975 1.718070 -0.115257
v 0.784434 1.717946 -0.126881
v 0.647377 1.949197 -0.100735
v 0.640133 1.954086 -0.101198
v 0.630162 1.950838 -0.098344
v 0.637282 1.944991 -0.097573
v 0.764719 1.508344 -0.115783
v 0.750830 1.501680 -0.111017
v 0.767484 1.487028 -0.119469
v 0.721174 1.670274 -0.098394
v 0.730819 1.664846 -0.100582
v 0.736431 1.671753 -0.103398
v 0.684880 1.408062 -0.106453
v 0.669401 1.404073 -0.103649
v 0.687173 1.398507 -0.109805
v 0.679503 1.678279 -0.090007
v 0.671595 1.672075 -0.087532
v 0.694474 1.673531 -0.092398
v 0.665943 1.918555 -0.096227
v 0.654345 1.913341 -0.092626
v 0.665392 1.907302 -0.094099
v 0.627475 1.814546 -0.080731
v 0.637852 1.788062 -0.082414
v 0.650451 1.806228 -0.084787
v 0.646358 1.717597 -0.086611
v 0.641412 1.711273 -0.085786
v 0.665057 1.714193 -0.089370
v 0.645842 1.638632 -0.082399
v 0.644737 1.630396 -0.081289
v 0.666482 1.634289 -0.084059
v 0.641945 1.479470 -0.083483
v 0.637530 1.461733 -0.084916
v 0.650532 1.472711 -0.085799
v 0.593577 1.936139 -0.090661
v 0.601348 1.934891 -0.091402
v 0.600465 1.939822 -0.091959
v 0.609036 1.924895 -0.089867
v 0.610099 1.913501 -0.087584
v 0.617525 1.918487 -0.089002
v 0.589709 1.835611 -0.076399
v 0.603263 1.837481 -0.077726
v 0.597229 1.854057 -0.078086
v 0.615203 1.694216 -0.079868
v 0.606094 1.689773 -0.077727
v 0.628209 1.690783 -0.081409
v 0.614890 1.662193 -0.080357
v 0.628203 1.657397 -0.082313
v 0.640531 1.664410 -0.082899
v 0.583008 1.607181 -0.075702
v 0.589027 1.598764 -0.075719
v 0.594498 1.604144 -0.075776
v 0.616767 1.394142 -0.094865
v 0.614655 1.390925 -0.095585
v 0.621574 1.391312 -0.096568
v 0.621919 1.410979 -0.091230
v 0.620259 1.403359 -0.092785
v 0.628426 1.408749 -0.092698
v 0.573875 1.932045 -0.086898
v 0.575277 1.925699 -0.087106
v 0.580886 1.932040 -0.088348
v 0.576208 1.887477 -0.084608
v 0.573770 1.873573 -0.082505
v 0.579322 1.885884 -0.083398
v 0.620233 1.647727 -0.081965
v 0.599719 1.640787 -0.079930
v 0.623767 1.643528 -0.081611
v 0.580291 1.574080 -0.076647
v 0.572924 1.568276 -0.076807
v 0.581985 1.566475 -0.076319
v 0.583662 1.590451 -0.076384
v 0.574160 1.591962 -0.076959
v 0.581459 1.585342 -0.076745
v 0.575293 1.510224 -0.079316
v 0.569094 1.508519 -0.079639
v 0.575446 1.503340 -0.079325
v 0.583306 1.525542 -0.079085
v 0.583537 1.518187 -0.079107
v 0.593079 1.521585 -0.078897
v 0.585498 1.492313 -0.079517
v 0.588163 1.484177 -0.080341
v 0.598772 1.487182 -0.079746
v 0.582998 1.474769 -0.082343
v 0.575679 1.472172 -0.083529
v 0.586228 1.465749 -0.083757
v 0.582265 1.427685 -0.088008
v 0.575619 1.432545 -0.087141
v 0.578966 1.421158 -0.087843
v 0.569753 1.537113 -0.078466
v 0.575513 1.534564 -0.078707
v 0.576468 1.541485 -0.077914
v 0.568812 1.897026 -0.085401
v 0.573164 1.897529 -0.085877
v 0.572660 1.909757 -0.086300
v 0.590117 1.890193 -0.082757
v 0.596996 1.881305 -0.081257
v 0.600555 1.896767 -0.083965
v 0.636967 1.550769 -0.079185
v 0.621890 1.550714 -0.078198
v 0.631155 1.541338 -0.079426
v 0.630857 1.615349 -0.078733
v 0.617248 1.607344 -0.077147
v 0.636148 1.602895 -0.078547
v 0.630202 1.921004 -0.090459
v 0.638710 1.919738 -0.091140
v 0.635088 1.930456 -0.093095
v 0.674353 1.470301 -0.091642
v 0.689376 1.456347 -0.097656
v 0.693202 1.476072 -0.095810
v 0.745035 1.916128 -0.119917
v 0.752781 1.906632 -0.119720
v 0.752183 1.923585 -0.123580
v 0.827191 1.789846 -0.142511
v 0.815224 1.788527 -0.136242
v 0.829404 1.775252 -0.143303
v 0.789539 1.928672 -0.138359
v 0.797247 1.921776 -0.141299
v 0.799841 1.929769 -0.144009
v 0.837217 1.620398 -0.149743
v 0.841515 1.613751 -0.152075
v 0.844516 1.621837 -0.154898
v 0.817988 1.662759 -0.139015
v 0.814765 1.656717 -0.138282
v 0.832716 1.659055 -0.147105
v 0.848496 1.948712 -0.166030
v 0.849779 1.934982 -0.167159
v 0.849022 1.920514 -0.167202
v 0.849388 1.915496 -0.166843
v 0.849622 1.908144 -0.166741
v 0.849474 1.899935 -0.166969
v 0.848613 1.893830 -0.166490
v 0.849348 1.882753 -0.166095
v 0.849542 1.873165 -0.165442
v 0.849870 1.853442 -0.161798
v 0.849484 1.862534 -0.163458
v 0.849356 1.845898 -0.160254
v 0.849323 1.828847 -0.158710
v 0.849746 1.810410 -0.158641
v 0.847724 1.800989 -0.157563
v 0.847485 1.776768 -0.155505
v 0.846623 1.767853 -0.154098
v 0.847454 1.789625 -0.156852
v 0.847892 1.742893 -0.154948
v 0.848375 1.755249 -0.154810
v 0.848979 1.723177 -0.156462
v 0.848656 1.730791 -0.157043
v 0.848812 1.736477 -0.156581
v 0.849666 1.711419 -0.155819
v 0.849560 1.716060 -0.155991
v 0.846490 1.708637 -0.154316
v 0.844671 1.703251 -0.153583
v 0.843615 1.697570 -0.152952
v 0.848358 1.678494 -0.153564
v 0.847511 1.690753 -0.153801
v 0.849544 1.671060 -0.154329
v 0.848988 1.665089 -0.155383
v 0.847491 1.653240 -0.157142
v 0.846680 1.641230 -0.158106
v 0.845680 1.629493 -0.157195
v 0.846643 1.616373 -0.157002
v 0.847252 1.603266 -0.156028
v 0.845596 1.564132 -0.157147
v 0.842765 1.554713 -0.156731
v 0.847269 1.593219 -0.154839
v 0.846351 1.584794 -0.154253
v 0.846874 1.577154 -0.155585
v 0.844904 1.571442 -0.155402
v 0.841953 1.544726 -0.156581
v 0.844480 1.530566 -0.157324
v 0.845116 1.513524 -0.156882
v 0.844641 1.498862 -0.157590
v 0.843535 1.483737 -0.159793
v 0.842246 1.470166 -0.162175
v 0.843189 1.456505 -0.164613
v 0.843284 1.439630 -0.165080
v 0.842626 1.426879 -0.164581
v 0.843125 1.415280 -0.164625
v 0.842906 1.402646 -0.164577
v 0.841143 1.396428 -0.164044
v 0.840309 1.394834 -0.163802
v 0.849792 1.668884 -0.154092
v 0.850014 1.870530 -0.164416
v 0.840703 1.461487 -0.162068
v 0.847418 1.727834 -0.155241
v 0.845278 1.580007 -0.153182
v 0.834041 1.546878 -0.150660
v 0.839543 1.476502 -0.158086
v 0.842610 1.764262 -0.150645
v 0.840781 1.781247 -0.150313
v 0.845069 1.645993 -0.155837
v 0.849034 1.719515 -0.155224
v 0.840309 1.418546 -0.163198
v 0.850680 1.856924 -0.162034
v 0.849753 1.713676 -0.155188
v 0.842624 1.504190 -0.154930
v 0.845107 1.589808 -0.152315
v 0.849739 1.876600 -0.165100
v 0.837900 1.531562 -0.152941
v 0.847976 1.811859 -0.156607
v 0.847569 1.888497 -0.164952
v 0.831142 1.700713 -0.146683
v 0.847494 1.732291 -0.155409
v 0.849245 1.821168 -0.157407
v 0.848088 1.916950 -0.165550
v 0.850432 1.852657 -0.160946
v 0.847414 1.907823 -0.165527
v 0.841120 1.559885 -0.154096
v 0.839482 1.398183 -0.162887
v 0.847658 1.843457 -0.157549
v 0.842370 1.804056 -0.153194
v 0.847972 1.658708 -0.155324
v 0.844063 1.574623 -0.153337
v 0.842148 1.566576 -0.153693
v 0.565674 1.943444 -0.085189
v 0.567367 1.943869 -0.086037
v 0.566195 1.934152 -0.085787
v 0.566904 1.923303 -0.085982
v 0.567042 1.880243 -0.085137
v 0.566896 1.905558 -0.085855
v 0.570185 1.827879 -0.077511
v 0.566576 1.863891 -0.084354
v 0.567067 1.862178 -0.084184
v 0.568044 1.855967 -0.082607
v 0.569401 1.843766 -0.079742
v 0.571170 1.798575 -0.076146
v 0.571564 1.783065 -0.076170
v 0.574322 1.751772 -0.077938
v 0.569251 1.809689 -0.076512
v 0.570057 1.763440 -0.076734
v 0.573008 1.745424 -0.078661
v 0.573885 1.721923 -0.080421
v 0.567939 1.740099 -0.078987
v 0.567734 1.733443 -0.079584
v 0.572620 1.727060 -0.080339
v 0.569397 1.717108 -0.078688
v 0.570958 1.712410 -0.077496
v 0.569316 1.705267 -0.076198
v 0.569020 1.696640 -0.075047
v 0.570475 1.688539 -0.074473
v 0.569840 1.679504 -0.074742
v 0.569658 1.669393 -0.076290
v 0.570236 1.659404 -0.077988
v 0.568236 1.651949 -0.079324
v 0.570251 1.621381 -0.078383
v 0.569963 1.612818 -0.077418
v 0.570137 1.596606 -0.077747
v 0.569393 1.576572 -0.078083
v 0.569732 1.591178 -0.078168
v 0.569884 1.559491 -0.077514
v 0.570892 1.550922 -0.077484
v 0.568487 1.542956 -0.078442
v 0.569573 1.493625 -0.081155
v 0.568061 1.484494 -0.082893
v 0.568058 1.642181 -0.080009
v 0.568994 1.631025 -0.079491
v 0.568998 1.603494 -0.077379
v 0.567360 1.530780 -0.079832
v 0.566296 1.523245 -0.080471
v 0.567269 1.515540 -0.080478
v 0.567761 1.503544 -0.080575
v 0.565492 1.475788 -0.084830
v 0.565600 1.468351 -0.086046
v 0.564326 1.462492 -0.086504
v 0.564034 1.452978 -0.086591
v 0.563244 1.439933 -0.085570
v 0.564257 1.444946 -0.086324
v 0.563391 1.431164 -0.085304
v 0.563873 1.418985 -0.085656
v 0.563619 1.406924 -0.085723
v 0.564196 1.395056 -0.085777
v 0.565078 1.401170 -0.085409
v 0.571654 1.609750 -0.076289
v 0.568135 1.931119 -0.085625
v 0.570285 1.949246 -0.086815
v 0.566829 1.520688 -0.079714
v 0.568643 1.938269 -0.085736
v 0.572122 1.599691 -0.076560
v 0.566090 1.863425 -0.083577
v 0.576975 1.557413 -0.076492
v 0.566529 1.471050 -0.084693
v 0.574671 1.771153 -0.075768
v 0.565622 1.462748 -0.085860
v 0.572353 1.652720 -0.078427
v 0.564749 1.409499 -0.085344
v 0.578507 1.793724 -0.075569
v 0.565141 1.421862 -0.085244
v 0.566866 1.525217 -0.079564
v 0.577431 1.759241 -0.076693
v 0.568763 1.855052 -0.080802
v 0.574640 1.709076 -0.076635
v 0.576356 1.620686 -0.077074
v 0.575309 1.716532 -0.078135
v 0.574134 1.630345 -0.078377
v 0.572471 1.739874 -0.078634
v 0.570016 1.647035 -0.079159
v 0.568119 1.736429 -0.078698
v 0.566508 1.861862 -0.083138
v 0.569634 1.917436 -0.085954
v 0.590354 1.726445 -0.081351
v 0.837620 1.956664 -0.162881
v 0.829520 1.956590 -0.161143
v 0.819689 1.956038 -0.158608
v 0.813673 1.957337 -0.156616
v 0.799326 1.957517 -0.150617
v 0.778321 1.957564 -0.142011
v 0.770718 1.957429 -0.139248
v 0.747492 1.956856 -0.132661
v 0.738993 1.956860 -0.130369
v 0.728296 1.956718 -0.127191
v 0.651712 1.954894 -0.104868
v 0.631470 1.955225 -0.100759
v 0.613683 1.955224 -0.097371
v 0.600196 1.955917 -0.094486
v 0.809036 1.957153 -0.154679
v 0.790649 1.956780 -0.146759
v 0.784850 1.956894 -0.144370
v 0.763889 1.955587 -0.136590
v 0.755860 1.955136 -0.134261
v 0.710535 1.954661 -0.121286
v 0.684917 1.954088 -0.113561
v 0.667001 1.953494 -0.108134
v 0.585718 1.955405 -0.090903
v 0.725989 1.954819 -0.125087
v 0.578047 1.954575 -0.088951
v 0.741592 1.956951 -0.130305
v 0.594789 1.954704 -0.092418
v 0.747544 1.955010 -0.131242
v 0.779222 1.957335 -0.141432
v 0.604198 1.954864 -0.094633
v 0.832059 1.949676 -0.161655
v 0.842880 1.953066 -0.164026
v 0.837336 1.389844 -0.163159
v 0.828250 1.390108 -0.160027
v 0.814433 1.389665 -0.155272
v 0.803896 1.390576 -0.151546
v 0.793620 1.390692 -0.148312
v 0.780006 1.390681 -0.143818
v 0.769291 1.390915 -0.139652
v 0.760426 1.391145 -0.135876
v 0.752595 1.390144 -0.132868
v 0.739171 1.390930 -0.127894
v 0.714754 1.390975 -0.120571
v 0.690714 1.390300 -0.114213
v 0.671173 1.391857 -0.108736
v 0.654243 1.391972 -0.104450
v 0.643811 1.390520 -0.102384
v 0.633844 1.390753 -0.100086
v 0.619404 1.390220 -0.097482
v 0.608664 1.390993 -0.095269
v 0.596040 1.390465 -0.092612
v 0.585184 1.390040 -0.090230
v 0.576926 1.388922 -0.088493
v 0.566326 1.390463 -0.086170
v 0.628836 1.390172 -0.099328
v 0.569682 1.388723 -0.086854
v 0.768253 1.393929 -0.137616
v 0.787670 1.393111 -0.145213
v 0.841480 1.392012 -0.164403
v 0.571445 1.389269 -0.086632
v 0.836931 1.391670 -0.162305
v 0.700565 1.391096 -0.115752
v 0.824865 1.390278 -0.158116
v 0.748750 1.390908 -0.130319
v 0.629597 1.390104 -0.098629
v 0.638614 1.391297 -0.100078
v 0.568658 1.390491 -0.086020
v 0.585404 1.388833 -0.089974
v 0.783881 1.656606 -0.127875
v 0.813874 1.648971 -0.143697
v 0.576969 1.862984 -0.087320
v 0.581551 1.857849 -0.084704
v 0.574558 1.696798 -0.079481
v 0.802528 1.951654 -0.155134
v 0.803669 1.565201 -0.137046
v 0.794358 1.551382 -0.132451
v 0.678547 1.589669 -0.088272
v 0.675618 1.553616 -0.088605
v 0.603371 1.568609 -0.081429
v 0.825278 1.454892 -0.160421
v 0.568263 1.410607 -0.090429
v 0.567971 1.423254 -0.090080
v 0.587292 1.614197 -0.081278
v 0.581907 1.604728 -0.081080
v 0.579224 1.948169 -0.092583
v 0.659774 1.402686 -0.106999
v 0.654677 1.420133 -0.100984
v 0.636935 1.567610 -0.083238
v 0.657943 1.546357 -0.086254
v 0.648850 1.733344 -0.092356
v 0.658883 1.944698 -0.107547
v 0.654177 1.934023 -0.102750
v 0.680266 1.619088 -0.089450
v 0.687945 1.636417 -0.092154
v 0.747200 1.695504 -0.116192
v 0.732509 1.686539 -0.110113
v 0.746387 1.734635 -0.116231
v 0.802926 1.730455 -0.139281
v 0.786065 1.408098 -0.146581
v 0.806078 1.438915 -0.152753
v 0.792645 1.426479 -0.147130
v 0.777093 1.886646 -0.129748
v 0.786413 1.855909 -0.130257
v 0.838564 1.853069 -0.159072
v 0.836693 1.890482 -0.164757
v 0.828035 1.905141 -0.161568
v 0.735426 1.675242 -0.108826
v 0.751631 1.667202 -0.113356
v 0.631010 1.479012 -0.087083
v 0.652557 1.502903 -0.087704
v 0.603922 1.613446 -0.081619
v 0.615001 1.593606 -0.081471
v 0.618346 1.563568 -0.082144
v 0.611585 1.547618 -0.083038
v 0.839349 1.738000 -0.155428
v 0.761847 1.651075 -0.116765
v 0.763488 1.632879 -0.116422
v 0.585839 1.839076 -0.081748
v 0.590984 1.812400 -0.080831
v 0.798637 1.939168 -0.149842
v 0.814309 1.937201 -0.156712
v 0.746497 1.858150 -0.115648
v 0.772462 1.842373 -0.123847
v 0.727830 1.399911 -0.126072
v 0.623273 1.948982 -0.101903
v 0.623428 1.940245 -0.099955
v 0.660399 1.923850 -0.101216
v 0.678835 1.916347 -0.104345
v 0.734088 1.532413 -0.106657
v 0.736920 1.485698 -0.112802
v 0.714681 1.673656 -0.102306
v 0.702362 1.661213 -0.097194
v 0.676595 1.942187 -0.111687
v 0.687932 1.924729 -0.109533
v 0.756538 1.554872 -0.113824
v 0.780628 1.545903 -0.125240
v 0.762807 1.898138 -0.126055
v 0.746712 1.882791 -0.118415
v 0.798199 1.415348 -0.150530
v 0.813928 1.408717 -0.157945
v 0.832886 1.691407 -0.151064
v 0.810901 1.687808 -0.140366
v 0.810318 1.945579 -0.157593
v 0.823300 1.938811 -0.162325
v 0.828830 1.400706 -0.163826
v 0.573413 1.400240 -0.091627
v 0.587479 1.399830 -0.094091
v 0.841071 1.876931 -0.165717
v 0.820475 1.952000 -0.162479
v 0.828290 1.940251 -0.164614
v 0.832435 1.927354 -0.163855
v 0.831710 1.915129 -0.163826
v 0.813770 1.821958 -0.142378
v 0.842179 1.674339 -0.154702
v 0.825307 1.577411 -0.147824
v 0.819123 1.433629 -0.159458
v 0.821535 1.414702 -0.161192
v 0.772049 1.951837 -0.142483
v 0.774923 1.945915 -0.141681
v 0.782440 1.940657 -0.143031
v 0.811790 1.594088 -0.138784
v 0.809255 1.581074 -0.138524
v 0.766438 1.453240 -0.130445
v 0.798814 1.449982 -0.147343
v 0.768197 1.942762 -0.138386
v 0.767342 1.923942 -0.133158
v 0.771648 1.695740 -0.125311
v 0.788038 1.688863 -0.130764
v 0.780038 1.612427 -0.123203
v 0.803909 1.603818 -0.134778
v 0.711371 1.787515 -0.103016
v 0.724996 1.842041 -0.108380
v 0.693939 1.700436 -0.100292
v 0.732828 1.701713 -0.111663
v 0.717639 1.653627 -0.100352
v 0.745326 1.658485 -0.110013
v 0.719793 1.639192 -0.100171
v 0.749294 1.626282 -0.109776
v 0.689426 1.536558 -0.092777
v 0.716458 1.553902 -0.099048
v 0.662565 1.726658 -0.093844
v 0.621462 1.714950 -0.087809
v 0.636632 1.683541 -0.086782
v 0.655497 1.691785 -0.091303
v 0.633574 1.427795 -0.094671
v 0.613669 1.414231 -0.094838
v 0.626948 1.459540 -0.088912
v 0.639841 1.446034 -0.092481
v 0.593002 1.779306 -0.081432
v 0.593428 1.748966 -0.083943
v 0.647932 1.744392 -0.091211
v 0.577410 1.677080 -0.079487
v 0.599107 1.677612 -0.081445
v 0.578880 1.518942 -0.084553
v 0.594264 1.510073 -0.084119
v 0.571596 1.868003 -0.088730
v 0.587817 1.639484 -0.084334
v 0.593188 1.628619 -0.083181
v 0.563026 1.432900 -0.088571
v 0.574182 1.480282 -0.088151
v 0.579299 1.467022 -0.090035
v 0.581215 1.716217 -0.083815
v 0.595671 1.713137 -0.084586
v 0.612283 1.403852 -0.097002
v 0.625686 1.404253 -0.098811
v 0.643784 1.899198 -0.093401
v 0.650229 1.919903 -0.098073
v 0.666049 1.495481 -0.091178
v 0.657534 1.457470 -0.094289
v 0.776048 1.409985 -0.142257
v 0.792831 1.706220 -0.135042
v 0.829205 1.710814 -0.150706
v 0.807631 1.943403 -0.155430
v 0.817061 1.937013 -0.158029
v 0.829316 1.931665 -0.163507
v 0.826611 1.931421 -0.161606
v 0.835659 1.835560 -0.155272
v 0.789323 1.700283 -0.133233
v 0.758904 1.470042 -0.123712
v 0.785223 1.486010 -0.132790
v 0.646020 1.398688 -0.104798
v 0.635763 1.402524 -0.101311
v 0.770235 1.416961 -0.137925
v 0.747042 1.411664 -0.129501
v 0.803274 1.543556 -0.137811
v 0.569338 1.394924 -0.090628
v 0.818557 1.400053 -0.160046
v 0.812515 1.395862 -0.157749
v 0.807385 1.394362 -0.156023
v 0.822222 1.568925 -0.147371
v 0.782978 1.625813 -0.125700
v 0.811612 1.636014 -0.141936
v 0.792878 1.573371 -0.130852
v 0.758558 1.571140 -0.114422
v 0.805204 1.479111 -0.144146
v 0.811425 1.459272 -0.152053
v 0.794223 1.409263 -0.149269
v 0.804334 1.398682 -0.154401
v 0.752943 1.397248 -0.135525
v 0.742776 1.402616 -0.130270
v 0.735489 1.438882 -0.119427
v 0.731706 1.418232 -0.122326
v 0.673899 1.426400 -0.104199
v 0.709167 1.413943 -0.116695
v 0.708683 1.864794 -0.105286
v 0.667475 1.867294 -0.095261
v 0.698288 1.679640 -0.099501
v 0.654861 1.678944 -0.089841
v 0.608300 1.682844 -0.082156
v 0.588540 1.689457 -0.080131
v 0.612785 1.671844 -0.083715
v 0.594162 1.658424 -0.083888
v 0.576933 1.939428 -0.091998
v 0.591048 1.926212 -0.093983
v 0.587627 1.937586 -0.094223
v 0.606740 1.650406 -0.085694
v 0.655723 1.652174 -0.089929
v 0.581577 1.487836 -0.085925
v 0.603319 1.476116 -0.086648
v 0.567956 1.458459 -0.090814
v 0.575141 1.458364 -0.091139
v 0.571408 1.434747 -0.090944
v 0.578437 1.446006 -0.091680
v 0.565331 1.437931 -0.089618
v 0.582849 1.699151 -0.080913
v 0.593441 1.707539 -0.083529
v 0.576859 1.877416 -0.089347
v 0.585585 1.902412 -0.091457
v 0.579557 1.549766 -0.082011
v 0.595031 1.544975 -0.082927
v 0.593212 1.860521 -0.083666
v 0.615331 1.870440 -0.086284
v 0.592983 1.947890 -0.095847
v 0.620923 1.537206 -0.084105
v 0.648005 1.531582 -0.086084
v 0.709051 1.629772 -0.096396
v 0.724803 1.594858 -0.100236
v 0.721814 1.725119 -0.107337
v 0.746254 1.709455 -0.116234
v 0.737309 1.927135 -0.125842
v 0.735592 1.894375 -0.117533
v 0.723704 1.935853 -0.124075
v 0.704520 1.919761 -0.113315
v 0.785762 1.907834 -0.138346
v 0.805898 1.912524 -0.150225
v 0.817759 1.487058 -0.149286
v 0.824188 1.670727 -0.146304
v 0.789281 1.665767 -0.129847
v 0.791633 1.942338 -0.147445
v 0.797357 1.946601 -0.151468
v 0.841307 1.710359 -0.156005
v 0.780800 1.507872 -0.127884
v 0.751551 1.537730 -0.112737
v 0.626621 1.396504 -0.101396
v 0.629169 1.400098 -0.100783
v 0.575824 1.691951 -0.079011
v 0.597099 1.694015 -0.082064
v 0.636733 1.695923 -0.088587
v 0.608693 1.810864 -0.082502
v 0.626228 1.846590 -0.086140
v 0.616598 1.481664 -0.085878
v 0.611396 1.497770 -0.084346
v 0.657700 1.616306 -0.086323
v 0.621465 1.622935 -0.083550
v 0.708718 1.685681 -0.103105
v 0.684527 1.693442 -0.097830
v 0.716880 1.476459 -0.107484
v 0.686890 1.506289 -0.095115
v 0.719270 1.885631 -0.110647
v 0.702393 1.903505 -0.108539
v 0.734680 1.950528 -0.131663
v 0.760803 1.917860 -0.129836
v 0.747316 1.936026 -0.130927
v 0.767800 1.949948 -0.140499
v 0.775771 1.426873 -0.138654
v 0.756546 1.441971 -0.127454
v 0.818749 1.610823 -0.143531
v 0.825496 1.629698 -0.149273
v 0.811484 1.809483 -0.140449
v 0.829567 1.409256 -0.164138
v 0.825794 1.873297 -0.154166
v 0.819472 1.900556 -0.155764
v 0.832379 1.394573 -0.164807
v 0.816545 1.393507 -0.159396
v 0.604129 1.397513 -0.097115
v 0.845139 1.930749 -0.169014
v 0.843210 1.920701 -0.168406
v 0.835441 1.930048 -0.166281
v 0.834538 1.864540 -0.158304
v 0.836998 1.877999 -0.163075
v 0.824159 1.739073 -0.147799
v 0.811529 1.753538 -0.140355
v 0.838545 1.433206 -0.167103
v 0.827218 1.441042 -0.162565
v 0.821748 1.925291 -0.159793
v 0.823912 1.932526 -0.160759
v 0.816234 1.868241 -0.147283
v 0.789141 1.890908 -0.136614
v 0.805331 1.842673 -0.138471
v 0.822365 1.850071 -0.148194
v 0.838719 1.714431 -0.155045
v 0.835126 1.722219 -0.153843
v 0.773457 1.669962 -0.122522
v 0.788665 1.680153 -0.129716
v 0.831129 1.676453 -0.149206
v 0.811226 1.682421 -0.139872
v 0.826033 1.595706 -0.146649
v 0.814682 1.510411 -0.145280
v 0.794628 1.950763 -0.151463
v 0.775704 1.919500 -0.135389
v 0.783247 1.933210 -0.141593
v 0.800863 1.775128 -0.134705
v 0.794735 1.805968 -0.132153
v 0.796404 1.513526 -0.134982
v 0.791618 1.534963 -0.131320
v 0.734479 1.774462 -0.109967
v 0.772497 1.813202 -0.123185
v 0.746246 1.751475 -0.114865
v 0.790206 1.760080 -0.130710
v 0.779054 1.710246 -0.129418
v 0.811763 1.722162 -0.143538
v 0.745553 1.682099 -0.113694
v 0.777186 1.684319 -0.125654
v 0.744959 1.587147 -0.107925
v 0.758951 1.610094 -0.113466
v 0.713955 1.451857 -0.110343
v 0.675325 1.443112 -0.101078
v 0.685215 1.398210 -0.114798
v 0.709337 1.403405 -0.119797
v 0.714808 1.582583 -0.097191
v 0.690784 1.601046 -0.090719
v 0.645318 1.930316 -0.099916
v 0.630964 1.932935 -0.098826
v 0.659166 1.888886 -0.095101
v 0.682980 1.903442 -0.102807
v 0.680138 1.783883 -0.095320
v 0.653745 1.840678 -0.091021
v 0.646519 1.703270 -0.090917
v 0.617497 1.709018 -0.086908
v 0.661182 1.599950 -0.085905
v 0.636311 1.585949 -0.082980
v 0.621259 1.508193 -0.084424
v 0.647379 1.516430 -0.086365
v 0.602169 1.922456 -0.094442
v 0.615008 1.929743 -0.096640
v 0.613281 1.937367 -0.098004
v 0.596866 1.941561 -0.096104
v 0.630655 1.901104 -0.092137
v 0.625122 1.924139 -0.096080
v 0.658674 1.762360 -0.091392
v 0.615730 1.784432 -0.083728
v 0.673790 1.660807 -0.091862
v 0.643610 1.672732 -0.087442
v 0.608205 1.514377 -0.084014
v 0.607666 1.529795 -0.083954
v 0.607185 1.422341 -0.093459
v 0.614930 1.449718 -0.089870
v 0.632760 1.408640 -0.098814
v 0.640237 1.421637 -0.097158
v 0.588432 1.871392 -0.085617
v 0.592606 1.898876 -0.090216
v 0.579327 1.841141 -0.082559
v 0.576326 1.734188 -0.084139
v 0.618988 1.632146 -0.084591
v 0.661885 1.643700 -0.089807
v 0.603446 1.588126 -0.081243
v 0.586355 1.598881 -0.081189
v 0.580080 1.582949 -0.082160
v 0.599606 1.578427 -0.081600
v 0.579149 1.498741 -0.084661
v 0.595074 1.501339 -0.084166
v 0.593517 1.535173 -0.083811
v 0.578526 1.527690 -0.084385
v 0.590170 1.457994 -0.090508
v 0.605631 1.462509 -0.088711
v 0.595475 1.420548 -0.093910
v 0.587812 1.443281 -0.092143
v 0.574105 1.422363 -0.091429
v 0.588012 1.410404 -0.093874
v 0.576521 1.639859 -0.084079
v 0.583011 1.917068 -0.092354
v 0.619888 1.892314 -0.089771
v 0.602601 1.908437 -0.091722
v 0.676649 1.706792 -0.096068
v 0.690089 1.723495 -0.098390
v 0.817924 1.764326 -0.142820
v 0.807750 1.924908 -0.153080
v 0.794463 1.934416 -0.147349
v 0.820683 1.499782 -0.148856
v 0.836380 1.637200 -0.156475
v 0.838263 1.607144 -0.155749
v 0.827736 1.604147 -0.148515
v 0.833025 1.654381 -0.153475
v 0.837601 1.667515 -0.153703
v 0.593207 1.395433 -0.095189
v 0.835823 1.595089 -0.152649
v 0.839704 1.596943 -0.155356
v 0.836200 1.600568 -0.153617
v 0.799885 1.942941 -0.151286
v 0.805064 1.940356 -0.152920
v 0.807763 1.941080 -0.154491
v 0.814636 1.702936 -0.144176
v 0.831868 1.706159 -0.151739
v 0.816663 1.706924 -0.145130
v 0.578222 1.667496 -0.081153
v 0.590598 1.667485 -0.082157
v 0.584782 1.672931 -0.080730
v 0.639973 1.412040 -0.099424
v 0.642569 1.404785 -0.102143
v 0.648169 1.409891 -0.102051
v 0.657040 1.583332 -0.085014
v 0.656326 1.566993 -0.085128
v 0.669075 1.574005 -0.086715
v 0.758886 1.945054 -0.136374
v 0.756818 1.934714 -0.132933
v 0.762592 1.936787 -0.135001
v 0.805792 1.427552 -0.153570
v 0.808076 1.418052 -0.155083
v 0.814613 1.423418 -0.157990
v 0.803468 1.526074 -0.138296
v 0.816979 1.525948 -0.146324
v 0.813383 1.536490 -0.144027
v 0.835716 1.443465 -0.166176
v 0.839235 1.448778 -0.167333
v 0.834805 1.453651 -0.165287
v 0.841010 1.907329 -0.167717
v 0.837501 1.901646 -0.166093
v 0.844028 1.899690 -0.168707
v 0.811544 1.952442 -0.159188
v 0.815978 1.946508 -0.160407
v 0.819661 1.948639 -0.162116
v 0.832008 1.942186 -0.166068
v 0.839798 1.930797 -0.168119
v 0.838133 1.938118 -0.167722
v 0.574913 1.390598 -0.091801
v 0.581651 1.390382 -0.093114
v 0.579862 1.394068 -0.092903
v 0.572643 1.411887 -0.091328
v 0.578463 1.403935 -0.092594
v 0.578584 1.410815 -0.092457
v 0.831384 1.926422 -0.163838
v 0.838935 1.918315 -0.166761
v 0.838829 1.921861 -0.166529
v 0.838137 1.866476 -0.161667
v 0.840294 1.859026 -0.161854
v 0.840869 1.867108 -0.164018
v 0.828777 1.748516 -0.148858
v 0.838727 1.749440 -0.153896
v 0.831687 1.756207 -0.149910
v 0.830213 1.682357 -0.148724
v 0.839417 1.684030 -0.153289
v 0.829895 1.687121 -0.148944
v 0.808347 1.937252 -0.154153
v 0.805992 1.933725 -0.152959
v 0.815662 1.933599 -0.157395
v 0.779378 1.747370 -0.127308
v 0.783191 1.737919 -0.129982
v 0.802863 1.743927 -0.137415
v 0.808326 1.557300 -0.140173
v 0.815814 1.552142 -0.145021
v 0.821903 1.560410 -0.148137
v 0.763327 1.864209 -0.121425
v 0.772155 1.873146 -0.125557
v 0.760616 1.880819 -0.122192
v 0.761696 1.679804 -0.118886
v 0.753327 1.674489 -0.114858
v 0.769545 1.676221 -0.121321
v 0.774829 1.641654 -0.122693
v 0.790851 1.636971 -0.130801
v 0.790861 1.646715 -0.131416
v 0.773002 1.556471 -0.121297
v 0.787348 1.559436 -0.128477
v 0.776756 1.565462 -0.123061
v 0.775703 1.437512 -0.137271
v 0.790704 1.437065 -0.145069
v 0.782856 1.444684 -0.140019
v 0.781293 1.469348 -0.133929
v 0.785770 1.458643 -0.138649
v 0.797435 1.466460 -0.142778
v 0.791573 1.401449 -0.149705
v 0.797264 1.396868 -0.152266
v 0.797129 1.401757 -0.151437
v 0.769953 1.528289 -0.120939
v 0.782101 1.527776 -0.126577
v 0.770060 1.540252 -0.120201
v 0.691405 1.936260 -0.114254
v 0.706208 1.934691 -0.118284
v 0.698939 1.944189 -0.119018
v 0.726287 1.614011 -0.100776
v 0.741098 1.607511 -0.105994
v 0.733813 1.623038 -0.103670
v 0.736292 1.649859 -0.105780
v 0.737864 1.639759 -0.105804
v 0.749628 1.643299 -0.110594
v 0.708657 1.528378 -0.098582
v 0.708619 1.504446 -0.101135
v 0.722694 1.512282 -0.104588
v 0.700994 1.436986 -0.108975
v 0.699843 1.425634 -0.111040
v 0.718733 1.429034 -0.115695
v 0.681864 1.890010 -0.100377
v 0.689378 1.877864 -0.101046
v 0.700210 1.888943 -0.105189
v 0.689912 1.845918 -0.099150
v 0.681174 1.821292 -0.096079
v 0.703528 1.821776 -0.101535
v 0.708551 1.691607 -0.103694
v 0.726708 1.692130 -0.108998
v 0.715186 1.696522 -0.105930
v 0.601706 1.718119 -0.086053
v 0.627623 1.720755 -0.089070
v 0.618391 1.724148 -0.088476
v 0.592517 1.552783 -0.081987
v 0.605469 1.556464 -0.082006
v 0.595487 1.559426 -0.081492
v 0.600694 1.449952 -0.090783
v 0.597626 1.436971 -0.092449
v 0.606124 1.438543 -0.091708
v 0.617422 1.434449 -0.091740
v 0.622418 1.428065 -0.093039
v 0.626693 1.442123 -0.091160
v 0.576839 1.817708 -0.080792
v 0.576927 1.807799 -0.080422
v 0.581390 1.818796 -0.080723
v 0.577220 1.683969 -0.078631
v 0.583446 1.680686 -0.079405
v 0.587184 1.684495 -0.079561
v 0.570614 1.452587 -0.091217
v 0.567648 1.447447 -0.090674
v 0.571725 1.444802 -0.091194
v 0.619036 1.522189 -0.084251
v 0.631265 1.518219 -0.084886
v 0.631142 1.527589 -0.084847
v 0.696464 1.621293 -0.092403
v 0.703961 1.605215 -0.093701
v 0.709531 1.613759 -0.095431
v 0.699025 1.712656 -0.100655
v 0.711266 1.706461 -0.104484
v 0.719607 1.713344 -0.106580
v 0.718864 1.903430 -0.113817
v 0.729617 1.911109 -0.119274
v 0.720077 1.918563 -0.117983
v 0.774127 1.397331 -0.144367
v 0.780501 1.401402 -0.145956
v 0.773880 1.402188 -0.143235
v 0.754865 1.402701 -0.134917
v 0.764597 1.405344 -0.138425
v 0.760091 1.409551 -0.135293
v 0.817373 1.470348 -0.152881
v 0.827168 1.466811 -0.159340
v 0.824668 1.476333 -0.155650
v 0.831034 1.497198 -0.154735
v 0.829760 1.489080 -0.155559
v 0.835906 1.493653 -0.158141
v 0.818365 1.938787 -0.159799
v 0.816451 1.938201 -0.158330
v 0.823196 1.934277 -0.160799
v 0.836899 1.408770 -0.166471
v 0.836820 1.402320 -0.166436
v 0.840512 1.406942 -0.167462
v 0.832943 1.824603 -0.153260
v 0.821725 1.836141 -0.146923
v 0.826100 1.821150 -0.149276
v 0.784913 1.949647 -0.146829
v 0.781784 1.946217 -0.144466
v 0.788543 1.946549 -0.147445
v 0.600407 1.763546 -0.082972
v 0.617044 1.753144 -0.085883
v 0.625020 1.764042 -0.085843
v 0.612245 1.740965 -0.087017
v 0.589728 1.737753 -0.085104
v 0.612693 1.733792 -0.087852
v 0.617748 1.703108 -0.086472
v 0.597437 1.701960 -0.083342
v 0.611311 1.698117 -0.084869
v 0.605841 1.947729 -0.098572
v 0.608050 1.942857 -0.098266
v 0.615836 1.945499 -0.100044
v 0.624952 1.493644 -0.085141
v 0.637321 1.495153 -0.086126
v 0.634292 1.503996 -0.085319
v 0.699353 1.581475 -0.092672
v 0.688219 1.572556 -0.090268
v 0.698856 1.561254 -0.093329
v 0.662098 1.686577 -0.092034
v 0.675186 1.683085 -0.094545
v 0.684394 1.687475 -0.097168
v 0.674424 1.932814 -0.107866
v 0.663670 1.935950 -0.105745
v 0.669841 1.926683 -0.104483
v 0.746097 1.426246 -0.125539
v 0.756856 1.420398 -0.131172
v 0.759463 1.429160 -0.130551
v 0.768340 1.690587 -0.123190
v 0.751328 1.689934 -0.116855
v 0.760995 1.686745 -0.119871
v 0.764044 1.785383 -0.119774
v 0.769889 1.768525 -0.122267
v 0.783799 1.785445 -0.127298
v 0.801614 1.900392 -0.145435
v 0.805057 1.886678 -0.144464
v 0.814205 1.889830 -0.150449
v 0.827735 1.803298 -0.149755
v 0.827268 1.795789 -0.148836
v 0.836112 1.788487 -0.154106
v 0.821185 1.394696 -0.161106
v 0.825659 1.393384 -0.162668
v 0.829781 1.395413 -0.164130
v 0.836187 1.948643 -0.163208
v 0.840164 1.942261 -0.166288
v 0.843343 1.942046 -0.165316
v 0.795813 1.588931 -0.130962
v 0.785735 1.599409 -0.125655
v 0.765953 1.594057 -0.116686
v 0.777480 1.581772 -0.122636
v 0.833758 1.926385 -0.164302
v 0.838700 1.921896 -0.166064
v 0.839459 1.922670 -0.166771
v 0.830742 1.891381 -0.161308
v 0.827474 1.885840 -0.157945
v 0.832739 1.878765 -0.160139
v 0.829854 1.589060 -0.148768
v 0.820317 1.586997 -0.143609
v 0.830094 1.583842 -0.149446
v 0.829162 1.517609 -0.153060
v 0.831293 1.509797 -0.153966
v 0.836736 1.518467 -0.156926
v 0.826462 1.423583 -0.163047
v 0.832604 1.419089 -0.165250
v 0.832140 1.429133 -0.165013
v 0.791365 1.869779 -0.133787
v 0.805761 1.858685 -0.139741
v 0.800668 1.872666 -0.139066
v 0.808231 1.714728 -0.141799
v 0.813984 1.711472 -0.144097
v 0.827605 1.715885 -0.150191
v 0.805724 1.695891 -0.139660
v 0.792907 1.693064 -0.133543
v 0.813085 1.692118 -0.142141
v 0.793916 1.674935 -0.131588
v 0.805212 1.672043 -0.136840
v 0.812555 1.676948 -0.140165
v 0.805776 1.406812 -0.154372
v 0.802768 1.403790 -0.153243
v 0.809874 1.400400 -0.156463
v 0.774733 1.938847 -0.139332
v 0.770109 1.934076 -0.136361
v 0.774850 1.931072 -0.137341
v 0.801939 1.623874 -0.135386
v 0.798849 1.613862 -0.132706
v 0.812593 1.619385 -0.140718
v 0.751979 1.833268 -0.115981
v 0.733923 1.816010 -0.109749
v 0.748459 1.807694 -0.114257
v 0.770960 1.724912 -0.125996
v 0.752569 1.718439 -0.118587
v 0.780106 1.717983 -0.129863
v 0.648210 1.942410 -0.104327
v 0.641173 1.947688 -0.104720
v 0.631997 1.944849 -0.102361
v 0.639140 1.938762 -0.101528
v 0.760525 1.510847 -0.118693
v 0.747302 1.504433 -0.114167
v 0.763205 1.490228 -0.122255
v 0.720069 1.666515 -0.102203
v 0.728869 1.661908 -0.104229
v 0.734163 1.668106 -0.106860
v 0.684494 1.414001 -0.110029
v 0.669250 1.410180 -0.107243
v 0.686729 1.404893 -0.113243
v 0.680289 1.675057 -0.094341
v 0.673024 1.669774 -0.092067
v 0.694860 1.669876 -0.096600
v 0.665950 1.913618 -0.100119
v 0.655343 1.908977 -0.096850
v 0.665696 1.903246 -0.098228
v 0.629826 1.814128 -0.085588
v 0.639888 1.788423 -0.087216
v 0.651920 1.805869 -0.089493
v 0.648732 1.716748 -0.091436
v 0.643761 1.710294 -0.090618
v 0.666687 1.714319 -0.094087
v 0.649269 1.635715 -0.087223
v 0.648259 1.627923 -0.086180
v 0.669044 1.631836 -0.088825
v 0.644453 1.482115 -0.088226
v 0.640078 1.464929 -0.089593
v 0.652087 1.475800 -0.090335
v 0.596125 1.934042 -0.095448
v 0.604632 1.931686 -0.096159
v 0.602992 1.936959 -0.096661
v 0.613107 1.920647 -0.094560
v 0.614279 1.909455 -0.092315
v 0.621369 1.914157 -0.093657
v 0.594701 1.834356 -0.081459
v 0.607006 1.836282 -0.082719
v 0.601777 1.852088 -0.083074
v 0.617462 1.690999 -0.084504
v 0.608747 1.687364 -0.082492
v 0.630135 1.688006 -0.086035
v 0.618421 1.664328 -0.085244
v 0.631664 1.658331 -0.087238
v 0.643372 1.665137 -0.087753
v 0.589087 1.606699 -0.080824
v 0.594903 1.599024 -0.080859
v 0.599941 1.603608 -0.080905
v 0.618656 1.400102 -0.098894
v 0.616501 1.396729 -0.099418
v 0.623067 1.397998 -0.100323
v 0.624321 1.415822 -0.095608
v 0.622387 1.408769 -0.096999
v 0.630071 1.414187 -0.096833
v 0.574582 1.931621 -0.091462
v 0.576682 1.924938 -0.091783
v 0.582501 1.931037 -0.093057
v 0.583323 1.884790 -0.089383
v 0.581998 1.870788 -0.087129
v 0.586868 1.882793 -0.088091
v 0.624384 1.646078 -0.086913
v 0.604740 1.638418 -0.084904
v 0.627933 1.640664 -0.086486
v 0.586490 1.573876 -0.081792
v 0.578968 1.567984 -0.081735
v 0.587933 1.566449 -0.081467
v 0.589930 1.591432 -0.081504
v 0.580495 1.593039 -0.081850
v 0.587806 1.585988 -0.081871
v 0.581440 1.510487 -0.084468
v 0.575114 1.508898 -0.084570
v 0.581749 1.504007 -0.084459
v 0.589123 1.526248 -0.084226
v 0.589492 1.518413 -0.084263
v 0.598839 1.521862 -0.084052
v 0.591598 1.494094 -0.084583
v 0.594252 1.486736 -0.085328
v 0.604354 1.489206 -0.084797
v 0.589431 1.478109 -0.087212
v 0.582213 1.475529 -0.088389
v 0.592662 1.468915 -0.088652
v 0.586055 1.428904 -0.092981
v 0.578602 1.433052 -0.092063
v 0.581498 1.421941 -0.092711
v 0.574754 1.539420 -0.083283
v 0.580920 1.536544 -0.083771
v 0.581759 1.543888 -0.082942
v 0.571351 1.896062 -0.090046
v 0.577140 1.895966 -0.090789
v 0.574959 1.908759 -0.091096
v 0.596085 1.886759 -0.087576
v 0.602085 1.878140 -0.086129
v 0.605376 1.893182 -0.088784
v 0.640897 1.552108 -0.084210
v 0.626471 1.552195 -0.083275
v 0.635360 1.542731 -0.084472
v 0.634828 1.613725 -0.083743
v 0.621685 1.606202 -0.082221
v 0.639942 1.601969 -0.083582
v 0.633282 1.916351 -0.094969
v 0.641096 1.915045 -0.095546
v 0.637691 1.925094 -0.097391
v 0.674381 1.473747 -0.095812
v 0.688677 1.460224 -0.101578
v 0.692480 1.479431 -0.099795
v 0.744173 1.910886 -0.123528
v 0.751546 1.901854 -0.123312
v 0.751317 1.918117 -0.127134
v 0.820583 1.789115 -0.144397
v 0.809467 1.788257 -0.138579
v 0.822975 1.775038 -0.145300
v 0.784330 1.924790 -0.140608
v 0.791453 1.918301 -0.143336
v 0.794102 1.926759 -0.146144
v 0.829536 1.619111 -0.150975
v 0.833547 1.612229 -0.153110
v 0.836790 1.620669 -0.155852
v 0.812146 1.665081 -0.141156
v 0.808707 1.658543 -0.140348
v 0.826333 1.661981 -0.148902
v 0.846569 1.945366 -0.164411
v 0.847792 1.932132 -0.168060
v 0.846500 1.919844 -0.169013
v 0.845969 1.914595 -0.168333
v 0.848523 1.908415 -0.169317
v 0.848177 1.899894 -0.169498
v 0.845746 1.892910 -0.168445
v 0.845989 1.881537 -0.167827
v 0.845357 1.871539 -0.166676
v 0.843959 1.851750 -0.161952
v 0.844089 1.860527 -0.163938
v 0.843468 1.844715 -0.160497
v 0.843770 1.828317 -0.159258
v 0.844516 1.810473 -0.159429
v 0.842571 1.800794 -0.158393
v 0.842162 1.775864 -0.156197
v 0.841689 1.767355 -0.155062
v 0.841999 1.788790 -0.157458
v 0.843301 1.744186 -0.156041
v 0.843626 1.755517 -0.155881
v 0.844122 1.722164 -0.157427
v 0.843465 1.731006 -0.157769
v 0.843744 1.738010 -0.157338
v 0.845484 1.710886 -0.157195
v 0.844843 1.715115 -0.157056
v 0.842983 1.708415 -0.156043
v 0.841300 1.702463 -0.155334
v 0.840249 1.695291 -0.154552
v 0.844059 1.678383 -0.154864
v 0.843709 1.688821 -0.155223
v 0.844801 1.672491 -0.155308
v 0.844081 1.667394 -0.156156
v 0.842501 1.655121 -0.157918
v 0.841518 1.641751 -0.158898
v 0.840375 1.628953 -0.157918
v 0.841131 1.615369 -0.157561
v 0.841679 1.602029 -0.156521
v 0.840789 1.566016 -0.158059
v 0.837774 1.555776 -0.157623
v 0.841806 1.592730 -0.155433
v 0.841164 1.585726 -0.155016
v 0.841937 1.579021 -0.156417
v 0.840218 1.573597 -0.156348
v 0.837058 1.544918 -0.157576
v 0.839957 1.530144 -0.158531
v 0.840642 1.513582 -0.158104
v 0.839912 1.500373 -0.158574
v 0.838896 1.486322 -0.160679
v 0.838058 1.472862 -0.163290
v 0.840233 1.458017 -0.166433
v 0.841787 1.439826 -0.167573
v 0.841759 1.426707 -0.167287
v 0.842313 1.415179 -0.167354
v 0.841880 1.402501 -0.167242
v 0.839760 1.396549 -0.166588
v 0.838584 1.396117 -0.166175
v 0.842992 1.671564 -0.155448
v 0.843128 1.867908 -0.165682
v 0.835433 1.464561 -0.164154
v 0.840566 1.727451 -0.156704
v 0.838126 1.582227 -0.154396
v 0.826941 1.547718 -0.152034
v 0.833192 1.480417 -0.159507
v 0.835900 1.764133 -0.152260
v 0.833641 1.780209 -0.151646
v 0.837893 1.647465 -0.157083
v 0.842463 1.718101 -0.156863
v 0.838878 1.418382 -0.167037
v 0.842377 1.854299 -0.162367
v 0.843494 1.712707 -0.157030
v 0.836081 1.505438 -0.156576
v 0.837587 1.589973 -0.153402
v 0.844058 1.874469 -0.167110
v 0.831223 1.531404 -0.154582
v 0.840609 1.811807 -0.157835
v 0.842413 1.886660 -0.167256
v 0.826479 1.698374 -0.149180
v 0.840391 1.733471 -0.156669
v 0.841571 1.820842 -0.158425
v 0.844269 1.916144 -0.168302
v 0.841856 1.850463 -0.161140
v 0.845707 1.908165 -0.169223
v 0.834102 1.562119 -0.155404
v 0.837674 1.397972 -0.166608
v 0.839601 1.841877 -0.158212
v 0.834952 1.803306 -0.154362
v 0.841084 1.661883 -0.156549
v 0.837173 1.577445 -0.154645
v 0.835338 1.569378 -0.155053
v 0.568346 1.938553 -0.087927
v 0.567474 1.943667 -0.089100
v 0.566209 1.934091 -0.088736
v 0.567077 1.923189 -0.088964
v 0.569304 1.879406 -0.088425
v 0.567871 1.905135 -0.088985
v 0.575237 1.826889 -0.080820
v 0.569841 1.862840 -0.087698
v 0.571954 1.860811 -0.087396
v 0.573924 1.854393 -0.085637
v 0.575048 1.842312 -0.082867
v 0.574998 1.798567 -0.079576
v 0.575042 1.783432 -0.079597
v 0.577025 1.753626 -0.081218
v 0.573832 1.809268 -0.079893
v 0.573288 1.764563 -0.080105
v 0.575631 1.747442 -0.081919
v 0.576399 1.719725 -0.083572
v 0.570934 1.741802 -0.082305
v 0.570685 1.734753 -0.082936
v 0.575216 1.727340 -0.083671
v 0.571810 1.713688 -0.081669
v 0.573183 1.709487 -0.080566
v 0.571774 1.702899 -0.079389
v 0.571944 1.694906 -0.078354
v 0.573653 1.688040 -0.077856
v 0.573321 1.680804 -0.078089
v 0.572994 1.671698 -0.079540
v 0.573425 1.661761 -0.081219
v 0.571893 1.653835 -0.082618
v 0.574565 1.619752 -0.081710
v 0.574444 1.611719 -0.080770
v 0.574586 1.597481 -0.081142
v 0.573761 1.576487 -0.081507
v 0.574204 1.591731 -0.081574
v 0.573954 1.559633 -0.080939
v 0.574555 1.552125 -0.080866
v 0.571950 1.544667 -0.081784
v 0.573946 1.495190 -0.084481
v 0.572486 1.486797 -0.086119
v 0.572091 1.642644 -0.083393
v 0.573164 1.630066 -0.082871
v 0.573535 1.603720 -0.080775
v 0.570811 1.532177 -0.083202
v 0.569914 1.524000 -0.083884
v 0.571297 1.515752 -0.083914
v 0.572065 1.504119 -0.083986
v 0.569842 1.478074 -0.088064
v 0.569565 1.470164 -0.089350
v 0.566926 1.463493 -0.089777
v 0.565458 1.452888 -0.089801
v 0.561819 1.438889 -0.087872
v 0.565150 1.444276 -0.089424
v 0.562002 1.430687 -0.087650
v 0.564148 1.419168 -0.088652
v 0.563734 1.406895 -0.088692
v 0.564154 1.394665 -0.088581
v 0.565126 1.400885 -0.089649
v 0.578053 1.609050 -0.081161
v 0.568291 1.931004 -0.089893
v 0.570382 1.948947 -0.089873
v 0.572242 1.521388 -0.084641
v 0.568763 1.938084 -0.089998
v 0.578497 1.600615 -0.081447
v 0.572133 1.861654 -0.088341
v 0.582481 1.558193 -0.081405
v 0.572593 1.474047 -0.089386
v 0.579338 1.772310 -0.080650
v 0.570260 1.464570 -0.090634
v 0.577252 1.655239 -0.083168
v 0.565076 1.409620 -0.089652
v 0.583355 1.793974 -0.080479
v 0.565194 1.421963 -0.089400
v 0.571962 1.526613 -0.084453
v 0.581649 1.761252 -0.081489
v 0.577106 1.852716 -0.085188
v 0.577819 1.705438 -0.081149
v 0.582289 1.618409 -0.081862
v 0.578620 1.712008 -0.082491
v 0.579973 1.628354 -0.083194
v 0.576482 1.742442 -0.083372
v 0.575468 1.648597 -0.083996
v 0.572439 1.738594 -0.083500
v 0.574029 1.859788 -0.087690
v 0.570629 1.916965 -0.090385
v 0.593804 1.725560 -0.086058
v 0.835137 1.953762 -0.161104
v 0.826927 1.954737 -0.161866
v 0.818763 1.956327 -0.161206
v 0.811439 1.956329 -0.158800
v 0.796422 1.954158 -0.152196
v 0.776426 1.953344 -0.143793
v 0.769349 1.953229 -0.141218
v 0.747282 1.952216 -0.134850
v 0.738522 1.952231 -0.132489
v 0.727567 1.952337 -0.129330
v 0.651875 1.950139 -0.107099
v 0.632323 1.951198 -0.103354
v 0.614520 1.952409 -0.100242
v 0.600484 1.954315 -0.097401
v 0.806033 1.954877 -0.156447
v 0.788021 1.952455 -0.148213
v 0.782725 1.952358 -0.145965
v 0.763249 1.951163 -0.138735
v 0.755570 1.950777 -0.136526
v 0.709742 1.950244 -0.123394
v 0.684130 1.949495 -0.115612
v 0.666423 1.948732 -0.110182
v 0.585695 1.954639 -0.093695
v 0.724950 1.948555 -0.128174
v 0.578055 1.953965 -0.091759
v 0.741032 1.950343 -0.133403
v 0.595028 1.952928 -0.096624
v 0.747084 1.948685 -0.134464
v 0.776716 1.950925 -0.143966
v 0.604956 1.951927 -0.098827
v 0.830330 1.949242 -0.164695
v 0.841841 1.951137 -0.161932
v 0.835696 1.391250 -0.165425
v 0.826436 1.392203 -0.162289
v 0.812745 1.392203 -0.157523
v 0.802364 1.393244 -0.153834
v 0.792142 1.393699 -0.150559
v 0.778120 1.394001 -0.145856
v 0.766864 1.394548 -0.141403
v 0.757791 1.395147 -0.137437
v 0.750494 1.394505 -0.134526
v 0.737870 1.395387 -0.129820
v 0.714049 1.395452 -0.122683
v 0.690414 1.394805 -0.116430
v 0.671040 1.396243 -0.111035
v 0.654171 1.396356 -0.106765
v 0.643976 1.395071 -0.104699
v 0.634375 1.395418 -0.102444
v 0.620550 1.394730 -0.099973
v 0.610111 1.394420 -0.098118
v 0.597446 1.392372 -0.095816
v 0.586476 1.390429 -0.093547
v 0.577669 1.388315 -0.091576
v 0.566340 1.389964 -0.088985
v 0.629586 1.395107 -0.101621
v 0.569874 1.387855 -0.089820
v 0.764524 1.399251 -0.140004
v 0.785269 1.397581 -0.148316
v 0.839870 1.393328 -0.166689
v 0.571930 1.388075 -0.090941
v 0.834446 1.393975 -0.165491
v 0.699901 1.397533 -0.118887
v 0.822255 1.393102 -0.161383
v 0.746151 1.397180 -0.132868
v 0.630572 1.396934 -0.102011
v 0.639084 1.397865 -0.103450
v 0.568825 1.389524 -0.090272
v 0.588482 1.394260 -0.092775
v 0.572981 1.953367 -0.089077
v 0.849212 1.941150 -0.166699
v 0.847523 1.948559 -0.164418
v 0.849487 1.922749 -0.168476
v 0.847700 1.915679 -0.167813
v 0.849439 1.910628 -0.168077
v 0.850129 1.901891 -0.168531
v 0.848779 1.895801 -0.168208
v 0.848185 1.888440 -0.167594
v 0.848071 1.876659 -0.166750
v 0.847103 1.867682 -0.165135
v 0.847017 1.855412 -0.162558
v 0.846901 1.849832 -0.161437
v 0.847102 1.836311 -0.159939
v 0.847433 1.818086 -0.159267
v 0.847323 1.802257 -0.159320
v 0.846728 1.779904 -0.157704
v 0.846600 1.792856 -0.158809
v 0.846910 1.768372 -0.156476
v 0.847233 1.761395 -0.156248
v 0.847175 1.740760 -0.156816
v 0.847501 1.748659 -0.156266
v 0.847183 1.718616 -0.156814
v 0.846758 1.726771 -0.157585
v 0.846585 1.734814 -0.157613
v 0.847495 1.713089 -0.156546
v 0.847839 1.709412 -0.156597
v 0.847265 1.706488 -0.156355
v 0.846714 1.698905 -0.156174
v 0.847129 1.694032 -0.155885
v 0.847319 1.673645 -0.154848
v 0.847492 1.684295 -0.155034
v 0.846975 1.670161 -0.155067
v 0.846142 1.660661 -0.156867
v 0.845158 1.647895 -0.158674
v 0.844662 1.635040 -0.158902
v 0.844561 1.623465 -0.158278
v 0.844689 1.608976 -0.157267
v 0.845017 1.597449 -0.155941
v 0.844463 1.569955 -0.157505
v 0.843648 1.559753 -0.158774
v 0.842786 1.551577 -0.159081
v 0.844987 1.588679 -0.155301
v 0.844975 1.581753 -0.155831
v 0.844778 1.574755 -0.156817
v 0.843203 1.541005 -0.159133
v 0.843944 1.522458 -0.158374
v 0.843573 1.507016 -0.158080
v 0.842808 1.492722 -0.159629
v 0.841856 1.477735 -0.162329
v 0.841835 1.465698 -0.164705
v 0.842788 1.448570 -0.166363
v 0.843399 1.432071 -0.166384
v 0.843461 1.422864 -0.166240
v 0.843252 1.408785 -0.166136
v 0.842690 1.398862 -0.166031
v 0.842007 1.396539 -0.165794
v 0.841938 1.395333 -0.165836
v 0.566968 1.947387 -0.087492
v 0.566011 1.939247 -0.087212
v 0.566166 1.914834 -0.087240
v 0.565839 1.928365 -0.087185
v 0.567597 1.868203 -0.086208
v 0.566995 1.891994 -0.087037
v 0.571667 1.833932 -0.080077
v 0.568741 1.862143 -0.085949
v 0.570245 1.859203 -0.085202
v 0.571248 1.847838 -0.082604
v 0.571535 1.818043 -0.078652
v 0.571118 1.801150 -0.077963
v 0.571353 1.791658 -0.077831
v 0.570875 1.750113 -0.079516
v 0.570410 1.756229 -0.078898
v 0.570809 1.773528 -0.078009
v 0.570156 1.722701 -0.081772
v 0.569335 1.718168 -0.080990
v 0.569504 1.744742 -0.080137
v 0.569009 1.737557 -0.080990
v 0.569037 1.729903 -0.081447
v 0.569360 1.712407 -0.079149
v 0.569485 1.708688 -0.078363
v 0.569780 1.699805 -0.077153
v 0.570381 1.692233 -0.076368
v 0.570748 1.684264 -0.076049
v 0.570484 1.675811 -0.077102
v 0.569849 1.665138 -0.078768
v 0.569437 1.657161 -0.080162
v 0.569281 1.648618 -0.081469
v 0.570061 1.623995 -0.080603
v 0.570567 1.614954 -0.079533
v 0.570242 1.599376 -0.079424
v 0.570310 1.595832 -0.079706
v 0.570100 1.586342 -0.080087
v 0.569948 1.566743 -0.079546
v 0.570006 1.553369 -0.079179
v 0.569454 1.548311 -0.079473
v 0.568949 1.499228 -0.082534
v 0.568866 1.491604 -0.083486
v 0.567711 1.482100 -0.085470
v 0.569471 1.635010 -0.081553
v 0.570411 1.607700 -0.079008
v 0.568560 1.537689 -0.080841
v 0.568025 1.526450 -0.081962
v 0.568231 1.520815 -0.082226
v 0.568621 1.509764 -0.082243
v 0.566944 1.472942 -0.087198
v 0.566182 1.467471 -0.087880
v 0.564528 1.458255 -0.088155
v 0.564118 1.448479 -0.087957
v 0.563296 1.443177 -0.087363
v 0.561441 1.436520 -0.086120
v 0.563153 1.426548 -0.086763
v 0.563584 1.413788 -0.087136
v 0.563300 1.400943 -0.087074
v 0.836931 1.955924 -0.161372
v 0.831508 1.956622 -0.161505
v 0.819648 1.958498 -0.159667
v 0.813675 1.958369 -0.158212
v 0.808504 1.957499 -0.156156
v 0.803074 1.956879 -0.153770
v 0.791441 1.955684 -0.148674
v 0.781756 1.955373 -0.144621
v 0.773633 1.955700 -0.141573
v 0.766463 1.955124 -0.139094
v 0.752857 1.954810 -0.135251
v 0.743494 1.954664 -0.132784
v 0.733618 1.954807 -0.130017
v 0.718767 1.954499 -0.125551
v 0.660995 1.953271 -0.108463
v 0.641984 1.953532 -0.104202
v 0.622897 1.954162 -0.100594
v 0.607175 1.954910 -0.097520
v 0.593369 1.955683 -0.094246
v 0.786635 1.955229 -0.146526
v 0.760096 1.954638 -0.137098
v 0.696804 1.953839 -0.118870
v 0.672411 1.953280 -0.111587
v 0.579183 1.955570 -0.090689
v 0.840138 1.390646 -0.165458
v 0.830686 1.390204 -0.162383
v 0.820109 1.390660 -0.158687
v 0.806569 1.390786 -0.154039
v 0.799620 1.391032 -0.151746
v 0.785021 1.391321 -0.147099
v 0.772701 1.391517 -0.142645
v 0.762114 1.391913 -0.138308
v 0.755452 1.391971 -0.135431
v 0.746030 1.392162 -0.131723
v 0.727495 1.392390 -0.125694
v 0.701251 1.392250 -0.118294
v 0.680178 1.392312 -0.112733
v 0.661702 1.392637 -0.107982
v 0.650267 1.392398 -0.105205
v 0.638437 1.392422 -0.102426
v 0.625837 1.392529 -0.099869
v 0.613344 1.391919 -0.097613
v 0.631569 1.392476 -0.100973
v 0.604369 1.391311 -0.095961
v 0.589234 1.389624 -0.092681
v 0.583157 1.388931 -0.091340
v 0.572394 1.388176 -0.088919
v 0.564360 1.390836 -0.087120
v 0.568397 1.388495 -0.088022
v 0.839214 1.599903 -0.149095
v 0.807892 1.949737 -0.151230
v 0.803075 1.946331 -0.147893
v 0.816613 1.943809 -0.153657
v 0.805571 1.705238 -0.135524
v 0.838242 1.709198 -0.149846
v 0.564305 1.405941 -0.085306
v 0.577134 1.658743 -0.077650
v 0.592949 1.670237 -0.077004
v 0.632984 1.391857 -0.098666
v 0.644733 1.411259 -0.095582
v 0.636823 1.400813 -0.096532
v 0.665087 1.588006 -0.081580
v 0.643000 1.575736 -0.078906
v 0.663177 1.558132 -0.081799
v 0.765175 1.951839 -0.134881
v 0.753359 1.950036 -0.131185
v 0.763408 1.933387 -0.129184
v 0.817371 1.430026 -0.153843
v 0.806257 1.420133 -0.149026
v 0.819529 1.414961 -0.155455
v 0.809339 1.534337 -0.135754
v 0.814334 1.516379 -0.139225
v 0.835293 1.446625 -0.161002
v 0.848137 1.832531 -0.157096
v 0.838546 1.909189 -0.161962
v 0.845894 1.895973 -0.164703
v 0.813280 1.954136 -0.155338
v 0.826117 1.946527 -0.159771
v 0.837852 1.937114 -0.163416
v 0.573300 1.395056 -0.087136
v 0.584562 1.393115 -0.089381
v 0.571838 1.416642 -0.086637
v 0.571912 1.405908 -0.086854
v 0.581896 1.404216 -0.088669
v 0.848116 1.734713 -0.155496
v 0.836427 1.928768 -0.161114
v 0.834842 1.921989 -0.160532
v 0.846796 1.875079 -0.162621
v 0.846469 1.862701 -0.159571
v 0.829078 1.754099 -0.143436
v 0.842455 1.741640 -0.151285
v 0.826430 1.687463 -0.142224
v 0.844715 1.679003 -0.150858
v 0.820736 1.937560 -0.154820
v 0.806454 1.939320 -0.148450
v 0.818040 1.930861 -0.153422
v 0.801129 1.748988 -0.131197
v 0.764358 1.740264 -0.117688
v 0.810268 1.735407 -0.136826
v 0.821185 1.561468 -0.141603
v 0.812086 1.550047 -0.136934
v 0.777420 1.958047 -0.141026
v 0.801630 1.957024 -0.150803
v 0.756025 1.874784 -0.115417
v 0.778243 1.861048 -0.122250
v 0.771248 1.889445 -0.122569
v 0.778835 1.683520 -0.121130
v 0.750940 1.681987 -0.110452
v 0.765349 1.674387 -0.114658
v 0.782398 1.650225 -0.121771
v 0.783292 1.635144 -0.121236
v 0.809438 1.642734 -0.135742
v 0.769135 1.561553 -0.114429
v 0.789415 1.552568 -0.124328
v 0.796575 1.564965 -0.127818
v 0.774214 1.441282 -0.130719
v 0.789423 1.429029 -0.139844
v 0.801336 1.440201 -0.144679
v 0.798424 1.471385 -0.136380
v 0.776667 1.457859 -0.128710
v 0.804903 1.454198 -0.143714
v 0.795290 1.402146 -0.145925
v 0.804142 1.393259 -0.150428
v 0.764698 1.540305 -0.112996
v 0.788180 1.516424 -0.125252
v 0.786433 1.536293 -0.123120
v 0.738873 1.957259 -0.129705
v 0.699041 1.934677 -0.110492
v 0.714534 1.949818 -0.120065
v 0.722976 1.628833 -0.095952
v 0.736995 1.599595 -0.099904
v 0.749906 1.617386 -0.104965
v 0.751900 1.652733 -0.107387
v 0.728432 1.647928 -0.098660
v 0.754234 1.636466 -0.107396
v 0.722861 1.530986 -0.098264
v 0.698035 1.516798 -0.092292
v 0.724097 1.490026 -0.103106
v 0.720017 1.434676 -0.110200
v 0.686313 1.427822 -0.101984
v 0.717142 1.415497 -0.113279
v 0.693086 1.900676 -0.100307
v 0.672427 1.884105 -0.093049
v 0.706485 1.882155 -0.101625
v 0.708395 1.845869 -0.099505
v 0.670957 1.846615 -0.090428
v 0.694674 1.800748 -0.094427
v 0.700175 1.697007 -0.097481
v 0.720818 1.691720 -0.102601
v 0.733340 1.698233 -0.107196
v 0.607764 1.719803 -0.082012
v 0.640112 1.727849 -0.086579
v 0.585700 1.953049 -0.090121
v 0.596078 1.548649 -0.077368
v 0.601284 1.561643 -0.076520
v 0.601691 1.447806 -0.085203
v 0.588035 1.445047 -0.086537
v 0.596691 1.425663 -0.088129
v 0.616955 1.443464 -0.085347
v 0.610585 1.419849 -0.088535
v 0.628167 1.431537 -0.088219
v 0.572584 1.830335 -0.076503
v 0.575761 1.805894 -0.075451
v 0.575161 1.688568 -0.074066
v 0.590580 1.680709 -0.075484
v 0.565941 1.523045 -0.079770
v 0.571916 1.944281 -0.086565
v 0.570173 1.449920 -0.086391
v 0.566330 1.442209 -0.085907
v 0.577385 1.781760 -0.075636
v 0.614627 1.528795 -0.079130
v 0.615036 1.515028 -0.079172
v 0.637582 1.522668 -0.080650
v 0.701219 1.628581 -0.089657
v 0.692462 1.613530 -0.086885
v 0.715642 1.598668 -0.092697
v 0.708157 1.718229 -0.098584
v 0.694642 1.705696 -0.095690
v 0.730241 1.706969 -0.106018
v 0.713458 1.916385 -0.109961
v 0.728362 1.902067 -0.111748
v 0.730033 1.930138 -0.119049
v 0.783278 1.401514 -0.141812
v 0.754218 1.400638 -0.129696
v 0.773011 1.406087 -0.136275
v 0.822331 1.474749 -0.148485
v 0.826608 1.458926 -0.154603
v 0.830817 1.490126 -0.149956
v 0.829505 1.941177 -0.160241
v 0.818318 1.947514 -0.156124
v 0.826980 1.940963 -0.158436
v 0.847999 1.723646 -0.155116
v 0.849539 1.716210 -0.155218
v 0.848856 1.881920 -0.165075
v 0.596265 1.392516 -0.091841
v 0.835366 1.404837 -0.161500
v 0.836298 1.838219 -0.149755
v 0.822481 1.832019 -0.141779
v 0.794309 1.955364 -0.146993
v 0.782823 1.955727 -0.142238
v 0.789652 1.949975 -0.143068
v 0.714381 1.392672 -0.119096
v 0.604518 1.771239 -0.078245
v 0.638427 1.752403 -0.084230
v 0.565049 1.428131 -0.085147
v 0.565058 1.415331 -0.085333
v 0.572597 1.635212 -0.078890
v 0.575809 1.625649 -0.077741
v 0.566155 1.862671 -0.083536
v 0.566131 1.864428 -0.083703
v 0.631913 1.736226 -0.085345
v 0.626847 1.702343 -0.083167
v 0.602552 1.708394 -0.080141
v 0.592464 1.701415 -0.077767
v 0.599325 1.947726 -0.092683
v 0.613271 1.945934 -0.094747
v 0.618480 1.499723 -0.079588
v 0.623539 1.484575 -0.081004
v 0.641532 1.504157 -0.081445
v 0.709538 1.569295 -0.091554
v 0.688642 1.587369 -0.085752
v 0.687122 1.554181 -0.086484
v 0.671157 1.692403 -0.090110
v 0.654762 1.685143 -0.085913
v 0.693040 1.687094 -0.094674
v 0.679455 1.930730 -0.103133
v 0.662046 1.936634 -0.099912
v 0.753057 1.430474 -0.122499
v 0.748732 1.413416 -0.124252
v 0.771075 1.419213 -0.132316
v 0.778023 1.691253 -0.122080
v 0.762534 1.696195 -0.116980
v 0.749498 1.689868 -0.111437
v 0.783302 1.799285 -0.122486
v 0.753656 1.767420 -0.111997
v 0.790750 1.771229 -0.125657
v 0.817009 1.904864 -0.149034
v 0.799994 1.900915 -0.138682
v 0.823290 1.881887 -0.147970
v 0.826142 1.810096 -0.143183
v 0.827599 1.397085 -0.158843
v 0.821767 1.392372 -0.156764
v 0.816851 1.389967 -0.155337
v 0.741019 1.392542 -0.127160
v 0.850143 1.670790 -0.153959
v 0.845679 1.641572 -0.156631
v 0.799980 1.579696 -0.128554
v 0.805317 1.596097 -0.130151
v 0.777464 1.604094 -0.116758
v 0.765166 1.581890 -0.111931
v 0.840988 1.931521 -0.163833
v 0.839385 1.930719 -0.162512
v 0.841454 1.887576 -0.161118
v 0.832945 1.899463 -0.157680
v 0.838526 1.877679 -0.156812
v 0.849020 1.849568 -0.159299
v 0.828969 1.590964 -0.142591
v 0.828242 1.580057 -0.143156
v 0.839194 1.570766 -0.151143
v 0.830115 1.507868 -0.148112
v 0.830063 1.431246 -0.159493
v 0.830572 1.415666 -0.160030
v 0.793911 1.884710 -0.132051
v 0.802697 1.858717 -0.132914
v 0.818908 1.864872 -0.142155
v 0.828011 1.719665 -0.145698
v 0.801516 1.711059 -0.133993
v 0.834013 1.714154 -0.148020
v 0.792226 1.699540 -0.129314
v 0.805554 1.694215 -0.133905
v 0.806764 1.680291 -0.132677
v 0.794252 1.670805 -0.126860
v 0.825342 1.673228 -0.141355
v 0.816262 1.402626 -0.154241
v 0.803988 1.406919 -0.148655
v 0.810775 1.397185 -0.152230
v 0.745403 1.957021 -0.131394
v 0.771482 1.957819 -0.138836
v 0.782229 1.941432 -0.137528
v 0.773777 1.946974 -0.135853
v 0.774480 1.931517 -0.132091
v 0.820913 1.628983 -0.140732
v 0.796470 1.620242 -0.126672
v 0.815294 1.612834 -0.135952
v 0.765893 1.825509 -0.116197
v 0.741507 1.839646 -0.108509
v 0.732604 1.793658 -0.104674
v 0.798100 1.723298 -0.132683
v 0.748777 1.725083 -0.112624
v 0.767773 1.713399 -0.119994
v 0.645427 1.943347 -0.098382
v 0.649789 1.953308 -0.102911
v 0.630868 1.954211 -0.099557
v 0.629105 1.945481 -0.096641
v 0.778082 1.495236 -0.123019
v 0.751142 1.520759 -0.109228
v 0.754702 1.482564 -0.114963
v 0.730574 1.956874 -0.127150
v 0.727756 1.675326 -0.101317
v 0.717592 1.663806 -0.096632
v 0.743127 1.666858 -0.105184
v 0.699235 1.402485 -0.111843
v 0.669152 1.412589 -0.101282
v 0.698322 1.678693 -0.094336
v 0.660217 1.676381 -0.085958
v 0.686132 1.667799 -0.089933
v 0.674418 1.913775 -0.097522
v 0.657246 1.921987 -0.094939
v 0.653694 1.903001 -0.090986
v 0.638034 1.829480 -0.083042
v 0.619917 1.798666 -0.079493
v 0.658537 1.782070 -0.086350
v 0.667269 1.721070 -0.089829
v 0.629260 1.714315 -0.084176
v 0.657266 1.708760 -0.088191
v 0.666277 1.641037 -0.084939
v 0.628789 1.633059 -0.080263
v 0.661809 1.626495 -0.082827
v 0.652607 1.488338 -0.084445
v 0.631949 1.468625 -0.083417
v 0.645348 1.456858 -0.087020
v 0.593631 1.939992 -0.090951
v 0.595113 1.931550 -0.090319
v 0.606391 1.938053 -0.092379
v 0.615107 1.927410 -0.090748
v 0.603413 1.919824 -0.088593
v 0.618489 1.907506 -0.087098
v 0.587492 1.848822 -0.077216
v 0.595350 1.823549 -0.076490
v 0.609199 1.854699 -0.079466
v 0.634206 1.694546 -0.083094
v 0.598613 1.693205 -0.077213
v 0.618194 1.687090 -0.079346
v 0.626123 1.667891 -0.080924
v 0.607495 1.656144 -0.080488
v 0.650592 1.659288 -0.084522
v 0.588400 1.611458 -0.075929
v 0.581381 1.602332 -0.075773
v 0.598382 1.595414 -0.075858
v 0.622712 1.394066 -0.095881
v 0.609772 1.393396 -0.094110
v 0.630566 1.415335 -0.091645
v 0.614683 1.405335 -0.091633
v 0.626079 1.403060 -0.093764
v 0.579236 1.936056 -0.088094
v 0.581172 1.926515 -0.088115
v 0.580911 1.896569 -0.085233
v 0.572143 1.875995 -0.083588
v 0.576572 1.873287 -0.081554
v 0.641267 1.648378 -0.083704
v 0.599556 1.644862 -0.080404
v 0.604842 1.637746 -0.079654
v 0.589460 1.571837 -0.076367
v 0.590505 1.584758 -0.076406
v 0.575494 1.595283 -0.076618
v 0.581970 1.505684 -0.079114
v 0.569384 1.514901 -0.079597
v 0.591597 1.527812 -0.078876
v 0.577416 1.522156 -0.079265
v 0.591997 1.515471 -0.078905
v 0.594987 1.494037 -0.079240
v 0.599466 1.480096 -0.080596
v 0.592329 1.468468 -0.082801
v 0.579513 1.464658 -0.084510
v 0.567767 1.464887 -0.085487
v 0.584926 1.417761 -0.088672
v 0.578463 1.437113 -0.087276
v 0.573842 1.427419 -0.086932
v 0.567466 1.859105 -0.082161
v 0.570315 1.850268 -0.079343
v 0.569725 1.696867 -0.074417
v 0.569542 1.650391 -0.078828
v 0.569196 1.643078 -0.079333
v 0.573987 1.615191 -0.076531
v 0.570972 1.604402 -0.076373
v 0.564317 1.437883 -0.085222
v 0.569561 1.530620 -0.079098
v 0.582292 1.538486 -0.078315
v 0.572124 1.704294 -0.075606
v 0.579250 1.713489 -0.077891
v 0.568981 1.884012 -0.084847
v 0.576944 1.908857 -0.086761
v 0.593508 1.901738 -0.084862
v 0.588195 1.877295 -0.080680
v 0.607216 1.887236 -0.082823
v 0.643524 1.540940 -0.080391
v 0.626405 1.558201 -0.078013
v 0.618717 1.543430 -0.078619
v 0.645944 1.609975 -0.079914
v 0.614358 1.616615 -0.077556
v 0.623714 1.597156 -0.077315
v 0.628513 1.930252 -0.092398
v 0.634215 1.910947 -0.089057
v 0.641597 1.928321 -0.093459
v 0.679358 1.487025 -0.090794
v 0.672580 1.453814 -0.093725
v 0.705510 1.462404 -0.101353
v 0.745691 1.930100 -0.123610
v 0.745472 1.901197 -0.116695
v 0.758565 1.914125 -0.123128
v 0.814662 1.801165 -0.136324
v 0.818804 1.775571 -0.137945
v 0.793744 1.933980 -0.141444
v 0.788211 1.921443 -0.136437
v 0.805845 1.923812 -0.146325
v 0.841716 1.628518 -0.153434
v 0.834915 1.612688 -0.147621
v 0.832870 1.663883 -0.146332
v 0.802780 1.660543 -0.131825
v 0.828298 1.653866 -0.145572
v 0.849114 1.664553 -0.154694
v 0.846226 1.652281 -0.155571
v 0.849773 1.711968 -0.155190
v 0.848215 1.730435 -0.155957
v 0.566395 1.394301 -0.085620
v 0.848235 1.920435 -0.165874
v 0.843049 1.511608 -0.154924
v 0.839063 1.425185 -0.162885
v 0.845546 1.615343 -0.155128
v 0.850892 1.854054 -0.161667
v 0.850090 1.873602 -0.165051
v 0.849977 1.864044 -0.163002
v 0.841304 1.483632 -0.157457
v 0.834068 1.703709 -0.148045
v 0.846768 1.914156 -0.165089
v 0.841416 1.412597 -0.163474
v 0.841863 1.440475 -0.164016
v 0.833441 1.391884 -0.161030
v 0.838556 1.775398 -0.148581
v 0.847628 1.903670 -0.165722
v 0.843207 1.811847 -0.153701
v 0.846342 1.577043 -0.154366
v 0.841352 1.402187 -0.163455
v 0.844964 1.755570 -0.151877
v 0.842966 1.690794 -0.150661
v 0.849794 1.813387 -0.157769
v 0.846529 1.927624 -0.165959
v 0.829334 1.697977 -0.145465
v 0.835152 1.554276 -0.150904
v 0.846775 1.594162 -0.153563
v 0.847103 1.603236 -0.154880
v 0.842110 1.454719 -0.163615
v 0.843259 1.584772 -0.151342
v 0.832717 1.537474 -0.149941
v 0.835853 1.394835 -0.161674
v 0.842790 1.785320 -0.151992
v 0.842745 1.497208 -0.155739
v 0.843996 1.563541 -0.155406
v 0.843158 1.796504 -0.153304
v 0.848110 1.939900 -0.166354
v 0.841283 1.525504 -0.154506
v 0.838203 1.468640 -0.159169
v 0.567172 1.934445 -0.085427
v 0.565075 1.452859 -0.086117
v 0.570184 1.926068 -0.086098
v 0.564580 1.461251 -0.085997
v 0.573923 1.588170 -0.077177
v 0.579079 1.552893 -0.076662
v 0.569074 1.907904 -0.085726
v 0.584919 1.741077 -0.079496
v 0.572729 1.718307 -0.078468
v 0.573113 1.575585 -0.077077
v 0.568221 1.733981 -0.078946
v 0.577247 1.490498 -0.080187
v 0.574559 1.562261 -0.076573
v 0.568351 1.738876 -0.078500
v 0.572848 1.669268 -0.075577
v 0.565827 1.474773 -0.084178
v 0.589693 1.723411 -0.081036
v 0.572250 1.678924 -0.074072
v 0.570264 1.502974 -0.079661
v 0.589105 1.753052 -0.078270
v 0.585020 1.730396 -0.080624
v 0.572689 1.764009 -0.076083
v 0.573054 1.479239 -0.082496
v 0.571373 1.542557 -0.077801
v 0.569122 1.811436 -0.075769
v 0.599860 1.955533 -0.093768
v 0.688107 1.949952 -0.112229
v 0.829160 1.948256 -0.160865
v 0.844109 1.952991 -0.165027
v 0.668477 1.948017 -0.105675
v 0.836712 1.952070 -0.162969
v 0.818299 1.954381 -0.157495
v 0.611714 1.953532 -0.095957
v 0.839043 1.391009 -0.163124
v 0.620184 1.389958 -0.096887
v 0.691941 1.390331 -0.113741
v 0.793862 1.393011 -0.147220
v 0.642918 1.390746 -0.101305
v 0.674029 1.395790 -0.107366
v 0.569672 1.389171 -0.086267
v 0.752906 1.390108 -0.132185
v 0.772845 1.393112 -0.139731
v 0.782085 1.392701 -0.143370
v 0.649899 1.396006 -0.101241
v 0.575595 1.389673 -0.087585
v 0.628164 1.389476 -0.098644
v 0.762494 1.394020 -0.135028
v 0.831513 1.598670 -0.150304
v 0.803110 1.943730 -0.153159
v 0.798380 1.941332 -0.150124
v 0.811398 1.938951 -0.155629
v 0.801106 1.704015 -0.138413
v 0.833187 1.708780 -0.152374
v 0.564459 1.405892 -0.089480
v 0.581611 1.661779 -0.082385
v 0.596754 1.672783 -0.081879
v 0.633780 1.398539 -0.102134
v 0.645177 1.416899 -0.099433
v 0.637446 1.407049 -0.100265
v 0.667633 1.587863 -0.086475
v 0.646611 1.576051 -0.083934
v 0.665575 1.559061 -0.086650
v 0.764089 1.945550 -0.137998
v 0.752842 1.943872 -0.134506
v 0.761889 1.927737 -0.132475
v 0.812019 1.431583 -0.156318
v 0.800912 1.421885 -0.151497
v 0.814892 1.415656 -0.158303
v 0.802462 1.535037 -0.137510
v 0.807742 1.517420 -0.141100
v 0.830889 1.448337 -0.163836
v 0.840295 1.831591 -0.157964
v 0.834338 1.908258 -0.164880
v 0.841307 1.894537 -0.167326
v 0.808870 1.950446 -0.157802
v 0.822140 1.943604 -0.162569
v 0.834575 1.935634 -0.166589
v 0.574021 1.394589 -0.091700
v 0.586328 1.393727 -0.094006
v 0.573077 1.417040 -0.091302
v 0.572932 1.406204 -0.091489
v 0.583892 1.405262 -0.093445
v 0.841224 1.736508 -0.156736
v 0.831988 1.927737 -0.163924
v 0.831157 1.921835 -0.163717
v 0.839227 1.872230 -0.163690
v 0.837929 1.859864 -0.160003
v 0.823156 1.755283 -0.145650
v 0.836136 1.743297 -0.153094
v 0.821138 1.685190 -0.144639
v 0.838630 1.678938 -0.152825
v 0.815847 1.935794 -0.157428
v 0.801316 1.936735 -0.150888
v 0.812944 1.929768 -0.156019
v 0.796602 1.750992 -0.134005
v 0.761231 1.741963 -0.121033
v 0.805251 1.737288 -0.139413
v 0.814212 1.563265 -0.143225
v 0.805083 1.550933 -0.138609
v 0.774960 1.952000 -0.143571
v 0.797496 1.952245 -0.152996
v 0.753830 1.871960 -0.119013
v 0.774355 1.859008 -0.125303
v 0.767976 1.885813 -0.125663
v 0.774975 1.680428 -0.124103
v 0.748239 1.678044 -0.113740
v 0.761505 1.671684 -0.117664
v 0.776767 1.649421 -0.124142
v 0.777495 1.633767 -0.123522
v 0.802924 1.642312 -0.137664
v 0.764193 1.562308 -0.117134
v 0.783373 1.553110 -0.126530
v 0.790442 1.566042 -0.129944
v 0.769208 1.444624 -0.133151
v 0.783919 1.431778 -0.142148
v 0.795550 1.442985 -0.146837
v 0.792868 1.475323 -0.138456
v 0.771903 1.461863 -0.131146
v 0.799197 1.458104 -0.145727
v 0.792099 1.405884 -0.149050
v 0.801664 1.396890 -0.153704
v 0.760181 1.541604 -0.115867
v 0.782698 1.518228 -0.127648
v 0.780640 1.537198 -0.125431
v 0.738182 1.950837 -0.132711
v 0.697627 1.928450 -0.113699
v 0.713340 1.943497 -0.123151
v 0.721176 1.627607 -0.099785
v 0.733877 1.599560 -0.103347
v 0.746068 1.616756 -0.108129
v 0.748004 1.651174 -0.110480
v 0.726449 1.646194 -0.102405
v 0.750091 1.635216 -0.110413
v 0.720764 1.533076 -0.101976
v 0.697484 1.519178 -0.096423
v 0.721977 1.493080 -0.106716
v 0.718145 1.439137 -0.113666
v 0.685856 1.432722 -0.105782
v 0.715658 1.420882 -0.116672
v 0.692192 1.896645 -0.104134
v 0.672800 1.881347 -0.097372
v 0.705578 1.879155 -0.105602
v 0.707797 1.844280 -0.103701
v 0.671652 1.845117 -0.094931
v 0.694540 1.800260 -0.098787
v 0.699752 1.695513 -0.101686
v 0.719522 1.688581 -0.106446
v 0.731235 1.696481 -0.110892
v 0.610998 1.716582 -0.086763
v 0.642489 1.726628 -0.091319
v 0.585846 1.951883 -0.094275
v 0.601245 1.550498 -0.082445
v 0.606397 1.562743 -0.081633
v 0.607685 1.450546 -0.090173
v 0.594078 1.447308 -0.091552
v 0.601791 1.428105 -0.093092
v 0.621391 1.446644 -0.090215
v 0.614509 1.423297 -0.093321
v 0.630918 1.435539 -0.092796
v 0.579574 1.828984 -0.081348
v 0.581335 1.805694 -0.080419
v 0.579410 1.687696 -0.078948
v 0.594358 1.681401 -0.080459
v 0.571028 1.524085 -0.084572
v 0.572111 1.943894 -0.090804
v 0.574192 1.450579 -0.091400
v 0.568070 1.441609 -0.090504
v 0.582074 1.782444 -0.080540
v 0.619552 1.529446 -0.084252
v 0.619917 1.515309 -0.084300
v 0.641230 1.523532 -0.085648
v 0.701292 1.626992 -0.093991
v 0.693248 1.612508 -0.091411
v 0.714237 1.598483 -0.096685
v 0.707268 1.719382 -0.102690
v 0.694558 1.706325 -0.100018
v 0.728055 1.707432 -0.109744
v 0.711719 1.911117 -0.113308
v 0.726808 1.897609 -0.115305
v 0.728608 1.924315 -0.122358
v 0.779637 1.406008 -0.144630
v 0.750904 1.406448 -0.132335
v 0.768752 1.410917 -0.138769
v 0.816049 1.478673 -0.150189
v 0.820674 1.462556 -0.156536
v 0.824235 1.493113 -0.151641
v 0.823756 1.935536 -0.161676
v 0.812971 1.941532 -0.157722
v 0.820982 1.935107 -0.159664
v 0.841341 1.722543 -0.156704
v 0.843072 1.714932 -0.156930
v 0.843454 1.879930 -0.167255
v 0.598354 1.395221 -0.096236
v 0.833144 1.404707 -0.165273
v 0.828912 1.837093 -0.151159
v 0.815928 1.831152 -0.143684
v 0.790406 1.949266 -0.149136
v 0.779914 1.949229 -0.144662
v 0.785803 1.944030 -0.145445
v 0.713333 1.399007 -0.122149
v 0.608080 1.772605 -0.083220
v 0.640539 1.754171 -0.088952
v 0.564050 1.427759 -0.088892
v 0.565499 1.415571 -0.089656
v 0.578333 1.634072 -0.083749
v 0.581677 1.623252 -0.082528
v 0.572929 1.860772 -0.088089
v 0.571114 1.862879 -0.088401
v 0.634327 1.737761 -0.090101
v 0.628987 1.699879 -0.087864
v 0.605317 1.705500 -0.084904
v 0.595394 1.698058 -0.082492
v 0.600587 1.945003 -0.097180
v 0.615568 1.941384 -0.099166
v 0.623051 1.500838 -0.084666
v 0.627727 1.486671 -0.085982
v 0.644601 1.505682 -0.086354
v 0.708391 1.570268 -0.095610
v 0.689425 1.587534 -0.090307
v 0.687603 1.555433 -0.090948
v 0.671885 1.690134 -0.094570
v 0.656070 1.682973 -0.090466
v 0.692989 1.683965 -0.098855
v 0.678386 1.924610 -0.106465
v 0.661890 1.930282 -0.103414
v 0.749338 1.434581 -0.125358
v 0.745589 1.418550 -0.127124
v 0.766528 1.423245 -0.134850
v 0.774407 1.687688 -0.125095
v 0.759342 1.693223 -0.120221
v 0.747010 1.686221 -0.114846
v 0.779179 1.799172 -0.125547
v 0.751025 1.768115 -0.115590
v 0.786495 1.772006 -0.128654
v 0.810559 1.901520 -0.150735
v 0.794262 1.896899 -0.140638
v 0.816257 1.878408 -0.149311
v 0.819178 1.809014 -0.144827
v 0.824711 1.397077 -0.162382
v 0.818761 1.393732 -0.160195
v 0.814262 1.393156 -0.158574
v 0.738937 1.398793 -0.129903
v 0.843558 1.672848 -0.155387
v 0.838512 1.642299 -0.157810
v 0.794067 1.581172 -0.130774
v 0.799224 1.596387 -0.132309
v 0.772236 1.604000 -0.119346
v 0.760533 1.582749 -0.114770
v 0.834886 1.927120 -0.165298
v 0.833050 1.926583 -0.163910
v 0.834220 1.884752 -0.162401
v 0.826160 1.896664 -0.159238
v 0.830616 1.874462 -0.157637
v 0.840640 1.847626 -0.159680
v 0.822070 1.591569 -0.144298
v 0.821508 1.582156 -0.144888
v 0.832381 1.573590 -0.152568
v 0.823636 1.508746 -0.150040
v 0.826203 1.432191 -0.162603
v 0.827525 1.415853 -0.163505
v 0.788666 1.881171 -0.134328
v 0.797064 1.856624 -0.135200
v 0.812187 1.862195 -0.143793
v 0.822453 1.719060 -0.148110
v 0.797077 1.710217 -0.136928
v 0.828562 1.713126 -0.150484
v 0.788144 1.696361 -0.132170
v 0.801177 1.690379 -0.136560
v 0.801807 1.678899 -0.135329
v 0.789233 1.670471 -0.129500
v 0.819576 1.674165 -0.143629
v 0.812079 1.403513 -0.157272
v 0.799535 1.409103 -0.151478
v 0.807139 1.399324 -0.155388
v 0.744999 1.950595 -0.134476
v 0.769611 1.951799 -0.141592
v 0.778520 1.936139 -0.140133
v 0.771510 1.940797 -0.138781
v 0.771396 1.926336 -0.134965
v 0.814061 1.627736 -0.142444
v 0.790446 1.618831 -0.128840
v 0.808666 1.611515 -0.137803
v 0.762677 1.824745 -0.119591
v 0.739662 1.838260 -0.112349
v 0.730942 1.793432 -0.108607
v 0.793337 1.723781 -0.135458
v 0.745866 1.725850 -0.116103
v 0.763959 1.713243 -0.123181
v 0.646659 1.936918 -0.102164
v 0.650241 1.946583 -0.106206
v 0.632283 1.948430 -0.103329
v 0.631399 1.939641 -0.100774
v 0.773326 1.498121 -0.125636
v 0.747526 1.522973 -0.112399
v 0.751020 1.485833 -0.117984
v 0.729597 1.950723 -0.130174
v 0.726210 1.671241 -0.104953
v 0.716685 1.660732 -0.100573
v 0.740244 1.664024 -0.108523
v 0.698484 1.408674 -0.115249
v 0.669108 1.418281 -0.105006
v 0.698342 1.674770 -0.098424
v 0.661828 1.674442 -0.090551
v 0.687069 1.665043 -0.094339
v 0.674045 1.909071 -0.101366
v 0.657871 1.916911 -0.098937
v 0.654814 1.899303 -0.095346
v 0.639971 1.828523 -0.087811
v 0.622682 1.798826 -0.084408
v 0.659757 1.782323 -0.091000
v 0.668782 1.721051 -0.094505
v 0.631974 1.712708 -0.089032
v 0.659034 1.708332 -0.092933
v 0.668730 1.638357 -0.089652
v 0.632875 1.630269 -0.085171
v 0.664613 1.624432 -0.087663
v 0.654378 1.490919 -0.089078
v 0.635219 1.471465 -0.088226
v 0.647018 1.460411 -0.091505
v 0.595594 1.938007 -0.095655
v 0.598400 1.928893 -0.095138
v 0.609461 1.934327 -0.097035
v 0.618904 1.922861 -0.095361
v 0.607705 1.915930 -0.093360
v 0.622195 1.903620 -0.091803
v 0.593060 1.846939 -0.082224
v 0.599619 1.822830 -0.081543
v 0.612750 1.852857 -0.084394
v 0.635976 1.691668 -0.087687
v 0.601491 1.690332 -0.081970
v 0.620554 1.685142 -0.084094
v 0.629156 1.669245 -0.085789
v 0.611528 1.657822 -0.085447
v 0.653233 1.659162 -0.089343
v 0.594079 1.610315 -0.081027
v 0.587644 1.602591 -0.080901
v 0.603769 1.595470 -0.080997
v 0.624222 1.400528 -0.099715
v 0.611903 1.398386 -0.098244
v 0.632355 1.420339 -0.095895
v 0.617279 1.410009 -0.096064
v 0.627692 1.408869 -0.097802
v 0.580226 1.935347 -0.092706
v 0.583440 1.925148 -0.092890
v 0.587461 1.893633 -0.090030
v 0.579699 1.873500 -0.088340
v 0.584614 1.870356 -0.086213
v 0.644608 1.646157 -0.088530
v 0.604431 1.643667 -0.085425
v 0.609734 1.634833 -0.084588
v 0.595244 1.571862 -0.081514
v 0.596452 1.585385 -0.081539
v 0.581839 1.596450 -0.081569
v 0.588076 1.506141 -0.084260
v 0.575213 1.515239 -0.084595
v 0.597266 1.528546 -0.084015
v 0.583250 1.522769 -0.084409
v 0.597813 1.515614 -0.084065
v 0.600700 1.495498 -0.084335
v 0.605104 1.482624 -0.085594
v 0.598534 1.471621 -0.087706
v 0.585934 1.467665 -0.089424
v 0.573362 1.467290 -0.090310
v 0.588138 1.419198 -0.093579
v 0.582605 1.438172 -0.092276
v 0.575936 1.427718 -0.091746
v 0.575593 1.856853 -0.086588
v 0.578350 1.848032 -0.083832
v 0.573747 1.694406 -0.079058
v 0.574656 1.652687 -0.083496
v 0.574734 1.643788 -0.084100
v 0.580168 1.613564 -0.081360
v 0.577416 1.604651 -0.081259
v 0.562906 1.436720 -0.088691
v 0.574707 1.532464 -0.084016
v 0.587691 1.540483 -0.083379
v 0.575587 1.700987 -0.080200
v 0.582413 1.709524 -0.082399
v 0.573024 1.882594 -0.089638
v 0.580475 1.907197 -0.091634
v 0.598868 1.898202 -0.089683
v 0.594345 1.874201 -0.085535
v 0.611440 1.884006 -0.087656
v 0.647011 1.542338 -0.085357
v 0.630775 1.559415 -0.083085
v 0.623427 1.544883 -0.083704
v 0.649374 1.608726 -0.084892
v 0.618889 1.614856 -0.082592
v 0.627978 1.596555 -0.082398
v 0.631574 1.925093 -0.096802
v 0.636912 1.906838 -0.093612
v 0.643637 1.922984 -0.097670
v 0.679438 1.490022 -0.095025
v 0.672552 1.457752 -0.097808
v 0.704155 1.466102 -0.105109
v 0.744962 1.924358 -0.127147
v 0.744349 1.896710 -0.120374
v 0.757010 1.909105 -0.126557
v 0.808739 1.800517 -0.138563
v 0.813049 1.775705 -0.140283
v 0.788480 1.930342 -0.143703
v 0.783086 1.917409 -0.138692
v 0.799909 1.920999 -0.148392
v 0.834183 1.627724 -0.154593
v 0.827333 1.611281 -0.148907
v 0.826622 1.666750 -0.148219
v 0.797156 1.661786 -0.134132
v 0.821772 1.655990 -0.147365
v 0.842275 1.667731 -0.155958
v 0.839217 1.654772 -0.156809
v 0.843939 1.711209 -0.157152
v 0.841184 1.730785 -0.157160
v 0.566437 1.393674 -0.089777
v 0.842796 1.918343 -0.167793
v 0.836684 1.511849 -0.156715
v 0.837265 1.425115 -0.166653
v 0.837705 1.613878 -0.155985
v 0.842556 1.851686 -0.161865
v 0.844093 1.871296 -0.166740
v 0.842094 1.861242 -0.163682
v 0.834709 1.487302 -0.158785
v 0.829320 1.702504 -0.150599
v 0.844317 1.914320 -0.168553
v 0.840047 1.412483 -0.167336
v 0.839324 1.440886 -0.167468
v 0.830911 1.394202 -0.164293
v 0.831723 1.774781 -0.150184
v 0.845508 1.903650 -0.169288
v 0.835884 1.811507 -0.155020
v 0.839432 1.579637 -0.155562
v 0.839768 1.401983 -0.167253
v 0.838328 1.756042 -0.153527
v 0.837576 1.688077 -0.152758
v 0.842443 1.813385 -0.158880
v 0.843499 1.926929 -0.168982
v 0.824657 1.694525 -0.147879
v 0.827970 1.555821 -0.152250
v 0.839017 1.593312 -0.154481
v 0.839191 1.601444 -0.155655
v 0.837832 1.456756 -0.166252
v 0.835963 1.586141 -0.152601
v 0.825703 1.537794 -0.151454
v 0.833655 1.395084 -0.165304
v 0.835272 1.784016 -0.153068
v 0.836055 1.499487 -0.157208
v 0.837233 1.566133 -0.156696
v 0.835501 1.795358 -0.154297
v 0.844941 1.936058 -0.167588
v 0.834858 1.525029 -0.156285
v 0.832149 1.472477 -0.160831
v 0.567225 1.934354 -0.089582
v 0.567667 1.452915 -0.090805
v 0.570762 1.925760 -0.090503
v 0.568300 1.462599 -0.090628
v 0.580246 1.588879 -0.082081
v 0.584347 1.554537 -0.081590
v 0.570682 1.907234 -0.090261
v 0.588580 1.743804 -0.084238
v 0.576092 1.713633 -0.082685
v 0.579291 1.575384 -0.082002
v 0.572346 1.735893 -0.083654
v 0.583444 1.492712 -0.085042
v 0.580365 1.562339 -0.081501
v 0.572521 1.741229 -0.083169
v 0.577412 1.672485 -0.080253
v 0.571933 1.477973 -0.088727
v 0.593161 1.720443 -0.085635
v 0.576990 1.680761 -0.078880
v 0.576409 1.503744 -0.084571
v 0.592796 1.755522 -0.083038
v 0.588695 1.731388 -0.085452
v 0.577154 1.765574 -0.080825
v 0.579434 1.482578 -0.087196
v 0.576380 1.545000 -0.082606
v 0.575617 1.810850 -0.080522
v 0.600277 1.953284 -0.097874
v 0.686932 1.943442 -0.115194
v 0.827827 1.948552 -0.164679
v 0.840598 1.948258 -0.162752
v 0.667696 1.941257 -0.108727
v 0.833035 1.949094 -0.164054
v 0.815239 1.953018 -0.160684
v 0.613012 1.949544 -0.100156
v 0.836763 1.392979 -0.166230
v 0.621719 1.396434 -0.100465
v 0.691499 1.396649 -0.116860
v 0.791700 1.397265 -0.150448
v 0.643166 1.397129 -0.104571
v 0.673796 1.402051 -0.110737
v 0.569943 1.387997 -0.090441
v 0.749956 1.396194 -0.134537
v 0.769370 1.398197 -0.142287
v 0.779348 1.397376 -0.146309
v 0.649899 1.402262 -0.104670
v 0.576487 1.388783 -0.091985
v 0.629219 1.396342 -0.101899
v 0.758745 1.399717 -0.137369
v 0.849238 1.945851 -0.165658
v 0.849494 1.931991 -0.167810
v 0.848465 1.917895 -0.168264
v 0.848277 1.913630 -0.167785
v 0.850088 1.906384 -0.168365
v 0.849559 1.898514 -0.168458
v 0.848265 1.892780 -0.167895
v 0.848219 1.882501 -0.167227
v 0.847593 1.872304 -0.166113
v 0.846971 1.852524 -0.161912
v 0.846961 1.861232 -0.163771
v 0.846956 1.844243 -0.160706
v 0.847273 1.827355 -0.159446
v 0.847517 1.809258 -0.159318
v 0.846868 1.797529 -0.159114
v 0.846857 1.773396 -0.157032
v 0.846939 1.765206 -0.156208
v 0.846597 1.786765 -0.158329
v 0.847281 1.743996 -0.156393
v 0.847488 1.755206 -0.156267
v 0.846983 1.722475 -0.157208
v 0.846591 1.731014 -0.157740
v 0.846899 1.737956 -0.157286
v 0.847791 1.710966 -0.156611
v 0.847312 1.715559 -0.156590
v 0.847469 1.708368 -0.156420
v 0.847003 1.702775 -0.156296
v 0.846656 1.696467 -0.156013
v 0.847329 1.678249 -0.154816
v 0.847467 1.689885 -0.155493
v 0.847221 1.671757 -0.154844
v 0.846612 1.666282 -0.155815
v 0.845601 1.654423 -0.157899
v 0.844913 1.641279 -0.159013
v 0.844477 1.629384 -0.158576
v 0.844623 1.616307 -0.157852
v 0.844855 1.602731 -0.156580
v 0.844244 1.565165 -0.158235
v 0.843036 1.555413 -0.158967
v 0.845056 1.592758 -0.155500
v 0.844902 1.585198 -0.155387
v 0.844995 1.577981 -0.156414
v 0.844473 1.572645 -0.157013
v 0.842775 1.547170 -0.159125
v 0.843682 1.532106 -0.158830
v 0.843864 1.514204 -0.158049
v 0.843223 1.500028 -0.158625
v 0.842312 1.484950 -0.160953
v 0.841628 1.471827 -0.163549
v 0.842288 1.457741 -0.165716
v 0.843185 1.439455 -0.166506
v 0.843435 1.427354 -0.166280
v 0.843403 1.416176 -0.166189
v 0.843022 1.402805 -0.166100
v 0.842289 1.397021 -0.165901
v 0.841814 1.396337 -0.165740
v 0.566283 1.943689 -0.087291
v 0.565826 1.934005 -0.087170
v 0.565984 1.922429 -0.087227
v 0.567354 1.878774 -0.086632
v 0.566538 1.904494 -0.087214
v 0.571736 1.826418 -0.079232
v 0.568055 1.863361 -0.086019
v 0.569515 1.861418 -0.085773
v 0.570831 1.854334 -0.084049
v 0.571505 1.841000 -0.081228
v 0.571273 1.796607 -0.077852
v 0.571193 1.783558 -0.077844
v 0.570887 1.752304 -0.079253
v 0.571234 1.808805 -0.078233
v 0.570367 1.763713 -0.078419
v 0.570357 1.747657 -0.079805
v 0.570020 1.720397 -0.081595
v 0.569112 1.741326 -0.080573
v 0.568854 1.733732 -0.081251
v 0.569750 1.726050 -0.081671
v 0.569064 1.715146 -0.080017
v 0.569617 1.710800 -0.078721
v 0.569545 1.704589 -0.077781
v 0.570026 1.695836 -0.076699
v 0.570746 1.688305 -0.076098
v 0.570667 1.680286 -0.076416
v 0.570129 1.670444 -0.077937
v 0.569764 1.660836 -0.079485
v 0.569250 1.653484 -0.080885
v 0.570374 1.619201 -0.080040
v 0.570555 1.611408 -0.079149
v 0.570380 1.597414 -0.079560
v 0.570004 1.576900 -0.079887
v 0.570199 1.592552 -0.079958
v 0.569965 1.558621 -0.079299
v 0.569924 1.550767 -0.079195
v 0.568948 1.543762 -0.080086
v 0.569112 1.495357 -0.082876
v 0.568382 1.487067 -0.084415
v 0.569310 1.641975 -0.081687
v 0.569740 1.629104 -0.081149
v 0.570257 1.603219 -0.079173
v 0.568289 1.531409 -0.081504
v 0.568012 1.523642 -0.082175
v 0.568513 1.515846 -0.082222
v 0.568746 1.504053 -0.082338
v 0.567196 1.477126 -0.086445
v 0.566753 1.470104 -0.087644
v 0.565290 1.463423 -0.088060
v 0.564191 1.452939 -0.088096
v 0.562093 1.440303 -0.086627
v 0.563981 1.445510 -0.087782
v 0.562090 1.431947 -0.086294
v 0.563620 1.420340 -0.087046
v 0.563395 1.407336 -0.087129
v 0.563480 1.394941 -0.087012
v 0.569732 1.950573 -0.088222
v 0.834288 1.956738 -0.161334
v 0.825748 1.957476 -0.160760
v 0.816090 1.958638 -0.158938
v 0.810994 1.957947 -0.157192
v 0.797156 1.956336 -0.151193
v 0.777889 1.955609 -0.143156
v 0.769819 1.955513 -0.140233
v 0.748333 1.954786 -0.134090
v 0.738844 1.954714 -0.131506
v 0.726957 1.954776 -0.128053
v 0.652427 1.953386 -0.106479
v 0.632011 1.953822 -0.102258
v 0.614589 1.954477 -0.099029
v 0.600447 1.955391 -0.095988
v 0.806500 1.957151 -0.155272
v 0.788352 1.955315 -0.147278
v 0.784607 1.955213 -0.145702
v 0.763292 1.954749 -0.138040
v 0.756718 1.954618 -0.136187
v 0.708789 1.954060 -0.122464
v 0.683478 1.953571 -0.114899
v 0.666258 1.953141 -0.109768
v 0.585500 1.955696 -0.092277
v 0.575670 1.954972 -0.089786
v 0.842360 1.952487 -0.162681
v 0.835974 1.389894 -0.164144
v 0.825814 1.390542 -0.160686
v 0.812879 1.390701 -0.156200
v 0.803146 1.390945 -0.152865
v 0.792920 1.391171 -0.149647
v 0.778428 1.391412 -0.144814
v 0.767037 1.391708 -0.140369
v 0.758574 1.392019 -0.136768
v 0.751570 1.392008 -0.133829
v 0.738118 1.392316 -0.129009
v 0.714428 1.392348 -0.121921
v 0.690096 1.392196 -0.115327
v 0.670353 1.392550 -0.110178
v 0.655482 1.392590 -0.106432
v 0.644254 1.392330 -0.103795
v 0.634261 1.392493 -0.101499
v 0.619647 1.392247 -0.098738
v 0.609119 1.391722 -0.096873
v 0.596791 1.390509 -0.094340
v 0.586059 1.389352 -0.091978
v 0.577745 1.388459 -0.090125
v 0.566299 1.389076 -0.087537
v 0.629414 1.392542 -0.100551
v 0.569796 1.388212 -0.088338
v 0.841879 1.392912 -0.165924
v 0.912271 2.055633 -0.213065
v 0.563746 2.039027 -0.113362
v 0.551206 0.057422 -0.109774
v 0.554744 0.013257 -0.110787
v 0.912271 0.013257 -0.213065
v 0.912271 2.055633 -0.213065
v 0.587134 0.773779 -0.099250
v 0.812687 0.775918 -0.163774
v 0.814990 1.296635 -0.164433
v 0.591735 1.300197 -0.100566
v 0.564958 0.057422 -0.061703
v 0.568496 0.013257 -0.062715
v 0.926023 0.013257 -0.164993
v 0.926023 2.055633 -0.164993
v 0.590492 0.787131 -0.089810
v 0.814837 0.789259 -0.153988
v 0.817135 1.298137 -0.154646
v 0.595082 1.299560 -0.091123
v 0.570102 1.391341 -0.073465
v 0.563266 1.381478 -0.061219
v 0.570182 1.390019 -0.068343
v 0.567680 1.386409 -0.063860
v 0.854116 1.380538 -0.144423
v 0.843555 1.390457 -0.151693
v 0.849832 1.385498 -0.144576
v 0.845966 1.389128 -0.147237
v 0.862865 1.967900 -0.146926
v 0.852047 1.956654 -0.154122
v 0.858452 1.962277 -0.147042
v 0.854493 1.958160 -0.149676
v 0.565907 1.963159 -0.061974
v 0.572649 1.952237 -0.074194
v 0.570274 1.957698 -0.064602
v 0.572742 1.953701 -0.069075
v 0.549871 1.381847 -0.109393
v 0.561690 1.391341 -0.102868
v 0.554822 1.386594 -0.109482
v 0.559148 1.390069 -0.107093
v 0.835144 1.390457 -0.181095
v 0.840071 1.380909 -0.192411
v 0.834845 1.389178 -0.185963
v 0.836649 1.385683 -0.190104
v 0.843636 1.956654 -0.183524
v 0.848810 1.967479 -0.194911
v 0.843370 1.958104 -0.188401
v 0.845264 1.962067 -0.192569
v 0.564238 1.952237 -0.103596
v 0.552509 1.962751 -0.110147
v 0.561707 1.953646 -0.107826
v 0.557414 1.957494 -0.110223
v 0.617852 0.811175 -0.076834
v 0.608840 0.802612 -0.078103
v 0.614869 0.808179 -0.076497
v 0.611571 0.805045 -0.076961
v 0.805874 0.804613 -0.134467
v 0.799056 0.813045 -0.128672
v 0.804217 0.807017 -0.132070
v 0.801722 0.810103 -0.129949
v 0.807891 1.282759 -0.135041
v 0.800970 1.274309 -0.129219
v 0.806198 1.280352 -0.132636
v 0.803664 1.277259 -0.130505
v 0.612849 1.284120 -0.079271
v 0.621673 1.275560 -0.077927
v 0.615516 1.281682 -0.078100
v 0.618746 1.278549 -0.077608
v 0.569004 0.684033 -0.068741
v 0.564875 0.689733 -0.061679
v 0.569020 0.684796 -0.065805
v 0.567509 0.686883 -0.063220
v 0.842175 0.681824 -0.146887
v 0.847811 0.687446 -0.142619
v 0.843499 0.682578 -0.144326
v 0.845562 0.684635 -0.142764
v 0.842622 0.443105 -0.147015
v 0.848255 0.421686 -0.142746
v 0.843946 0.440236 -0.144454
v 0.846008 0.432396 -0.142891
v 0.839225 0.411307 -0.146044
v 0.845963 0.400551 -0.142090
v 0.840697 0.409866 -0.143524
v 0.843163 0.405929 -0.142077
v 0.836677 0.303544 -0.145315
v 0.843669 0.303492 -0.141434
v 0.838183 0.303537 -0.142805
v 0.840742 0.303518 -0.141385
v 0.837527 0.216097 -0.145558
v 0.844516 0.216248 -0.141677
v 0.839032 0.216117 -0.143048
v 0.841590 0.216173 -0.141627
v 0.841773 0.105684 -0.146772
v 0.848983 0.100084 -0.142954
v 0.843308 0.104934 -0.144271
v 0.845947 0.102884 -0.142874
v 0.562374 0.103034 -0.066844
v 0.557410 0.098342 -0.059544
v 0.562278 0.102406 -0.063877
v 0.560461 0.100688 -0.061204
v 0.570867 0.216097 -0.069274
v 0.567279 0.229366 -0.062367
v 0.570955 0.217874 -0.066359
v 0.569642 0.222731 -0.063831
v 0.575962 0.445755 -0.070731
v 0.572080 0.445777 -0.063740
v 0.576011 0.445758 -0.067805
v 0.574590 0.445766 -0.065246
v 0.574263 0.560584 -0.070245
v 0.570384 0.560413 -0.063255
v 0.574313 0.560561 -0.067319
v 0.572893 0.560498 -0.064761
v 0.792367 0.099547 -0.126758
v 0.790763 0.105200 -0.132180
v 0.792134 0.102373 -0.127479
v 0.791547 0.104443 -0.129464
v 0.786178 0.687944 -0.124988
v 0.784581 0.682290 -0.130411
v 0.785949 0.685117 -0.125710
v 0.785364 0.683047 -0.127695
v 0.550311 0.690547 -0.109518
v 0.558584 0.684033 -0.105164
v 0.553797 0.687290 -0.109615
v 0.556825 0.684906 -0.108021
v 0.834643 0.688249 -0.190858
v 0.831755 0.681824 -0.183311
v 0.832548 0.685037 -0.189358
v 0.831492 0.682685 -0.186596
v 0.835086 0.418624 -0.190985
v 0.832202 0.443105 -0.183438
v 0.832994 0.430865 -0.189486
v 0.831938 0.439825 -0.186724
v 0.832952 0.399014 -0.190374
v 0.828805 0.411307 -0.182467
v 0.830228 0.405160 -0.188694
v 0.828710 0.409660 -0.185800
v 0.830694 0.303485 -0.189728
v 0.826258 0.303544 -0.181738
v 0.827825 0.303514 -0.188007
v 0.826201 0.303536 -0.185082
v 0.831541 0.216270 -0.189970
v 0.827107 0.216097 -0.181981
v 0.828673 0.216184 -0.188250
v 0.827050 0.216120 -0.185325
v 0.836040 0.099283 -0.191257
v 0.831353 0.105684 -0.183196
v 0.833046 0.102484 -0.189500
v 0.831330 0.104827 -0.186550
v 0.542726 0.097671 -0.107349
v 0.551955 0.103034 -0.103268
v 0.546690 0.100353 -0.107582
v 0.550068 0.102316 -0.106088
v 0.552792 0.231262 -0.110228
v 0.560447 0.216097 -0.105697
v 0.555969 0.223680 -0.110237
v 0.558771 0.218129 -0.108578
v 0.557551 0.445780 -0.111590
v 0.565542 0.445755 -0.107155
v 0.560896 0.445767 -0.111646
v 0.563821 0.445758 -0.110023
v 0.555856 0.560388 -0.111105
v 0.563844 0.560584 -0.106669
v 0.559199 0.560486 -0.111161
v 0.562123 0.560558 -0.109537
v 0.780343 0.105200 -0.168603
v 0.778622 0.098739 -0.174832
v 0.779462 0.104335 -0.171712
v 0.778832 0.101970 -0.173991
v 0.774162 0.682290 -0.166835
v 0.772432 0.688752 -0.173061
v 0.773279 0.683156 -0.169943
v 0.772646 0.685521 -0.172222
v 0.576966 0.761832 -0.073274
v 0.566676 0.729309 -0.062194
v 0.572407 0.751527 -0.067902
v 0.568641 0.739623 -0.063846
v 0.849718 0.732041 -0.143165
v 0.834740 0.764393 -0.147074
v 0.846964 0.742302 -0.143475
v 0.841482 0.754144 -0.144905
v 0.851917 1.340492 -0.143794
v 0.836909 1.313680 -0.147871
v 0.849286 1.330916 -0.144163
v 0.843793 1.321103 -0.145655
v 0.571558 1.344912 -0.063591
v 0.581796 1.317309 -0.074591
v 0.573594 1.335229 -0.065255
v 0.577341 1.325126 -0.069281
v 0.921499 2.055633 -0.180809
v 0.926023 2.055633 -0.164993
v 0.572973 2.039027 -0.081106
v 0.578155 2.022590 -0.065478
v 0.514547 2.021362 -0.047282
v 0.508772 2.037791 -0.062739
v 0.516556 0.220000 -0.047856
v 0.496280 0.057422 -0.058232
v 0.515510 0.057422 -0.047557
v 0.512853 0.066272 -0.046797
v 0.509013 2.036893 -0.061875
v 0.514547 2.021362 -0.047282
v 0.503979 1.979981 -0.096264
v 0.500919 2.037791 -0.090188
v 0.504350 2.037883 -0.096370
v 0.501946 2.008886 -0.094986
v 0.500826 2.030046 -0.092762
v 0.488181 0.057422 -0.086544
v 0.491949 0.109689 -0.092823
v 0.490759 0.060267 -0.092482
v 0.491613 0.057422 -0.092726
v 0.488182 0.064425 -0.089145
v 0.489561 0.083556 -0.091443
v 0.593971 0.786602 -0.115068
v 0.606039 0.802025 -0.125461
v 0.596841 0.791018 -0.119359
v 0.601258 0.796664 -0.123163
v 0.783365 0.803832 -0.176189
v 0.798823 0.788648 -0.173682
v 0.788560 0.798567 -0.176747
v 0.794218 0.793009 -0.175829
v 0.785279 1.268832 -0.176736
v 0.800904 1.283930 -0.174288
v 0.790523 1.274064 -0.177310
v 0.796242 1.279591 -0.176414
v 0.609859 1.271840 -0.126554
v 0.598132 1.287374 -0.116220
v 0.605178 1.277238 -0.124279
v 0.600886 1.282924 -0.120497
v 0.553190 0.732011 -0.110342
v 0.566397 0.755848 -0.106547
v 0.555448 0.740173 -0.109973
v 0.560282 0.748897 -0.108584
v 0.826192 0.758312 -0.180867
v 0.835627 0.734730 -0.191139
v 0.830286 0.751464 -0.185825
v 0.833739 0.742832 -0.189585
v 0.828651 1.314130 -0.181570
v 0.837884 1.337777 -0.191785
v 0.832750 1.320964 -0.186530
v 0.836130 1.329619 -0.190269
v 0.571312 1.318235 -0.107953
v 0.558107 1.342196 -0.111749
v 0.565264 1.325225 -0.110009
v 0.560430 1.333996 -0.111399
v 0.832613 0.681824 -0.180313
v 0.833060 0.443105 -0.180441
v 0.829663 0.411307 -0.179469
v 0.827115 0.303544 -0.178741
v 0.827964 0.216097 -0.178983
v 0.832210 0.105684 -0.180198
v 0.783270 0.638360 -0.134994
v 0.840864 0.681824 -0.151470
v 0.841311 0.443105 -0.151598
v 0.837914 0.411307 -0.150626
v 0.835366 0.303544 -0.149898
v 0.836215 0.216097 -0.150140
v 0.840462 0.105684 -0.151355
v 0.783612 0.105200 -0.157176
v 0.789630 0.105280 -0.168017
v 0.783449 0.682222 -0.166249
v 0.777430 0.655013 -0.155408
v 0.784673 0.446002 -0.166599
v 0.778655 0.445915 -0.155758
v 0.787118 0.295957 -0.167298
v 0.781101 0.295824 -0.156458
v 0.797881 0.127061 -0.139174
v 0.787040 0.105200 -0.145192
v 0.782083 0.445915 -0.143774
v 0.792924 0.446002 -0.137756
v 0.784529 0.295824 -0.144474
v 0.795369 0.295957 -0.138455
v 0.071134 0.064591 0.027561
v 0.196303 1.927652 0.012555
v 0.249921 1.927652 -0.002783
v 0.303255 1.924129 -0.018040
v 0.376956 1.923249 -0.039125
v 0.415886 1.920173 -0.050261
v 0.412844 1.420388 -0.049391
v 0.189224 1.418991 0.014581
v 0.195185 1.642968 0.012875
v 0.196890 1.752035 0.012388
v 0.196890 1.859298 0.012388
v 0.191350 1.294832 0.013972
v 0.409451 1.296215 -0.048420
v 0.406008 1.162276 -0.047435
v 0.404307 1.027822 -0.046949
v 0.402603 0.902012 -0.046461
v 0.403956 0.783140 -0.046848
v 0.189382 0.783140 0.014535
v 0.189382 0.891297 0.014535
v 0.190230 1.055285 0.014293
v 0.193640 1.231718 0.013317
v 0.190676 0.661377 0.014165
v 0.404530 0.659823 -0.047012
v 0.400158 0.554679 -0.045762
v 0.398732 0.409343 -0.045354
v 0.404391 0.188625 -0.046973
v 0.403502 0.134995 -0.046718
v 0.323371 0.138201 -0.023795
v 0.216018 0.145546 0.006916
v 0.190761 0.146948 0.014141
v 0.191882 0.257800 0.013820
v 0.191882 0.409729 0.013820
v 0.190467 0.575310 0.014225
v 0.184133 2.043974 0.047240
v 0.084886 2.051924 0.075632
v 0.084886 0.064591 0.075632
v 0.162536 0.013257 0.053419
v 0.436865 0.013257 -0.025059
v 0.436865 0.037548 -0.025059
v 0.458096 0.029451 -0.031133
v 0.476496 0.023562 -0.036396
v 0.199054 1.927652 0.022170
v 0.252671 1.927652 0.006831
v 0.306005 1.924129 -0.008426
v 0.379707 1.923249 -0.029510
v 0.418636 1.920173 -0.040647
v 0.415595 1.420388 -0.039777
v 0.191974 1.418991 0.024195
v 0.197935 1.642968 0.022490
v 0.199640 1.752035 0.022002
v 0.199640 1.859298 0.022002
v 0.194100 1.294832 0.023587
v 0.412201 1.296215 -0.038806
v 0.408758 1.162276 -0.037821
v 0.407057 1.027822 -0.037335
v 0.405354 0.902012 -0.036847
v 0.406706 0.783140 -0.037234
v 0.192133 0.783140 0.024150
v 0.192133 0.891297 0.024150
v 0.192981 1.055285 0.023907
v 0.196390 1.231718 0.022932
v 0.193426 0.661377 0.023780
v 0.407280 0.659823 -0.037398
v 0.402909 0.554679 -0.036148
v 0.401483 0.409343 -0.035740
v 0.407142 0.188625 -0.037358
v 0.406253 0.134995 -0.037104
v 0.326122 0.138201 -0.014181
v 0.218769 0.145546 0.016530
v 0.193511 0.146948 0.023755
v 0.194633 0.257800 0.023434
v 0.194633 0.409729 0.023434
v 0.193218 0.575310 0.023839
v 0.209042 1.916621 0.030889
v 0.228557 1.895911 0.034532
v 0.214570 1.910630 0.033920
v 0.221713 1.903049 0.035254
v 0.261560 1.895911 0.025091
v 0.257879 1.916533 0.017011
v 0.261211 1.903037 0.023967
v 0.259864 1.910585 0.021009
v 0.306203 1.892698 0.012320
v 0.306383 1.913049 0.003277
v 0.306398 1.899786 0.011059
v 0.306464 1.907234 0.007749
v 0.367918 1.891894 -0.005336
v 0.373282 1.912140 -0.015785
v 0.368836 1.898968 -0.006793
v 0.370800 1.906378 -0.010618
v 0.389580 1.890029 -0.011532
v 0.408532 1.909124 -0.025770
v 0.396336 1.896603 -0.014646
v 0.403273 1.903592 -0.019858
v 0.387158 1.456180 -0.010839
v 0.405829 1.434111 -0.025063
v 0.393830 1.448888 -0.013938
v 0.400664 1.440810 -0.019145
v 0.222824 1.455061 0.036172
v 0.202813 1.432656 0.032904
v 0.215840 1.447667 0.036965
v 0.208515 1.439466 0.035769
v 0.227522 1.647450 0.034828
v 0.207996 1.645600 0.031156
v 0.220712 1.647298 0.035536
v 0.213565 1.646621 0.034192
v 0.228954 1.747278 0.034418
v 0.209463 1.749467 0.030637
v 0.222148 1.747604 0.035112
v 0.215014 1.748406 0.033728
v 0.228954 1.845413 0.034418
v 0.209477 1.851627 0.030649
v 0.222150 1.846232 0.035113
v 0.215021 1.848506 0.033734
v 0.207147 1.281025 0.031805
v 0.228678 1.258958 0.034497
v 0.213569 1.274325 0.034393
v 0.221450 1.266248 0.035379
v 0.387977 1.260048 -0.011074
v 0.405040 1.282342 -0.024816
v 0.394564 1.267427 -0.014145
v 0.400809 1.275587 -0.019175
v 0.385381 1.151101 -0.010331
v 0.401958 1.155775 -0.024008
v 0.391796 1.151647 -0.013363
v 0.397864 1.153358 -0.018369
v 0.383953 1.029398 -0.009923
v 0.400425 1.028634 -0.023590
v 0.390355 1.029240 -0.012954
v 0.396384 1.028961 -0.017956
v 0.382523 0.915451 -0.009514
v 0.398877 0.909659 -0.023143
v 0.388909 0.914669 -0.012540
v 0.394895 0.912549 -0.017529
v 0.383532 0.819817 -0.009802
v 0.400058 0.797345 -0.023397
v 0.389987 0.812444 -0.012837
v 0.396036 0.804218 -0.017813
v 0.226622 0.819817 0.035085
v 0.205360 0.797360 0.032314
v 0.219579 0.812446 0.035914
v 0.211796 0.804226 0.034900
v 0.226622 0.905705 0.035085
v 0.205328 0.899573 0.032294
v 0.219575 0.904897 0.035911
v 0.211780 0.902652 0.034890
v 0.227333 1.053948 0.034882
v 0.206076 1.054603 0.032060
v 0.220290 1.054089 0.035704
v 0.212509 1.054328 0.034671
v 0.230197 1.213799 0.034063
v 0.209128 1.221447 0.031147
v 0.223178 1.214788 0.034873
v 0.215466 1.217587 0.033806
v 0.207955 0.646456 0.031866
v 0.229548 0.624009 0.034248
v 0.214566 0.639630 0.034254
v 0.222470 0.631413 0.035127
v 0.379648 0.622776 -0.008691
v 0.397990 0.644925 -0.022454
v 0.386462 0.630071 -0.011781
v 0.393176 0.638178 -0.016819
v 0.376547 0.538463 -0.007804
v 0.394215 0.545072 -0.021526
v 0.383109 0.539255 -0.010842
v 0.389576 0.541674 -0.015865
v 0.375389 0.404847 -0.007473
v 0.393005 0.406811 -0.021261
v 0.381944 0.405157 -0.010520
v 0.388392 0.405876 -0.015567
v 0.379977 0.202583 -0.008785
v 0.397977 0.196800 -0.022596
v 0.386584 0.201827 -0.011836
v 0.393173 0.199710 -0.016891
v 0.379439 0.165909 -0.008631
v 0.397265 0.145683 -0.022498
v 0.385956 0.158646 -0.011670
v 0.392481 0.151242 -0.016746
v 0.326431 0.168306 0.006533
v 0.325896 0.148722 -0.002095
v 0.326103 0.161327 0.005450
v 0.325907 0.154158 0.002292
v 0.239486 0.175031 0.031406
v 0.230402 0.155833 0.025364
v 0.237969 0.168107 0.030682
v 0.234644 0.161080 0.028471
v 0.229743 0.175642 0.034193
v 0.207947 0.157174 0.031798
v 0.222591 0.169062 0.035082
v 0.214613 0.162303 0.034206
v 0.230552 0.266002 0.033961
v 0.208905 0.262613 0.031490
v 0.223457 0.265565 0.034830
v 0.215534 0.264324 0.033926
v 0.230552 0.405376 0.033961
v 0.208917 0.407158 0.031497
v 0.223459 0.405597 0.034831
v 0.215540 0.406250 0.033929
v 0.229404 0.557174 0.034290
v 0.207730 0.564635 0.031897
v 0.222306 0.558155 0.035169
v 0.214372 0.560885 0.034293
v 0.213558 1.892872 -0.013183
v 0.202551 1.909147 -0.004001
v 0.208989 1.898243 -0.011068
v 0.204960 1.904200 -0.007707
v 0.251598 1.909056 -0.018105
v 0.252006 1.892872 -0.024182
v 0.251900 1.904155 -0.021171
v 0.252049 1.898231 -0.023396
v 0.300347 1.905785 -0.032093
v 0.298877 1.889776 -0.037590
v 0.299727 1.900970 -0.034874
v 0.299189 1.895111 -0.036887
v 0.367698 1.904961 -0.051375
v 0.363663 1.889002 -0.056124
v 0.365814 1.900171 -0.053788
v 0.364338 1.894329 -0.055526
v 0.403285 1.902166 -0.061542
v 0.389847 1.886934 -0.063614
v 0.399651 1.897506 -0.063461
v 0.394732 1.891930 -0.064219
v 0.400493 1.445419 -0.060758
v 0.387273 1.463998 -0.062878
v 0.396931 1.451537 -0.062690
v 0.392092 1.458337 -0.063466
v 0.196125 1.444098 -0.002268
v 0.207492 1.462875 -0.011448
v 0.198654 1.450276 -0.005955
v 0.202815 1.457149 -0.009316
v 0.201502 1.648748 -0.003640
v 0.212497 1.650935 -0.012879
v 0.203933 1.649918 -0.007383
v 0.207957 1.650718 -0.010764
v 0.203032 1.748557 -0.004008
v 0.213999 1.747022 -0.013309
v 0.205449 1.747816 -0.007781
v 0.209463 1.747253 -0.011186
v 0.203040 1.846726 -0.004029
v 0.213999 1.841486 -0.013309
v 0.205453 1.844095 -0.007792
v 0.209464 1.842177 -0.011188
v 0.211053 1.262028 -0.012466
v 0.198903 1.278289 -0.002441
v 0.206248 1.267376 -0.010214
v 0.201801 1.273327 -0.006545
v 0.393864 1.279588 -0.058208
v 0.378098 1.263162 -0.060253
v 0.389127 1.274587 -0.060131
v 0.383356 1.268574 -0.060879
v 0.390846 1.154467 -0.057289
v 0.375403 1.150991 -0.059482
v 0.386191 1.152669 -0.059263
v 0.380539 1.151397 -0.060066
v 0.389341 1.028798 -0.056843
v 0.373965 1.029365 -0.059071
v 0.384720 1.029041 -0.058834
v 0.379092 1.029248 -0.059650
v 0.387812 0.911204 -0.056411
v 0.372524 0.915509 -0.058659
v 0.383236 0.913352 -0.058412
v 0.377640 0.914928 -0.059235
v 0.388954 0.800172 -0.056802
v 0.373574 0.816728 -0.058959
v 0.384366 0.805260 -0.058768
v 0.378736 0.811320 -0.059558
v 0.197144 0.800182 -0.001938
v 0.209091 0.816728 -0.011905
v 0.200050 0.805265 -0.006044
v 0.204423 0.811321 -0.009692
v 0.197130 0.901221 -0.001907
v 0.209091 0.905781 -0.011905
v 0.200043 0.903511 -0.006029
v 0.204421 0.905180 -0.009688
v 0.197879 1.054466 -0.002105
v 0.209807 1.053980 -0.012110
v 0.200776 1.054262 -0.006230
v 0.205142 1.054084 -0.009892
v 0.200915 1.219376 -0.002949
v 0.212692 1.213690 -0.012935
v 0.203735 1.216507 -0.007064
v 0.208046 1.214426 -0.010720
v 0.212414 0.623696 -0.012856
v 0.200108 0.641001 -0.003201
v 0.207705 0.629230 -0.010687
v 0.203201 0.635564 -0.007153
v 0.385889 0.639516 -0.056374
v 0.369431 0.622428 -0.057774
v 0.380848 0.634137 -0.057986
v 0.374824 0.627882 -0.058498
v 0.382237 0.541526 -0.055212
v 0.366203 0.536097 -0.056851
v 0.377287 0.538742 -0.056908
v 0.371418 0.536755 -0.057508
v 0.381070 0.405868 -0.054817
v 0.365041 0.404269 -0.056518
v 0.376123 0.405103 -0.056545
v 0.370256 0.404518 -0.057168
v 0.385922 0.199810 -0.056263
v 0.369646 0.204553 -0.057835
v 0.380852 0.202195 -0.057927
v 0.374895 0.203931 -0.058502
v 0.385216 0.149691 -0.056007
v 0.369059 0.165140 -0.057667
v 0.380156 0.154088 -0.057701
v 0.374242 0.159743 -0.058308
v 0.315480 0.152695 -0.036069
v 0.312577 0.167652 -0.041510
v 0.313844 0.156988 -0.038736
v 0.312782 0.162463 -0.040728
v 0.222108 0.159639 -0.009447
v 0.225272 0.174294 -0.016534
v 0.223474 0.163784 -0.012929
v 0.224633 0.169148 -0.015523
v 0.200146 0.160939 -0.003155
v 0.212577 0.175078 -0.012902
v 0.203267 0.165003 -0.007144
v 0.207817 0.170178 -0.010711
v 0.201096 0.264386 -0.003389
v 0.213415 0.267166 -0.013142
v 0.204188 0.265788 -0.007388
v 0.208698 0.266806 -0.010958
v 0.201098 0.406214 -0.003392
v 0.213415 0.404749 -0.013142
v 0.204189 0.405468 -0.007389
v 0.208698 0.404932 -0.010958
v 0.199898 0.560738 -0.003096
v 0.212263 0.554620 -0.012813
v 0.203013 0.557664 -0.007077
v 0.207539 0.555425 -0.010633
v 0.173252 1.947683 0.005461
v 0.149193 1.970546 0.005230
v 0.165644 1.954556 0.004080
v 0.156838 1.962924 0.003996
v 0.245728 1.970546 -0.022386
v 0.246912 1.947683 -0.015612
v 0.245748 1.962924 -0.021439
v 0.246181 1.954556 -0.018959
v 0.299299 1.967008 -0.037711
v 0.300356 1.944154 -0.030900
v 0.299276 1.959389 -0.036752
v 0.299663 1.951024 -0.034259
v 0.401533 1.965786 -0.066958
v 0.374177 1.943271 -0.052019
v 0.387327 1.958337 -0.061941
v 0.377314 1.950096 -0.056473
v 0.448998 1.962112 -0.080536
v 0.431638 1.938732 -0.068457
v 0.443314 1.953952 -0.077957
v 0.436960 1.945394 -0.073536
v 0.445553 1.377732 -0.079550
v 0.428363 1.400475 -0.067520
v 0.439909 1.385316 -0.076983
v 0.433617 1.393641 -0.072579
v 0.141319 1.375831 0.007483
v 0.165801 1.398835 0.007592
v 0.149105 1.383500 0.006208
v 0.158067 1.391920 0.006248
v 0.148454 1.643939 0.005441
v 0.172310 1.643408 0.005730
v 0.156032 1.643757 0.004227
v 0.164764 1.643562 0.004332
v 0.150149 1.752384 0.004957
v 0.174011 1.752198 0.005243
v 0.157729 1.752322 0.003741
v 0.166463 1.752254 0.003846
v 0.150149 1.859108 0.004957
v 0.174011 1.859208 0.005243
v 0.157729 1.859141 0.003741
v 0.166463 1.859178 0.003846
v 0.168005 1.314509 0.007118
v 0.142760 1.337727 0.007070
v 0.160033 1.321489 0.005764
v 0.150793 1.329987 0.005746
v 0.446585 1.339654 -0.079846
v 0.425430 1.316142 -0.066524
v 0.439150 1.331816 -0.076745
v 0.431407 1.323210 -0.071869
v 0.442003 1.161406 -0.078535
v 0.421465 1.161881 -0.065390
v 0.434773 1.161566 -0.075493
v 0.427256 1.161740 -0.070681
v 0.440306 1.027234 -0.078049
v 0.419766 1.027552 -0.064904
v 0.433075 1.027340 -0.075007
v 0.425557 1.027456 -0.070195
v 0.438609 0.901978 -0.077564
v 0.418065 0.901990 -0.064418
v 0.431377 0.901980 -0.074521
v 0.423858 0.901984 -0.069709
v 0.440452 0.739972 -0.078091
v 0.419643 0.763338 -0.064869
v 0.433132 0.747761 -0.075023
v 0.425515 0.756314 -0.070183
v 0.142078 0.739972 0.007266
v 0.166765 0.763338 0.007473
v 0.149974 0.747761 0.005980
v 0.159011 0.756314 0.006056
v 0.142066 0.767086 0.007269
v 0.166765 0.891350 0.007473
v 0.149968 0.829228 0.005982
v 0.159009 0.874712 0.006057
v 0.143229 1.055838 0.006936
v 0.167614 1.055537 0.007230
v 0.150974 1.055737 0.005694
v 0.159900 1.055627 0.005802
v 0.146620 1.231338 0.005966
v 0.171015 1.231544 0.006257
v 0.154369 1.231406 0.004723
v 0.163299 1.231482 0.004830
v 0.165415 0.683696 0.006245
v 0.146487 0.702001 0.006004
v 0.159427 0.689199 0.005130
v 0.152499 0.695899 0.005042
v 0.439517 0.699872 -0.077824
v 0.422768 0.681826 -0.067377
v 0.433635 0.693856 -0.075383
v 0.427505 0.687251 -0.071560
v 0.433435 0.553606 -0.076084
v 0.417457 0.554087 -0.065857
v 0.427811 0.553766 -0.073717
v 0.421962 0.553942 -0.069974
v 0.432023 0.409675 -0.075680
v 0.416039 0.409526 -0.065452
v 0.426397 0.409625 -0.073313
v 0.420546 0.409571 -0.069569
v 0.438496 0.157230 -0.077531
v 0.421700 0.188729 -0.067071
v 0.432464 0.172994 -0.075048
v 0.426316 0.184524 -0.071219
v 0.437520 0.095139 -0.077252
v 0.420428 0.111977 -0.066707
v 0.431287 0.100412 -0.074711
v 0.425031 0.106575 -0.070852
v 0.315853 0.097909 -0.042447
v 0.318257 0.116064 -0.037479
v 0.316356 0.103961 -0.041833
v 0.317236 0.110607 -0.040014
v 0.208191 0.105276 -0.011648
v 0.210746 0.123421 -0.006723
v 0.208748 0.111325 -0.011049
v 0.209683 0.117966 -0.009247
v 0.146084 0.108721 0.006119
v 0.165232 0.125946 0.006297
v 0.152169 0.114463 0.005136
v 0.159178 0.120768 0.005201
v 0.147595 0.258010 0.005687
v 0.166568 0.257917 0.005915
v 0.153622 0.257979 0.004721
v 0.160566 0.257945 0.004804
v 0.147595 0.409548 0.005687
v 0.166568 0.409630 0.005915
v 0.153622 0.409576 0.004721
v 0.160566 0.409606 0.004804
v 0.146180 0.575171 0.006092
v 0.165152 0.575239 0.006320
v 0.152206 0.575196 0.005126
v 0.159151 0.575220 0.005209
v 0.483794 0.023562 -0.064410
v 0.493702 0.057422 -0.067244
v 0.490734 0.706837 -0.066395
v 0.468013 0.023562 -0.085975
v 0.479169 0.023562 -0.080578
v 0.472759 0.023562 -0.086182
v 0.476843 0.023562 -0.084207
v 0.479527 0.062992 -0.089269
v 0.489077 0.057422 -0.083412
v 0.483470 0.060207 -0.089247
v 0.486966 0.058168 -0.087103
v 0.486108 0.706837 -0.082564
v 0.483998 0.706829 -0.086254
v 0.480502 0.706808 -0.088398
v 0.136736 0.021222 0.008794
v 0.150974 0.013257 0.013005
v 0.415455 0.021222 -0.070940
v 0.425304 0.013257 -0.065473
v 0.415455 0.048951 -0.070940
v 0.425304 0.037548 -0.065473
v 0.446789 0.037001 -0.079904
v 0.446534 0.029451 -0.071547
v 0.464935 0.023562 -0.076810
v 0.468013 0.023562 -0.085975
v 0.159235 1.335016 0.054363
v 0.176049 1.316775 0.043842
v 0.165141 1.328936 0.051908
v 0.171296 1.322259 0.048057
v 0.438002 1.318436 -0.031096
v 0.457643 1.336909 -0.031003
v 0.444207 1.323990 -0.030015
v 0.451396 1.330751 -0.029982
v 0.433976 1.161836 -0.029944
v 0.453132 1.161463 -0.029713
v 0.440036 1.161725 -0.028822
v 0.447048 1.161588 -0.028737
v 0.432277 1.027521 -0.029458
v 0.451435 1.027271 -0.029227
v 0.438337 1.027446 -0.028336
v 0.445350 1.027354 -0.028252
v 0.430577 0.901988 -0.028972
v 0.449738 0.901978 -0.028742
v 0.436638 0.901983 -0.027850
v 0.443652 0.901979 -0.027766
v 0.432180 0.761058 -0.029431
v 0.451550 0.742700 -0.029260
v 0.438304 0.755539 -0.028327
v 0.445394 0.748820 -0.028265
v 0.174893 0.761058 0.044172
v 0.158517 0.742700 0.054568
v 0.170310 0.755539 0.048339
v 0.164317 0.748820 0.052144
v 0.174893 0.891356 0.044172
v 0.158508 0.793726 0.054571
v 0.170309 0.878285 0.048339
v 0.164312 0.842549 0.052146
v 0.175741 1.055566 0.043930
v 0.159603 1.055803 0.054258
v 0.171191 1.055637 0.048087
v 0.165284 1.055723 0.051867
v 0.179142 1.231524 0.042957
v 0.162996 1.231362 0.053287
v 0.174589 1.231475 0.047115
v 0.168680 1.231416 0.050896
v 0.160145 0.702099 0.054103
v 0.176240 0.683614 0.043787
v 0.165812 0.695937 0.051716
v 0.171703 0.689171 0.047941
v 0.433433 0.681745 -0.029789
v 0.453367 0.699969 -0.029780
v 0.439726 0.687224 -0.028734
v 0.447022 0.693894 -0.028730
v 0.428125 0.554089 -0.028270
v 0.447281 0.553604 -0.028039
v 0.434185 0.553943 -0.027148
v 0.441197 0.553765 -0.027064
v 0.426707 0.409525 -0.027865
v 0.445869 0.409676 -0.027635
v 0.432769 0.409570 -0.026743
v 0.439783 0.409626 -0.026659
v 0.432368 0.188729 -0.029484
v 0.452350 0.156918 -0.029489
v 0.438540 0.184481 -0.028394
v 0.445853 0.172838 -0.028396
v 0.431097 0.112062 -0.029120
v 0.451378 0.095058 -0.029211
v 0.437256 0.106607 -0.028027
v 0.444679 0.100383 -0.028060
v 0.329007 0.116146 0.000085
v 0.329601 0.097812 0.005626
v 0.329486 0.110635 0.002803
v 0.329704 0.103924 0.004832
v 0.221497 0.123503 0.030840
v 0.221938 0.105178 0.036426
v 0.221934 0.117994 0.033571
v 0.222095 0.111287 0.035615
v 0.176058 0.126023 0.043839
v 0.159742 0.108629 0.054218
v 0.171454 0.120794 0.048012
v 0.165482 0.114427 0.051811
v 0.177392 0.257916 0.043457
v 0.161253 0.258011 0.053786
v 0.172842 0.257945 0.047615
v 0.166935 0.257980 0.051395
v 0.177392 0.409631 0.043457
v 0.161253 0.409547 0.053786
v 0.172842 0.409606 0.047615
v 0.166934 0.409575 0.051395
v 0.175977 0.575239 0.043862
v 0.159838 0.575171 0.054191
v 0.171427 0.575220 0.048020
v 0.165519 0.575195 0.051800
v 0.165325 1.968092 0.052621
v 0.181623 1.949734 0.042247
v 0.171059 1.961972 0.050215
v 0.177025 1.955253 0.046418
v 0.257335 1.949734 0.020588
v 0.259405 1.968092 0.025707
v 0.258258 1.955253 0.023179
v 0.259016 1.961972 0.025053
v 0.310791 1.946204 0.005296
v 0.312962 1.964555 0.010386
v 0.311745 1.951720 0.007879
v 0.312539 1.958437 0.009742
v 0.384624 1.945321 -0.015826
v 0.409610 1.963399 -0.017263
v 0.388653 1.950801 -0.014123
v 0.397799 1.957418 -0.014649
v 0.443982 1.940632 -0.032807
v 0.460942 1.959405 -0.031947
v 0.449766 1.945982 -0.031606
v 0.455973 1.952853 -0.031291
v 0.440683 1.398437 -0.031863
v 0.457506 1.380174 -0.030964
v 0.446412 1.392949 -0.030646
v 0.452570 1.386265 -0.030317
v 0.174134 1.396771 0.044389
v 0.157497 1.378300 0.054860
v 0.169434 1.391219 0.048590
v 0.163344 1.384458 0.052422
v 0.180700 1.643453 0.042511
v 0.164565 1.643879 0.052838
v 0.176150 1.643577 0.046668
v 0.170245 1.643733 0.050448
v 0.182400 1.752214 0.042025
v 0.166261 1.752364 0.052353
v 0.177849 1.752259 0.046182
v 0.171942 1.752314 0.049963
v 0.182400 1.859199 0.042025
v 0.166261 1.859119 0.052353
v 0.177849 1.859175 0.046182
v 0.171942 1.859145 0.049963
v 0.316345 2.026898 0.009418
v 0.312903 2.042384 -0.003628
v 0.497889 1.294547 -0.056548
v 0.489575 1.306135 -0.040138
v 0.503786 1.363044 -0.058235
v 0.494529 1.363675 -0.041555
v 0.505555 1.806167 -0.058741
v 0.496296 1.806287 -0.042061
v 0.509586 2.037791 -0.059894
v 0.503055 2.022458 -0.043995
v 0.491274 0.808770 -0.040624
v 0.493970 0.808416 -0.045447
v 0.493014 0.808593 -0.041665
v 0.494001 0.808464 -0.043430
v 0.492271 0.919712 -0.044965
v 0.489583 0.919598 -0.040140
v 0.492303 0.919697 -0.042946
v 0.491319 0.919655 -0.041181
v 0.488873 0.990376 -0.043996
v 0.486166 0.990674 -0.039163
v 0.488903 0.990416 -0.041975
v 0.487912 0.990525 -0.040206
v 0.492001 1.006350 -0.044893
v 0.489466 1.007524 -0.040107
v 0.492054 1.006508 -0.042878
v 0.491126 1.006937 -0.041126
v 0.498826 1.022916 -0.046847
v 0.496139 1.023719 -0.042016
v 0.498859 1.023024 -0.044826
v 0.497876 1.023318 -0.043057
v 0.498826 1.057822 -0.046848
v 0.496139 1.057822 -0.042016
v 0.498859 1.057822 -0.044826
v 0.497876 1.057822 -0.043057
v 0.496139 1.183278 -0.042016
v 0.498826 1.183251 -0.046849
v 0.497876 1.183265 -0.043057
v 0.498859 1.183255 -0.044826
v 0.477499 0.023562 -0.040248
v 0.476496 0.023562 -0.036396
v 0.477165 0.023562 -0.038964
v 0.476830 0.023562 -0.037680
v 0.480342 0.072283 -0.040507
v 0.474876 0.077075 -0.035933
v 0.478967 0.073640 -0.038608
v 0.476966 0.075394 -0.036934
v 0.471912 0.707355 -0.035085
v 0.477370 0.706682 -0.039657
v 0.473999 0.707011 -0.036086
v 0.475996 0.706765 -0.037759
v 0.497749 1.288791 -0.042477
v 0.500378 1.284966 -0.047293
v 0.499435 1.285448 -0.043503
v 0.500397 1.284048 -0.045266
v 0.305631 2.042384 -0.029049
v 0.302661 2.030825 -0.038673
v 0.304219 2.040835 -0.033882
v 0.303132 2.036604 -0.037404
v 0.169952 2.033908 -0.000708
v 0.173151 2.043974 0.008850
v 0.170538 2.038941 0.000527
v 0.171708 2.042625 0.004026
v 0.073903 2.051924 0.037242
v 0.072191 2.041739 0.027258
v 0.071134 2.041854 0.027561
v 0.072660 2.050559 0.032361
v 0.072034 2.046831 0.028706
v 0.484059 0.808416 -0.080092
v 0.471604 0.808580 -0.087003
v 0.481377 0.808438 -0.084562
v 0.476818 0.808498 -0.087091
v 0.469912 0.919419 -0.086519
v 0.482361 0.919712 -0.079607
v 0.475123 0.919566 -0.086606
v 0.479679 0.919673 -0.084076
v 0.466464 0.991142 -0.085533
v 0.478964 0.990376 -0.078635
v 0.471700 0.990759 -0.085627
v 0.476275 0.990479 -0.083103
v 0.470034 1.009370 -0.086554
v 0.482092 1.006350 -0.079530
v 0.475049 1.007860 -0.086585
v 0.479463 1.006755 -0.084014
v 0.476467 1.024983 -0.088394
v 0.488918 1.022916 -0.081482
v 0.481679 1.023950 -0.088482
v 0.486236 1.023193 -0.085952
v 0.476467 1.057822 -0.088394
v 0.488918 1.057822 -0.081482
v 0.481679 1.057822 -0.088482
v 0.486236 1.057822 -0.085952
v 0.476467 1.183326 -0.088394
v 0.488918 1.183251 -0.081482
v 0.481679 1.183289 -0.088482
v 0.486236 1.183261 -0.085952
v 0.478665 1.304584 -0.089023
v 0.490617 1.294547 -0.081968
v 0.483627 1.299566 -0.089039
v 0.488002 1.295892 -0.086457
v 0.484080 1.367329 -0.090572
v 0.496514 1.363044 -0.083655
v 0.489283 1.365186 -0.090657
v 0.493834 1.363618 -0.088126
v 0.485832 1.806257 -0.091073
v 0.498283 1.806167 -0.084161
v 0.491044 1.806212 -0.091161
v 0.495601 1.806179 -0.088631
v 0.491900 2.026346 -0.092809
v 0.502313 2.037791 -0.085314
v 0.496093 2.032068 -0.092605
v 0.499905 2.036258 -0.089862
v 0.476557 0.706779 -0.088420
v 0.480502 0.706808 -0.088398
v 0.477872 0.706789 -0.088413
v 0.479187 0.706798 -0.088405
vn 0.4909 0.0431 0.8701
vn 0.5047 0.0432 0.8622
vn 0.5294 0.0845 0.8442
vn 0.5280 0.0780 0.8456
vn 0.5291 0.0175 0.8484
vn 0.5505 0.0630 0.8325
vn 0.5741 0.0956 0.8132
vn 0.5628 0.1091 0.8194
vn 0.5620 0.0915 0.8221
vn 0.4165 0.2732 0.8671
vn 0.4040 0.3211 0.8565
vn 0.4248 0.3201 0.8468
vn 0.4509 0.3323 0.8284
vn 0.3925 0.2922 0.8721
vn 0.4046 0.2790 0.8709
vn 0.4182 0.2701 0.8673
vn 0.4403 0.2978 0.8470
vn 0.4678 0.3387 0.8164
vn 0.4090 0.1847 0.8937
vn 0.4087 0.1399 0.9019
vn 0.3991 0.2129 0.8918
vn 0.3902 0.2356 0.8901
vn 0.4135 0.1153 0.9032
vn 0.4161 0.1995 0.8872
vn 0.4276 0.1328 0.8942
vn 0.4618 0.2607 0.8478
vn 0.4381 0.2208 0.8714
vn 0.4219 0.1177 0.8990
vn 0.3602 0.0609 0.9309
vn 0.3827 0.0956 0.9189
vn 0.3900 0.0320 0.9202
vn 0.3811 0.0322 0.9240
vn 0.4007 0.0772 0.9130
vn 0.4020 0.0078 0.9156
vn 0.4095 -0.0078 0.9123
vn 0.3987 0.0120 0.9170
vn 0.3919 0.0244 0.9197
vn 0.4210 0.0168 0.9069
vn 0.4049 0.0181 0.9142
vn 0.4335 -0.0262 0.9008
vn 0.4285 -0.0024 0.9035
vn 0.4401 -0.0266 0.8976
vn 0.4695 -0.0517 0.8814
vn 0.4682 -0.1925 0.8624
vn 0.5384 -0.3254 0.7773
vn 0.4880 -0.2848 0.8250
vn 0.2000 -0.0002 0.9798
vn 0.1831 -0.0072 0.9831
vn 0.1801 -0.0005 0.9836
vn 0.1893 0.0042 0.9819
vn -0.6688 0.0145 0.7433
vn -0.7003 0.0083 0.7138
vn -0.3635 -0.0182 0.9314
vn -0.3566 0.0225 0.9340
vn -0.5641 -0.0387 0.8248
vn -0.2355 -0.0400 0.9711
vn 0.0343 -0.0520 0.9981
vn 0.0772 -0.1385 0.9873
vn 0.0183 -0.1591 0.9871
vn -0.0419 -0.1060 0.9935
vn 0.0948 -0.1447 0.9849
vn 0.0853 -0.1625 0.9830
vn 0.0640 -0.1726 0.9829
vn -0.0452 -0.1937 0.9800
vn -0.1360 -0.2109 0.9680
vn -0.0940 -0.1492 0.9843
vn -0.1416 -0.0718 0.9873
vn 0.1443 -0.0180 0.9894
vn 0.1200 -0.0971 0.9880
vn 0.1041 -0.1346 0.9854
vn 0.1134 -0.1047 0.9880
vn 0.0819 -0.1356 0.9874
vn 0.0739 -0.1532 0.9854
vn 0.1828 -0.2942 0.9381
vn 0.1840 -0.3148 0.9312
vn 0.1936 -0.3259 0.9254
vn 0.1977 -0.3052 0.9315
vn 0.1799 -0.3638 0.9139
vn 0.1927 -0.3616 0.9122
vn 0.2953 -0.9070 0.3002
vn 0.1921 -0.7940 0.5767
vn 0.1976 -0.7936 0.5754
vn 0.2755 -0.9532 0.1243
vn 0.0689 -0.8534 0.5167
vn 0.0659 -0.8608 0.5047
vn 0.2163 -0.3166 0.9236
vn 0.2050 -0.3360 0.9193
vn 0.2134 -0.1886 0.9586
vn 0.2051 -0.2034 0.9574
vn 0.2281 -0.2314 0.9457
vn 0.2311 -0.2282 0.9458
vn 0.1959 -0.2335 0.9524
vn 0.2173 -0.2500 0.9436
vn 0.2306 -0.2671 0.9357
vn 0.2373 -0.2643 0.9348
vn 0.2339 -0.2661 0.9351
vn 0.2055 -0.2766 0.9387
vn 0.1873 -0.2673 0.9452
vn 0.2271 -0.2871 0.9306
vn 0.1531 0.0361 0.9876
vn 0.1311 0.0364 0.9907
vn 0.1479 0.0129 0.9889
vn 0.1721 0.0107 0.9850
vn 0.1073 0.0211 0.9940
vn 0.1191 0.0052 0.9929
vn 0.1306 -0.0135 0.9913
vn 0.1568 -0.0177 0.9875
vn 0.1811 -0.0235 0.9832
vn 0.0482 -0.0147 0.9987
vn 0.0797 -0.0257 0.9965
vn 0.0951 -0.0110 0.9954
vn 0.0832 0.0016 0.9965
vn 0.1024 -0.0428 0.9938
vn 0.1180 -0.0292 0.9926
vn 0.1818 -0.0694 0.9809
vn 0.1829 -0.0550 0.9816
vn 0.1485 -0.0433 0.9880
vn 0.1286 -0.0577 0.9900
vn 0.3023 0.3208 0.8976
vn 0.1685 0.4746 0.8639
vn 0.2364 0.3566 0.9038
vn 0.2764 0.2905 0.9161
vn 0.0261 0.6374 0.7701
vn 0.1530 0.4849 0.8611
vn 0.2127 0.4525 0.8660
vn 0.2298 0.3645 0.9024
vn 0.2433 0.2774 0.9294
vn 0.2575 0.2599 0.9307
vn 0.2712 0.2451 0.9308
vn 0.2610 0.2872 0.9216
vn 0.2422 0.2634 0.9338
vn 0.2455 0.3218 0.9144
vn 0.2798 0.3826 0.8805
vn 0.2511 0.2428 0.9370
vn 0.2427 0.2541 0.9362
vn 0.2531 0.4270 0.8681
vn 0.3121 0.4517 0.8358
vn 0.3810 0.1828 0.9063
vn 0.3045 0.1947 0.9324
vn 0.2670 0.2236 0.9374
vn 0.2943 0.2121 0.9319
vn 0.4481 -0.1188 0.8861
vn 0.4458 -0.1022 0.8893
vn 0.4292 -0.0674 0.9007
vn 0.4162 -0.0654 0.9069
vn 0.4488 -0.0832 0.8898
vn 0.4378 -0.0583 0.8972
vn 0.4288 -0.0378 0.9026
vn 0.4169 -0.0350 0.9083
vn 0.3954 -0.0298 0.9180
vn 0.4014 -0.1353 0.9059
vn 0.4102 -0.0590 0.9101
vn 0.4291 -0.0531 0.9017
vn 0.4382 -0.0845 0.8949
vn 0.4145 -0.0326 0.9095
vn 0.4243 -0.0288 0.9051
vn 0.3601 -0.0018 0.9329
vn 0.3784 -0.0038 0.9256
vn 0.4088 -0.0143 0.9125
vn 0.4001 -0.0171 0.9163
vn 0.4813 -0.0207 0.8763
vn 0.4793 -0.0254 0.8773
vn 0.5023 -0.0195 0.8645
vn 0.5049 -0.0240 0.8628
vn 0.4737 -0.0465 0.8794
vn 0.4989 -0.0311 0.8661
vn 0.5137 -0.0186 0.8578
vn 0.5195 -0.0137 0.8543
vn 0.5234 -0.0272 0.8517
vn 0.4546 -0.1107 0.8838
vn 0.4752 -0.0348 0.8792
vn 0.4936 -0.0430 0.8687
vn 0.4644 -0.0724 0.8827
vn 0.4884 0.0089 0.8726
vn 0.5103 -0.0111 0.8599
vn 0.4115 -0.0581 0.9095
vn 0.4254 -0.0648 0.9027
vn 0.4610 -0.1230 0.8789
vn 0.3696 -0.0186 0.9290
vn 0.3900 -0.0235 0.9205
vn 0.4024 -0.0377 0.9147
vn 0.4311 -0.0759 0.8991
vn 0.4674 -0.1320 0.8741
vn 0.5465 0.1172 0.8292
vn 0.5426 0.0544 0.8382
vn 0.6857 0.0505 0.7261
vn 0.6686 0.0616 0.7411
vn 0.5382 0.0122 0.8427
vn 0.5528 0.0102 0.8333
vn 0.9433 0.0537 0.3276
vn 0.9807 0.0443 0.1904
vn 0.8954 0.0569 0.4417
vn 0.8410 0.0421 0.5394
vn 0.4595 0.0973 0.8828
vn 0.4809 0.0912 0.8720
vn 0.4195 0.0299 0.9073
vn 0.4087 0.0261 0.9123
vn 0.4870 0.0993 0.8677
vn 0.4297 0.0507 0.9015
vn 0.3937 0.0217 0.9190
vn 0.3729 -0.0024 0.9279
vn 0.3584 -0.0133 0.9335
vn 0.5251 0.1118 0.8437
vn 0.5828 0.0956 0.8070
vn 0.5026 0.0576 0.8626
vn 0.4946 0.1069 0.8625
vn 0.6837 0.1011 0.7227
vn 0.6039 0.0567 0.7950
vn 0.5507 -0.0087 0.8346
vn 0.4724 0.0070 0.8813
vn 0.4367 0.2418 0.8665
vn 0.3939 0.2452 0.8858
vn 0.4047 0.3669 0.8376
vn 0.4328 0.2110 0.8765
vn 0.3961 0.1379 0.9078
vn 0.3803 0.1210 0.9169
vn 0.3753 0.2382 0.8958
vn 0.3517 0.3127 0.8823
vn 0.3923 0.4224 0.8171
vn 0.3667 0.6073 0.7048
vn 0.4260 0.1843 0.8858
vn 0.3499 0.0788 0.9335
vn 0.3720 0.1042 0.9223
vn 0.4213 0.1899 0.8868
vn 0.3167 0.0346 0.9479
vn 0.3597 0.0874 0.9290
vn 0.4391 0.1781 0.8806
vn 0.3373 0.0634 0.9392
vn 0.4675 0.1583 0.8697
vn 0.3205 0.0421 0.9463
vn 0.2771 -0.0017 0.9608
vn 0.2828 0.0001 0.9592
vn 0.2086 0.0131 0.9779
vn 0.2154 0.0152 0.9764
vn 0.2095 0.0020 0.9778
vn 0.2110 -0.0000 0.9775
vn 0.2206 0.0037 0.9754
vn 0.2094 -0.0044 0.9778
vn 0.1933 -0.0038 0.9811
vn 0.1805 -0.0098 0.9835
vn 0.1059 -0.1226 0.9868
vn 0.1479 -0.0376 0.9883
vn 0.1421 -0.0393 0.9891
vn 0.1923 -0.1289 0.9728
vn 0.2013 -0.0126 0.9795
vn 0.2647 -0.5578 0.7866
vn 0.2736 -0.2501 0.9287
vn 0.2661 -0.3567 0.8955
vn 0.0780 -0.0473 0.9958
vn 0.2051 0.0116 0.9787
vn 0.1939 -0.0084 0.9810
vn 0.1910 -0.0158 0.9815
vn 0.1884 -0.0068 0.9821
vn 0.1898 -0.0157 0.9817
vn 0.1955 -0.0185 0.9805
vn 0.1812 -0.0201 0.9832
vn 0.1681 -0.0226 0.9855
vn 0.1576 -0.0209 0.9873
vn 0.2030 -0.0112 0.9791
vn 0.1956 -0.0118 0.9806
vn 0.1780 -0.0152 0.9839
vn 0.1193 -0.0370 0.9922
vn 0.1478 -0.0230 0.9887
vn 0.4394 -0.0371 0.8975
vn 0.4920 -0.0543 0.8689
vn 0.6885 -0.1013 0.7181
vn 0.5411 -0.0832 0.8368
vn 0.8740 -0.0668 0.4814
vn 0.7732 -0.0609 0.6313
vn 0.8655 -0.0341 0.4997
vn 0.6320 -0.0259 0.7745
vn 0.3809 0.0205 0.9244
vn 0.3584 0.0041 0.9336
vn 0.3988 0.0724 0.9142
vn 0.3842 0.0107 0.9232
vn 0.3620 -0.0033 0.9322
vn 0.3441 -0.0143 0.9388
vn 0.3408 -0.0123 0.9400
vn 0.3990 0.0347 0.9163
vn 0.3887 0.0194 0.9211
vn 0.4122 0.0429 0.9101
vn 0.3487 -0.0119 0.9372
vn 0.5828 0.1508 0.7985
vn 0.6110 0.1501 0.7773
vn 0.5697 0.1179 0.8133
vn 0.6069 0.1715 0.7761
vn 0.6323 0.1678 0.7563
vn 0.6498 0.1676 0.7413
vn 0.6438 0.1529 0.7498
vn 0.6336 0.1259 0.7634
vn 0.6036 0.1272 0.7871
vn 0.6165 0.1621 0.7705
vn 0.5823 0.1626 0.7966
vn 0.6678 0.1448 0.7301
vn 0.6596 0.1688 0.7324
vn 0.4065 -0.0393 0.9128
vn 0.4115 -0.0642 0.9091
vn 0.4351 -0.0461 0.8992
vn 0.4339 -0.0233 0.9007
vn 0.4196 -0.1022 0.9020
vn 0.4446 -0.0835 0.8918
vn 0.4769 -0.0533 0.8774
vn 0.4744 -0.0175 0.8802
vn 0.4745 0.0019 0.8802
vn 0.4981 -0.0931 0.8621
vn 0.4280 -0.1206 0.8957
vn 0.5940 -0.0731 0.8011
vn 0.6233 -0.0605 0.7796
vn 0.5591 -0.0592 0.8270
vn 0.3925 0.1233 0.9114
vn 0.4118 0.0779 0.9079
vn 0.4175 0.0891 0.9043
vn 0.4025 0.1324 0.9058
vn 0.4314 0.0198 0.9020
vn 0.4387 0.0325 0.8980
vn 0.4541 0.0654 0.8885
vn 0.4332 0.1201 0.8932
vn 0.4166 0.1651 0.8940
vn 0.4513 -0.1046 0.8862
vn 0.5852 0.0189 0.8107
vn 0.5120 0.0036 0.8590
vn 0.4460 -0.0386 0.8942
vn 0.8133 0.2139 0.5412
vn 0.6374 0.0616 0.7681
vn 0.5998 0.0657 0.7974
vn 0.5345 0.0654 0.8426
vn 0.3999 0.0320 0.9160
vn 0.4115 0.0483 0.9101
vn 0.4120 0.0289 0.9107
vn 0.4017 0.0212 0.9155
vn 0.4371 0.1197 0.8914
vn 0.4224 0.0796 0.9029
vn 0.4505 0.0998 0.8872
vn 0.4292 0.0586 0.9013
vn 0.4242 0.0550 0.9039
vn 0.4538 0.1020 0.8852
vn 0.3805 -0.0525 0.9233
vn 0.3886 -0.0745 0.9184
vn 0.3495 -0.0647 0.9347
vn 0.3612 -0.0926 0.9279
vn 0.3792 -0.1183 0.9177
vn 0.3978 -0.1143 0.9103
vn 0.2437 -0.0144 0.9697
vn 0.3313 -0.0300 0.9430
vn 0.3423 -0.0915 0.9351
vn 0.3138 -0.0644 0.9473
vn 0.3725 -0.0673 0.9256
vn 0.3709 -0.1231 0.9205
vn 0.4027 -0.1323 0.9057
vn 0.4020 -0.0794 0.9122
vn 0.4803 -0.0973 0.8717
vn 0.4827 -0.0503 0.8743
vn 0.5056 -0.0735 0.8596
vn 0.5047 -0.1130 0.8558
vn 0.4836 -0.0325 0.8747
vn 0.5048 -0.0507 0.8617
vn 0.5198 -0.0643 0.8519
vn 0.5231 -0.0853 0.8480
vn 0.5244 -0.1154 0.8436
vn 0.5050 -0.0376 0.8623
vn 0.4826 -0.0262 0.8754
vn 0.5248 -0.0520 0.8497
vn 0.3492 0.5772 0.7382
vn 0.3388 0.3287 0.8816
vn 0.3159 0.3322 0.8887
vn 0.3657 0.7417 0.5622
vn -0.1502 0.7949 -0.5879
vn -0.0935 0.9265 -0.3645
vn -0.2603 0.6921 -0.6732
vn -0.1975 0.8593 -0.4718
vn 0.3901 0.2422 0.8883
vn 0.3441 0.4489 0.8247
vn 0.2665 0.6540 0.7080
vn 0.3013 0.6786 0.6699
vn 0.2696 0.6133 0.7425
vn 0.2795 0.1053 0.9544
vn 0.2866 0.0742 0.9552
vn 0.2907 0.1000 0.9516
vn 0.2647 0.1448 0.9534
vn 0.3263 0.0493 0.9440
vn 0.3320 0.0683 0.9408
vn 0.3402 0.0995 0.9351
vn 0.3150 0.1335 0.9397
vn 0.2879 0.1695 0.9425
vn 0.4137 0.0308 0.9099
vn 0.4043 0.0576 0.9128
vn 0.3753 0.0570 0.9252
vn 0.3687 0.0331 0.9290
vn 0.4061 0.1107 0.9071
vn 0.3777 0.1051 0.9199
vn 0.3331 0.1880 0.9240
vn 0.3607 0.1552 0.9197
vn 0.4063 0.1628 0.8991
vn 0.3690 0.1438 0.9182
vn 0.3692 0.1388 0.9189
vn 0.3896 0.1050 0.9150
vn 0.3411 0.1618 0.9260
vn 0.3432 0.1728 0.9232
vn 0.3508 0.1385 0.9261
vn 0.3710 0.1052 0.9227
vn 0.3906 0.0639 0.9183
vn 0.2754 0.1837 0.9436
vn 0.3033 0.2079 0.9300
vn 0.3201 0.1914 0.9279
vn 0.3110 0.1741 0.9343
vn 0.3361 0.1526 0.9294
vn 0.3422 0.1411 0.9290
vn 0.4075 0.0331 0.9126
vn 0.3944 0.0230 0.9187
vn 0.3691 0.0736 0.9265
vn 0.3690 0.0881 0.9253
vn 0.4242 0.0588 0.9036
vn 0.4530 0.0420 0.8905
vn 0.4449 -0.0206 0.8954
vn 0.4298 0.0573 0.9011
vn 0.4542 0.0585 0.8890
vn 0.4665 0.0588 0.8826
vn 0.4675 0.0351 0.8833
vn 0.4609 -0.0257 0.8871
vn 0.4217 0.0414 0.9058
vn 0.4514 0.0727 0.8893
vn 0.4542 0.0619 0.8887
vn 0.4279 0.0483 0.9025
vn 0.4691 0.0860 0.8790
vn 0.4692 0.0683 0.8805
vn 0.5078 -0.0084 0.8615
vn 0.4719 -0.0140 0.8816
vn 0.4748 0.0465 0.8789
vn 0.4828 0.0675 0.8731
vn 0.3483 -0.0424 0.9364
vn 0.3857 -0.0278 0.9222
vn 0.4118 -0.0122 0.9112
vn 0.4006 -0.0306 0.9157
vn 0.4193 -0.0193 0.9077
vn 0.4319 -0.0092 0.9019
vn 0.4449 -0.0080 0.8955
vn 0.4368 -0.0134 0.8995
vn 0.4318 -0.0400 0.9011
vn 0.4578 -0.0176 0.8889
vn 0.4526 -0.0182 0.8915
vn 0.4620 -0.0164 0.8867
vn 0.4546 -0.0620 0.8885
vn 0.4605 -0.0284 0.8872
vn 0.3474 -0.1457 0.9263
vn 0.4005 -0.1239 0.9079
vn 0.4313 -0.1217 0.8940
vn 0.4117 -0.1585 0.8974
vn 0.4253 -0.1234 0.8966
vn 0.4442 -0.1091 0.8892
vn 0.4539 -0.1069 0.8846
vn 0.4494 -0.1285 0.8840
vn 0.4422 -0.1738 0.8799
vn 0.4490 -0.1065 0.8872
vn 0.4310 -0.1352 0.8921
vn 0.4554 -0.1012 0.8845
vn 0.4536 -0.1651 0.8758
vn 0.4547 -0.1251 0.8818
vn 0.4276 -0.1384 0.8933
vn 0.4454 -0.1705 0.8790
vn 0.4602 -0.1716 0.8711
vn 0.4037 -0.1548 0.9017
vn 0.4242 -0.1837 0.8867
vn 0.4408 -0.2035 0.8742
vn 0.4565 -0.2002 0.8669
vn 0.4712 -0.1972 0.8597
vn 0.4100 -0.1920 0.8917
vn 0.3802 -0.1647 0.9101
vn 0.4377 -0.2070 0.8750
vn 0.4703 -0.1845 0.8630
vn 0.4563 -0.2000 0.8670
vn 0.3375 -0.1712 0.9256
vn 0.3209 -0.1562 0.9342
vn 0.3608 -0.1119 0.9259
vn 0.3180 -0.1908 0.9287
vn 0.3027 -0.1822 0.9355
vn 0.3007 -0.1826 0.9361
vn 0.3164 -0.1565 0.9356
vn 0.3458 -0.1184 0.9308
vn 0.3313 -0.1355 0.9338
vn 0.3357 -0.1302 0.9329
vn 0.2967 -0.2584 0.9193
vn 0.3145 -0.1680 0.9343
vn 0.2911 -0.2973 0.9093
vn 0.2769 -0.4187 0.8649
vn 0.2435 -0.4283 0.8702
vn 0.2016 -0.5200 0.8300
vn 0.1938 -0.5936 0.7811
vn 0.3604 -0.0654 0.9305
vn 0.3820 -0.0520 0.9227
vn 0.3854 -0.0878 0.9186
vn 0.3943 -0.0787 0.9156
vn 0.4173 -0.0578 0.9069
vn 0.4142 -0.0381 0.9094
vn 0.4292 -0.0849 0.8992
vn 0.4201 -0.1012 0.9018
vn 0.4427 -0.0573 0.8949
vn 0.4510 -0.0286 0.8921
vn 0.2519 0.3136 0.9155
vn 0.2606 0.3104 0.9142
vn 0.2634 0.3086 0.9140
vn -0.0516 0.9748 -0.2171
vn -0.1888 0.7058 -0.6828
vn -0.0829 0.9593 -0.2701
vn -0.0364 0.9664 -0.2544
vn -0.1977 0.7467 -0.6351
vn -0.0990 0.9730 -0.2084
vn 0.2850 0.2269 0.9313
vn 0.2912 0.2532 0.9225
vn 0.2849 0.2759 0.9180
vn 0.2874 0.2703 0.9189
vn 0.2917 0.2673 0.9184
vn 0.2827 0.2869 0.9153
vn 0.2758 0.3029 0.9122
vn 0.2758 0.3027 0.9123
vn 0.2793 0.3056 0.9103
vn 0.2257 0.4198 0.8791
vn 0.2611 0.3499 0.8996
vn 0.2837 0.2725 0.9194
vn 0.1943 0.4897 0.8500
vn 0.2379 0.4486 0.8615
vn 0.2502 0.4576 0.8532
vn 0.2640 0.3815 0.8859
vn 0.1947 0.0799 0.9776
vn 0.2642 0.0832 0.9609
vn 0.2906 0.0619 0.9548
vn 0.2658 0.0631 0.9620
vn 0.3004 0.0312 0.9533
vn 0.3111 0.0240 0.9501
vn 0.3361 0.0236 0.9415
vn 0.3330 0.0450 0.9419
vn 0.3276 0.0424 0.9439
vn 0.3713 -0.0308 0.9280
vn 0.3404 -0.0120 0.9402
vn 0.3247 -0.0152 0.9457
vn 0.3862 -0.0141 0.9223
vn 0.3611 0.0033 0.9325
vn 0.3823 0.0344 0.9234
vn 0.3763 0.0268 0.9261
vn 0.4005 0.0135 0.9162
vn 0.3728 0.0779 0.9247
vn 0.3855 0.0741 0.9197
vn 0.3157 0.0744 0.9459
vn 0.3304 0.0683 0.9414
vn 0.3526 0.0527 0.9343
vn 0.3925 0.0545 0.9181
vn 0.2826 0.0503 0.9579
vn 0.2529 0.0561 0.9659
vn 0.3305 0.0355 0.9431
vn 0.3872 0.0358 0.9213
vn 0.3080 -0.0586 0.9496
vn 0.3136 -0.0763 0.9465
vn 0.3359 -0.0746 0.9389
vn 0.2689 -0.0719 0.9605
vn 0.2786 -0.0859 0.9566
vn 0.2877 -0.1013 0.9523
vn 0.3132 -0.1028 0.9441
vn 0.3318 -0.1039 0.9376
vn 0.2402 -0.1012 0.9654
vn 0.2478 -0.0980 0.9638
vn 0.2301 -0.0804 0.9698
vn 0.2711 -0.1227 0.9547
vn 0.2763 -0.1164 0.9540
vn 0.3315 -0.1340 0.9339
vn 0.3057 -0.1277 0.9435
vn 0.3014 -0.1400 0.9432
vn 0.2967 -0.1486 0.9433
vn 0.2970 -0.1568 0.9419
vn 0.3330 -0.1495 0.9310
vn 0.2638 -0.1641 0.9505
vn 0.2660 -0.1753 0.9479
vn 0.2706 -0.1960 0.9425
vn 0.2906 -0.1933 0.9371
vn 0.3177 -0.1895 0.9291
vn 0.2349 -0.2163 0.9476
vn 0.2445 -0.1991 0.9490
vn 0.2379 -0.1791 0.9546
vn 0.2476 -0.2402 0.9386
vn 0.2558 -0.2223 0.9408
vn 0.2929 -0.2601 0.9201
vn 0.3058 -0.2338 0.9230
vn 0.2775 -0.2344 0.9317
vn 0.2650 -0.2560 0.9296
vn 0.2643 0.1764 0.9482
vn 0.2677 0.1672 0.9489
vn 0.2880 0.2015 0.9362
vn 0.2331 0.1293 0.9638
vn 0.2401 0.1221 0.9630
vn 0.2542 0.1119 0.9607
vn 0.2776 0.1361 0.9510
vn 0.2986 0.1687 0.9394
vn 0.1597 0.0890 0.9832
vn 0.2058 0.0619 0.9766
vn 0.2166 0.0822 0.9728
vn 0.1976 0.0932 0.9758
vn 0.2398 0.0638 0.9687
vn 0.2458 0.0805 0.9660
vn 0.3022 0.1367 0.9434
vn 0.2776 0.1000 0.9555
vn 0.2706 0.0755 0.9597
vn 0.2633 0.0557 0.9631
vn 0.2723 0.0580 0.9605
vn 0.2371 0.0526 0.9701
vn 0.2367 0.0385 0.9708
vn 0.2528 0.0316 0.9670
vn 0.2664 0.0270 0.9635
vn 0.1941 0.0473 0.9798
vn 0.2096 0.0488 0.9766
vn 0.2079 0.0218 0.9779
vn 0.2203 0.0284 0.9750
vn 0.2611 -0.0052 0.9653
vn 0.2381 0.0099 0.9712
vn 0.2201 -0.0079 0.9754
vn 0.1936 0.0475 0.9799
vn 0.2271 0.0794 0.9706
vn 0.2491 0.0562 0.9669
vn 0.2336 -0.0192 0.9722
vn 0.2434 0.0989 0.9649
vn 0.2595 0.0984 0.9607
vn 0.2784 0.1046 0.9547
vn 0.2783 0.0673 0.9581
vn 0.2806 -0.0285 0.9594
vn 0.2985 0.1290 0.9457
vn 0.2759 0.1202 0.9536
vn 0.2563 0.1211 0.9590
vn 0.3118 0.1266 0.9417
vn 0.2934 0.1174 0.9488
vn 0.3268 0.0100 0.9450
vn 0.3085 0.0921 0.9467
vn 0.3283 0.1194 0.9370
vn 0.1230 0.1091 0.9864
vn 0.1216 0.0837 0.9890
vn 0.1086 0.1295 0.9856
vn 0.1078 0.1575 0.9816
vn 0.1265 0.0736 0.9892
vn 0.1115 0.1144 0.9872
vn 0.0958 0.1600 0.9824
vn 0.0920 0.1848 0.9784
vn 0.0855 0.2222 0.9712
vn 0.1486 -0.0122 0.9888
vn 0.1201 0.0748 0.9899
vn 0.1438 0.0595 0.9878
vn 0.1138 -0.0112 0.9934
vn 0.1015 0.1015 0.9896
vn 0.2081 0.0427 0.9772
vn 0.2129 0.0828 0.9736
vn 0.2056 0.1868 0.9606
vn 0.1977 0.0837 0.9767
vn 0.2159 0.1234 0.9686
vn 0.2232 0.1030 0.9693
vn 0.1164 0.7789 0.6162
vn 0.1895 0.3583 0.9142
vn 0.1574 0.5423 0.8253
vn 0.1974 0.3383 0.9201
vn 0.1843 0.1865 0.9650
vn 0.1753 0.1246 0.9766
vn 0.0166 -0.0640 0.9978
vn 0.0331 -0.0844 0.9959
vn 0.0266 -0.0966 0.9950
vn 0.0136 -0.1034 0.9945
vn 0.0445 -0.0725 0.9964
vn 0.0363 -0.0765 0.9964
vn 0.0260 -0.0800 0.9965
vn 0.0158 -0.0961 0.9952
vn 0.0084 -0.1128 0.9936
vn 0.0172 -0.0034 0.9998
vn 0.0357 -0.0415 0.9985
vn 0.0520 -0.0409 0.9978
vn -0.0034 -0.0121 0.9999
vn 0.0144 -0.0499 0.9986
vn 0.0153 -0.1244 0.9921
vn -0.0510 -0.1411 0.9887
vn -0.0585 -0.1235 0.9906
vn -0.0169 -0.1212 0.9925
vn -0.0745 -0.1438 0.9868
vn -0.0726 -0.1247 0.9895
vn -0.0701 -0.1151 0.9909
vn -0.0606 -0.1170 0.9913
vn -0.0282 -0.1261 0.9916
vn -0.0323 -0.0912 0.9953
vn -0.0061 -0.0829 0.9965
vn -0.0564 -0.1123 0.9921
vn -0.0668 -0.1298 0.9893
vn 0.0040 -0.0782 0.9969
vn -0.0497 -0.1031 0.9934
vn -0.0063 -0.1282 0.9917
vn -0.0414 -0.1066 0.9934
vn 0.0221 -0.0801 0.9965
vn 0.0385 -0.1268 0.9912
vn 0.0647 -0.1185 0.9908
vn 0.0236 -0.1411 0.9897
vn 0.0791 -0.1543 0.9849
vn 0.1008 -0.1467 0.9840
vn 0.1229 -0.1403 0.9825
vn 0.0714 -0.1817 0.9808
vn 0.0407 -0.1573 0.9867
vn 0.1128 -0.1848 0.9763
vn 0.0974 -0.1729 0.9801
vn 0.1759 -0.1644 0.9706
vn 0.1495 -0.1718 0.9737
vn 0.1670 -0.1819 0.9690
vn -0.1253 0.1275 0.9839
vn -0.3005 0.0969 0.9488
vn -0.2268 0.0819 0.9705
vn -0.0575 0.0832 0.9949
vn -0.5070 0.0737 0.8588
vn -0.5809 0.1138 0.8060
vn -0.8632 0.1215 0.4900
vn -0.8799 0.1186 0.4601
vn -0.0664 0.0303 0.9973
vn -0.0264 0.0386 0.9989
vn -0.0887 0.0592 0.9943
vn 0.0059 0.0392 0.9992
vn 0.0864 -0.0141 0.9962
vn 0.0542 0.0044 0.9985
vn -0.0136 -0.0139 0.9998
vn -0.0058 -0.0119 0.9999
vn -0.1983 -0.0347 0.9795
vn -0.1722 -0.0734 0.9823
vn -0.0958 -0.0379 0.9947
vn -0.0912 -0.0099 0.9958
vn 0.1058 0.1258 0.9864
vn -0.0358 0.0477 0.9982
vn 0.0246 0.0592 0.9979
vn 0.1113 0.1115 0.9875
vn -0.2330 -0.0392 0.9717
vn -0.1327 0.0284 0.9907
vn -0.1929 0.0177 0.9811
vn -0.0596 -0.0045 0.9982
vn 0.0689 -0.0270 0.9973
vn 0.1002 0.0126 0.9949
vn 0.1232 0.0593 0.9906
vn 0.1378 -0.0081 0.9904
vn 0.1161 -0.0582 0.9915
vn 0.0791 -0.0974 0.9921
vn -0.0538 -0.0285 0.9981
vn -0.0629 -0.0406 0.9972
vn -0.0968 -0.0322 0.9948
vn -0.0733 -0.0234 0.9970
vn -0.9753 0.1704 -0.1409
vn -0.8785 0.0106 -0.4776
vn -0.9997 -0.0073 -0.0225
vn -0.7541 0.1641 0.6359
vn -0.9369 -0.1500 -0.3157
vn -0.8466 -0.2204 0.4844
vn 0.1917 0.0439 0.9805
vn 0.2158 0.0161 0.9763
vn 0.2082 0.0646 0.9760
vn 0.2519 0.0033 0.9678
vn 0.1611 0.0340 0.9863
vn -0.0202 0.0735 0.9971
vn 0.0981 0.0404 0.9944
vn 0.2135 0.0026 0.9769
vn -0.0285 -0.0706 0.9971
vn 0.0325 -0.0204 0.9993
vn 0.0477 -0.0359 0.9982
vn -0.0083 -0.0436 0.9990
vn 0.0415 -0.0065 0.9991
vn 0.0777 0.0194 0.9968
vn 0.0921 0.0133 0.9957
vn 0.1138 -0.0042 0.9935
vn 0.1692 0.0160 0.9855
vn 0.0577 0.0560 0.9968
vn 0.1425 0.0932 0.9854
vn 0.0878 0.0261 0.9958
vn -0.3166 0.0018 0.9486
vn -0.1821 0.0405 0.9824
vn -0.2897 0.0018 0.9571
vn -0.0101 0.1380 0.9904
vn -0.0090 -0.0109 0.9999
vn 0.0814 -0.0313 0.9962
vn -0.0983 0.0032 0.9952
vn -0.1402 -0.0033 0.9901
vn -0.0317 -0.0282 0.9991
vn 0.0721 -0.0628 0.9954
vn 0.0119 -0.0185 0.9998
vn 0.0382 -0.0131 0.9992
vn 0.0402 -0.0486 0.9980
vn 0.0110 -0.0025 0.9999
vn 0.0366 -0.0021 0.9993
vn 0.0574 -0.0021 0.9983
vn 0.0659 -0.0116 0.9978
vn 0.0663 -0.0425 0.9969
vn 0.0097 -0.0178 0.9998
vn 0.0454 -0.0170 0.9988
vn 0.0405 -0.0088 0.9991
vn 0.0119 -0.0057 0.9999
vn 0.0827 -0.0173 0.9964
vn 0.0715 -0.0087 0.9974
vn 0.1064 -0.0448 0.9933
vn 0.0960 -0.0166 0.9952
vn 0.1244 -0.0279 0.9918
vn 0.1792 0.1218 0.9762
vn 0.2417 0.0873 0.9664
vn 0.1661 0.0870 0.9823
vn 0.2119 0.0618 0.9753
vn 0.2484 0.0358 0.9680
vn 0.2859 0.0388 0.9575
vn 0.1984 0.0150 0.9800
vn 0.1941 0.0274 0.9806
vn 0.1540 0.0512 0.9867
vn 0.2533 -0.0067 0.9674
vn 0.2505 0.0062 0.9681
vn 0.2981 -0.0049 0.9545
vn 0.3037 -0.0272 0.9524
vn 0.2141 0.0085 0.9768
vn 0.2727 -0.0092 0.9621
vn 0.3147 0.0187 0.9490
vn 0.2010 -0.0249 0.9793
vn 0.2431 -0.0494 0.9687
vn 0.2762 -0.0629 0.9591
vn 0.3082 -0.0372 0.9506
vn 0.3387 -0.0075 0.9409
vn 0.2326 -0.0768 0.9695
vn 0.1959 -0.0468 0.9795
vn 0.2799 -0.0884 0.9560
vn 0.3515 -0.0290 0.9357
vn 0.3216 -0.0594 0.9450
vn 0.2979 0.2289 0.9267
vn 0.3107 0.2007 0.9291
vn 0.3133 0.2235 0.9230
vn 0.3032 0.2459 0.9207
vn 0.2801 0.1775 0.9434
vn 0.3141 0.1808 0.9320
vn 0.2748 0.2229 0.9353
vn 0.3097 0.2212 0.9248
vn 0.2968 0.2496 0.9217
vn 0.2679 0.2508 0.9302
vn 0.3838 -0.2084 0.8996
vn 0.3545 -0.1924 0.9150
vn 0.3814 -0.2385 0.8931
vn 0.3596 -0.2213 0.9065
vn 0.3486 -0.2222 0.9106
vn 0.3382 -0.2056 0.9183
vn 0.3203 -0.2522 0.9131
vn 0.3512 -0.2314 0.9072
vn 0.3407 -0.2354 0.9102
vn 0.3492 -0.2686 0.8977
vn 0.3723 -0.2517 0.8933
vn 0.3849 -0.2458 0.8896
vn 0.3812 -0.2282 0.8959
vn 0.3804 -0.2219 0.8978
vn 0.4044 -0.1986 0.8928
vn 0.3976 -0.2265 0.8892
vn 0.3933 -0.2508 0.8846
vn 0.4748 -0.1873 0.8599
vn 0.4677 -0.1623 0.8688
vn 0.4834 -0.1977 0.8528
vn 0.4927 -0.1989 0.8472
vn 0.4928 -0.2006 0.8467
vn 0.4922 -0.1954 0.8483
vn 0.4829 -0.1767 0.8577
vn 0.4895 -0.1797 0.8533
vn 0.4726 -0.1433 0.8695
vn 0.4609 -0.0823 0.8836
vn 0.4984 -0.1822 0.8476
vn 0.5121 -0.1603 0.8438
vn 0.4947 -0.1224 0.8604
vn 0.4781 -0.0660 0.8758
vn 0.4925 0.3202 0.8092
vn 0.5245 0.3240 0.7874
vn 0.4808 0.3260 0.8140
vn 0.5105 0.3946 0.7640
vn 0.5159 0.3659 0.7745
vn 0.5228 0.3223 0.7892
vn 0.4733 0.3335 0.8154
vn 0.4945 0.3761 0.7836
vn 0.4747 0.2347 0.8483
vn 0.4890 0.3134 0.8141
vn 0.4271 0.0543 0.9026
vn 0.4478 0.0701 0.8914
vn 0.4693 0.0417 0.8820
vn 0.4222 0.0639 0.9043
vn 0.4357 0.0723 0.8972
vn 0.8403 0.1382 0.5242
vn 0.9341 0.1426 0.3272
vn 0.9338 0.1427 0.3280
vn 0.8422 0.1394 0.5207
vn 0.8224 0.0569 0.5661
vn 0.8239 0.0508 0.5645
vn 0.4347 0.0243 0.9002
vn 0.4336 0.0547 0.8995
vn 0.4207 0.0479 0.9059
vn 0.9955 0.0328 -0.0889
vn 0.9954 0.0319 -0.0900
vn 0.9936 0.0903 0.0681
vn 0.9940 0.0893 0.0635
vn 0.6877 0.1044 0.7185
vn 0.5913 0.1075 0.7992
vn 0.9695 0.0493 -0.2403
vn 0.8423 -0.0226 -0.5385
vn 0.9979 0.0611 -0.0219
vn 0.2286 -0.2166 0.9491
vn 0.1729 -0.2655 0.9485
vn 0.2629 -0.2112 0.9414
vn 0.2498 -0.2710 0.9296
vn 0.1819 -0.3992 0.8986
vn 0.3265 0.0024 0.9452
vn 0.3101 0.0044 0.9507
vn 0.3239 0.0085 0.9461
vn 0.3182 -0.0044 0.9480
vn 0.3146 -0.0070 0.9492
vn 0.3135 -0.0021 0.9496
vn 0.3049 0.0080 0.9524
vn 0.3036 0.0116 0.9527
vn 0.5103 0.0905 0.8552
vn 0.5184 0.0492 0.8537
vn 0.4776 0.0614 0.8764
vn 0.4894 0.0319 0.8715
vn 0.4994 0.0095 0.8663
vn 0.5160 0.0080 0.8565
vn 0.4737 0.0290 0.8802
vn 0.4685 0.0161 0.8833
vn 0.4463 0.0376 0.8941
vn 0.5156 0.0250 0.8565
vn 0.4977 0.0006 0.8673
vn 0.3567 0.4516 0.8178
vn 0.2932 0.6979 0.6535
vn 0.2748 0.7452 0.6076
vn 0.3368 0.5256 0.7812
vn 0.3690 0.3196 0.8728
vn 0.3831 0.3060 0.8715
vn 0.3287 0.3057 0.8936
vn 0.3538 0.4468 0.8217
vn 0.3533 0.2808 0.8924
vn 0.3597 0.3000 0.8835
vn 0.2827 0.7321 0.6198
vn 0.3791 0.2607 0.8879
vn 0.3816 0.2418 0.8921
vn 0.2627 -0.2827 0.9225
vn 0.2590 -0.4307 0.8646
vn 0.2675 -0.3907 0.8808
vn 0.2457 -0.3010 0.9214
vn 0.2390 -0.5304 0.8133
vn 0.1968 -0.7959 0.5726
vn 0.2368 -0.6210 0.7472
vn 0.2368 -0.5622 0.7924
vn 0.1141 -0.0465 0.9924
vn 0.1272 -0.0273 0.9915
vn 0.0976 -0.0848 0.9916
vn 0.1158 -0.0932 0.9889
vn 0.1384 -0.0698 0.9879
vn 0.1568 -0.0413 0.9868
vn 0.1841 -0.0577 0.9812
vn 0.1535 -0.0961 0.9835
vn 0.1634 -0.1043 0.9810
vn 0.1193 -0.1215 0.9854
vn 0.1210 -0.1296 0.9842
vn 0.2497 0.0440 0.9673
vn 0.2035 0.0013 0.9791
vn -0.1115 -0.0009 0.9938
vn -0.2821 0.0304 0.9589
vn -0.3532 -0.0523 0.9341
vn -0.1858 -0.0282 0.9822
vn -0.5224 -0.0577 0.8507
vn -0.2588 -0.0209 0.9657
vn 0.1802 -0.0135 0.9835
vn 0.1780 -0.0145 0.9839
vn -0.2900 0.0004 0.9570
vn -0.2745 -0.0148 0.9615
vn -0.1114 0.0002 0.9938
vn -0.0974 0.0496 0.9940
vn 0.0242 0.0605 0.9979
vn -0.2505 -0.0014 0.9681
vn -0.2121 0.0434 0.9763
vn -0.1940 0.0718 0.9784
vn -0.0997 0.0917 0.9908
vn 0.0060 0.1191 0.9929
vn 0.0229 0.1226 0.9922
vn 0.0048 0.1361 0.9907
vn -0.0922 0.1122 0.9894
vn -0.0938 0.1336 0.9866
vn -0.1924 0.0970 0.9765
vn -0.2357 0.1463 0.9608
vn -0.3281 0.1271 0.9360
vn -0.4509 0.1166 0.8849
vn -0.4700 0.1200 0.8745
vn -0.4206 0.1406 0.8963
vn -0.7189 -0.3354 -0.6089
vn -0.6629 -0.3991 -0.6335
vn -0.7473 -0.3227 -0.5808
vn -0.7792 -0.1797 -0.6005
vn -0.7120 -0.3208 -0.6247
vn -0.8400 -0.3471 -0.4171
vn -0.4296 0.1043 0.8970
vn -0.3758 0.1028 0.9210
vn -0.9856 0.0239 -0.1675
vn -0.8276 -0.1206 -0.5482
vn -0.9049 -0.0246 -0.4249
vn 0.1315 -0.1043 0.9858
vn 0.1118 -0.1220 0.9862
vn 0.1029 -0.1102 0.9886
vn 0.1125 -0.0921 0.9894
vn 0.1602 0.0464 0.9860
vn 0.1562 0.1081 0.9818
vn 0.1686 0.1345 0.9765
vn 0.1450 0.0526 0.9880
vn 0.1476 0.0978 0.9842
vn 0.1463 0.1241 0.9814
vn 0.1499 0.1394 0.9788
vn 0.1519 0.1708 0.9735
vn 0.1247 0.1373 0.9826
vn 0.1383 0.1096 0.9843
vn 0.1345 0.0728 0.9882
vn 0.1230 0.1507 0.9809
vn 0.1392 0.1326 0.9813
vn 0.1360 0.1593 0.9778
vn 0.1383 0.1444 0.9798
vn 0.1189 0.1480 0.9818
vn 0.1807 0.0821 0.9801
vn 0.1913 0.1130 0.9750
vn 0.1476 0.1388 0.9793
vn 0.1623 0.1617 0.9734
vn 0.1706 0.1690 0.9707
vn 0.1948 0.1414 0.9706
vn 0.0937 0.2345 0.9676
vn 0.1219 0.2422 0.9625
vn 0.1366 0.2075 0.9687
vn 0.1169 0.1943 0.9740
vn 0.1466 0.2446 0.9585
vn 0.1585 0.2020 0.9665
vn 0.0247 -0.0441 0.9987
vn 0.0515 -0.0356 0.9980
vn 0.0346 -0.0842 0.9959
vn 0.0639 -0.0731 0.9953
vn 0.0879 -0.0623 0.9942
vn 0.0888 -0.0350 0.9954
vn 0.0820 -0.1059 0.9910
vn 0.0788 -0.1026 0.9916
vn 0.0366 -0.1178 0.9924
vn 0.1312 -0.0885 0.9874
vn 0.1138 -0.0775 0.9905
vn 0.1267 -0.0469 0.9908
vn 0.1689 -0.0696 0.9832
vn 0.2921 -0.0403 0.9556
vn 0.2525 -0.0165 0.9675
vn 0.2425 -0.0343 0.9695
vn 0.2571 -0.0556 0.9648
vn 0.2051 0.0011 0.9787
vn 0.2079 -0.0290 0.9777
vn 0.2182 -0.0600 0.9741
vn 0.1907 0.1369 0.9721
vn 0.2155 0.1078 0.9705
vn 0.1862 0.1107 0.9763
vn 0.2041 0.0974 0.9741
vn 0.2174 0.0963 0.9713
vn 0.2305 0.1023 0.9677
vn 0.1770 0.0769 0.9812
vn 0.1926 0.0757 0.9783
vn 0.1752 0.0574 0.9829
vn 0.2089 0.1467 0.9669
vn 0.2161 0.0992 0.9713
vn 0.2373 0.1204 0.9640
vn 0.2394 0.1777 0.9545
vn 0.2840 0.2689 0.9204
vn 0.2778 0.2268 0.9335
vn 0.2797 0.3091 0.9090
vn 0.2679 0.3036 0.9144
vn 0.2637 0.2715 0.9256
vn 0.2544 0.2358 0.9379
vn 0.1929 0.2596 0.9462
vn 0.2228 0.2479 0.9428
vn 0.2338 0.2817 0.9306
vn 0.2051 0.2935 0.9337
vn 0.2495 0.3195 0.9141
vn 0.2217 0.3325 0.9167
vn 0.3706 -0.1455 0.9173
vn 0.3490 -0.1860 0.9185
vn 0.3766 -0.1838 0.9079
vn 0.4010 -0.1512 0.9035
vn 0.3409 -0.2283 0.9119
vn 0.3806 -0.2093 0.9007
vn 0.4101 -0.1734 0.8954
vn 0.3775 0.1490 0.9139
vn 0.3615 0.1432 0.9213
vn 0.3688 0.1642 0.9149
vn 0.3538 0.1453 0.9240
vn 0.3403 0.1352 0.9306
vn 0.3415 0.1348 0.9302
vn 0.3423 0.1370 0.9296
vn 0.3632 0.1513 0.9193
vn 0.3279 0.1320 0.9355
vn 0.3190 0.1333 0.9384
vn 0.3651 0.0168 0.9308
vn 0.3678 0.0140 0.9298
vn 0.4061 0.0256 0.9135
vn 0.3302 -0.0027 0.9439
vn 0.3378 -0.0064 0.9412
vn 0.3532 -0.0150 0.9354
vn 0.3756 -0.0044 0.9268
vn 0.4034 0.0053 0.9150
vn 0.3200 -0.0370 0.9467
vn 0.2979 -0.0278 0.9542
vn 0.3482 -0.0392 0.9366
vn 0.4043 -0.0189 0.9144
vn 0.3791 -0.0310 0.9248
vn 0.4786 0.1522 0.8648
vn 0.4905 0.1684 0.8550
vn 0.5092 0.1575 0.8461
vn 0.4723 0.1661 0.8656
vn 0.4786 0.1775 0.8599
vn 0.4879 0.1784 0.8545
vn 0.5029 0.1749 0.8465
vn 0.5254 0.1736 0.8329
vn 0.4500 0.1806 0.8746
vn 0.4631 0.1789 0.8681
vn 0.4494 0.1667 0.8776
vn 0.4827 0.1735 0.8584
vn 0.4847 0.1758 0.8568
vn 0.5326 0.1629 0.8305
vn 0.5081 0.1674 0.8449
vn 0.5095 0.1524 0.8469
vn 0.4664 0.0462 0.8834
vn 0.5048 0.0535 0.8616
vn 0.5087 0.0519 0.8594
vn 0.5351 0.0630 0.8424
vn 0.5687 0.0735 0.8193
vn 0.5452 0.0602 0.8362
vn 0.3656 -0.0173 0.9306
vn 0.3375 -0.0032 0.9413
vn 0.3655 -0.0309 0.9303
vn 0.3438 -0.0076 0.9390
vn 0.3289 0.0027 0.9444
vn 0.3229 0.0021 0.9464
vn 0.3349 -0.1364 0.9323
vn 0.3427 -0.0333 0.9388
vn 0.3560 -0.0619 0.9324
vn 0.3428 -0.1118 0.9327
vn 0.3314 -0.0145 0.9434
vn 0.3179 -0.1853 0.9298
vn -0.0007 -0.9953 0.0967
vn 0.1690 -0.8542 0.4918
vn 0.0224 -0.9996 -0.0196
vn 0.2794 -0.7727 0.5700
vn 0.3325 -0.2045 0.9207
vn 0.2701 -0.4138 0.8694
vn 0.2102 -0.6088 0.7649
vn 0.1321 -0.7917 0.5965
vn 0.1087 -0.8369 0.5365
vn 0.3272 -0.2827 0.9017
vn 0.4529 -0.1418 0.8802
vn 0.4481 -0.1029 0.8880
vn 0.5027 0.0766 -0.8611
vn 0.4134 0.0747 -0.9075
vn 0.6843 -0.0016 -0.7292
vn 0.7908 -0.0231 -0.6117
vn 0.9252 0.3584 0.1248
vn 0.6178 -0.0080 0.7863
vn 0.6698 -0.0426 0.7413
vn 0.6319 -0.0783 0.7711
vn 0.7177 -0.0307 0.6956
vn 0.7554 -0.0551 0.6529
vn 0.7823 -0.0987 0.6150
vn 0.4603 -0.1007 0.8820
vn 0.4454 -0.0788 0.8919
vn 0.4558 -0.0668 0.8876
vn 0.4420 -0.0567 0.8952
vn 0.4255 -0.0430 0.9039
vn 0.4269 -0.0573 0.9025
vn 0.4658 -0.0122 0.8848
vn 0.4499 -0.0146 0.8930
vn 0.4662 0.0305 0.8842
vn 0.4458 0.0329 0.8945
vn 0.4319 -0.0086 0.9019
vn 0.4159 0.0030 0.9094
vn 0.4070 -0.0281 0.9130
vn 0.4324 0.0423 0.9007
vn 0.4032 -0.0426 0.9141
vn 0.5695 0.3168 0.7585
vn 0.5354 0.2802 0.7967
vn 0.5518 0.2478 0.7963
vn 0.5849 0.2094 0.7836
vn 0.4595 0.1659 0.8725
vn 0.4900 0.1257 0.8626
vn 0.5534 0.1512 0.8191
vn 0.5413 0.1491 0.8275
vn 0.5685 0.1742 0.8040
vn 0.5818 0.1751 0.7943
vn 0.5315 0.1508 0.8335
vn 0.5531 0.1749 0.8146
vn 0.5641 0.1722 0.8075
vn 0.7323 0.0454 0.6795
vn 0.8818 -0.0229 0.4712
vn 0.5547 -0.2413 -0.7963
vn 0.8878 -0.2857 -0.3609
vn 0.6582 0.1189 0.7434
vn 0.4816 -0.0127 0.8763
vn 0.4709 -0.0745 0.8790
vn 0.4907 -0.0800 0.8677
vn 0.5106 -0.0358 0.8591
vn 0.4912 -0.1395 0.8598
vn 0.4764 -0.1191 0.8711
vn 0.5131 -0.1407 0.8467
vn 0.5040 -0.1110 0.8566
vn 0.5307 -0.1534 0.8335
vn 0.5818 -0.1033 0.8068
vn 0.6512 -0.0710 0.7556
vn 0.6215 -0.1814 0.7621
vn 0.6752 -0.3095 0.6696
vn 0.5879 -0.2262 0.7767
vn 0.4596 -0.0166 0.8880
vn 0.4698 -0.0104 0.8827
vn 0.4706 0.0254 0.8820
vn 0.4667 0.0275 0.8840
vn 0.3875 -0.0461 0.9207
vn 0.3638 -0.0208 0.9313
vn 0.3326 -0.0118 0.9430
vn 0.3461 -0.0182 0.9380
vn 0.3400 0.0031 0.9404
vn 0.3136 0.0057 0.9495
vn 0.4419 0.1640 0.8820
vn 0.4303 0.1169 0.8951
vn 0.4567 0.1217 0.8812
vn 0.4742 0.1577 0.8662
vn 0.4314 0.0676 0.8996
vn 0.4667 0.0933 0.8795
vn 0.4970 0.1285 0.8582
vn 0.4024 0.0015 0.9155
vn 0.4004 0.0394 0.9155
vn 0.3921 0.0133 0.9198
vn 0.3919 0.0372 0.9193
vn 0.3961 0.0474 0.9170
vn 0.4026 0.0504 0.9140
vn 0.3870 0.0251 0.9217
vn 0.3832 0.0072 0.9236
vn 0.3933 0.0322 0.9189
vn 0.4035 0.0367 0.9142
vn 0.3775 0.1639 0.9114
vn 0.3822 0.1830 0.9058
vn 0.3917 0.1954 0.8991
vn 0.3979 0.1744 0.9007
vn 0.3910 0.1602 0.9063
vn 0.4039 0.1911 0.8946
vn 0.4084 0.0676 0.9103
vn 0.4066 0.0267 0.9132
vn 0.4188 0.0015 0.9081
vn 0.4264 0.0101 0.9045
vn 0.4236 -0.0583 0.9040
vn 0.4108 -0.0187 0.9116
vn 0.4339 -0.1010 0.8953
vn 0.4264 -0.0536 0.9029
vn 0.4381 -0.0531 0.8973
vn 0.4438 -0.1095 0.8894
vn 0.3914 -0.0328 0.9196
vn 0.4021 -0.0457 0.9144
vn 0.3917 -0.0573 0.9183
vn 0.3830 -0.0490 0.9224
vn 0.3918 -0.0678 0.9176
vn 0.3765 -0.0798 0.9230
vn 0.3662 -0.0796 0.9271
vn 0.2757 0.4055 0.8716
vn 0.3265 0.5820 0.7448
vn -0.0614 0.9793 -0.1931
vn 0.2786 0.3375 0.8992
vn -0.2999 0.8281 -0.4736
vn -0.1826 0.9831 -0.0111
vn 0.3831 0.2270 0.8954
vn 0.4176 0.1862 0.8893
vn 0.3444 0.2616 0.9016
vn 0.3371 0.2398 0.9104
vn 0.3665 0.2069 0.9071
vn 0.4110 0.1756 0.8946
vn 0.3042 0.2805 0.9104
vn 0.2989 0.2383 0.9241
vn 0.3905 0.1664 0.9054
vn 0.3332 0.1954 0.9224
vn 0.4893 0.0894 0.8675
vn 0.5188 0.0701 0.8520
vn 0.4693 0.0971 0.8777
vn 0.4740 0.0899 0.8759
vn 0.4910 0.0871 0.8668
vn 0.5166 0.0787 0.8526
vn 0.4515 0.0777 0.8889
vn 0.4616 0.0697 0.8844
vn 0.5080 0.0673 0.8587
vn 0.4823 0.0646 0.8736
vn 0.3532 0.0200 0.9353
vn 0.3198 0.0366 0.9468
vn 0.3107 0.0224 0.9502
vn 0.3234 0.0046 0.9463
vn 0.2843 0.0527 0.9573
vn 0.2843 0.0239 0.9584
vn 0.2904 -0.0035 0.9569
vn 0.3946 -0.0187 0.9187
vn 0.3763 -0.0035 0.9265
vn 0.3759 0.0061 0.9266
vn 0.3877 0.0008 0.9218
vn 0.3478 0.0186 0.9374
vn 0.3621 0.0061 0.9321
vn 0.3743 -0.0019 0.9273
vn 0.1728 0.2989 0.9385
vn 0.1610 0.2702 0.9493
vn 0.1896 0.3366 0.9223
vn 0.1607 0.3231 0.9326
vn 0.1414 0.2927 0.9457
vn 0.1261 0.2729 0.9537
vn 0.2414 0.4387 0.8656
vn 0.2017 0.4930 0.8463
vn 0.2506 0.5253 0.8132
vn 0.2048 0.6286 0.7503
vn 0.1544 0.7183 0.6784
vn 0.1671 0.5122 0.8425
vn 0.1482 0.4792 0.8651
vn 0.1445 0.2899 0.9461
vn 0.1273 0.7117 0.6908
vn 0.1342 0.6257 0.7684
vn 0.1351 0.6210 0.7720
vn 0.1596 0.2451 0.9563
vn 0.1217 0.2719 0.9546
vn 0.1012 0.2611 0.9600
vn 0.4073 -0.1134 0.9062
vn 0.3807 -0.0942 0.9199
vn 0.3724 -0.1094 0.9216
vn 0.3855 -0.1285 0.9137
vn 0.3541 -0.0829 0.9315
vn 0.3500 -0.1063 0.9307
vn 0.3584 -0.1351 0.9237
vn 0.1913 0.6526 0.7331
vn 0.0949 0.7793 0.6195
vn 0.2508 0.2170 0.9434
vn 0.2828 0.2045 0.9371
vn 0.2353 0.1587 0.9589
vn 0.2622 0.1521 0.9530
vn 0.2968 0.1386 0.9448
vn 0.3228 0.1547 0.9337
vn 0.2515 0.0860 0.9640
vn 0.2169 0.0853 0.9725
vn 0.3065 0.0896 0.9476
vn 0.3520 0.1001 0.9306
vn 0.2536 -0.2668 0.9298
vn 0.2432 -0.2528 0.9365
vn 0.2368 -0.2710 0.9330
vn 0.2404 -0.2836 0.9283
vn 0.2335 -0.2381 0.9428
vn 0.2322 -0.2699 0.9345
vn 0.2296 0.2089 0.9506
vn 0.2021 0.1776 0.9631
vn 0.2027 0.1489 0.9679
vn 0.2173 0.1559 0.9636
vn 0.1454 0.0165 0.9892
vn 0.1745 0.1066 0.9789
vn 0.1476 0.0057 0.9890
vn 0.1780 0.0912 0.9798
vn 0.1924 0.0842 0.9777
vn 0.1513 0.0061 0.9885
vn 0.2601 0.1822 0.9482
vn 0.2390 0.1993 0.9503
vn 0.2206 0.1661 0.9611
vn 0.2285 0.1416 0.9632
vn 0.1793 0.2199 0.9589
vn 0.2066 0.2120 0.9552
vn 0.1623 0.1714 0.9717
vn 0.1914 0.1652 0.9675
vn 0.1892 0.1213 0.9744
vn 0.1476 0.1238 0.9813
vn 0.1649 0.0550 0.9848
vn 0.1831 0.0378 0.9824
vn 0.1468 0.0277 0.9888
vn 0.1620 0.0178 0.9866
vn 0.1752 0.0068 0.9845
vn 0.1950 0.0153 0.9807
vn 0.1405 -0.0080 0.9900
vn 0.1191 0.0019 0.9929
vn 0.1684 -0.0157 0.9856
vn 0.1958 -0.0150 0.9805
vn 0.1648 0.0266 0.9860
vn 0.1390 0.0382 0.9896
vn 0.1486 0.0091 0.9889
vn 0.1667 -0.0037 0.9860
vn 0.1326 0.0454 0.9901
vn 0.1432 0.0163 0.9896
vn 0.1613 -0.0082 0.9869
vn 0.1096 0.1432 0.9836
vn 0.1259 0.1485 0.9809
vn 0.0761 0.1621 0.9838
vn 0.0892 0.1519 0.9844
vn 0.1060 0.1170 0.9875
vn 0.1297 0.1058 0.9859
vn 0.0620 0.1089 0.9921
vn 0.0716 0.1285 0.9891
vn 0.0537 0.1449 0.9880
vn 0.0907 0.0856 0.9922
vn 0.0943 0.0968 0.9908
vn 0.1227 0.0699 0.9900
vn 0.1187 0.0622 0.9910
vn 0.1900 -0.0965 0.9770
vn 0.2196 -0.0968 0.9708
vn 0.1448 -0.0997 0.9844
vn 0.1608 -0.1199 0.9797
vn 0.1996 -0.1242 0.9720
vn 0.2225 -0.1285 0.9664
vn 0.0963 -0.1088 0.9894
vn 0.1432 -0.1319 0.9809
vn 0.2181 -0.1584 0.9630
vn 0.1915 -0.1511 0.9698
vn 0.1889 0.0340 0.9814
vn 0.1663 0.0625 0.9841
vn 0.1582 0.0617 0.9855
vn 0.1407 0.0867 0.9862
vn 0.1229 0.1089 0.9864
vn 0.1325 0.1113 0.9849
vn 0.0290 0.1354 0.9904
vn 0.0522 0.1713 0.9838
vn 0.0996 0.1287 0.9867
vn 0.1105 0.0986 0.9890
vn 0.0607 0.1910 0.9797
vn 0.0913 0.1504 0.9844
vn 0.0988 0.1671 0.9810
vn 0.0739 0.2075 0.9754
vn 0.0646 0.2172 0.9740
vn 0.0756 0.2253 0.9714
vn 0.0473 0.2075 0.9771
vn 0.0535 0.1985 0.9786
vn 0.0710 0.1918 0.9789
vn 0.0788 0.1873 0.9791
vn 0.0078 0.1902 0.9817
vn 0.0291 0.1972 0.9799
vn 0.0514 0.1789 0.9825
vn 0.0521 0.1838 0.9816
vn 0.1036 0.1379 0.9850
vn 0.0838 0.1609 0.9834
vn 0.1015 0.1436 0.9844
vn 0.0033 0.0884 0.9961
vn -0.0217 0.1216 0.9923
vn 0.0469 0.0459 0.9978
vn 0.0844 0.0576 0.9948
vn 0.0751 0.0858 0.9935
vn 0.0597 0.1146 0.9916
vn 0.0913 0.0161 0.9957
vn 0.1229 0.0396 0.9916
vn 0.1196 0.1062 0.9871
vn 0.1311 0.0721 0.9887
vn 0.1723 0.1661 0.9709
vn 0.1527 0.1845 0.9709
vn 0.1569 0.1455 0.9768
vn 0.1701 0.1296 0.9769
vn 0.1346 0.1570 0.9784
vn 0.1425 0.1116 0.9835
vn 0.1598 0.0616 0.9852
vn 0.1160 -0.0778 0.9902
vn 0.0998 -0.1263 0.9870
vn 0.1050 -0.1121 0.9881
vn 0.1201 -0.0716 0.9902
vn 0.0762 -0.0455 0.9961
vn 0.0897 -0.1217 0.9885
vn 0.0899 -0.0238 0.9957
vn 0.1000 -0.1008 0.9899
vn 0.1196 -0.0587 0.9911
vn 0.1155 0.0235 0.9930
vn -0.0174 0.1018 0.9947
vn 0.0195 0.0658 0.9976
vn 0.0441 0.0812 0.9957
vn -0.0470 0.0414 0.9980
vn -0.0112 0.0235 0.9997
vn 0.0053 0.0087 0.9999
vn 0.0313 0.0254 0.9992
vn 0.0528 0.0386 0.9979
vn -0.0746 -0.0659 0.9950
vn -0.0533 -0.0628 0.9966
vn -0.0331 -0.0287 0.9990
vn -0.0660 -0.0237 0.9975
vn -0.0287 -0.0521 0.9982
vn -0.0079 -0.0276 0.9996
vn 0.0529 0.0033 0.9986
vn 0.0235 -0.0116 0.9997
vn 0.0038 -0.0333 0.9994
vn 0.1613 -0.2821 0.9457
vn 0.1653 -0.2944 0.9413
vn 0.1337 -0.2637 0.9553
vn 0.1405 -0.2799 0.9497
vn 0.1484 -0.3253 0.9339
vn 0.1639 -0.3417 0.9254
vn 0.1124 -0.3355 0.9353
vn 0.1101 -0.2289 0.9672
vn 0.1054 -0.4801 0.8708
vn 0.0186 -0.6846 0.7287
vn 0.0819 -0.5521 0.8298
vn 0.1662 -0.1947 0.9667
vn 0.1251 -0.2009 0.9716
vn 0.1392 -0.2272 0.9639
vn 0.1666 -0.2256 0.9599
vn 0.1042 -0.2221 0.9694
vn 0.1320 -0.2478 0.9598
vn 0.1637 -0.2621 0.9511
vn 0.2056 0.0141 0.9785
vn 0.2123 0.0031 0.9772
vn 0.1915 0.0225 0.9812
vn 0.1760 0.0382 0.9836
vn 0.1365 0.0630 0.9886
vn 0.1021 0.0608 0.9929
vn 0.1757 0.0265 0.9841
vn 0.1542 0.0256 0.9877
vn -0.0326 0.1114 0.9932
vn -0.1601 0.1727 0.9719
vn -0.0881 0.1824 0.9793
vn -0.0659 0.1085 0.9919
vn -0.2202 0.1704 0.9605
vn -0.2917 0.1962 0.9362
vn -0.2217 0.1937 0.9557
vn -0.1299 0.1870 0.9737
vn -0.3584 0.1675 0.9184
vn -0.2878 0.1733 0.9419
vn -0.1358 0.1148 0.9841
vn -0.3514 0.1768 0.9194
vn -0.3150 0.1919 0.9295
vn -0.1313 0.1625 0.9779
vn -0.2353 0.1804 0.9550
vn -0.2572 0.1606 0.9529
vn 0.0881 0.1058 0.9905
vn 0.0737 0.0811 0.9940
vn 0.0552 0.1397 0.9887
vn 0.0657 0.1531 0.9860
vn 0.0550 0.0690 0.9961
vn 0.0383 0.1339 0.9902
vn 0.0416 0.1496 0.9879
vn -0.0069 -0.0034 1.0000
vn -0.0096 0.0235 0.9997
vn -0.0391 0.0086 0.9992
vn -0.0363 0.0354 0.9987
vn -0.0449 0.0326 0.9985
vn -0.0249 0.0170 0.9995
vn -0.0263 -0.0375 0.9989
vn -0.0493 -0.0584 0.9971
vn -0.0678 -0.0541 0.9962
vn -0.0516 -0.0317 0.9982
vn -0.2052 -0.1140 0.9721
vn -0.1174 -0.0753 0.9902
vn -0.3209 -0.1491 0.9353
vn -0.2514 -0.1120 0.9614
vn -0.2386 -0.0371 0.9704
vn -0.1605 -0.0464 0.9859
vn -0.0160 -0.0030 0.9999
vn -0.0241 -0.0087 0.9997
vn -0.0127 -0.0286 0.9995
vn -0.0290 0.0016 0.9996
vn -0.0371 0.0007 0.9993
vn -0.0532 -0.0086 0.9985
vn -0.0459 -0.0268 0.9986
vn -0.0409 -0.0549 0.9977
vn -0.1871 -0.0210 0.9821
vn -0.0374 -0.0086 0.9993
vn -0.5175 -0.0889 0.8511
vn -0.4092 -0.0253 0.9121
vn -0.2194 -0.0204 0.9754
vn -0.0050 -0.0633 0.9980
vn -0.0114 -0.0222 0.9997
vn -0.0133 -0.0540 0.9984
vn -0.0214 -0.0199 0.9996
vn -0.0232 -0.0034 0.9997
vn -0.0117 -0.0029 0.9999
vn -0.0252 -0.0127 0.9996
vn -0.0242 -0.0402 0.9989
vn -0.0251 0.0002 0.9997
vn -0.0126 -0.0009 0.9999
vn -0.0016 -0.0553 0.9985
vn -0.0364 -0.0838 0.9958
vn -0.0247 -0.1052 0.9941
vn 0.0035 -0.0957 0.9954
vn -0.0073 -0.1324 0.9912
vn -0.0306 -0.1538 0.9876
vn -0.0481 -0.1391 0.9891
vn -0.0678 -0.1659 0.9838
vn -0.0607 -0.1672 0.9841
vn -0.0829 -0.1794 0.9803
vn -0.0866 -0.1791 0.9800
vn -0.0787 -0.1668 0.9828
vn -0.0784 -0.1548 0.9848
vn -0.0784 -0.1398 0.9871
vn -0.0926 -0.1738 0.9804
vn -0.1053 -0.1661 0.9805
vn -0.1627 -0.0980 0.9818
vn -0.3492 -0.1774 0.9201
vn -0.6885 -0.1801 0.7025
vn -0.4610 -0.0967 0.8821
vn -0.3185 0.0469 0.9467
vn -0.1904 -0.0077 0.9817
vn 0.0954 -0.0442 0.9945
vn 0.0737 -0.0484 0.9961
vn 0.1251 -0.0270 0.9918
vn 0.1435 -0.0208 0.9894
vn 0.0648 -0.0471 0.9968
vn 0.1273 -0.0203 0.9917
vn 0.1719 -0.0054 0.9851
vn -0.7880 0.0010 0.6156
vn -0.9723 -0.1480 0.1809
vn -0.8085 -0.0075 0.5884
vn -0.6221 0.0786 0.7790
vn -0.4362 0.1050 0.8937
vn -0.6247 0.0548 0.7789
vn -0.0659 0.1543 0.9858
vn 0.0843 0.1119 0.9901
vn -0.2795 0.1879 0.9416
vn -0.4105 0.0648 0.9096
vn -0.3997 0.0362 0.9159
vn -0.1789 -0.1012 0.9786
vn -0.1511 -0.0608 0.9866
vn -0.2889 -0.0753 0.9544
vn -0.4121 -0.0595 0.9092
vn -0.2029 -0.0125 0.9791
vn -0.3446 -0.0249 0.9384
vn -0.1505 0.1322 0.9797
vn -0.3165 0.1582 0.9353
vn -0.3921 0.0693 0.9173
vn -0.2101 0.0676 0.9753
vn -0.2379 -0.0321 0.9708
vn -0.3907 -0.0569 0.9188
vn 0.0921 0.0761 0.9928
vn -0.1963 0.1910 0.9618
vn -0.1455 -0.0544 0.9879
vn -0.0039 -0.0910 0.9958
vn -0.0021 -0.1114 0.9938
vn -0.1407 -0.0901 0.9859
vn -0.3038 -0.0731 0.9499
vn -0.4151 0.0098 0.9097
vn 0.0035 -0.1026 0.9947
vn 0.0025 -0.1178 0.9930
vn -0.0066 0.1753 0.9845
vn 0.0399 0.1977 0.9795
vn -0.0340 0.2319 0.9721
vn -0.1184 0.2049 0.9716
vn 0.0844 0.1783 0.9804
vn 0.0332 0.2018 0.9789
vn -0.0347 0.1668 0.9854
vn 0.0053 0.1905 0.9817
vn -0.1068 0.0647 0.9922
vn 0.0629 0.0577 0.9964
vn 0.1211 0.0348 0.9920
vn 0.0007 0.0354 0.9994
vn -0.1817 0.0341 0.9828
vn -0.4737 0.0843 0.8766
vn 0.0790 0.0529 0.9955
vn 0.1349 0.0283 0.9905
vn -0.0210 0.1896 0.9816
vn -0.0474 0.1783 0.9828
vn 0.0169 0.1675 0.9857
vn 0.0404 0.1771 0.9834
vn -0.0411 0.1493 0.9879
vn 0.0382 0.1424 0.9891
vn 0.0902 0.1446 0.9854
vn 0.0953 -0.0641 0.9934
vn 0.0831 -0.0568 0.9949
vn 0.0646 -0.0693 0.9955
vn 0.0647 -0.0691 0.9955
vn 0.0671 -0.0451 0.9967
vn 0.0532 -0.0695 0.9962
vn 0.0442 -0.0749 0.9962
vn 0.1118 0.0555 0.9922
vn 0.0885 0.0743 0.9933
vn 0.0847 0.0518 0.9951
vn 0.0969 0.0361 0.9946
vn 0.0636 0.0831 0.9945
vn 0.0695 0.0470 0.9965
vn 0.0766 0.0164 0.9969
vn 0.0867 0.2369 0.9677
vn 0.0877 0.1938 0.9771
vn 0.1104 0.2110 0.9712
vn 0.1156 0.2442 0.9628
vn 0.1120 0.1531 0.9818
vn 0.1345 0.1883 0.9729
vn 0.1523 0.2338 0.9603
vn 0.2417 -0.1096 0.9641
vn 0.2374 -0.1329 0.9623
vn 0.2554 -0.1384 0.9569
vn 0.2662 -0.1272 0.9555
vn 0.2358 -0.1589 0.9587
vn 0.2607 -0.1541 0.9530
vn 0.2868 -0.1445 0.9470
vn 0.2434 0.2470 0.9379
vn 0.2417 0.2248 0.9440
vn 0.2494 0.2233 0.9423
vn 0.2557 0.2365 0.9374
vn 0.2493 0.1893 0.9497
vn 0.2649 0.2010 0.9431
vn 0.2984 0.2154 0.9298
vn 0.4481 0.0338 0.8933
vn 0.4356 0.0138 0.9000
vn 0.4665 0.0195 0.8843
vn 0.4890 0.0382 0.8714
vn 0.4324 -0.0083 0.9017
vn 0.4736 0.0113 0.8807
vn 0.4488 0.1481 0.8813
vn 0.4485 0.1535 0.8805
vn 0.4662 0.1438 0.8729
vn 0.4644 0.1315 0.8758
vn 0.4464 0.1532 0.8816
vn 0.4690 0.1506 0.8703
vn 0.4710 0.1376 0.8713
vn 0.6006 0.0584 0.7974
vn 0.5450 0.0702 0.8355
vn 0.5693 0.0664 0.8194
vn 0.6668 0.0811 0.7408
vn 0.7398 0.0971 0.6658
vn 0.7025 0.0442 0.7103
vn 0.5357 0.0701 0.8415
vn 0.5665 0.0716 0.8209
vn 0.4481 -0.1489 0.8815
vn 0.4588 -0.1652 0.8731
vn 0.4417 -0.1303 0.8876
vn 0.4481 -0.1357 0.8836
vn 0.4534 -0.1430 0.8798
vn 0.4723 -0.1590 0.8670
vn 0.4402 -0.0897 0.8934
vn 0.4513 -0.0949 0.8873
vn 0.4881 -0.1124 0.8655
vn 0.4602 -0.0928 0.8830
vn 0.4673 -0.1749 0.8666
vn 0.4858 -0.1690 0.8576
vn 0.9718 -0.1056 -0.2108
vn 0.9498 -0.1942 0.2452
vn 0.9475 -0.1953 0.2530
vn 0.9780 -0.1143 -0.1744
vn 0.6488 -0.1547 0.7451
vn 0.8352 -0.1842 0.5182
vn 0.4365 0.0008 0.8997
vn 0.5821 -0.3612 0.7285
vn 0.9912 -0.0014 -0.1324
vn 0.4795 0.0250 0.8772
vn 0.8379 0.0222 0.5453
vn 0.8382 0.0150 0.5452
vn 0.1920 0.0091 0.9814
vn -0.1191 -0.0752 0.9900
vn -0.1000 -0.1147 0.9884
vn -0.0894 -0.1260 0.9880
vn -0.0714 -0.1768 0.9817
vn -0.1734 -0.5851 0.7922
vn -0.1122 -0.3041 0.9460
vn 0.1955 -0.0055 0.9807
vn 0.7372 0.0604 0.6730
vn 0.7684 0.0698 0.6362
vn 0.6431 0.1028 0.7588
vn 0.9106 0.1317 0.3917
vn 0.7590 0.1900 0.6227
vn 0.3965 -0.0044 0.9180
vn 0.7038 -0.0514 0.7086
vn 0.6875 0.0006 0.7262
vn 0.5787 -0.0094 0.8155
vn 0.5842 -0.0578 0.8096
vn 0.6336 0.0596 0.7714
vn 0.5653 0.0393 0.8240
vn 0.4433 0.0300 0.8959
vn 0.4464 0.0051 0.8948
vn 0.3699 0.0064 0.9290
vn 0.3797 0.0212 0.9249
vn 0.4869 -0.0098 0.8734
vn 0.4175 -0.0062 0.9086
vn 0.8973 0.0941 0.4312
vn 0.8264 0.0813 0.5572
vn 0.7062 0.0759 0.7040
vn 0.7294 0.1000 0.6767
vn 0.2678 -0.2142 -0.9394
vn 0.4393 -0.2190 -0.8712
vn 0.2762 -0.1580 -0.9480
vn 0.4181 -0.1144 -0.9012
vn 0.7124 0.1342 0.6888
vn 0.6934 0.1588 0.7029
vn 0.4942 -0.1791 -0.8507
vn 0.5642 -0.1365 -0.8143
vn 0.7689 -0.0764 -0.6348
vn 0.7174 -0.1445 -0.6815
vn 0.6603 0.1408 0.7377
vn 0.6796 0.1125 0.7249
vn 0.4026 -0.1570 -0.9018
vn 0.6990 -0.1097 -0.7067
vn 0.6630 0.1642 0.7304
vn 0.6589 -0.2047 0.7239
vn 0.7055 -0.2009 0.6797
vn 0.6083 -0.1983 0.7685
vn 0.5783 -0.2062 0.7893
vn 0.7493 -0.1550 0.6438
vn 0.6331 -0.1599 0.7574
vn 0.5709 0.0031 0.8210
vn 0.5883 -0.0599 0.8064
vn 0.4360 -0.0291 0.8995
vn 0.4350 0.0424 0.8994
vn 0.5003 -0.0249 0.8655
vn 0.4818 -0.0216 0.8760
vn 0.3901 -0.0267 0.9204
vn 0.4129 -0.0217 0.9105
vn 0.4722 -0.0369 0.8807
vn 0.5903 0.0013 0.8072
vn 0.5017 0.0283 0.8646
vn 0.4200 0.0167 0.9074
vn 0.6059 -0.0174 0.7954
vn 0.3189 0.0026 0.9478
vn 0.5750 -0.0140 0.8180
vn 0.4774 -0.0111 0.8786
vn 0.6833 -0.0213 0.7299
vn 0.6780 -0.0212 0.7348
vn 0.3988 -0.0365 0.9163
vn 0.3906 0.0365 0.9198
vn 0.3627 0.0532 0.9304
vn 0.3749 0.0459 0.9259
vn 0.4326 -0.1186 0.8937
vn 0.3897 -0.1154 0.9137
vn 0.3683 -0.1839 0.9113
vn 0.4456 -0.1991 0.8728
vn 0.3072 -0.6684 0.6774
vn 0.3005 -0.4040 0.8640
vn 0.2931 -0.3656 0.8834
vn 0.2801 -0.3590 0.8903
vn 0.6273 0.0580 0.7767
vn 0.6062 0.0554 0.7934
vn 0.5355 0.0338 0.8438
vn 0.5586 0.0385 0.8285
vn 0.6045 0.0348 0.7958
vn 0.5668 0.0445 0.8227
vn 0.5261 -0.0267 0.8500
vn 0.4413 -0.0133 0.8973
vn 0.6700 0.0372 0.7414
vn 0.6040 -0.0345 0.7963
vn 0.5350 -0.0172 0.8447
vn 0.5897 0.0225 0.8073
vn 0.5785 -0.0893 0.8108
vn 0.5815 -0.0549 0.8117
vn 0.7934 -0.1819 0.5809
vn 0.7117 -0.1526 0.6857
vn 0.7768 -0.0029 0.6297
vn 0.6340 -0.0761 0.7696
vn 0.5091 -0.1125 0.8533
vn 0.5854 -0.0618 0.8084
vn 0.5684 -0.0737 0.8195
vn 0.4080 -0.0732 0.9100
vn 0.3253 -0.0139 0.9455
vn 0.6426 0.0193 0.7660
vn 0.5713 0.0101 0.8207
vn 0.5570 0.1718 0.8126
vn 0.5036 0.1612 0.8488
vn 0.4986 0.2459 0.8312
vn 0.4565 0.2254 0.8607
vn 0.7741 -0.0874 0.6270
vn 0.7757 -0.0195 0.6308
vn 0.9012 0.1917 0.3887
vn 0.4020 -0.0206 0.9154
vn 0.3351 -0.0157 0.9420
vn 0.3817 0.0271 0.9239
vn 0.4038 -0.0201 0.9146
vn 0.2757 -0.0090 0.9612
vn 0.2656 -0.0167 0.9639
vn 0.5665 0.1772 0.8048
vn 0.4239 0.1618 0.8911
vn 0.6039 -0.0464 0.7957
vn 0.6162 -0.1343 0.7761
vn 0.5612 -0.0870 0.8231
vn 0.5661 -0.0348 0.8236
vn 0.6506 -0.2055 0.7311
vn 0.5877 -0.1608 0.7929
vn 0.7560 -0.0916 0.6481
vn 0.8960 -0.0828 0.4363
vn 0.7201 -0.0061 0.6938
vn 0.6360 -0.0390 0.7707
vn 0.9941 0.0011 0.1086
vn 0.9925 -0.0077 0.1218
vn 0.5895 0.0967 0.8019
vn 0.9734 0.1052 0.2036
vn 0.9826 0.0980 0.1576
vn 0.5857 0.1171 0.8020
vn 0.6813 -0.0391 0.7310
vn 0.5641 -0.0634 0.8233
vn 0.6490 -0.0820 0.7563
vn 0.5646 -0.1102 0.8179
vn 0.7139 -0.0457 0.6988
vn 0.5830 -0.0686 0.8095
vn 0.5595 0.0644 0.8263
vn 0.5816 0.0115 0.8134
vn 0.5382 0.0056 0.8428
vn 0.5295 0.0474 0.8470
vn 0.4520 -0.1279 0.8828
vn 0.3730 -0.0493 0.9265
vn 0.6451 0.0482 0.7626
vn 0.6052 0.0559 0.7941
vn 0.6891 0.0654 0.7217
vn 0.6421 0.0720 0.7632
vn 0.7341 -0.0957 0.6723
vn 0.6130 -0.1068 0.7828
vn 0.6852 -0.1475 0.7132
vn 0.6415 -0.1399 0.7543
vn 0.7060 0.0752 0.7042
vn 0.6350 0.0699 0.7693
vn 0.3824 -0.0237 0.9237
vn 0.3065 -0.0145 0.9518
vn 0.3184 -0.0206 0.9477
vn 0.2851 -0.0108 0.9584
vn 0.2675 -0.0184 0.9634
vn 0.2800 -0.0052 0.9600
vn 0.5747 0.0793 0.8145
vn 0.5364 0.0604 0.8418
vn 0.6415 -0.1473 0.7529
vn 0.5549 -0.1790 0.8124
vn -0.1648 0.0064 0.9863
vn -0.1641 0.0219 0.9862
vn -0.0193 -0.0509 0.9985
vn 0.0803 -0.0262 0.9964
vn 0.2014 0.0009 0.9795
vn -0.9557 0.0354 0.2922
vn -0.4286 -0.0038 0.9035
vn -0.4197 -0.0030 0.9077
vn -0.5906 -0.0130 0.8069
vn 0.0482 -0.0003 0.9988
vn 0.0053 -0.0283 0.9996
vn 0.0154 -0.0088 0.9998
vn 0.1280 -0.0078 0.9917
vn -0.0246 0.0153 0.9996
vn 0.0879 0.0143 0.9960
vn -0.9575 0.1467 0.2485
vn -0.6171 0.0352 0.7861
vn -0.0204 -0.0436 0.9988
vn -0.2495 -0.0317 0.9679
vn -0.1546 -0.0308 0.9875
vn -0.2380 0.0076 0.9712
vn -0.1369 0.0120 0.9905
vn -0.1192 -0.0477 0.9917
vn -0.1035 -0.0404 0.9938
vn -0.0260 -0.0692 0.9973
vn -0.0647 -0.0329 0.9974
vn -0.1458 -0.0421 0.9884
vn -0.0594 -0.0747 0.9954
vn -0.0975 0.0237 0.9950
vn 0.0505 0.0229 0.9985
vn -0.0802 -0.0998 0.9918
vn 0.0463 -0.0332 0.9984
vn 0.0726 -0.0943 0.9929
vn 0.0771 -0.1280 0.9888
vn -0.0125 0.0426 0.9990
vn 0.0427 -0.0346 0.9985
vn 0.0721 -0.0984 0.9925
vn 0.0928 -0.1056 0.9901
vn -0.4532 0.5777 0.6788
vn -0.1005 0.3322 0.9378
vn -0.0666 0.3260 0.9430
vn 0.0125 0.3867 0.9221
vn -0.2454 0.0363 0.9687
vn -0.1438 0.0372 0.9889
vn -0.2411 0.0167 0.9704
vn -0.1480 0.0245 0.9887
vn -0.7813 -0.0345 0.6233
vn -0.7877 -0.0796 0.6109
vn -0.7810 -0.0327 0.6237
vn -0.0255 -0.2240 0.9743
vn 0.0404 -0.1522 0.9875
vn -0.0180 -0.1803 0.9834
vn -0.1073 -0.2727 0.9561
vn 0.0566 -0.0948 0.9939
vn -0.2549 -0.1406 0.9567
vn -0.1976 -0.1457 0.9694
vn -0.1022 -0.1254 0.9868
vn -0.1403 -0.1053 0.9845
vn -0.1972 -0.1359 0.9709
vn -0.1369 -0.1528 0.9787
vn -0.1806 -0.0174 0.9834
vn -0.1104 -0.0041 0.9939
vn -0.0732 0.0841 0.9938
vn -0.0041 -0.0087 1.0000
vn -0.7728 0.0121 0.6346
vn -0.2500 -0.1533 0.9560
vn -0.2063 -0.1722 0.9632
vn -0.0716 -0.1644 0.9838
vn -0.0733 -0.1524 0.9856
vn -0.3160 -0.0437 0.9478
vn -0.6442 -0.0617 0.7623
vn -0.4158 -0.1147 0.9022
vn -0.2196 -0.1073 0.9697
vn -0.0676 -0.0071 0.9977
vn -0.1425 0.1060 0.9841
vn 0.0648 0.1689 0.9835
vn 0.0808 0.0020 0.9967
vn -0.1579 0.5660 0.8091
vn -0.2671 -0.1066 0.9578
vn -0.0881 -0.1109 0.9899
vn -0.3522 -0.0917 0.9314
vn -0.1892 -0.0673 0.9796
vn -0.0265 -0.1605 0.9867
vn -0.1191 -0.1782 0.9768
vn 0.0720 -0.1260 0.9894
vn 0.0240 -0.1236 0.9920
vn -0.1017 -0.1775 0.9788
vn 0.0771 -0.1002 0.9920
vn -0.1273 -0.0898 0.9878
vn -0.0639 -0.0761 0.9950
vn -0.2173 -0.1115 0.9697
vn -0.1432 -0.1544 0.9776
vn -0.2273 -0.0575 0.9721
vn -0.1004 -0.0870 0.9911
vn -0.7697 -0.0567 0.6359
vn -0.5517 0.0261 0.8336
vn 0.2163 0.5724 0.7909
vn 0.0968 0.9466 0.3075
vn 0.1683 0.6817 0.7120
vn 0.2143 0.6507 0.7285
vn 0.2089 0.1459 0.9670
vn 0.2242 0.1491 0.9631
vn 0.2422 0.4581 0.8553
vn 0.2580 0.3863 0.8855
vn 0.2443 0.4524 0.8577
vn 0.2602 0.3840 0.8859
vn 0.2515 0.0238 0.9676
vn 0.2509 0.0244 0.9677
vn 0.2722 0.0067 0.9622
vn 0.2618 0.0061 0.9651
vn 0.4050 0.3223 0.8556
vn 0.3861 0.2381 0.8912
vn 0.3836 0.2276 0.8950
vn 0.3437 0.0723 0.9363
vn -0.4931 -0.6775 -0.5457
vn -0.3479 -0.8145 -0.4642
vn -0.6126 -0.6115 -0.5007
vn -0.5797 -0.6121 -0.5379
vn 0.1548 -0.2595 0.9532
vn 0.2527 -0.0352 0.9669
vn 0.2686 -0.0093 0.9632
vn 0.0357 -0.1703 0.9847
vn -0.6679 -0.5308 -0.5217
vn -0.8130 -0.3697 -0.4499
vn 0.2591 0.4672 0.8453
vn 0.2614 0.3823 0.8863
vn 0.2538 -0.0100 0.9672
vn 0.2204 -0.0221 0.9752
vn 0.2655 -0.0013 0.9641
vn 0.3774 0.3421 0.8605
vn 0.3900 0.2277 0.8922
vn 0.1702 0.5573 0.8127
vn 0.1921 0.5448 0.8163
vn 0.1790 0.1784 0.9675
vn 0.3320 -0.4041 0.8523
vn 0.3987 -0.4588 0.7941
vn 0.4853 -0.5274 0.6974
vn 0.4175 0.0202 0.9085
vn -0.1427 -0.7896 -0.5968
vn -0.1139 -0.9549 -0.2741
vn -0.1622 -0.5876 -0.7927
vn -0.1541 -0.7515 -0.6415
vn 0.1550 -0.3809 0.9115
vn 0.1700 -0.4064 0.8978
vn 0.1544 -0.5469 0.8229
vn 0.0992 -0.8412 0.5316
vn 0.1109 -0.8900 0.4422
vn 0.1925 -0.4690 0.8620
vn 0.2398 -0.3256 0.9146
vn 0.2871 -0.4506 0.8453
vn 0.2679 -0.4335 0.8604
vn 0.2859 -0.3045 0.9086
vn 0.3031 -0.3113 0.9007
vn 0.1962 -0.7769 0.5982
vn 0.1987 -0.6016 0.7737
vn 0.2886 -0.4948 0.8197
vn 0.2583 -0.4307 0.8647
vn 0.2172 -0.4427 0.8700
vn 0.1923 -0.4632 0.8651
vn 0.2146 -0.3626 0.9069
vn 0.2281 -0.3553 0.9065
vn -0.0556 -0.8063 0.5890
vn -0.2309 -0.5215 0.8214
vn 0.1516 -0.8138 0.5610
vn 0.1807 -0.6967 0.6942
vn 0.1514 -0.7501 0.6437
vn 0.2021 -0.0294 0.9789
vn 0.2177 -0.0187 0.9758
vn 0.1808 -0.9239 0.3372
vn 0.1553 -0.9286 0.3370
vn 0.3963 -0.7069 0.5858
vn 0.3896 -0.4800 0.7860
vn 0.3503 -0.2997 0.8874
vn 0.3383 -0.4744 0.8127
vn 0.3097 -0.4638 0.8300
vn 0.3374 -0.3472 0.8750
vn 0.3611 -0.3496 0.8645
vn 0.3006 -0.4943 0.8157
vn 0.3305 -0.3623 0.8715
vn 0.3043 -0.4952 0.8137
vn 0.3250 -0.3416 0.8819
vn 0.2518 -0.4352 0.8644
vn 0.2471 -0.3381 0.9081
vn 0.2187 -0.6978 0.6821
vn 0.2327 -0.5568 0.7974
vn 0.2206 -0.0151 0.9752
vn -0.0903 -0.6204 -0.7791
vn -0.0372 -0.7969 -0.6030
vn 0.1824 -0.4277 0.8853
vn 0.3930 -0.5449 0.7407
vn 0.3881 -0.3609 0.8480
vn -0.4913 -0.0458 -0.8698
vn -0.5297 -0.0809 -0.8443
vn -0.5315 -0.0900 -0.8423
vn -0.5056 -0.0479 -0.8614
vn -0.5464 -0.0891 -0.8328
vn -0.5408 -0.1057 -0.8345
vn -0.5357 -0.1098 -0.8373
vn -0.5331 -0.0849 -0.8418
vn -0.5186 -0.0281 -0.8545
vn -0.4166 -0.2328 -0.8788
vn -0.4474 -0.3241 -0.8335
vn -0.4233 -0.3239 -0.8461
vn -0.4076 -0.2948 -0.8643
vn -0.4712 -0.3632 -0.8038
vn -0.4397 -0.3148 -0.8412
vn -0.4161 -0.2884 -0.8624
vn -0.4032 -0.2897 -0.8680
vn -0.3926 -0.2885 -0.8733
vn -0.4097 -0.1839 -0.8935
vn -0.3890 -0.2408 -0.8892
vn -0.3971 -0.2179 -0.8915
vn -0.4094 -0.1330 -0.9026
vn -0.4144 -0.2031 -0.8871
vn -0.4120 -0.0899 -0.9067
vn -0.5192 -0.4057 -0.7522
vn -0.4122 -0.0727 -0.9082
vn -0.4382 -0.2313 -0.8686
vn -0.4730 -0.3017 -0.8278
vn -0.3612 -0.0587 -0.9306
vn -0.3814 -0.0364 -0.9237
vn -0.3897 -0.0401 -0.9201
vn -0.3830 -0.0935 -0.9190
vn -0.3911 -0.0278 -0.9199
vn -0.3959 -0.0249 -0.9180
vn -0.3995 -0.0150 -0.9166
vn -0.3976 -0.0288 -0.9171
vn -0.3970 -0.0822 -0.9141
vn -0.3986 -0.0362 -0.9164
vn -0.3563 -0.1528 -0.9218
vn -0.3836 -0.0454 -0.9224
vn -0.4010 -0.0290 -0.9156
vn -0.2655 -0.2698 -0.9256
vn -0.3427 -0.1887 -0.9203
vn -0.3579 -0.0296 -0.9333
vn -0.3790 -0.0215 -0.9251
vn -0.2407 -0.0035 -0.9706
vn -0.2613 -0.0180 -0.9651
vn -0.2645 -0.0018 -0.9644
vn -0.2444 0.0102 -0.9696
vn -0.7529 -0.0427 -0.6567
vn -0.8009 0.0204 -0.5984
vn -0.6492 -0.0053 -0.7606
vn -0.5847 -0.0493 -0.8098
vn -0.7562 0.0323 -0.6536
vn -0.6264 0.0413 -0.7784
vn -0.0472 0.0500 -0.9976
vn -0.0960 0.1723 -0.9804
vn -0.0989 0.1539 -0.9831
vn -0.0789 0.1287 -0.9885
vn -0.1503 0.2184 -0.9642
vn -0.1472 0.1739 -0.9737
vn -0.1625 0.1441 -0.9761
vn -0.1277 0.1544 -0.9797
vn -0.0800 0.1661 -0.9829
vn -0.0869 0.1585 -0.9835
vn -0.0931 0.1432 -0.9853
vn -0.1433 0.0215 -0.9895
vn -0.1107 0.1121 -0.9875
vn -0.1009 0.1416 -0.9848
vn -0.1176 0.1092 -0.9870
vn -0.0844 0.1593 -0.9836
vn -0.0903 0.1469 -0.9850
vn -0.1818 0.2902 -0.9395
vn -0.1986 0.2899 -0.9362
vn -0.1872 0.2901 -0.9385
vn -0.1756 0.2975 -0.9384
vn -0.2125 0.2817 -0.9357
vn -0.2087 0.2774 -0.9378
vn -0.2375 0.0215 -0.9711
vn -0.1743 0.0324 -0.9842
vn -0.1691 0.0317 -0.9851
vn -0.2384 0.0196 -0.9710
vn -0.1346 -0.1802 -0.9744
vn -0.1074 -0.0726 -0.9916
vn -0.1758 0.2678 -0.9473
vn -0.1699 0.2741 -0.9466
vn -0.2148 0.1895 -0.9581
vn -0.2316 0.2294 -0.9454
vn -0.2290 0.2327 -0.9452
vn -0.2064 0.2044 -0.9569
vn -0.2342 0.2576 -0.9375
vn -0.2348 0.2584 -0.9371
vn -0.2286 0.2650 -0.9368
vn -0.2184 0.2510 -0.9430
vn -0.1971 0.2343 -0.9520
vn -0.1882 0.2683 -0.9448
vn -0.2064 0.2776 -0.9383
vn -0.2208 0.2803 -0.9342
vn -0.1516 -0.0359 -0.9878
vn -0.1708 -0.0105 -0.9852
vn -0.1472 -0.0128 -0.9890
vn -0.1304 -0.0363 -0.9908
vn -0.1804 0.0236 -0.9833
vn -0.1564 0.0176 -0.9875
vn -0.1303 0.0133 -0.9914
vn -0.1188 -0.0054 -0.9929
vn -0.1072 -0.0212 -0.9940
vn -0.0478 0.0148 -0.9987
vn -0.0832 -0.0016 -0.9965
vn -0.0949 0.0108 -0.9954
vn -0.0794 0.0258 -0.9965
vn -0.1177 0.0289 -0.9926
vn -0.1016 0.0425 -0.9939
vn -0.1813 0.0694 -0.9810
vn -0.1278 0.0570 -0.9902
vn -0.1480 0.0429 -0.9881
vn -0.1825 0.0550 -0.9817
vn -0.3168 -0.2731 -0.9083
vn -0.2842 -0.2832 -0.9160
vn -0.2933 -0.2304 -0.9278
vn -0.3640 -0.1685 -0.9160
vn -0.2687 -0.2461 -0.9313
vn -0.2585 -0.2558 -0.9315
vn -0.2462 -0.2628 -0.9329
vn -0.2579 -0.2160 -0.9417
vn -0.2692 -0.1694 -0.9481
vn -0.3404 -0.1525 -0.9278
vn -0.4111 -0.0757 -0.9084
vn -0.2619 -0.2643 -0.9282
vn -0.2112 -0.2020 -0.9563
vn -0.2313 -0.2349 -0.9441
vn -0.2397 -0.2586 -0.9358
vn -0.1859 -0.1643 -0.9687
vn -0.2268 -0.1801 -0.9571
vn -0.2410 -0.2508 -0.9375
vn -0.2478 -0.2433 -0.9378
vn -0.3833 -0.1838 -0.9051
vn -0.2915 -0.2132 -0.9325
vn -0.2635 -0.2262 -0.9378
vn -0.3039 -0.1956 -0.9324
vn -0.4451 0.1162 -0.8879
vn -0.4124 0.0659 -0.9086
vn -0.4268 0.0681 -0.9018
vn -0.4439 0.1021 -0.8902
vn -0.3928 0.0312 -0.9191
vn -0.4148 0.0358 -0.9092
vn -0.4285 0.0381 -0.9027
vn -0.4376 0.0583 -0.8973
vn -0.4486 0.0828 -0.8899
vn -0.4019 0.1364 -0.9055
vn -0.4397 0.0827 -0.8943
vn -0.4309 0.0523 -0.9009
vn -0.4132 0.0571 -0.9088
vn -0.4252 0.0279 -0.9047
vn -0.4163 0.0311 -0.9087
vn -0.3595 0.0017 -0.9331
vn -0.3993 0.0160 -0.9167
vn -0.4075 0.0139 -0.9131
vn -0.3774 0.0044 -0.9260
vn -0.4821 0.0205 -0.8759
vn -0.5055 0.0241 -0.8625
vn -0.5031 0.0188 -0.8640
vn -0.4803 0.0246 -0.8768
vn -0.5176 0.0267 -0.8552
vn -0.5155 0.0142 -0.8568
vn -0.5124 0.0174 -0.8586
vn -0.4996 0.0293 -0.8658
vn -0.4744 0.0453 -0.8791
vn -0.4548 0.1107 -0.8837
vn -0.4645 0.0714 -0.8827
vn -0.4938 0.0409 -0.8686
vn -0.4758 0.0322 -0.8790
vn -0.5066 0.0114 -0.8621
vn -0.4849 -0.0063 -0.8745
vn -0.4573 0.1174 -0.8816
vn -0.4228 0.0617 -0.9041
vn -0.4089 0.0567 -0.9108
vn -0.4471 0.1332 -0.8845
vn -0.4023 0.0826 -0.9118
vn -0.3664 0.0424 -0.9295
vn -0.3648 0.0191 -0.9309
vn -0.3539 0.0155 -0.9352
vn -0.5426 -0.1200 -0.8314
vn -0.4868 -0.0911 -0.8687
vn -0.4495 -0.0389 -0.8924
vn -0.5254 -0.0502 -0.8494
vn -0.4068 -0.0688 -0.9109
vn -0.3501 -0.0182 -0.9365
vn -0.2843 0.0111 -0.9587
vn -0.4070 -0.0049 -0.9134
vn -0.5154 -0.0139 -0.8568
vn -0.4546 -0.0932 -0.8858
vn -0.4052 -0.0259 -0.9139
vn -0.4157 -0.0265 -0.9091
vn -0.4733 -0.0825 -0.8770
vn -0.3401 0.0155 -0.9403
vn -0.3519 0.0048 -0.9360
vn -0.3675 -0.0238 -0.9297
vn -0.4167 -0.0485 -0.9077
vn -0.4750 -0.0902 -0.8754
vn -0.4936 -0.0990 -0.8640
vn -0.4747 -0.0975 -0.8747
vn -0.3542 -0.0738 -0.9323
vn -0.3375 -0.0611 -0.9393
vn -0.2861 -0.0603 -0.9563
vn -0.2328 -0.0915 -0.9682
vn -0.2538 -0.0729 -0.9645
vn -0.2379 -0.0478 -0.9701
vn -0.4019 -0.0440 -0.9146
vn -0.4175 -0.0839 -0.9048
vn -0.4312 -0.2173 -0.8757
vn -0.3931 0.0792 -0.9161
vn -0.4084 0.0337 -0.9122
vn -0.4275 0.0293 -0.9035
vn -0.4009 -0.0096 -0.9161
vn -0.3755 -0.0842 -0.9230
vn -0.3943 -0.1323 -0.9094
vn -0.4251 -0.2010 -0.8825
vn -0.4094 -0.1660 -0.8971
vn -0.4117 -0.1819 -0.8930
vn -0.3718 -0.1139 -0.9213
vn -0.3584 -0.0943 -0.9288
vn -0.3471 -0.0606 -0.9359
vn -0.3133 -0.0254 -0.9493
vn -0.3491 -0.0802 -0.9337
vn -0.4105 -0.1504 -0.8994
vn -0.2772 0.0041 -0.9608
vn -0.2613 -0.0049 -0.9652
vn -0.2917 -0.0480 -0.9553
vn -0.3891 -0.1277 -0.9123
vn -0.2078 -0.0021 -0.9782
vn -0.2132 -0.0146 -0.9769
vn -0.2438 -0.0244 -0.9695
vn -0.1761 0.0066 -0.9844
vn -0.1820 -0.0094 -0.9833
vn -0.1914 -0.0462 -0.9804
vn -0.2112 -0.0506 -0.9761
vn -0.2392 -0.0545 -0.9694
vn -0.1056 0.1122 -0.9881
vn -0.1673 0.0396 -0.9851
vn -0.1784 -0.0091 -0.9839
vn -0.1431 0.0316 -0.9892
vn -0.2381 0.0277 -0.9709
vn -0.2653 0.0408 -0.9633
vn -0.0804 -0.2903 -0.9536
vn -0.1303 -0.1986 -0.9714
vn -0.0855 -0.2054 -0.9749
vn -0.2546 -0.0129 -0.9669
vn -0.1932 0.0082 -0.9811
vn -0.1936 0.0196 -0.9809
vn -0.2361 0.0165 -0.9716
vn -0.1552 0.0215 -0.9877
vn -0.1662 0.0233 -0.9858
vn -0.1801 0.0201 -0.9834
vn -0.1959 0.0209 -0.9804
vn -0.2220 0.0235 -0.9748
vn -0.2239 0.0150 -0.9745
vn -0.2024 0.0110 -0.9792
vn -0.1759 0.0142 -0.9843
vn -0.1442 0.0220 -0.9893
vn -0.1164 0.0351 -0.9926
vn -0.4293 0.0411 -0.9022
vn -0.4281 0.1472 -0.8917
vn -0.3845 0.1395 -0.9125
vn -0.3950 0.0665 -0.9163
vn -0.3869 0.1819 -0.9040
vn -0.3621 0.1795 -0.9147
vn -0.3037 0.0771 -0.9496
vn 0.1985 0.7170 -0.6682
vn 0.5855 0.8086 -0.0579
vn 0.2853 0.7477 -0.5996
vn 0.1569 0.6846 -0.7118
vn 0.6761 0.7126 0.1874
vn 0.6155 0.7779 -0.1265
vn -0.3139 0.0800 -0.9461
vn -0.2762 0.0612 -0.9592
vn -0.3127 0.0580 -0.9481
vn -0.3405 0.0398 -0.9394
vn -0.3550 0.0560 -0.9332
vn -0.3743 0.0110 -0.9272
vn -0.4093 -0.0429 -0.9114
vn -0.3861 -0.0200 -0.9222
vn -0.3231 0.0249 -0.9460
vn -0.5162 -0.1013 -0.8505
vn -0.5943 -0.1392 -0.7921
vn -0.5702 -0.1422 -0.8091
vn -0.5180 -0.1228 -0.8465
vn -0.5841 -0.1526 -0.7972
vn -0.6181 -0.1644 -0.7688
vn -0.6249 -0.1610 -0.7639
vn -0.6001 -0.1664 -0.7824
vn -0.5817 -0.1628 -0.7970
vn -0.6157 -0.1613 -0.7713
vn -0.5946 -0.1447 -0.7909
vn -0.6134 -0.1690 -0.7715
vn -0.5993 -0.1715 -0.7819
vn -0.4062 0.0391 -0.9130
vn -0.4336 0.0229 -0.9008
vn -0.4347 0.0461 -0.8994
vn -0.4110 0.0643 -0.9094
vn -0.4668 0.0004 -0.8844
vn -0.4636 0.0205 -0.8858
vn -0.4613 0.0508 -0.8858
vn -0.4393 0.0804 -0.8947
vn -0.4178 0.1005 -0.9030
vn -0.4232 0.1144 -0.8988
vn -0.4242 0.0961 -0.9005
vn -0.4200 0.0402 -0.9067
vn -0.3883 0.0310 -0.9210
vn -0.3849 0.0979 -0.9178
vn -0.3915 -0.1271 -0.9113
vn -0.4015 -0.1374 -0.9055
vn -0.4168 -0.0929 -0.9042
vn -0.4107 -0.0810 -0.9082
vn -0.4110 -0.1566 -0.8981
vn -0.4245 -0.1101 -0.8987
vn -0.4373 -0.0569 -0.8975
vn -0.4331 -0.0321 -0.9008
vn -0.4299 -0.0194 -0.9027
vn -0.4336 0.1182 -0.8933
vn -0.4407 0.0454 -0.8965
vn -0.3991 0.0223 -0.9166
vn -0.3653 0.1011 -0.9254
vn -0.3877 -0.0449 -0.9207
vn -0.3532 -0.0408 -0.9347
vn -0.3206 0.0424 -0.9463
vn -0.2953 0.0992 -0.9502
vn -0.3212 0.1498 -0.9351
vn -0.3598 0.0784 -0.9297
vn -0.3961 -0.0037 -0.9182
vn -0.4103 -0.0125 -0.9119
vn -0.4070 -0.0046 -0.9134
vn -0.4250 -0.0636 -0.9029
vn -0.4390 -0.1126 -0.8914
vn -0.4302 -0.0514 -0.9013
vn -0.4502 -0.0951 -0.8878
vn -0.4503 -0.0990 -0.8874
vn -0.4221 -0.0536 -0.9049
vn -0.3887 0.0745 -0.9184
vn -0.3806 0.0522 -0.9233
vn -0.3976 0.1116 -0.9107
vn -0.3796 0.1152 -0.9180
vn -0.3621 0.0914 -0.9276
vn -0.3501 0.0642 -0.9345
vn -0.2431 0.0147 -0.9699
vn -0.3147 0.0637 -0.9471
vn -0.3433 0.0897 -0.9349
vn -0.3326 0.0320 -0.9425
vn -0.3718 0.1178 -0.9208
vn -0.3733 0.0669 -0.9253
vn -0.4010 0.0759 -0.9129
vn -0.4016 0.1249 -0.9073
vn -0.4802 0.0972 -0.8718
vn -0.5019 0.1138 -0.8574
vn -0.5059 0.0743 -0.8594
vn -0.4826 0.0514 -0.8743
vn -0.5112 0.1128 -0.8520
vn -0.5184 0.0798 -0.8514
vn -0.5179 0.0628 -0.8531
vn -0.5051 0.0519 -0.8615
vn -0.4837 0.0339 -0.8746
vn -0.4831 0.0266 -0.8752
vn -0.5054 0.0382 -0.8620
vn -0.5192 0.0486 -0.8533
vn -0.3293 -0.2428 -0.9125
vn -0.3365 -0.2416 -0.9102
vn -0.3113 -0.1336 -0.9409
vn -0.3321 0.3014 -0.8938
vn -0.3005 0.2276 -0.9262
vn -0.3195 0.1290 -0.9388
vn -0.3430 0.1774 -0.9224
vn -0.2926 -0.0628 -0.9542
vn -0.4330 -0.1115 -0.8945
vn -0.4122 -0.0219 -0.9108
vn -0.4517 -0.0285 -0.8917
vn -0.4332 0.0658 -0.8989
vn -0.2790 -0.1056 -0.9544
vn -0.2637 -0.1456 -0.9536
vn -0.2894 -0.0996 -0.9520
vn -0.2857 -0.0738 -0.9555
vn -0.2863 -0.1704 -0.9429
vn -0.3140 -0.1333 -0.9400
vn -0.3397 -0.0985 -0.9354
vn -0.3313 -0.0672 -0.9411
vn -0.3257 -0.0486 -0.9442
vn -0.4139 -0.0301 -0.9098
vn -0.3684 -0.0324 -0.9291
vn -0.3754 -0.0560 -0.9252
vn -0.4045 -0.0567 -0.9128
vn -0.3786 -0.1045 -0.9196
vn -0.4072 -0.1102 -0.9066
vn -0.4085 -0.1628 -0.8981
vn -0.3614 -0.1552 -0.9194
vn -0.3329 -0.1881 -0.9240
vn -0.3883 -0.1090 -0.9151
vn -0.3677 -0.1427 -0.9189
vn -0.3680 -0.1471 -0.9181
vn -0.3909 -0.0653 -0.9181
vn -0.3707 -0.1077 -0.9225
vn -0.3496 -0.1422 -0.9260
vn -0.3418 -0.1761 -0.9231
vn -0.3405 -0.1634 -0.9260
vn -0.2755 -0.1832 -0.9437
vn -0.3112 -0.1745 -0.9342
vn -0.3187 -0.1941 -0.9278
vn -0.3023 -0.2098 -0.9298
vn -0.3416 -0.1446 -0.9287
vn -0.3355 -0.1564 -0.9290
vn -0.4094 -0.0300 -0.9119
vn -0.3700 -0.0884 -0.9248
vn -0.3705 -0.0736 -0.9259
vn -0.3966 -0.0213 -0.9178
vn -0.4465 0.0239 -0.8945
vn -0.4533 -0.0377 -0.8906
vn -0.4254 -0.0557 -0.9033
vn -0.4611 0.0278 -0.8869
vn -0.4667 -0.0308 -0.8839
vn -0.4663 -0.0560 -0.8829
vn -0.4549 -0.0567 -0.8887
vn -0.4313 -0.0563 -0.9004
vn -0.4227 -0.0419 -0.9053
vn -0.4294 -0.0487 -0.9018
vn -0.4549 -0.0619 -0.8884
vn -0.4520 -0.0731 -0.8890
vn -0.4685 -0.0662 -0.8810
vn -0.4684 -0.0837 -0.8795
vn -0.4987 0.0088 -0.8667
vn -0.4813 -0.0626 -0.8743
vn -0.4735 -0.0421 -0.8798
vn -0.4708 0.0168 -0.8821
vn -0.3493 0.0425 -0.9361
vn -0.4019 0.0307 -0.9152
vn -0.4126 0.0127 -0.9108
vn -0.3862 0.0282 -0.9220
vn -0.4324 0.0403 -0.9008
vn -0.4373 0.0148 -0.8992
vn -0.4450 0.0093 -0.8955
vn -0.4327 0.0098 -0.9015
vn -0.4200 0.0192 -0.9073
vn -0.4535 0.0179 -0.8911
vn -0.4583 0.0176 -0.8886
vn -0.4620 0.0180 -0.8867
vn -0.4602 0.0299 -0.8873
vn -0.4548 0.0619 -0.8885
vn -0.3478 0.1457 -0.9262
vn -0.4134 0.1587 -0.8966
vn -0.4329 0.1228 -0.8930
vn -0.4020 0.1242 -0.9072
vn -0.4431 0.1728 -0.8796
vn -0.4504 0.1298 -0.8833
vn -0.4550 0.1080 -0.8839
vn -0.4460 0.1096 -0.8883
vn -0.4273 0.1231 -0.8957
vn -0.4317 0.1340 -0.8920
vn -0.4500 0.1047 -0.8869
vn -0.4557 0.1012 -0.8843
vn -0.4542 0.1253 -0.8821
vn -0.4527 0.1632 -0.8766
vn -0.4605 0.1730 -0.8707
vn -0.4456 0.1715 -0.8787
vn -0.4274 0.1387 -0.8934
vn -0.4713 0.1966 -0.8598
vn -0.4567 0.1999 -0.8669
vn -0.4414 0.2033 -0.8740
vn -0.4247 0.1839 -0.8865
vn -0.4037 0.1548 -0.9017
vn -0.3804 0.1643 -0.9101
vn -0.4109 0.1912 -0.8914
vn -0.4386 0.2050 -0.8750
vn -0.4559 0.1973 -0.8679
vn -0.4690 0.1808 -0.8645
vn -0.3621 0.1142 -0.9251
vn -0.3188 0.1646 -0.9334
vn -0.3359 0.1776 -0.9250
vn -0.3476 0.1156 -0.9305
vn -0.3146 0.1508 -0.9372
vn -0.3018 0.1576 -0.9402
vn -0.3052 0.1677 -0.9374
vn -0.3185 0.1772 -0.9312
vn -0.3420 0.0879 -0.9356
vn -0.3558 -0.0431 -0.9336
vn -0.3306 0.0545 -0.9422
vn -0.3421 0.1126 -0.9329
vn -0.3576 -0.3157 -0.8789
vn -0.3528 -0.0571 -0.9340
vn -0.3092 -0.0224 -0.9507
vn -0.3065 0.0616 -0.9499
vn -0.3818 0.0523 -0.9228
vn -0.3600 0.0658 -0.9306
vn -0.4144 0.0381 -0.9093
vn -0.4172 0.0577 -0.9070
vn -0.3934 0.0792 -0.9159
vn -0.3847 0.0882 -0.9188
vn -0.4198 0.1013 -0.9020
vn -0.4289 0.0848 -0.8994
vn -0.4428 0.0570 -0.8948
vn -0.4518 0.0280 -0.8917
vn -0.2710 -0.2615 -0.9264
vn -0.2622 -0.2575 -0.9300
vn -0.2472 -0.2701 -0.9306
vn -0.2679 0.2558 -0.9289
vn -0.2491 0.2585 -0.9333
vn -0.2573 0.1569 -0.9535
vn -0.2766 0.1517 -0.9489
vn -0.2520 0.2459 -0.9360
vn -0.2432 0.1482 -0.9586
vn -0.2855 -0.2285 -0.9307
vn -0.2877 -0.2721 -0.9183
vn -0.2849 -0.2771 -0.9176
vn -0.2914 -0.2546 -0.9221
vn -0.2814 -0.2962 -0.9127
vn -0.2791 -0.2906 -0.9152
vn -0.2779 -0.2864 -0.9169
vn -0.2828 -0.2796 -0.9175
vn -0.2916 -0.2661 -0.9188
vn -0.2857 -0.2665 -0.9205
vn -0.2892 -0.2320 -0.9287
vn -0.3049 -0.1767 -0.9359
vn -0.2799 -0.2302 -0.9320
vn -0.2821 -0.1846 -0.9414
vn -0.2936 -0.1768 -0.9394
vn -0.3171 -0.1457 -0.9371
vn -0.1920 -0.0781 -0.9783
vn -0.2656 -0.0626 -0.9620
vn -0.2905 -0.0615 -0.9549
vn -0.2636 -0.0830 -0.9610
vn -0.3283 -0.0420 -0.9436
vn -0.3335 -0.0443 -0.9417
vn -0.3365 -0.0233 -0.9414
vn -0.3116 -0.0237 -0.9499
vn -0.3017 -0.0310 -0.9529
vn -0.3263 0.0156 -0.9451
vn -0.3413 0.0122 -0.9399
vn -0.3723 0.0309 -0.9276
vn -0.3616 -0.0027 -0.9323
vn -0.3867 0.0145 -0.9221
vn -0.4010 -0.0132 -0.9160
vn -0.3771 -0.0261 -0.9258
vn -0.3835 -0.0343 -0.9229
vn -0.3869 -0.0722 -0.9193
vn -0.3746 -0.0755 -0.9241
vn -0.3940 -0.0540 -0.9175
vn -0.3531 -0.0525 -0.9341
vn -0.3311 -0.0677 -0.9412
vn -0.3167 -0.0730 -0.9457
vn -0.2522 -0.0549 -0.9661
vn -0.2821 -0.0500 -0.9581
vn -0.3312 -0.0356 -0.9429
vn -0.3887 -0.0361 -0.9207
vn -0.3362 0.0749 -0.9388
vn -0.3142 0.0767 -0.9463
vn -0.3086 0.0592 -0.9494
vn -0.3318 0.1040 -0.9376
vn -0.3135 0.1029 -0.9440
vn -0.2881 0.1015 -0.9522
vn -0.2791 0.0862 -0.9564
vn -0.2694 0.0722 -0.9603
vn -0.2304 0.0805 -0.9698
vn -0.2483 0.0983 -0.9637
vn -0.2409 0.1018 -0.9652
vn -0.2768 0.1165 -0.9538
vn -0.2714 0.1230 -0.9546
vn -0.3013 0.1399 -0.9432
vn -0.3058 0.1276 -0.9435
vn -0.3314 0.1339 -0.9339
vn -0.3332 0.1490 -0.9310
vn -0.2965 0.1565 -0.9421
vn -0.2963 0.1485 -0.9435
vn -0.3171 0.1893 -0.9293
vn -0.2900 0.1933 -0.9373
vn -0.2701 0.1961 -0.9426
vn -0.2656 0.1753 -0.9480
vn -0.2636 0.1640 -0.9506
vn -0.2382 0.1792 -0.9545
vn -0.2445 0.1994 -0.9489
vn -0.2352 0.2169 -0.9474
vn -0.2553 0.2228 -0.9408
vn -0.2472 0.2410 -0.9385
vn -0.2933 0.2496 -0.9229
vn -0.2642 0.2570 -0.9296
vn -0.2766 0.2351 -0.9318
vn -0.3048 0.2344 -0.9231
vn -0.2886 -0.2029 -0.9357
vn -0.2682 -0.1676 -0.9487
vn -0.2648 -0.1769 -0.9480
vn -0.2986 -0.1696 -0.9392
vn -0.2778 -0.1358 -0.9510
vn -0.2542 -0.1109 -0.9608
vn -0.2402 -0.1212 -0.9631
vn -0.2332 -0.1284 -0.9639
vn -0.1603 -0.0884 -0.9831
vn -0.1979 -0.0920 -0.9759
vn -0.2168 -0.0809 -0.9729
vn -0.2063 -0.0610 -0.9766
vn -0.2459 -0.0793 -0.9660
vn -0.2400 -0.0630 -0.9687
vn -0.2705 -0.0750 -0.9598
vn -0.2777 -0.0995 -0.9555
vn -0.3017 -0.1370 -0.9435
vn -0.2718 -0.0576 -0.9606
vn -0.2632 -0.0553 -0.9631
vn -0.2661 -0.0269 -0.9636
vn -0.2526 -0.0315 -0.9670
vn -0.2368 -0.0383 -0.9708
vn -0.2373 -0.0522 -0.9700
vn -0.2100 -0.0483 -0.9765
vn -0.1947 -0.0467 -0.9797
vn -0.2205 -0.0283 -0.9750
vn -0.2082 -0.0217 -0.9778
vn -0.2202 0.0075 -0.9754
vn -0.2381 -0.0101 -0.9712
vn -0.2609 0.0049 -0.9653
vn -0.1938 -0.0467 -0.9799
vn -0.2346 0.0142 -0.9720
vn -0.2480 -0.0531 -0.9673
vn -0.2268 -0.0742 -0.9711
vn -0.2804 0.0208 -0.9597
vn -0.2785 -0.0601 -0.9586
vn -0.2785 -0.0950 -0.9557
vn -0.2594 -0.0925 -0.9613
vn -0.2431 -0.0960 -0.9652
vn -0.2562 -0.1213 -0.9590
vn -0.2762 -0.1182 -0.9538
vn -0.2987 -0.1289 -0.9456
vn -0.2945 -0.1087 -0.9495
vn -0.3128 -0.1203 -0.9422
vn -0.3302 -0.1087 -0.9376
vn -0.3102 -0.0834 -0.9470
vn -0.3258 -0.0104 -0.9454
vn -0.1241 -0.1056 -0.9866
vn -0.1112 -0.1537 -0.9818
vn -0.1085 -0.1226 -0.9865
vn -0.1220 -0.0785 -0.9894
vn -0.0976 -0.1949 -0.9759
vn -0.0962 -0.1545 -0.9833
vn -0.0988 -0.1315 -0.9864
vn -0.1109 -0.1017 -0.9886
vn -0.1256 -0.0665 -0.9898
vn -0.1425 -0.0527 -0.9884
vn -0.1194 -0.0668 -0.9906
vn -0.1457 0.0113 -0.9893
vn -0.1040 -0.0856 -0.9909
vn -0.1134 0.0020 -0.9935
vn -0.2123 -0.0307 -0.9767
vn -0.2579 0.0317 -0.9657
vn -0.2513 0.0843 -0.9642
vn -0.2199 -0.0650 -0.9734
vn -0.2859 0.0770 -0.9552
vn -0.2793 0.1124 -0.9536
vn -0.2577 0.2163 -0.9417
vn -0.2566 0.2179 -0.9416
vn -0.2141 0.4748 -0.8537
vn -0.2334 0.3033 -0.9239
vn -0.2157 -0.0779 -0.9733
vn -0.2345 -0.0532 -0.9707
vn -0.0162 0.0637 -0.9978
vn -0.0131 0.1026 -0.9946
vn -0.0263 0.0970 -0.9949
vn -0.0327 0.0840 -0.9959
vn -0.0196 0.1234 -0.9922
vn -0.0232 0.1017 -0.9945
vn -0.0294 0.0831 -0.9961
vn -0.0365 0.0777 -0.9963
vn -0.0444 0.0732 -0.9963
vn -0.0520 0.0415 -0.9978
vn -0.0360 0.0420 -0.9985
vn -0.0166 0.0028 -0.9999
vn -0.0213 0.0515 -0.9984
vn -0.0032 0.0068 -1.0000
vn -0.0129 0.1244 -0.9921
vn 0.0214 0.1203 -0.9925
vn 0.0622 0.1226 -0.9905
vn 0.0539 0.1415 -0.9885
vn 0.0324 0.1218 -0.9920
vn 0.0635 0.1120 -0.9917
vn 0.0698 0.1110 -0.9914
vn 0.0727 0.1231 -0.9897
vn 0.0747 0.1430 -0.9869
vn 0.0238 0.0875 -0.9959
vn 0.0629 0.1265 -0.9900
vn 0.0516 0.1088 -0.9927
vn -0.0003 0.0795 -0.9968
vn 0.0458 0.0972 -0.9942
vn -0.0088 0.0737 -0.9972
vn -0.0228 0.0745 -0.9970
vn 0.0401 0.0983 -0.9944
vn 0.0062 0.1215 -0.9926
vn -0.0626 0.1183 -0.9910
vn -0.0354 0.1261 -0.9914
vn -0.1231 0.1403 -0.9824
vn -0.1006 0.1468 -0.9840
vn -0.0792 0.1540 -0.9849
vn -0.0207 0.1392 -0.9900
vn -0.0395 0.1545 -0.9872
vn -0.0724 0.1788 -0.9812
vn -0.0975 0.1727 -0.9801
vn -0.1126 0.1843 -0.9764
vn -0.1683 0.1829 -0.9686
vn -0.1513 0.1727 -0.9733
vn -0.1779 0.1648 -0.9701
vn 0.1181 -0.1309 -0.9843
vn 0.0441 -0.0817 -0.9957
vn -0.0231 -0.0710 -0.9972
vn 0.0592 -0.1319 -0.9895
vn -0.0139 -0.0377 -0.9992
vn 0.0047 -0.0363 -0.9993
vn 0.0054 -0.0355 -0.9994
vn -0.1068 -0.0315 -0.9938
vn -0.2096 -0.0179 -0.9776
vn -0.1199 -0.0548 -0.9913
vn -0.0460 -0.1167 -0.9921
vn -0.0919 0.0142 -0.9957
vn -0.0906 0.0059 -0.9959
vn -0.0548 -0.0232 -0.9982
vn -0.0601 -0.0058 -0.9982
vn -0.1196 0.0024 -0.9928
vn -0.1021 -0.0312 -0.9943
vn -0.0975 -0.0739 -0.9925
vn -0.0945 -0.0551 -0.9940
vn -0.1230 -0.1385 -0.9827
vn -0.1191 -0.1267 -0.9848
vn -0.1370 -0.0732 -0.9879
vn -0.1867 -0.1527 -0.9705
vn -0.1254 -0.0662 -0.9899
vn -0.1065 -0.0128 -0.9942
vn -0.0890 0.0328 -0.9955
vn -0.1552 0.0429 -0.9869
vn -0.2052 0.0504 -0.9774
vn -0.2119 -0.0814 -0.9739
vn -0.2722 -0.1883 -0.9436
vn -0.1141 0.0681 -0.9911
vn -0.1367 0.0134 -0.9905
vn -0.0914 0.1064 -0.9901
vn 0.0061 0.0311 -0.9995
vn 0.0027 0.0137 -0.9999
vn -0.0107 0.0353 -0.9993
vn -0.0048 0.0558 -0.9984
vn -0.4454 -0.0839 -0.8914
vn -0.5246 0.0115 -0.8513
vn -0.4154 -0.1083 -0.9032
vn -0.3189 -0.0960 -0.9429
vn -0.4725 0.1336 -0.8711
vn -0.3428 0.1514 -0.9271
vn -0.4282 0.1410 -0.8926
vn -0.2240 -0.0029 -0.9746
vn -0.2684 0.0232 -0.9630
vn -0.2418 0.0020 -0.9703
vn -0.3512 0.0364 -0.9356
vn -0.4442 0.0653 -0.8936
vn -0.3065 0.0199 -0.9517
vn -0.2261 -0.0182 -0.9739
vn -0.2598 0.0344 -0.9651
vn -0.0495 0.0348 -0.9982
vn -0.0363 0.0175 -0.9992
vn 0.0104 0.0695 -0.9975
vn -0.1198 0.0048 -0.9928
vn -0.1133 -0.0186 -0.9934
vn -0.1218 -0.0226 -0.9923
vn -0.0886 0.0062 -0.9960
vn -0.0539 0.0502 -0.9973
vn -0.3247 -0.0075 -0.9458
vn -0.2552 -0.0198 -0.9667
vn -0.1884 -0.0137 -0.9820
vn -0.3887 0.0303 -0.9209
vn -0.3866 -0.0220 -0.9220
vn -0.4064 -0.0325 -0.9131
vn -0.4050 -0.0351 -0.9136
vn -0.1563 -0.0321 -0.9872
vn -0.0887 0.0334 -0.9955
vn -0.1025 0.0263 -0.9944
vn -0.0847 0.0591 -0.9947
vn -0.1175 0.0497 -0.9918
vn -0.1565 0.0517 -0.9863
vn -0.1325 0.0264 -0.9908
vn -0.0394 0.0481 -0.9981
vn -0.0375 0.0143 -0.9992
vn -0.0115 0.0198 -0.9997
vn -0.0643 0.0419 -0.9971
vn -0.0639 0.0124 -0.9979
vn -0.0561 0.0028 -0.9984
vn -0.0358 0.0028 -0.9994
vn -0.0104 0.0034 -0.9999
vn -0.0090 0.0162 -0.9998
vn -0.0112 0.0050 -0.9999
vn -0.0394 0.0080 -0.9992
vn -0.0442 0.0157 -0.9989
vn -0.0695 0.0084 -0.9975
vn -0.0809 0.0166 -0.9966
vn -0.1229 0.0280 -0.9920
vn -0.0940 0.0167 -0.9954
vn -0.1040 0.0441 -0.9936
vn -0.2415 -0.0870 -0.9665
vn -0.1773 -0.1201 -0.9768
vn -0.2876 -0.0385 -0.9570
vn -0.2490 -0.0354 -0.9678
vn -0.2116 -0.0619 -0.9754
vn -0.1644 -0.0868 -0.9826
vn -0.1525 -0.0512 -0.9870
vn -0.1929 -0.0273 -0.9808
vn -0.1973 -0.0146 -0.9802
vn -0.2510 -0.0059 -0.9680
vn -0.2534 0.0073 -0.9673
vn -0.3047 0.0278 -0.9521
vn -0.2996 0.0054 -0.9541
vn -0.3157 -0.0169 -0.9487
vn -0.2731 0.0089 -0.9619
vn -0.2130 -0.0079 -0.9770
vn -0.3401 0.0076 -0.9404
vn -0.3088 0.0344 -0.9505
vn -0.2767 0.0591 -0.9591
vn -0.2430 0.0461 -0.9689
vn -0.2002 0.0237 -0.9795
vn -0.1962 0.0392 -0.9798
vn -0.2338 0.0667 -0.9700
vn -0.2801 0.0763 -0.9569
vn -0.3215 0.0505 -0.9456
vn -0.3520 0.0229 -0.9357
vn -0.2981 -0.2303 -0.9263
vn -0.3024 -0.2468 -0.9207
vn -0.3121 -0.2248 -0.9230
vn -0.3099 -0.2021 -0.9290
vn -0.3129 -0.1821 -0.9322
vn -0.2797 -0.1794 -0.9432
vn -0.3080 -0.2225 -0.9250
vn -0.2748 -0.2242 -0.9350
vn -0.2680 -0.2511 -0.9301
vn -0.2959 -0.2502 -0.9219
vn -0.3541 0.1964 -0.9144
vn -0.3818 0.2123 -0.8995
vn -0.3366 0.1856 -0.9232
vn -0.3518 0.1901 -0.9166
vn -0.3663 0.2070 -0.9072
vn -0.3836 0.2262 -0.8954
vn -0.3405 0.2361 -0.9101
vn -0.3519 0.2318 -0.9069
vn -0.3267 0.2336 -0.9158
vn -0.3804 0.2228 -0.8976
vn -0.3813 0.2298 -0.8954
vn -0.3838 0.2385 -0.8921
vn -0.3695 0.2354 -0.8989
vn -0.3535 0.2254 -0.9078
vn -0.3957 0.2290 -0.8894
vn -0.4033 0.1990 -0.8931
vn -0.3921 0.2383 -0.8885
vn -0.4678 0.1645 -0.8684
vn -0.4754 0.1884 -0.8594
vn -0.4826 0.1952 -0.8538
vn -0.4842 0.2014 -0.8515
vn -0.4875 0.1980 -0.8504
vn -0.4836 0.1960 -0.8531
vn -0.4811 0.1714 -0.8597
vn -0.4769 0.1784 -0.8607
vn -0.4608 0.0825 -0.8836
vn -0.4728 0.1464 -0.8690
vn -0.4662 0.0660 -0.8822
vn -0.4801 0.1289 -0.8677
vn -0.4885 0.1638 -0.8571
vn -0.4850 0.1805 -0.8557
vn -0.4736 -0.2646 -0.8401
vn -0.4645 -0.2800 -0.8402
vn -0.5212 -0.3450 -0.7806
vn -0.5162 -0.3915 -0.7617
vn -0.5053 -0.3914 -0.7691
vn -0.4674 -0.2967 -0.8328
vn -0.4672 -0.3163 -0.8256
vn -0.5029 -0.4056 -0.7633
vn -0.5252 -0.4348 -0.7315
vn -0.5434 -0.4383 -0.7160
vn -0.3708 -0.0401 -0.9278
vn -0.3405 -0.0532 -0.9387
vn -0.4142 -0.0396 -0.9093
vn -0.2854 -0.0586 -0.9566
vn -0.2441 -0.0543 -0.9682
vn -0.0310 -0.0470 -0.9984
vn -0.1706 -0.0393 -0.9846
vn -0.4019 -0.0541 -0.9141
vn -0.4036 -0.0510 -0.9135
vn -0.4001 -0.0378 -0.9157
vn -0.3944 -0.0390 -0.9181
vn -0.3906 -0.0346 -0.9199
vn -0.0864 -0.0049 -0.9962
vn 0.0325 -0.0083 -0.9994
vn -0.0423 0.0382 -0.9984
vn 0.0702 0.0440 -0.9966
vn -0.4642 -0.0787 -0.8822
vn -0.1973 -0.0488 -0.9791
vn -0.1761 -0.0534 -0.9829
vn 0.0591 -0.1057 -0.9926
vn -0.0569 -0.1119 -0.9921
vn -0.4757 -0.0917 -0.8748
vn -0.1590 0.0742 -0.9845
vn -0.1733 0.0322 -0.9843
vn -0.1572 -0.0122 -0.9875
vn -0.1559 -0.0231 -0.9875
vn -0.3255 -0.0078 -0.9455
vn -0.3116 -0.0042 -0.9502
vn -0.3272 -0.0026 -0.9450
vn -0.2908 -0.0064 -0.9568
vn -0.2836 -0.0014 -0.9589
vn -0.2736 -0.0028 -0.9618
vn -0.2859 -0.0080 -0.9582
vn -0.2985 -0.0175 -0.9542
vn -0.5177 -0.0476 -0.8542
vn -0.5098 -0.0901 -0.8556
vn -0.5142 -0.0114 -0.8576
vn -0.4985 -0.0098 -0.8668
vn -0.4890 -0.0304 -0.8717
vn -0.4772 -0.0603 -0.8767
vn -0.4463 -0.0369 -0.8941
vn -0.4691 -0.0158 -0.8830
vn -0.4752 -0.0295 -0.8794
vn -0.4963 -0.0042 -0.8681
vn -0.5119 -0.0271 -0.8586
vn -0.4160 -0.1703 -0.8933
vn -0.3839 -0.2824 -0.8791
vn -0.3747 -0.2796 -0.8840
vn -0.3772 -0.2736 -0.8848
vn -0.3916 -0.0194 -0.9199
vn -0.4122 -0.0287 -0.9107
vn -0.3911 -0.0198 -0.9201
vn -0.3401 -0.1945 -0.9200
vn -0.3264 -0.2937 -0.8985
vn -0.3618 -0.0421 -0.9313
vn -0.3636 -0.2810 -0.8881
vn -0.3533 -0.2776 -0.8934
vn -0.3812 -0.2436 -0.8918
vn -0.3786 -0.2648 -0.8869
vn -0.2879 0.1768 -0.9412
vn -0.2621 0.1648 -0.9509
vn -0.2603 0.2644 -0.9286
vn -0.2878 0.1033 -0.9521
vn -0.2611 0.0849 -0.9616
vn -0.2479 0.0258 -0.9684
vn -0.2509 0.1253 -0.9599
vn -0.2495 0.2649 -0.9314
vn -0.1275 0.0271 -0.9915
vn -0.1141 0.0465 -0.9924
vn -0.1566 0.0407 -0.9868
vn -0.1376 0.0696 -0.9880
vn -0.1165 0.0907 -0.9890
vn -0.1005 0.0802 -0.9917
vn -0.1608 0.0990 -0.9820
vn -0.1518 0.0955 -0.9838
vn -0.1834 0.0568 -0.9814
vn -0.1206 0.1278 -0.9844
vn -0.1203 0.1189 -0.9856
vn -0.2856 0.0044 -0.9583
vn -0.3136 -0.0339 -0.9489
vn -0.2482 0.0276 -0.9683
vn -0.6016 -0.0640 -0.7962
vn -0.5803 -0.0108 -0.8143
vn -0.6020 -0.0537 -0.7967
vn -0.5847 -0.0678 -0.8084
vn -0.5777 -0.0548 -0.8144
vn -0.5721 -0.0314 -0.8196
vn -0.2378 0.0219 -0.9711
vn -0.5758 0.0023 -0.8176
vn -0.5740 0.0251 -0.8185
vn -0.0348 -0.0570 -0.9978
vn -0.0584 -0.0805 -0.9950
vn -0.0928 -0.0401 -0.9949
vn -0.0182 -0.1141 -0.9933
vn -0.0363 -0.1187 -0.9923
vn -0.0624 -0.1286 -0.9897
vn -0.0882 -0.1047 -0.9906
vn -0.1324 -0.0749 -0.9884
vn -0.0268 -0.1240 -0.9919
vn -0.0167 -0.1249 -0.9920
vn -0.0211 -0.1334 -0.9908
vn -0.0129 -0.1372 -0.9905
vn -0.0565 -0.1052 -0.9928
vn -0.0472 -0.1357 -0.9896
vn 0.1317 -0.1021 -0.9860
vn 0.2684 -0.1518 -0.9513
vn 0.2031 -0.1325 -0.9702
vn 0.1178 -0.0947 -0.9885
vn -0.3611 -0.3771 -0.8529
vn -0.4483 -0.5841 -0.6767
vn -0.3787 -0.5904 -0.7128
vn -0.3104 -0.4672 -0.8279
vn -0.4976 -0.5559 -0.6659
vn -0.4163 -0.5115 -0.7517
vn 0.0357 -0.0580 -0.9977
vn 0.0126 -0.0659 -0.9977
vn -0.5371 -0.4319 -0.7245
vn -0.4301 -0.3899 -0.8142
vn -0.3501 -0.0416 -0.9358
vn -0.3486 -0.0414 -0.9364
vn -0.3983 -0.0477 -0.9160
vn -0.1294 0.0920 -0.9873
vn -0.1130 0.0695 -0.9912
vn -0.1043 0.1007 -0.9894
vn -0.1119 0.1210 -0.9863
vn -0.1670 -0.1315 -0.9771
vn -0.1553 -0.1082 -0.9819
vn -0.1599 -0.0484 -0.9859
vn -0.1513 -0.1719 -0.9734
vn -0.1493 -0.1408 -0.9787
vn -0.1459 -0.1246 -0.9814
vn -0.1471 -0.0983 -0.9842
vn -0.1452 -0.0539 -0.9879
vn -0.1352 -0.0712 -0.9883
vn -0.1384 -0.1083 -0.9844
vn -0.1291 -0.1324 -0.9827
vn -0.1393 -0.1327 -0.9813
vn -0.1329 -0.1424 -0.9808
vn -0.1326 -0.1451 -0.9805
vn -0.1388 -0.1474 -0.9793
vn -0.1374 -0.1675 -0.9762
vn -0.1921 -0.1145 -0.9747
vn -0.1797 -0.0805 -0.9804
vn -0.1912 -0.1206 -0.9741
vn -0.1715 -0.1560 -0.9728
vn -0.1654 -0.1622 -0.9728
vn -0.1492 -0.1373 -0.9792
vn -0.0953 -0.2333 -0.9677
vn -0.1198 -0.1932 -0.9738
vn -0.1400 -0.2073 -0.9682
vn -0.1241 -0.2414 -0.9624
vn -0.1591 -0.1795 -0.9708
vn -0.1479 -0.2165 -0.9650
vn -0.0507 0.0348 -0.9981
vn -0.0243 0.0431 -0.9988
vn -0.0877 0.0346 -0.9955
vn -0.0874 0.0619 -0.9942
vn -0.0637 0.0729 -0.9953
vn -0.0343 0.0842 -0.9959
vn -0.0359 0.1180 -0.9924
vn -0.0789 0.1023 -0.9916
vn -0.0816 0.1056 -0.9911
vn -0.1142 0.0773 -0.9904
vn -0.1320 0.0885 -0.9873
vn -0.1699 0.0700 -0.9830
vn -0.1259 0.0468 -0.9909
vn -0.2928 0.0409 -0.9553
vn -0.2574 0.0559 -0.9647
vn -0.2428 0.0346 -0.9695
vn -0.2525 0.0171 -0.9674
vn -0.2042 -0.0008 -0.9789
vn -0.2073 0.0292 -0.9778
vn -0.2182 0.0600 -0.9741
vn -0.2160 -0.1035 -0.9709
vn -0.1903 -0.1315 -0.9729
vn -0.2305 -0.1019 -0.9677
vn -0.2178 -0.0988 -0.9710
vn -0.2049 -0.1003 -0.9736
vn -0.1865 -0.1146 -0.9757
vn -0.1757 -0.0635 -0.9824
vn -0.1933 -0.0813 -0.9778
vn -0.1790 -0.0831 -0.9803
vn -0.2167 -0.1050 -0.9706
vn -0.2115 -0.1503 -0.9657
vn -0.2402 -0.1764 -0.9546
vn -0.2374 -0.1219 -0.9637
vn -0.2788 -0.2284 -0.9328
vn -0.2848 -0.2708 -0.9195
vn -0.2557 -0.2370 -0.9372
vn -0.2651 -0.2731 -0.9247
vn -0.2682 -0.3003 -0.9154
vn -0.2802 -0.3013 -0.9114
vn -0.1931 -0.2608 -0.9459
vn -0.2057 -0.2949 -0.9331
vn -0.2350 -0.2831 -0.9299
vn -0.2238 -0.2489 -0.9423
vn -0.2191 -0.3175 -0.9226
vn -0.2485 -0.3104 -0.9176
vn -0.3715 0.1449 -0.9171
vn -0.4023 0.1507 -0.9030
vn -0.3769 0.1839 -0.9078
vn -0.3490 0.1858 -0.9185
vn -0.3404 0.2289 -0.9120
vn -0.3807 0.2096 -0.9006
vn -0.4106 0.1731 -0.8952
vn -0.3613 -0.1431 -0.9214
vn -0.3771 -0.1496 -0.9140
vn -0.3416 -0.1356 -0.9300
vn -0.3408 -0.1327 -0.9307
vn -0.3543 -0.1411 -0.9244
vn -0.3697 -0.1579 -0.9156
vn -0.3643 -0.1405 -0.9206
vn -0.3432 -0.1295 -0.9303
vn -0.3285 -0.1280 -0.9358
vn -0.3194 -0.1336 -0.9382
vn -0.4059 -0.0251 -0.9136
vn -0.3676 -0.0137 -0.9299
vn -0.3649 -0.0164 -0.9309
vn -0.4032 -0.0052 -0.9151
vn -0.3755 0.0044 -0.9268
vn -0.3532 0.0148 -0.9354
vn -0.3377 0.0063 -0.9412
vn -0.3301 0.0026 -0.9439
vn -0.2980 0.0273 -0.9542
vn -0.3204 0.0366 -0.9466
vn -0.3485 0.0387 -0.9365
vn -0.3791 0.0307 -0.9248
vn -0.4040 0.0187 -0.9146
vn -0.5047 -0.1513 -0.8499
vn -0.4883 -0.1654 -0.8568
vn -0.4758 -0.1492 -0.8668
vn -0.5240 -0.1715 -0.8343
vn -0.5017 -0.1741 -0.8473
vn -0.4879 -0.1783 -0.8545
vn -0.4791 -0.1767 -0.8598
vn -0.4731 -0.1658 -0.8652
vn -0.4531 -0.1677 -0.8755
vn -0.4653 -0.1796 -0.8667
vn -0.4530 -0.1812 -0.8729
vn -0.4859 -0.1770 -0.8559
vn -0.4841 -0.1748 -0.8574
vn -0.5097 -0.1541 -0.8464
vn -0.5080 -0.1686 -0.8447
vn -0.5323 -0.1638 -0.8306
vn -0.5061 -0.0533 -0.8608
vn -0.4665 -0.0456 -0.8833
vn -0.5359 -0.0569 -0.8423
vn -0.5532 -0.0739 -0.8298
vn -0.5335 -0.0678 -0.8431
vn -0.5061 -0.0539 -0.8608
vn -0.3380 0.0007 -0.9411
vn -0.3651 0.0152 -0.9308
vn -0.3087 -0.0404 -0.9503
vn -0.3228 -0.0385 -0.9457
vn -0.3465 -0.0125 -0.9380
vn -0.3673 0.0222 -0.9299
vn -0.3577 0.0559 -0.9322
vn -0.3472 -0.0155 -0.9377
vn -0.3399 -0.0180 -0.9403
vn -0.3233 -0.0577 -0.9446
vn -0.3379 -0.0486 -0.9399
vn -0.3386 0.0641 -0.9387
vn -0.3336 -0.1105 -0.9362
vn -0.3135 -0.4095 -0.8567
vn -0.2770 -0.3936 -0.8766
vn -0.2762 -0.5407 -0.7946
vn -0.3174 -0.4462 -0.8367
vn -0.3245 0.1537 -0.9333
vn -0.3606 0.1015 -0.9272
vn -0.3686 -0.0009 -0.9296
vn -0.3277 0.0754 -0.9418
vn -0.4017 0.1263 -0.9070
vn -0.4123 0.1534 -0.8980
vn -0.0747 0.2136 -0.9741
vn 0.0884 0.1052 -0.9905
vn -0.0224 0.1510 -0.9883
vn 0.0957 0.1235 -0.9877
vn -0.0038 0.1250 -0.9922
vn -0.4348 0.0769 -0.8972
vn -0.4251 0.0204 -0.9049
vn -0.4745 -0.0308 -0.8797
vn -0.3532 0.0950 -0.9307
vn -0.3758 0.0119 -0.9266
vn -0.4260 -0.0532 -0.9032
vn -0.4457 0.0795 -0.8916
vn -0.4606 0.1026 -0.8817
vn -0.4275 0.0575 -0.9022
vn -0.4255 0.0442 -0.9039
vn -0.4417 0.0588 -0.8952
vn -0.4551 0.0699 -0.8877
vn -0.4493 0.0154 -0.8932
vn -0.4651 0.0126 -0.8852
vn -0.4316 0.0091 -0.9020
vn -0.4457 -0.0340 -0.8945
vn -0.4661 -0.0322 -0.8842
vn -0.4073 0.0287 -0.9129
vn -0.4159 -0.0029 -0.9094
vn -0.4327 -0.0432 -0.9005
vn -0.4040 0.0427 -0.9138
vn -0.4876 -0.2438 -0.8383
vn -0.4960 -0.2028 -0.8443
vn -0.5102 -0.2360 -0.8271
vn -0.5075 -0.2618 -0.8209
vn 0.6013 0.7881 0.1321
vn 0.6483 0.5528 0.5236
vn -0.5301 -0.3268 -0.7824
vn -0.5308 -0.2199 -0.8185
vn 0.6435 0.5063 0.5741
vn -0.5436 -0.1431 -0.8270
vn -0.5759 -0.1704 -0.7996
vn -0.5633 -0.1675 -0.8091
vn -0.5336 -0.1393 -0.8342
vn -0.5256 -0.1412 -0.8389
vn -0.5514 -0.1706 -0.8166
vn -0.5632 -0.1716 -0.8083
vn -0.4933 -0.1525 -0.8564
vn -0.5989 -0.1681 -0.7830
vn -0.2693 -0.2596 -0.9274
vn -0.1663 -0.2142 -0.9625
vn -0.4199 -0.1460 -0.8957
vn -0.4808 0.0124 -0.8767
vn -0.5022 0.0367 -0.8639
vn -0.4863 0.0860 -0.8696
vn -0.4698 0.0788 -0.8792
vn -0.4761 0.1233 -0.8707
vn -0.4883 0.1385 -0.8616
vn -0.4952 0.1203 -0.8604
vn -0.4955 0.1415 -0.8570
vn -0.4789 0.1435 -0.8661
vn -0.4448 0.1019 -0.8898
vn -0.3947 0.0644 -0.9166
vn -0.4195 0.1369 -0.8974
vn -0.3964 0.2022 -0.8955
vn -0.4524 0.1706 -0.8753
vn -0.4607 0.0135 -0.8875
vn -0.4617 -0.0231 -0.8867
vn -0.4510 -0.0266 -0.8921
vn -0.4558 0.0049 -0.8901
vn -0.3847 0.0466 -0.9219
vn -0.3344 0.0190 -0.9423
vn -0.3272 0.0140 -0.9448
vn -0.3631 0.0226 -0.9315
vn -0.3414 -0.0019 -0.9399
vn -0.3037 -0.0024 -0.9528
vn -0.4437 -0.1640 -0.8810
vn -0.4750 -0.1584 -0.8656
vn -0.4568 -0.1216 -0.8812
vn -0.4309 -0.1165 -0.8949
vn -0.4313 -0.0668 -0.8997
vn -0.4664 -0.0929 -0.8797
vn -0.4969 -0.1291 -0.8581
vn -0.3994 -0.0321 -0.9162
vn -0.4015 0.0023 -0.9158
vn -0.4011 -0.0444 -0.9150
vn -0.3955 -0.0423 -0.9175
vn -0.3917 -0.0326 -0.9195
vn -0.3920 -0.0108 -0.9199
vn -0.3835 -0.0094 -0.9235
vn -0.3871 -0.0245 -0.9217
vn -0.3929 -0.0300 -0.9191
vn -0.4021 -0.0328 -0.9150
vn -0.3798 -0.1521 -0.9125
vn -0.3963 -0.1582 -0.9044
vn -0.3924 -0.1848 -0.9010
vn -0.3833 -0.1744 -0.9070
vn -0.3907 -0.1614 -0.9063
vn -0.4011 -0.1806 -0.8981
vn -0.4072 -0.0708 -0.9106
vn -0.4258 -0.0099 -0.9048
vn -0.4188 -0.0019 -0.9081
vn -0.4071 -0.0269 -0.9130
vn -0.4128 0.0209 -0.9106
vn -0.4268 0.0608 -0.9023
vn -0.4282 0.0579 -0.9018
vn -0.4371 0.1074 -0.8930
vn -0.4445 0.1176 -0.8880
vn -0.4385 0.0580 -0.8969
vn -0.3909 0.0309 -0.9199
vn -0.3844 0.0433 -0.9222
vn -0.3940 0.0530 -0.9176
vn -0.4042 0.0437 -0.9136
vn -0.3948 0.0658 -0.9164
vn -0.3787 0.0780 -0.9222
vn -0.3671 0.0769 -0.9270
vn -0.2161 -0.2047 -0.9547
vn -0.2392 0.3030 -0.9225
vn -0.2632 0.1409 -0.9544
vn -0.1799 -0.0969 -0.9789
vn -0.3189 -0.2447 -0.9157
vn -0.3837 0.2318 -0.8939
vn -0.3910 0.0911 -0.9159
vn -0.4195 -0.1839 -0.8889
vn -0.3836 -0.2266 -0.8952
vn -0.4148 -0.1739 -0.8931
vn -0.3668 -0.2067 -0.9071
vn -0.3355 -0.2420 -0.9104
vn -0.3429 -0.2633 -0.9017
vn -0.3012 -0.2831 -0.9106
vn -0.2952 -0.2406 -0.9246
vn -0.3320 -0.1969 -0.9225
vn -0.3933 -0.1667 -0.9042
vn -0.5136 -0.0646 -0.8556
vn -0.4880 -0.0855 -0.8686
vn -0.5157 -0.0764 -0.8533
vn -0.4905 -0.0859 -0.8672
vn -0.4736 -0.0895 -0.8762
vn -0.4689 -0.0951 -0.8781
vn -0.4519 -0.0783 -0.8886
vn -0.4617 -0.0707 -0.8842
vn -0.4823 -0.0660 -0.8735
vn -0.5084 -0.0685 -0.8584
vn -0.3531 -0.0196 -0.9354
vn -0.3232 -0.0047 -0.9463
vn -0.3105 -0.0224 -0.9503
vn -0.3193 -0.0362 -0.9469
vn -0.2837 -0.0524 -0.9575
vn -0.2839 -0.0239 -0.9585
vn -0.2903 0.0032 -0.9569
vn -0.3945 0.0213 -0.9186
vn -0.3879 0.0013 -0.9217
vn -0.3768 -0.0025 -0.9263
vn -0.3769 0.0087 -0.9262
vn -0.3489 -0.0145 -0.9370
vn -0.3633 -0.0037 -0.9317
vn -0.3751 0.0001 -0.9270
vn -0.1602 -0.2714 -0.9490
vn -0.1726 -0.3001 -0.9382
vn -0.1249 -0.2735 -0.9537
vn -0.1409 -0.2929 -0.9457
vn -0.1604 -0.2962 -0.9416
vn -0.1873 -0.3156 -0.9302
vn -0.1960 -0.2243 -0.9546
vn -0.2181 -0.2536 -0.9424
vn -0.1760 -0.1774 -0.9683
vn -0.1804 -0.0857 -0.9798
vn -0.1966 -0.1556 -0.9681
vn -0.2113 -0.1976 -0.9572
vn -0.1459 -0.2598 -0.9546
vn -0.1628 -0.1228 -0.9790
vn -0.1639 -0.0752 -0.9836
vn -0.1653 0.0311 -0.9858
vn -0.1656 -0.0143 -0.9861
vn -0.1011 -0.2607 -0.9601
vn -0.1222 -0.2711 -0.9548
vn -0.4070 0.1133 -0.9064
vn -0.3852 0.1283 -0.9139
vn -0.3721 0.1093 -0.9217
vn -0.3804 0.0942 -0.9200
vn -0.3539 0.0832 -0.9316
vn -0.3497 0.1063 -0.9308
vn -0.3582 0.1350 -0.9238
vn -0.2925 -0.0600 -0.9544
vn -0.3087 0.1569 -0.9381
vn -0.2818 -0.2075 -0.9368
vn -0.2513 -0.2170 -0.9433
vn -0.3224 -0.1578 -0.9334
vn -0.2963 -0.1414 -0.9446
vn -0.2615 -0.1544 -0.9528
vn -0.2353 -0.1611 -0.9585
vn -0.2162 -0.0848 -0.9727
vn -0.2509 -0.0854 -0.9642
vn -0.3071 -0.0888 -0.9475
vn -0.3530 -0.1002 -0.9302
vn -0.2530 0.2675 -0.9297
vn -0.2448 0.2719 -0.9307
vn -0.2388 0.2658 -0.9340
vn -0.2428 0.2536 -0.9363
vn -0.2335 0.2390 -0.9425
vn -0.2346 0.2611 -0.9364
vn -0.2318 -0.2086 -0.9501
vn -0.2191 -0.1579 -0.9628
vn -0.2058 -0.1518 -0.9667
vn -0.2062 -0.1791 -0.9620
vn -0.1775 -0.1099 -0.9780
vn -0.1452 -0.0172 -0.9893
vn -0.1793 -0.0922 -0.9795
vn -0.1452 -0.0053 -0.9894
vn -0.1482 -0.0064 -0.9889
vn -0.1923 -0.0842 -0.9777
vn -0.2607 -0.1825 -0.9480
vn -0.2286 -0.1407 -0.9633
vn -0.2208 -0.1650 -0.9613
vn -0.2398 -0.1994 -0.9501
vn -0.2071 -0.2120 -0.9551
vn -0.1790 -0.2202 -0.9589
vn -0.1913 -0.1642 -0.9677
vn -0.1615 -0.1707 -0.9720
vn -0.1467 -0.1230 -0.9815
vn -0.1892 -0.1201 -0.9746
vn -0.1837 -0.0374 -0.9823
vn -0.1664 -0.0541 -0.9846
vn -0.1953 -0.0153 -0.9806
vn -0.1755 -0.0070 -0.9845
vn -0.1627 -0.0177 -0.9865
vn -0.1484 -0.0271 -0.9886
vn -0.1205 -0.0015 -0.9927
vn -0.1411 0.0079 -0.9900
vn -0.1686 0.0151 -0.9856
vn -0.1958 0.0145 -0.9805
vn -0.1631 -0.0242 -0.9863
vn -0.1655 0.0038 -0.9862
vn -0.1481 -0.0081 -0.9889
vn -0.1383 -0.0344 -0.9898
vn -0.1332 -0.0428 -0.9902
vn -0.1436 -0.0172 -0.9895
vn -0.1612 0.0048 -0.9869
vn -0.1232 -0.1451 -0.9817
vn -0.1079 -0.1346 -0.9850
vn -0.1280 -0.1050 -0.9862
vn -0.1048 -0.1159 -0.9877
vn -0.0880 -0.1484 -0.9850
vn -0.0755 -0.1552 -0.9850
vn -0.0538 -0.1438 -0.9881
vn -0.0714 -0.1278 -0.9892
vn -0.0624 -0.1096 -0.9920
vn -0.0938 -0.0964 -0.9909
vn -0.0905 -0.0855 -0.9922
vn -0.1178 -0.0619 -0.9911
vn -0.1217 -0.0696 -0.9901
vn -0.2206 0.0975 -0.9705
vn -0.1913 0.0971 -0.9767
vn -0.2240 0.1290 -0.9660
vn -0.2015 0.1245 -0.9715
vn -0.1618 0.1200 -0.9795
vn -0.1456 0.0997 -0.9843
vn -0.0954 0.1083 -0.9895
vn -0.1441 0.1317 -0.9808
vn -0.1937 0.1514 -0.9693
vn -0.2198 0.1587 -0.9626
vn -0.1637 -0.0613 -0.9846
vn -0.1855 -0.0343 -0.9820
vn -0.1319 -0.1079 -0.9854
vn -0.1225 -0.1081 -0.9866
vn -0.1404 -0.0870 -0.9863
vn -0.1572 -0.0636 -0.9855
vn -0.0346 -0.1321 -0.9906
vn -0.1132 -0.0992 -0.9886
vn -0.1033 -0.1277 -0.9864
vn -0.0586 -0.1684 -0.9840
vn -0.0941 -0.1469 -0.9847
vn -0.0649 -0.1868 -0.9802
vn -0.0764 -0.2041 -0.9760
vn -0.1006 -0.1636 -0.9814
vn -0.0753 -0.2251 -0.9714
vn -0.0652 -0.2162 -0.9742
vn -0.0769 -0.1884 -0.9791
vn -0.0698 -0.1930 -0.9787
vn -0.0532 -0.1995 -0.9785
vn -0.0495 -0.2059 -0.9773
vn -0.0330 -0.1960 -0.9800
vn -0.0117 -0.1885 -0.9820
vn -0.0519 -0.1853 -0.9813
vn -0.0516 -0.1804 -0.9822
vn -0.1015 -0.1446 -0.9843
vn -0.0829 -0.1623 -0.9833
vn -0.1024 -0.1383 -0.9851
vn 0.0197 -0.1216 -0.9924
vn -0.0057 -0.0875 -0.9962
vn -0.0632 -0.1142 -0.9914
vn -0.0789 -0.0845 -0.9933
vn -0.0880 -0.0564 -0.9945
vn -0.0503 -0.0445 -0.9977
vn -0.0940 -0.0151 -0.9955
vn -0.1259 -0.0384 -0.9913
vn -0.1339 -0.0709 -0.9885
vn -0.1219 -0.1056 -0.9869
vn -0.1707 -0.1642 -0.9715
vn -0.1699 -0.1358 -0.9761
vn -0.1571 -0.1553 -0.9753
vn -0.1525 -0.1893 -0.9700
vn -0.1366 -0.1692 -0.9761
vn -0.1439 -0.1210 -0.9822
vn -0.1600 -0.0661 -0.9849
vn -0.1129 0.0829 -0.9901
vn -0.1153 0.0710 -0.9908
vn -0.1002 0.1091 -0.9890
vn -0.0968 0.1241 -0.9875
vn -0.0868 0.1096 -0.9902
vn -0.0747 0.0373 -0.9965
vn -0.0952 0.0888 -0.9915
vn -0.0873 0.0167 -0.9960
vn -0.1119 -0.0222 -0.9935
vn -0.1143 0.0537 -0.9920
vn -0.0455 -0.0820 -0.9956
vn -0.0212 -0.0667 -0.9975
vn 0.0034 -0.0940 -0.9956
vn -0.0538 -0.0382 -0.9978
vn -0.0321 -0.0246 -0.9992
vn -0.0057 -0.0072 -1.0000
vn 0.0104 -0.0222 -0.9997
vn 0.0242 -0.0305 -0.9992
vn 0.0459 0.0583 -0.9972
vn 0.0388 0.0305 -0.9988
vn 0.0343 0.0334 -0.9989
vn 0.0457 0.0604 -0.9971
vn 0.0091 0.0304 -0.9995
vn 0.0290 0.0529 -0.9982
vn -0.0028 0.0336 -0.9994
vn -0.0230 0.0128 -0.9997
vn -0.0530 -0.0028 -0.9986
vn -0.1676 0.2956 -0.9405
vn -0.1634 0.2838 -0.9449
vn -0.1767 0.2696 -0.9466
vn -0.1705 0.2570 -0.9513
vn -0.1546 0.2663 -0.9514
vn -0.1399 0.2629 -0.9546
vn -0.1196 0.2207 -0.9680
vn -0.1620 0.1295 -0.9783
vn -0.1846 0.0748 -0.9800
vn -0.2023 -0.0066 -0.9793
vn -0.1749 0.0211 -0.9844
vn -0.1664 0.1955 -0.9665
vn -0.1670 0.2261 -0.9597
vn -0.1402 0.2283 -0.9635
vn -0.1251 0.2008 -0.9716
vn -0.1083 0.2230 -0.9688
vn -0.1348 0.2486 -0.9592
vn -0.1653 0.2633 -0.9504
vn -0.2024 -0.0156 -0.9792
vn -0.1737 -0.0408 -0.9840
vn -0.1939 -0.0266 -0.9807
vn -0.2209 -0.0097 -0.9753
vn -0.1019 -0.0625 -0.9928
vn -0.1371 -0.0644 -0.9885
vn -0.1666 -0.0275 -0.9856
vn -0.1841 -0.0307 -0.9824
vn 0.0791 -0.1750 -0.9814
vn 0.1439 -0.1596 -0.9766
vn 0.0240 -0.1048 -0.9942
vn 0.1289 -0.1836 -0.9745
vn 0.2160 -0.1845 -0.9588
vn 0.2694 -0.1830 -0.9455
vn 0.1881 -0.1533 -0.9701
vn 0.0433 -0.1004 -0.9940
vn 0.0712 -0.0983 -0.9926
vn 0.2352 -0.1540 -0.9597
vn 0.2865 -0.1636 -0.9440
vn 0.2953 -0.1826 -0.9378
vn 0.3167 -0.1849 -0.9303
vn 0.2471 -0.1708 -0.9538
vn 0.2386 -0.1788 -0.9545
vn 0.1340 -0.1625 -0.9776
vn -0.0878 -0.0988 -0.9912
vn -0.0663 -0.1423 -0.9876
vn -0.0585 -0.1250 -0.9904
vn -0.0742 -0.0731 -0.9946
vn -0.0577 -0.0605 -0.9965
vn -0.0423 -0.1216 -0.9917
vn -0.0426 -0.1452 -0.9885
vn 0.0112 -0.0242 -0.9996
vn 0.0084 0.0031 -1.0000
vn 0.0165 -0.0273 -0.9995
vn 0.0227 -0.0378 -0.9990
vn 0.0232 -0.0318 -0.9992
vn 0.0285 -0.0066 -0.9996
vn 0.0276 0.0371 -0.9989
vn 0.0386 0.0295 -0.9988
vn 0.0450 0.0543 -0.9975
vn 0.0438 0.0573 -0.9974
vn 0.0125 0.0609 -0.9981
vn -0.0386 0.0287 -0.9988
vn -0.0117 0.0701 -0.9975
vn -0.0516 0.0823 -0.9953
vn -0.0616 0.0388 -0.9973
vn -0.0940 0.0139 -0.9955
vn 0.0131 0.0264 -0.9996
vn 0.0245 0.0067 -0.9997
vn 0.0164 0.0017 -0.9999
vn 0.0282 0.0454 -0.9986
vn 0.0257 0.0124 -0.9996
vn 0.0193 -0.0007 -0.9998
vn 0.0244 -0.0015 -0.9997
vn 0.0258 -0.0020 -0.9997
vn 0.0221 0.0045 -0.9997
vn -0.0838 -0.0167 -0.9963
vn -0.0906 -0.0082 -0.9959
vn -0.1684 -0.0106 -0.9857
vn -0.2114 -0.0507 -0.9761
vn 0.0116 0.0238 -0.9997
vn 0.0052 0.0631 -0.9980
vn 0.0122 0.0043 -0.9999
vn 0.0231 0.0052 -0.9997
vn 0.0208 0.0219 -0.9995
vn 0.0097 0.0558 -0.9984
vn 0.0093 0.0486 -0.9988
vn 0.0241 0.0149 -0.9996
vn 0.0247 0.0008 -0.9997
vn 0.0131 0.0007 -0.9999
vn 0.0018 0.0542 -0.9985
vn -0.0031 0.0961 -0.9954
vn 0.0220 0.1048 -0.9943
vn 0.0287 0.0803 -0.9964
vn 0.0326 0.1550 -0.9874
vn 0.0085 0.1335 -0.9910
vn 0.0619 0.1717 -0.9832
vn 0.0417 0.1402 -0.9892
vn 0.0629 0.1679 -0.9838
vn 0.0792 0.1658 -0.9830
vn 0.0850 0.1834 -0.9794
vn 0.0792 0.1881 -0.9790
vn 0.0601 0.1332 -0.9893
vn 0.0758 0.1514 -0.9856
vn 0.0709 0.1719 -0.9826
vn 0.0866 0.1830 -0.9793
vn -0.0344 0.1398 -0.9896
vn -0.1361 0.1477 -0.9796
vn -0.1834 0.2061 -0.9612
vn -0.1593 0.1554 -0.9749
vn -0.2051 0.1371 -0.9691
vn -0.0906 0.1488 -0.9847
vn -0.0934 0.0433 -0.9947
vn -0.1404 0.0217 -0.9899
vn -0.1211 0.0293 -0.9922
vn -0.0738 0.0479 -0.9961
vn -0.0664 0.0474 -0.9967
vn -0.1250 0.0230 -0.9919
vn -0.1733 0.0066 -0.9848
vn 0.0658 -0.2703 -0.9605
vn 0.1525 -0.2313 -0.9609
vn 0.0495 -0.2402 -0.9695
vn -0.0488 -0.2915 -0.9553
vn 0.1398 -0.1874 -0.9723
vn 0.0335 -0.1818 -0.9828
vn -0.1217 -0.1273 -0.9844
vn -0.2204 -0.1204 -0.9680
vn -0.3281 -0.1426 -0.9338
vn -0.3256 -0.1603 -0.9318
vn -0.2985 -0.1082 -0.9483
vn -0.1331 0.0654 -0.9889
vn -0.1478 0.1449 -0.9783
vn -0.2444 0.0679 -0.9673
vn -0.1940 0.1776 -0.9648
vn -0.1500 0.0042 -0.9887
vn -0.2094 -0.0160 -0.9777
vn -0.0316 -0.0740 -0.9968
vn -0.0569 -0.0006 -0.9984
vn -0.1259 0.0248 -0.9917
vn -0.0945 -0.0342 -0.9949
vn -0.0623 0.0366 -0.9974
vn -0.1228 0.0368 -0.9918
vn -0.4431 -0.0087 -0.8964
vn -0.4771 0.0318 -0.8783
vn -0.1173 0.1023 -0.9878
vn -0.2433 0.1372 -0.9602
vn -0.2174 0.1293 -0.9675
vn -0.1391 0.1291 -0.9818
vn -0.0277 0.1191 -0.9925
vn -0.0094 0.0909 -0.9958
vn -0.0028 0.1014 -0.9948
vn -0.0198 0.1304 -0.9913
vn -0.2030 -0.1250 -0.9712
vn -0.2529 -0.1087 -0.9614
vn -0.2190 -0.0985 -0.9707
vn -0.1812 -0.1173 -0.9764
vn -0.1367 -0.1750 -0.9750
vn -0.1973 -0.1938 -0.9610
vn -0.1937 -0.3340 -0.9225
vn -0.1433 -0.2778 -0.9499
vn -0.1709 -0.0615 -0.9834
vn -0.3046 -0.0414 -0.9516
vn -0.3208 -0.0511 -0.9458
vn -0.2547 -0.0445 -0.9660
vn -0.1418 -0.0379 -0.9892
vn -0.0750 -0.0603 -0.9954
vn -0.0763 -0.0539 -0.9956
vn -0.1515 -0.0290 -0.9880
vn 0.0178 -0.1883 -0.9819
vn -0.0416 -0.1782 -0.9831
vn -0.0197 -0.1683 -0.9855
vn 0.0453 -0.1781 -0.9830
vn 0.0397 -0.1500 -0.9879
vn -0.0408 -0.1433 -0.9888
vn -0.0919 -0.1454 -0.9851
vn -0.0937 0.0630 -0.9936
vn -0.0630 0.0677 -0.9957
vn -0.0632 0.0690 -0.9956
vn -0.0818 0.0565 -0.9950
vn -0.0665 0.0455 -0.9967
vn -0.0525 0.0697 -0.9962
vn -0.0433 0.0740 -0.9963
vn -0.1113 -0.0553 -0.9922
vn -0.0969 -0.0361 -0.9946
vn -0.0849 -0.0515 -0.9951
vn -0.0886 -0.0742 -0.9933
vn -0.0642 -0.0835 -0.9944
vn -0.0701 -0.0468 -0.9964
vn -0.0768 -0.0162 -0.9969
vn -0.0854 -0.2371 -0.9677
vn -0.1138 -0.2448 -0.9629
vn -0.1084 -0.2115 -0.9713
vn -0.0853 -0.1944 -0.9772
vn -0.1101 -0.1533 -0.9820
vn -0.1327 -0.1883 -0.9731
vn -0.1513 -0.2346 -0.9602
vn -0.2421 0.1104 -0.9639
vn -0.2662 0.1278 -0.9554
vn -0.2555 0.1387 -0.9568
vn -0.2380 0.1333 -0.9621
vn -0.2363 0.1589 -0.9586
vn -0.2605 0.1542 -0.9531
vn -0.2866 0.1446 -0.9471
vn -0.2430 -0.2478 -0.9378
vn -0.2531 -0.2376 -0.9378
vn -0.2473 -0.2250 -0.9424
vn -0.2420 -0.2263 -0.9435
vn -0.2489 -0.1912 -0.9495
vn -0.2630 -0.2026 -0.9433
vn -0.2966 -0.2160 -0.9303
vn -0.4483 -0.0333 -0.8933
vn -0.4852 -0.0383 -0.8736
vn -0.4643 -0.0190 -0.8855
vn -0.4357 -0.0137 -0.9000
vn -0.4321 0.0082 -0.9018
vn -0.4686 -0.0104 -0.8833
vn -0.4510 -0.1437 -0.8809
vn -0.4647 -0.1281 -0.8762
vn -0.4684 -0.1423 -0.8720
vn -0.4527 -0.1519 -0.8786
vn -0.4511 -0.1540 -0.8791
vn -0.4705 -0.1508 -0.8694
vn -0.4691 -0.1356 -0.8727
vn -0.5035 -0.0474 -0.8627
vn -0.4520 -0.0465 -0.8908
vn -0.4388 -0.0330 -0.8980
vn -0.4815 -0.0446 -0.8753
vn -0.5495 -0.0590 -0.8334
vn -0.5406 -0.0646 -0.8388
vn -0.5369 -0.0706 -0.8407
vn -0.5498 -0.0704 -0.8323
vn -0.4406 0.1674 -0.8820
vn -0.4486 0.1533 -0.8805
vn -0.4553 0.1501 -0.8776
vn -0.4537 0.1389 -0.8802
vn -0.4500 0.1320 -0.8832
vn -0.4449 0.1329 -0.8857
vn -0.4436 0.0912 -0.8916
vn -0.4533 0.0929 -0.8865
vn -0.4601 0.0895 -0.8834
vn -0.4764 0.1037 -0.8731
vn -0.4323 0.1749 -0.8846
vn 0.0269 0.1569 -0.9872
vn -0.1007 0.1556 -0.9827
vn -0.2171 0.1434 -0.9656
vn -0.3343 0.1502 -0.9304
vn -0.4024 0.1205 -0.9075
vn -0.3152 0.1237 -0.9409
vn -0.3889 -0.0397 -0.9204
vn 0.1220 -0.0036 -0.9925
vn -0.0265 0.0611 -0.9978
vn -0.2323 -0.2696 -0.9345
vn -0.3537 -0.0031 -0.9354
vn -0.2906 0.0037 -0.9568
vn -0.2631 -0.0320 -0.9642
vn -0.2581 -0.0564 -0.9645
vn -0.5345 -0.6277 -0.5659
vn -0.4857 -0.2056 -0.8496
vn -0.5024 -0.1410 -0.8530
vn -0.5214 -0.3274 -0.7880
vn -0.4950 -0.1567 -0.8546
vn -0.5125 -0.1010 -0.8527
vn 0.5035 0.3098 -0.8065
vn 0.3739 0.4268 -0.8234
vn 0.3467 0.2708 -0.8980
vn -0.1471 0.2007 -0.9685
vn -0.1998 0.1813 -0.9629
vn -0.0718 0.1998 -0.9772
vn -0.3621 -0.1577 -0.9187
vn -0.3192 -0.1242 -0.9395
vn -0.2803 -0.1364 -0.9502
vn -0.3013 -0.1475 -0.9421
vn -0.3464 0.0451 -0.9370
vn -0.4105 0.0588 -0.9099
vn -0.3907 -0.0033 -0.9205
vn -0.3289 -0.0150 -0.9442
vn -0.3856 -0.0311 -0.9222
vn -0.3462 -0.0302 -0.9377
vn -0.1139 0.0153 -0.9934
vn -0.1867 0.0056 -0.9824
vn -0.2244 0.0001 -0.9745
vn -0.1230 -0.0128 -0.9923
vn -0.2138 -0.0152 -0.9768
vn -0.1063 -0.0304 -0.9939
vn -0.3674 -0.0764 -0.9269
vn -0.4484 -0.0834 -0.8899
vn -0.4646 -0.0633 -0.8833
vn -0.4023 -0.0541 -0.9139
vn -0.1318 -0.2561 -0.9576
vn -0.0433 -0.2421 -0.9693
vn -0.5772 -0.1750 -0.7976
vn -0.5599 -0.1825 -0.8082
vn -0.0305 -0.2128 -0.9766
vn -0.1278 -0.2067 -0.9700
vn 0.0312 -0.2510 -0.9675
vn -0.0348 -0.2652 -0.9636
vn 0.0104 -0.2073 -0.9782
vn 0.1287 -0.2147 -0.9682
vn -0.4681 -0.1241 -0.8749
vn -0.5346 -0.1523 -0.8313
vn -0.1487 -0.2273 -0.9624
vn -0.0338 -0.2181 -0.9753
vn -0.5857 -0.1677 -0.7930
vn -0.3834 0.1962 -0.9025
vn -0.4335 0.1976 -0.8792
vn -0.4264 0.1828 -0.8859
vn -0.3724 0.1798 -0.9105
vn -0.4189 0.1631 -0.8933
vn -0.3589 0.1614 -0.9193
vn -0.2905 -0.0676 -0.9545
vn -0.3911 -0.0749 -0.9173
vn -0.3854 -0.0267 -0.9224
vn -0.2694 -0.0348 -0.9624
vn -0.0827 0.0201 -0.9964
vn -0.0519 0.0646 -0.9966
vn -0.0263 0.1358 -0.9904
vn -0.0364 0.0869 -0.9955
vn -0.2968 0.0341 -0.9543
vn -0.3071 0.0271 -0.9513
vn -0.0811 0.2239 -0.9712
vn -0.0102 0.1247 -0.9921
vn 0.0277 -0.0040 -0.9996
vn 0.0394 -0.0190 -0.9990
vn -0.1480 0.0059 -0.9890
vn -0.0540 0.0163 -0.9984
vn -0.2608 0.0006 -0.9654
vn -0.0465 0.0007 -0.9989
vn -0.0621 -0.0112 -0.9980
vn -0.3305 -0.0008 -0.9438
vn -0.3391 0.0406 -0.9399
vn -0.0463 0.0632 -0.9969
vn -0.0468 0.0640 -0.9968
vn -0.2318 0.1648 -0.9587
vn -0.2580 0.2064 -0.9438
vn -0.2749 0.2336 -0.9327
vn -0.3347 -0.1704 -0.9268
vn -0.2892 -0.4621 -0.8383
vn -0.3284 -0.1893 -0.9254
vn -0.3377 -0.1758 -0.9247
vn 0.0254 -0.9418 -0.3352
vn 0.0827 -0.9333 -0.3494
vn 0.0515 -0.9601 -0.2749
vn 0.0312 -0.9485 -0.3153
vn 0.0923 -0.7221 -0.6856
vn 0.2711 -0.9603 0.0657
vn -0.4237 0.0048 -0.9058
vn -0.4548 -0.0033 -0.8906
vn -0.4843 -0.0361 -0.8741
vn -0.4499 -0.0222 -0.8928
vn -0.5087 -0.0706 -0.8580
vn -0.4890 -0.0784 -0.8687
vn -0.2172 -0.0077 -0.9761
vn -0.1599 -0.0503 -0.9859
vn -0.4813 -0.0407 -0.8756
vn -0.5035 -0.0310 -0.8634
vn -0.5029 -0.0130 -0.8642
vn -0.4768 -0.0278 -0.8786
vn -0.4666 -0.0250 -0.8841
vn -0.4650 -0.0411 -0.8844
vn -0.3819 0.1359 -0.9141
vn -0.3477 0.1189 -0.9300
vn -0.4273 0.1620 -0.8895
vn -0.3473 0.1907 -0.9182
vn -0.0761 -0.1290 -0.9887
vn -0.1065 -0.1714 -0.9794
vn -0.0151 -0.0723 -0.9973
vn 0.0088 -0.0583 -0.9983
vn -0.2799 -0.0218 -0.9598
vn -0.2659 -0.0118 -0.9639
vn -0.4391 0.0117 -0.8984
vn -0.4041 0.0132 -0.9146
vn -0.3944 -0.0862 -0.9149
vn -0.3655 -0.0689 -0.9283
vn -0.3993 -0.1195 -0.9090
vn -0.3787 -0.0872 -0.9214
vn -0.3684 -0.0017 -0.9297
vn -0.3642 -0.0258 -0.9310
vn -0.1886 -0.0306 -0.9816
vn -0.1736 -0.0771 -0.9818
vn -0.1522 0.0886 -0.9844
vn 0.0335 0.2468 -0.9685
vn -0.0857 0.0576 -0.9947
vn -0.0618 -0.0078 -0.9981
vn -0.4010 -0.1426 -0.9049
vn -0.3104 -0.0814 -0.9471
vn -0.4806 0.0280 -0.8765
vn -0.4992 0.0260 -0.8661
vn -0.5036 0.0565 -0.8621
vn -0.4732 0.0402 -0.8801
vn -0.4750 0.0773 -0.8766
vn -0.4345 0.0550 -0.8990
vn -0.3961 -0.0430 -0.9172
vn -0.4599 -0.0295 -0.8875
vn -0.4300 -0.1015 -0.8971
vn -0.3466 -0.1149 -0.9310
vn -0.5326 -0.1101 -0.8392
vn -0.2968 -0.1226 -0.9470
vn -0.2960 -0.1217 -0.9474
vn -0.4140 -0.1023 -0.9045
vn -0.3179 -0.0962 -0.9432
vn -0.2665 0.1159 -0.9569
vn -0.1811 0.1404 -0.9734
vn -0.3642 0.1674 -0.9161
vn -0.3090 0.1879 -0.9323
vn -0.4719 0.0782 -0.8782
vn -0.3964 0.0951 -0.9132
vn -0.4493 -0.0025 -0.8934
vn -0.4612 -0.0103 -0.8872
vn -0.4973 0.0073 -0.8676
vn -0.4740 0.0082 -0.8805
vn -0.0330 -0.6152 -0.7877
vn 0.2755 -0.5168 -0.8106
vn -0.0880 -0.7274 -0.6806
vn -0.2896 -0.0411 -0.9563
vn -0.1285 -0.2022 -0.9709
vn -0.5241 -0.0876 -0.8472
vn -0.5076 -0.1007 -0.8557
vn -0.5218 -0.0808 -0.8492
vn -0.5015 -0.0932 -0.8601
vn -0.4185 0.1236 -0.8997
vn -0.3571 0.1204 -0.9263
vn -0.4224 0.1302 -0.8970
vn -0.3923 0.1297 -0.9107
vn -0.5176 -0.0599 -0.8535
vn -0.4889 -0.0675 -0.8697
vn 0.3114 0.0419 -0.9494
vn 0.2320 0.2236 -0.9467
vn 0.1702 0.3045 -0.9372
vn 0.1463 0.1831 -0.9721
vn 0.2383 0.4402 -0.8657
vn 0.2324 0.4880 -0.8413
vn 0.0837 0.3793 -0.9215
vn -0.0351 0.2530 -0.9668
vn -0.4165 -0.0277 -0.9087
vn -0.3973 -0.0221 -0.9174
vn -0.4318 0.1984 -0.8799
vn -0.3713 0.2056 -0.9055
vn -0.5354 0.0205 -0.8443
vn -0.5356 0.0088 -0.8444
vn -0.3626 -0.0239 -0.9316
vn -0.2629 0.0033 -0.9648
vn -0.4336 -0.0469 -0.8999
vn -0.4315 0.0539 -0.9005
vn -0.4328 0.0572 -0.8996
vn -0.4156 0.0016 -0.9096
vn -0.4154 0.0002 -0.9096
vn -0.1062 0.0351 -0.9937
vn -0.1369 0.0012 -0.9906
vn -0.2930 -0.0226 -0.9559
vn -0.3886 -0.0217 -0.9212
vn -0.2939 -0.0139 -0.9557
vn -0.3902 -0.0138 -0.9206
vn -0.3893 0.1393 -0.9105
vn -0.3597 0.1626 -0.9188
vn -0.0898 0.0632 -0.9940
vn -0.0184 0.0341 -0.9993
vn -0.0632 0.0466 -0.9969
vn -0.0288 -0.0031 -0.9996
vn -0.0782 0.0052 -0.9969
vn -0.0708 -0.0097 -0.9974
vn -0.0348 -0.0019 -0.9994
vn -0.0416 0.0785 -0.9960
vn -0.1102 0.1279 -0.9856
vn -0.0881 0.1713 -0.9813
vn -0.1527 0.2004 -0.9677
vn -0.3890 -0.0234 -0.9209
vn -0.3836 -0.0308 -0.9230
vn -0.1866 -0.0241 -0.9821
vn -0.2121 0.1519 -0.9654
vn -0.1124 0.1370 -0.9842
vn -0.1060 0.1486 -0.9832
vn -0.1198 0.2235 -0.9673
vn -0.0950 0.0979 -0.9906
vn -0.0895 0.0950 -0.9914
vn -0.1179 0.2016 -0.9723
vn -0.1656 0.2780 -0.9462
vn -0.1620 -0.1397 -0.9769
vn -0.1165 -0.1681 -0.9789
vn -0.1715 -0.2442 -0.9544
vn -0.1899 -0.2578 -0.9473
vn -0.0401 -0.0269 -0.9988
vn -0.0915 -0.0227 -0.9955
vn -0.0419 -0.0386 -0.9984
vn -0.0875 -0.0402 -0.9954
vn -0.4391 0.0941 -0.8935
vn -0.4393 0.0963 -0.8932
vn -0.4363 0.0677 -0.8973
vn -0.1285 -0.0019 -0.9917
vn -0.1596 -0.0121 -0.9871
vn -0.0940 0.0922 -0.9913
vn -0.1721 -0.0607 -0.9832
vn -0.2153 -0.0762 -0.9736
vn -0.0876 0.0071 -0.9961
vn -0.0272 0.0320 -0.9991
vn 0.0198 0.1174 -0.9929
vn -0.0419 0.0977 -0.9943
vn 0.0295 0.1892 -0.9815
vn -0.0108 0.2006 -0.9796
vn -0.0315 -0.0366 -0.9988
vn -0.0691 -0.0439 -0.9966
vn -0.1501 0.2092 -0.9663
vn -0.2131 0.2956 -0.9313
vn -0.4419 0.1235 -0.8885
vn -0.1919 0.1561 -0.9689
vn -0.1348 0.1562 -0.9785
vn -0.1338 0.1612 -0.9778
vn -0.1815 0.1569 -0.9708
vn -0.0756 0.2945 -0.9527
vn -0.0139 0.2499 -0.9682
vn -0.1194 0.2069 -0.9710
vn -0.2076 0.2165 -0.9540
vn -0.2026 -0.0418 -0.9784
vn -0.1112 -0.0225 -0.9935
vn -0.1027 -0.1160 -0.9879
vn -0.2041 -0.0704 -0.9764
vn -0.1469 0.1202 -0.9818
vn -0.2040 0.1201 -0.9716
vn -0.0639 -0.0060 -0.9979
vn -0.1357 -0.0177 -0.9906
vn -0.1378 0.0348 -0.9899
vn -0.1120 0.0514 -0.9924
vn -0.1072 0.1039 -0.9888
vn -0.2179 0.0647 -0.9738
vn -0.1109 0.0307 -0.9934
vn -0.2282 -0.0501 -0.9723
vn -0.1376 0.0510 -0.9892
vn -0.1612 0.0443 -0.9859
vn 0.0473 0.2212 -0.9741
vn -0.0070 0.2583 -0.9660
vn -0.1185 0.1676 -0.9787
vn -0.1943 0.1772 -0.9648
vn -0.1574 -0.0299 -0.9871
vn -0.2164 -0.0498 -0.9750
vn -0.1480 0.1558 -0.9766
vn -0.1759 0.0627 -0.9824
vn -0.1802 0.3310 -0.9263
vn -0.1483 0.5118 -0.8462
vn -0.2214 -0.0533 -0.9737
vn -0.2813 -0.2415 -0.9287
vn -0.2848 -0.1996 -0.9376
vn -0.2809 -0.2572 -0.9246
vn -0.2832 -0.2170 -0.9342
vn -0.0429 0.4445 -0.8947
vn 0.0129 0.3516 -0.9361
vn -0.1921 0.1439 -0.9708
vn -0.1802 0.3615 -0.9148
vn -0.2778 0.0876 -0.9566
vn -0.2979 0.1459 -0.9434
vn -0.0072 0.2842 -0.9587
vn -0.0548 0.2961 -0.9536
vn 0.0040 0.3535 -0.9354
vn 0.0708 0.3519 -0.9334
vn -0.1159 0.3102 -0.9436
vn -0.0903 0.3240 -0.9418
vn 0.1910 0.4731 -0.8600
vn 0.1179 0.2862 -0.9509
vn -0.2602 -0.2749 -0.9256
vn -0.2476 -0.2171 -0.9442
vn 0.2041 0.5043 -0.8390
vn 0.0794 0.4250 -0.9017
vn -0.3453 0.0440 -0.9375
vn -0.3733 0.0940 -0.9229
vn -0.1683 -0.0352 -0.9851
vn -0.1621 0.0693 -0.9843
vn -0.2377 -0.2272 -0.9444
vn -0.2803 -0.2070 -0.9373
vn -0.2009 0.1166 -0.9726
vn -0.1575 -0.2630 -0.9519
vn -0.1743 -0.1621 -0.9713
vn -0.1644 -0.2476 -0.9548
vn -0.1798 0.2382 -0.9544
vn -0.1817 0.2369 -0.9544
vn -0.1794 -0.2231 -0.9582
vn -0.1696 -0.2925 -0.9411
vn -0.2748 0.1197 -0.9540
vn -0.2649 0.1578 -0.9513
vn -0.2557 0.0995 -0.9616
vn -0.2679 0.0124 -0.9634
vn -0.3189 -0.0029 -0.9478
vn -0.3175 0.0815 -0.9447
vn -0.3080 0.0718 -0.9487
vn -0.3094 -0.0106 -0.9509
vn -0.2186 0.1151 -0.9690
vn -0.2071 0.0453 -0.9773
vn -0.1973 0.1912 -0.9615
vn -0.1813 0.1486 -0.9721
vn -0.2408 0.1702 -0.9555
vn -0.2372 0.2183 -0.9466
vn -0.2492 0.2171 -0.9438
vn -0.2566 0.1596 -0.9533
vn -0.5938 -0.5357 -0.6003
vn -0.2933 -0.9335 -0.2064
vn -0.2264 -0.0802 -0.9707
vn -0.2467 -0.0826 -0.9656
vn 0.0128 -0.9867 -0.1620
vn -0.0701 -0.9469 -0.3138
vn -0.0530 -0.8986 -0.4356
vn -0.3660 -0.0515 -0.9292
vn -0.3602 -0.0489 -0.9316
vn -0.3558 0.1066 -0.9285
vn -0.3583 0.2075 -0.9103
vn -0.3429 0.0205 -0.9391
vn -0.4030 0.0850 -0.9112
vn -0.3958 0.1534 -0.9054
vn -0.3851 0.1215 -0.9149
vn -0.3971 0.0568 -0.9160
vn -0.3628 0.0887 -0.9276
vn -0.3746 0.0169 -0.9270
vn -0.3356 0.0814 -0.9385
vn -0.3411 -0.0030 -0.9400
vn -0.2200 0.2356 -0.9466
vn -0.2157 0.1755 -0.9606
vn -0.0439 -0.7102 -0.7027
vn 0.0172 -0.8637 -0.5037
vn -0.2004 -0.0816 -0.9763
vn -0.1539 -0.2049 -0.9666
vn -0.1567 -0.2715 -0.9496
vn -0.1738 0.2250 -0.9587
vn -0.3833 0.1682 -0.9082
vn -0.3707 0.0727 -0.9259
vn -0.9428 -0.1911 -0.2731
vn -0.6457 -0.3937 -0.6543
vn -0.9891 -0.0828 -0.1216
vn -0.4328 0.2008 -0.8788
vn -0.3958 0.2339 -0.8881
vn -0.4515 0.1835 -0.8732
vn -0.4916 0.1451 -0.8586
vn 0.1437 0.0868 -0.9858
vn -0.0851 0.1572 -0.9839
vn 0.0551 0.1150 -0.9918
vn 0.9914 -0.0096 -0.1305
vn 0.9965 -0.0454 -0.0702
vn 0.9913 -0.1192 0.0563
vn 0.3527 0.1049 -0.9298
vn 0.3136 -0.0363 -0.9488
vn 0.9847 -0.1616 -0.0646
vn 0.9362 -0.1762 -0.3041
vn 0.7400 -0.0787 -0.6680
vn 0.4557 0.0209 -0.8899
vn 0.1762 -0.2027 -0.9633
vn 0.1186 -0.2432 -0.9627
vn 0.2210 -0.1699 -0.9603
vn 0.5774 0.1036 -0.8099
vn 0.5047 0.1911 -0.8419
vn 0.8603 0.1540 -0.4860
vn 0.7816 0.2019 -0.5902
vn 0.2537 0.0581 -0.9655
vn 0.9941 0.0439 0.0991
vn 0.9318 0.0767 -0.3547
vn 0.9600 -0.0382 0.2773
vn 0.9300 -0.0716 -0.3606
vn 0.5970 -0.0064 -0.8022
vn 0.6093 0.1474 -0.7792
vn 0.9640 -0.1421 0.2246
vn 0.9667 -0.1662 0.1945
vn 0.9812 -0.1852 0.0546
vn 0.9843 -0.1759 0.0164
vn 0.4268 -0.1875 -0.8847
vn 0.2981 -0.2077 -0.9317
vn 0.3101 -0.2126 -0.9266
vn 0.4574 -0.1664 -0.8735
vn 0.9726 -0.0825 -0.2173
vn 0.9673 -0.0686 -0.2443
vn 0.8631 0.0019 -0.5051
vn 0.5089 -0.0377 -0.8600
vn 0.2350 -0.1230 -0.9642
vn 0.2333 -0.0563 -0.9708
vn 0.2369 -0.1294 -0.9629
vn 0.4667 -0.0474 -0.8831
vn 0.4198 -0.1138 -0.9005
vn 0.2780 -0.0638 -0.9585
vn 0.3413 -0.1988 -0.9187
vn 0.2430 -0.2201 -0.9447
vn 0.0894 -0.2082 -0.9740
vn 0.1183 -0.2049 -0.9716
vn 0.0711 -0.1796 -0.9812
vn 0.1644 -0.2027 -0.9654
vn 0.2568 -0.1411 -0.9561
vn 0.0726 -0.1303 -0.9888
vn 0.3446 -0.0839 -0.9350
vn 0.3514 -0.0706 -0.9336
vn -0.0848 -0.0721 -0.9938
vn -0.0873 -0.0843 -0.9926
vn -0.0643 -0.1319 -0.9892
vn 0.3432 -0.0286 -0.9388
vn 0.1069 -0.0250 -0.9940
vn 0.3005 -0.0001 -0.9538
vn 0.1276 0.0023 -0.9918
vn -0.0080 -0.0007 -1.0000
vn -0.0608 -0.0351 -0.9975
vn 0.3425 -0.0159 -0.9394
vn 0.1510 -0.0163 -0.9884
vn 0.6053 -0.1118 -0.7881
vn 0.7702 -0.1726 -0.6140
vn -0.1244 -0.0584 -0.9905
vn -0.0788 -0.0417 -0.9960
vn 0.0049 -0.0012 -1.0000
vn 0.9235 -0.1835 -0.3367
vn 0.9447 -0.1343 -0.2993
vn 0.9452 -0.0647 -0.3201
vn 0.9293 -0.0404 -0.3670
vn -0.2033 -0.0644 -0.9770
vn -0.2220 -0.0664 -0.9728
vn -0.2204 -0.0632 -0.9734
vn -0.1862 -0.0694 -0.9800
vn 0.8855 -0.0318 -0.4636
vn 0.9611 -0.0551 -0.2706
vn 0.9797 -0.0571 -0.1920
vn 0.8996 -0.0395 -0.4348
vn 0.9989 -0.0473 -0.0001
vn 0.9982 -0.0399 0.0458
vn -0.2394 -0.1171 -0.9638
vn -0.2455 -0.0987 -0.9644
vn -0.2464 -0.1092 -0.9630
vn -0.2317 -0.1133 -0.9662
vn -0.2204 -0.1015 -0.9701
vn -0.2181 -0.0953 -0.9713
vn 0.9992 0.0290 0.0287
vn 0.9969 0.0710 -0.0335
vn 0.9652 0.1154 -0.2345
vn 0.9570 0.1080 -0.2694
vn -0.2068 -0.0168 -0.9782
vn -0.1554 0.0215 -0.9876
vn -0.1644 0.0222 -0.9861
vn -0.2246 -0.0501 -0.9732
vn 0.8921 -0.0157 -0.4515
vn 0.8801 -0.0174 -0.4744
vn -0.2184 -0.0812 -0.9725
vn -0.2208 -0.0761 -0.9723
vn 0.8602 -0.0250 -0.5093
vn 0.8674 0.0485 -0.4953
vn 0.8677 0.0435 -0.4952
vn 0.8595 -0.0231 -0.5107
vn 0.7327 0.1714 -0.6586
vn 0.7372 0.1707 -0.6537
vn -0.0677 0.0884 -0.9938
vn -0.0331 0.1740 -0.9842
vn -0.0264 0.1777 -0.9837
vn -0.0668 0.0931 -0.9934
vn -0.0831 0.0161 -0.9964
vn -0.0833 0.0157 -0.9964
vn 0.8902 0.0446 -0.4533
vn 0.8895 0.0439 -0.4548
vn -0.1088 0.0131 -0.9940
vn -0.1122 0.0140 -0.9936
vn 0.3643 -0.0476 -0.9301
vn 0.3534 -0.0568 -0.9338
vn 0.2032 -0.0641 -0.9770
vn 0.1700 -0.0483 -0.9843
vn 0.3049 -0.0525 -0.9509
vn 0.2202 -0.0557 -0.9739
vn 0.0832 -0.0683 -0.9942
vn 0.0360 -0.0456 -0.9983
vn 0.3489 0.0538 -0.9356
vn 0.3400 -0.0037 -0.9404
vn 0.1396 0.0034 -0.9902
vn 0.1369 0.0641 -0.9885
vn 0.0107 0.0061 -0.9999
vn 0.0048 0.0631 -0.9980
vn 0.4781 0.1257 -0.8692
vn 0.1847 0.1455 -0.9720
vn 0.0029 0.1338 -0.9910
vn 0.2988 0.0038 -0.9543
vn 0.4765 -0.1270 -0.8699
vn 0.3249 -0.0835 -0.9421
vn 0.2560 0.0267 -0.9663
vn 0.6525 -0.3295 -0.6824
vn 0.3650 -0.2225 -0.9040
vn 0.1604 -0.1401 -0.9771
vn 0.2757 -0.0278 -0.9608
vn 0.2298 -0.0209 -0.9730
vn 0.7108 -0.6771 0.1903
vn 0.8390 -0.1835 0.5123
vn 0.8051 -0.1291 0.5790
vn 0.8095 -0.1357 0.5712
vn -0.1076 -0.0785 -0.9911
vn -0.1269 -0.0561 -0.9903
vn -0.1319 -0.0504 -0.9900
vn -0.0187 -0.4145 -0.9099
vn 0.7488 -0.0810 0.6578
vn 0.7187 -0.0187 0.6951
vn -0.1641 -0.0380 -0.9857
vn -0.1913 -0.0599 -0.9797
vn 0.7606 0.1840 0.6226
vn 0.8578 0.3228 0.4000
vn 0.8725 0.3129 0.3752
vn -0.1984 -0.0517 -0.9788
vn -0.1577 -0.0363 -0.9868
vn -0.1601 -0.0355 -0.9865
vn 0.9081 0.0168 -0.4185
vn 0.7163 0.0375 -0.6967
vn 0.2932 0.0195 -0.9559
vn 0.9046 0.0151 -0.4259
vn 0.4421 0.0891 -0.8925
vn 0.2590 0.0617 -0.9639
vn 0.1100 0.0409 -0.9931
vn 0.0361 0.0027 -0.9993
vn -0.0100 -0.0489 -0.9988
vn -0.0092 -0.0482 -0.9988
vn 0.9869 0.1610 -0.0087
vn 0.9873 0.1578 -0.0168
vn -0.0749 -0.0571 -0.9956
vn -0.0714 -0.0575 -0.9958
vn 0.2341 0.0872 -0.9683
vn 0.2250 0.1320 -0.9654
vn 0.2589 0.1478 -0.9545
vn 0.2237 0.1512 -0.9629
vn 0.3157 0.1206 -0.9412
vn 0.2100 0.1339 -0.9685
vn 0.1183 0.1437 -0.9825
vn 0.3981 0.0822 -0.9137
vn 0.1871 0.1071 -0.9765
vn 0.4534 0.0470 -0.8901
vn 0.4535 0.0468 -0.8900
vn -0.0094 0.0788 -0.9968
vn -0.0103 0.0772 -0.9970
vn 0.0392 0.1196 -0.9921
vn 0.5016 -0.0163 -0.8649
vn 0.5042 -0.0196 -0.8634
vn 0.6165 -0.0799 -0.7833
vn 0.6204 -0.0805 -0.7801
vn -0.0499 0.0063 -0.9987
vn -0.1027 -0.0523 -0.9933
vn -0.1002 -0.0508 -0.9937
vn -0.0483 0.0093 -0.9988
vn 0.6724 -0.0339 -0.7394
vn 0.6750 -0.0402 -0.7367
vn 0.5458 -0.0068 -0.8379
vn 0.5624 -0.0033 -0.8268
vn -0.1314 -0.0537 -0.9899
vn -0.1144 -0.0428 -0.9925
vn -0.1099 -0.0441 -0.9930
vn -0.1316 -0.0519 -0.9899
vn 0.4018 -0.0441 -0.9147
vn 0.4109 -0.0411 -0.9108
vn 0.3133 -0.0720 -0.9469
vn 0.1058 -0.0813 -0.9911
vn -0.0733 -0.0611 -0.9954
vn -0.0339 -0.0879 -0.9956
vn -0.0694 -0.0637 -0.9956
vn 0.2534 -0.0933 -0.9629
vn 0.1101 -0.1012 -0.9888
vn 0.2455 -0.1073 -0.9634
vn 0.1149 -0.1101 -0.9873
vn 0.0093 -0.1112 -0.9937
vn -0.0004 -0.1067 -0.9943
vn 0.8786 0.1302 -0.4594
vn 0.7671 0.0168 -0.6413
vn 0.7656 0.0089 -0.6432
vn 0.8724 0.1292 -0.4715
vn 0.8695 -0.1718 -0.4631
vn 0.8778 -0.1789 -0.4443
vn -0.0647 0.1196 -0.9907
vn -0.1527 0.0437 -0.9873
vn -0.1528 0.0436 -0.9873
vn -0.0646 0.1197 -0.9907
vn -0.0578 0.1945 -0.9792
vn -0.0583 0.1951 -0.9790
vn 0.9846 -0.1749 -0.0043
vn 0.9831 -0.1817 -0.0220
vn 0.9710 -0.0522 0.2332
vn 0.9745 -0.0664 0.2145
vn -0.2314 0.0233 -0.9726
vn -0.2618 0.0202 -0.9649
vn -0.2629 0.0181 -0.9646
vn -0.2348 0.0238 -0.9718
vn 0.3218 -0.1071 -0.9407
vn 0.1211 -0.0986 -0.9877
vn 0.4627 -0.0710 -0.8836
vn 0.4638 -0.0706 -0.8831
vn -0.0700 -0.0264 -0.9972
vn -0.0686 -0.0301 -0.9972
vn -0.0250 -0.0911 -0.9955
vn 0.5612 0.0545 -0.8259
vn 0.5626 0.0626 -0.8244
vn 0.5321 0.1553 -0.8323
vn 0.2045 0.1710 -0.9638
vn -0.0640 0.0880 -0.9941
vn -0.0100 0.1698 -0.9854
vn -0.0661 0.0808 -0.9945
vn 0.5083 0.0693 -0.8584
vn 0.2042 0.1052 -0.9732
vn 0.6384 -0.1252 -0.7594
vn 0.6480 -0.1345 -0.7496
vn -0.0695 0.0580 -0.9959
vn -0.0661 0.0596 -0.9960
vn 0.0067 0.1314 -0.9913
vn 0.8703 -0.0623 -0.4886
vn 0.8785 -0.0469 -0.4754
vn -0.0963 0.1263 -0.9873
vn -0.0971 0.1222 -0.9877
vn 0.9552 0.0687 0.2880
vn 0.9573 0.0367 0.2868
vn 0.9931 0.1098 0.0423
vn 0.9791 0.1161 0.1668
vn -0.2547 0.0131 -0.9669
vn -0.2004 0.0049 -0.9797
vn -0.1764 -0.0023 -0.9843
vn -0.2486 0.0139 -0.9685
vn 0.9049 0.0488 -0.4229
vn 0.9534 0.0722 -0.2928
vn 0.7501 -0.0095 -0.6612
vn 0.7740 -0.0005 -0.6332
vn -0.0952 -0.0216 -0.9952
vn -0.0058 -0.0356 -0.9994
vn 0.0012 -0.0363 -0.9993
vn -0.0711 -0.0257 -0.9971
vn 0.6792 -0.0233 -0.7336
vn 0.6834 -0.0243 -0.7297
vn 0.6528 0.0115 -0.7574
vn 0.6543 0.0074 -0.7562
vn 0.0148 -0.0217 -0.9997
vn -0.0007 0.0351 -0.9994
vn -0.0020 0.0427 -0.9991
vn 0.0130 -0.0176 -0.9998
vn 0.6303 0.0572 -0.7742
vn 0.6307 0.0566 -0.7740
vn 0.6402 0.0715 -0.7649
vn 0.6414 0.0712 -0.7639
vn -0.0038 0.1058 -0.9944
vn -0.0000 0.1500 -0.9887
vn -0.0000 0.1499 -0.9887
vn -0.0032 0.1093 -0.9940
vn 0.7230 0.0542 -0.6887
vn 0.7328 0.0518 -0.6785
vn 0.8423 0.0375 -0.5378
vn 0.8521 0.0375 -0.5220
vn -0.0115 0.1732 -0.9848
vn -0.0185 0.1953 -0.9806
vn -0.0188 0.1929 -0.9810
vn -0.0102 0.1718 -0.9851
vn 0.9092 0.0810 -0.4084
vn 0.9097 0.0832 -0.4068
vn 0.8838 0.1237 -0.4513
vn 0.4342 0.1934 -0.8798
vn 0.0194 0.2142 -0.9766
vn 0.1343 0.1979 -0.9710
vn 0.0155 0.2133 -0.9769
vn 0.8572 0.0909 -0.5069
vn 0.5572 0.1344 -0.8195
vn 0.9260 0.0421 -0.3751
vn 0.7151 0.0688 -0.6956
vn 0.5030 0.0817 -0.8604
vn 0.3249 0.1432 -0.9348
vn 0.9979 0.0064 -0.0638
vn 0.8485 0.0156 -0.5289
vn 0.9694 -0.0105 0.2454
vn 0.9228 -0.0153 -0.3850
vn 0.5660 -0.0132 -0.8243
vn 0.5811 0.0245 -0.8135
vn 0.9243 0.0070 0.3815
vn 0.9263 0.0027 0.3767
vn 0.9432 0.0201 0.3317
vn 0.9598 0.0226 -0.2797
vn 0.5480 -0.0053 -0.8364
vn 0.6180 0.0130 -0.7861
vn 0.5488 -0.0018 -0.8359
vn 0.9832 0.0045 0.1823
vn 0.9581 0.0047 -0.2865
vn 0.9969 -0.0260 0.0746
vn 0.9484 -0.0280 -0.3158
vn 0.7543 -0.0321 -0.6558
vn 0.7194 -0.0033 -0.6946
vn 0.9890 -0.0875 0.1191
vn 0.9309 -0.0958 -0.3524
vn 0.9349 -0.2090 0.2870
vn 0.8855 -0.2535 -0.3893
vn 0.4868 -0.2256 -0.8439
vn 0.6745 -0.0918 -0.7326
vn 0.8554 -0.3558 0.3765
vn 0.8696 -0.3246 0.3721
vn 0.8336 -0.4136 0.3660
vn 0.8313 -0.4111 0.3741
vn 0.3459 -0.4337 -0.8320
vn 0.2283 -0.7070 -0.6694
vn 0.8363 -0.4167 0.3563
vn 0.7412 0.1967 0.6418
vn 0.8311 0.1311 0.5405
vn 0.8180 0.1418 0.5575
vn 0.1629 0.2894 -0.9432
vn 0.2256 0.2028 -0.9529
vn 0.2208 0.2097 -0.9525
vn 0.1609 -0.8449 -0.5101
vn -0.8799 0.0836 0.4677
vn -0.9680 -0.0259 0.2498
vn -0.9996 -0.0070 -0.0268
vn -0.9961 0.0855 -0.0229
vn -0.9924 -0.1210 -0.0205
vn -0.9924 -0.1200 -0.0289
vn -0.9922 -0.1190 -0.0372
vn -0.9606 -0.0195 -0.2771
vn -0.9063 0.0705 -0.4166
vn -0.9039 -0.0373 0.4261
vn -0.9362 0.0234 0.3506
vn -0.9997 0.0219 -0.0105
vn -0.9989 -0.0429 -0.0209
vn -0.9478 0.0218 -0.3182
vn -0.9224 -0.0348 -0.3846
vn -0.8699 -0.0117 0.4931
vn -0.8401 -0.0349 0.5414
vn -0.9965 -0.0384 -0.0739
vn -0.9848 -0.0266 -0.1717
vn -0.8587 -0.0383 -0.5110
vn -0.8179 -0.0293 -0.5747
vn -0.9770 -0.0154 -0.2125
vn -0.8245 -0.0338 -0.5649
vn -0.7741 -0.0545 -0.6307
vn -0.9988 -0.0193 0.0440
vn -0.8874 -0.0396 -0.4593
vn -0.7343 -0.0471 -0.6772
vn -0.6905 -0.0459 -0.7218
vn -0.6866 -0.0652 -0.7241
vn -0.9564 -0.0156 0.2917
vn -0.9488 -0.0348 -0.3140
vn -0.7850 -0.0394 -0.6182
vn -0.6861 -0.0129 -0.7274
vn -0.7388 -0.0531 -0.6718
vn -0.7321 -0.0446 -0.6797
vn -0.5707 -0.0185 -0.8209
vn -0.7501 -0.1244 -0.6495
vn -0.7550 -0.1099 -0.6465
vn -0.4194 -0.0637 -0.9056
vn -0.3801 -0.1219 -0.9169
vn -0.3723 -0.1383 -0.9178
vn -0.4117 -0.0735 -0.9083
vn -0.4713 -0.0240 -0.8816
vn -0.7281 -0.2266 -0.6469
vn -0.6305 -0.5344 -0.5630
vn -0.6935 -0.0916 -0.7146
vn -0.5598 -0.5220 -0.6435
vn -0.5279 -0.3241 -0.7850
vn -0.6210 -0.2202 -0.7522
vn -0.5669 -0.2496 -0.7851
vn -0.4991 -0.2540 -0.8285
vn -0.4977 -0.2202 -0.8389
vn -0.4426 -0.2657 -0.8565
vn -0.3902 -0.2283 -0.8920
vn -0.6962 -0.1816 -0.6945
vn -0.7135 -0.1694 -0.6799
vn -0.3631 -0.1762 -0.9149
vn -0.3641 -0.1905 -0.9117
vn -0.9755 -0.0246 0.2187
vn -0.9891 -0.1328 -0.0636
vn -0.9935 -0.1107 0.0248
vn -0.9743 -0.0178 0.2245
vn -0.8358 -0.0880 -0.5420
vn -0.6365 -0.0841 -0.7667
vn -0.4076 -0.0408 -0.9122
vn -0.4783 -0.0499 -0.8768
vn -0.4147 -0.0547 -0.9083
vn -0.4005 -0.0010 -0.9163
vn -0.4000 -0.0048 -0.9165
vn -0.9977 0.0607 -0.0287
vn -0.9845 0.0460 0.1692
vn -0.9834 0.0446 0.1761
vn -0.9979 0.0609 -0.0197
vn -0.4209 0.0297 -0.9066
vn -0.4211 0.0299 -0.9065
vn -0.4648 0.0553 -0.8837
vn -0.4652 0.0555 -0.8834
vn -0.4347 -0.2160 0.8743
vn -0.3305 -0.0518 0.9424
vn -0.7751 -0.2354 0.5863
vn -0.7594 -0.2412 0.6042
vn -0.3280 0.0468 -0.9435
vn -0.3815 0.0003 -0.9244
vn -0.3905 0.0036 -0.9206
vn -0.3268 0.1663 -0.9304
vn -0.6974 -0.0264 -0.7162
vn -0.5991 -0.0264 -0.8002
vn -0.5090 -0.0202 -0.8605
vn -0.9988 -0.0244 0.0428
vn -0.9980 -0.0306 0.0555
vn -0.4661 0.0432 -0.8837
vn -0.4699 0.0467 -0.8815
vn -0.7232 0.3242 0.6098
vn -0.3489 0.1092 0.9308
vn -0.3642 0.1403 0.9207
vn -0.7275 0.3250 0.6042
vn -0.3667 0.2906 -0.8838
vn -0.3582 0.2750 -0.8922
vn -0.4926 0.3191 -0.8097
vn -0.4965 0.3172 -0.8080
vn -0.5964 0.6517 0.4686
vn -0.7691 0.5335 0.3520
vn -0.3040 -0.0064 0.9526
vn -0.3157 0.1212 0.9411
vn -0.3182 -0.0381 -0.9473
vn -0.3039 -0.0472 -0.9515
vn -0.4091 -0.0820 -0.9088
vn -0.3898 -0.0683 -0.9183
vn -0.8097 0.0782 -0.5817
vn -0.9120 0.2048 -0.3555
vn -0.7802 0.2079 -0.5900
vn -0.7563 0.0833 -0.6489
vn -0.6605 0.1849 -0.7277
vn -0.7087 0.0872 -0.7001
vn -0.8598 -0.3638 0.3583
vn -0.8879 -0.0670 -0.4551
vn -0.7448 -0.0373 -0.6663
vn -0.8480 -0.3669 0.3824
vn -0.6349 -0.0001 -0.7726
vn -0.4501 -0.0915 -0.8883
vn -0.4620 -0.0886 -0.8824
vn -0.3902 -0.2443 0.8877
vn -0.3416 -0.0764 -0.9367
vn -0.8025 -0.0458 0.5949
vn -0.9316 0.1543 0.3292
vn -0.9328 0.1817 0.3113
vn -0.8214 -0.0441 0.5686
vn -0.5346 -0.2262 -0.8143
vn -0.5280 -0.2143 -0.8218
vn -0.5670 -0.3402 -0.7501
vn -0.5678 -0.3399 -0.7497
vn -0.9585 0.1773 0.2233
vn -0.8262 0.1085 0.5528
vn -0.8166 0.0910 0.5700
vn -0.9547 0.1834 0.2345
vn -0.5484 -0.3496 -0.7596
vn -0.5378 -0.0680 -0.8403
vn -0.5025 -0.0531 -0.8630
vn -0.5436 -0.0705 -0.8364
vn -0.9279 -0.0584 -0.3683
vn -0.9912 0.0193 -0.1313
vn -0.8111 -0.0575 -0.5821
vn -0.7967 -0.0957 -0.5968
vn -0.6233 -0.1032 -0.7752
vn -0.6689 -0.1199 -0.7336
vn -0.9320 -0.1554 -0.3275
vn -0.8995 -0.1183 -0.4207
vn -0.7784 -0.1368 -0.6127
vn -0.7597 -0.1650 -0.6290
vn -0.6633 -0.1492 -0.7333
vn -0.6019 -0.1605 -0.7823
vn -0.9417 0.0544 -0.3321
vn -0.9637 -0.0522 -0.2619
vn -0.9635 -0.0594 -0.2610
vn -0.9414 0.0546 -0.3329
vn -0.5458 -0.0733 -0.8347
vn -0.5452 -0.0709 -0.8353
vn -0.5342 0.0431 -0.8442
vn -0.5345 0.0449 -0.8440
vn -0.9399 0.0831 -0.3312
vn -0.9213 0.0736 -0.3817
vn -0.9215 0.0741 -0.3811
vn -0.9419 0.0836 -0.3254
vn -0.5412 0.1164 -0.8328
vn -0.5412 0.1181 -0.8325
vn -0.5392 0.1537 -0.8280
vn -0.5393 0.1534 -0.8281
vn -0.9997 -0.0079 -0.0227
vn -0.9755 0.0620 -0.2111
vn -0.9778 0.0582 -0.2011
vn -0.9999 -0.0133 -0.0077
vn -0.5246 0.1543 -0.8372
vn -0.5262 0.1555 -0.8360
vn -0.4911 0.1392 -0.8599
vn -0.4938 0.1401 -0.8582
vn -0.9854 0.1697 -0.0106
vn -0.9876 0.0384 0.1522
vn -0.9861 0.0505 0.1586
vn -0.9854 0.1698 -0.0116
vn -0.4786 0.1787 -0.8597
vn -0.4782 0.1763 -0.8603
vn -0.5049 0.2205 -0.8346
vn -0.5086 0.2195 -0.8326
vn -0.8304 0.0442 -0.5554
vn -0.9106 0.1220 -0.3950
vn -0.6984 0.1521 -0.6994
vn -0.6593 0.0538 -0.7499
vn -0.5399 0.1448 -0.8292
vn -0.5372 0.0560 -0.8416
vn -0.9936 -0.0083 -0.1125
vn -0.9967 -0.0782 -0.0236
vn -0.9972 -0.0720 -0.0205
vn -0.9900 0.0026 -0.1412
vn -0.9847 -0.1097 -0.1352
vn -0.9876 -0.1082 -0.1135
vn -0.3546 -0.1391 -0.9246
vn -0.3790 -0.1422 -0.9144
vn -0.3837 -0.1405 -0.9127
vn -0.3565 -0.1406 -0.9237
vn -0.3558 -0.1030 -0.9289
vn -0.3538 -0.1094 -0.9289
vn -0.8515 0.0644 -0.5204
vn -0.9347 0.0551 -0.3512
vn -0.9216 0.0594 -0.3835
vn -0.8445 0.0623 -0.5319
vn -0.3870 -0.0322 -0.9215
vn -0.3815 -0.0430 -0.9233
vn -0.4233 0.0316 -0.9055
vn -0.4208 0.0280 -0.9067
vn -0.9857 0.0712 -0.1528
vn -0.9734 -0.0403 -0.2254
vn -0.9720 -0.0462 -0.2305
vn -0.9861 0.0722 -0.1499
vn -0.9014 -0.0807 -0.4253
vn -0.9040 -0.0864 -0.4187
vn -0.3644 0.0421 -0.9303
vn -0.3978 0.0107 -0.9174
vn -0.3977 0.0107 -0.9174
vn -0.3632 0.0489 -0.9304
vn -0.3548 0.0956 -0.9300
vn -0.3552 0.0938 -0.9301
vn -0.9708 -0.0217 -0.2390
vn -0.9540 0.0002 -0.2997
vn -0.9546 0.0018 -0.2980
vn -0.9713 -0.0221 -0.2369
vn -0.9627 0.0154 -0.2703
vn -0.9646 0.0174 -0.2632
vn -0.3941 -0.0190 -0.9189
vn -0.3786 0.0098 -0.9255
vn -0.3806 0.0054 -0.9247
vn -0.3946 -0.0197 -0.9186
vn -0.3932 -0.0328 -0.9189
vn -0.3941 -0.0321 -0.9185
vn -0.9753 0.0397 -0.2173
vn -0.9767 0.0444 -0.2098
vn -0.3634 0.0593 -0.9297
vn -0.3652 0.0516 -0.9295
vn -0.9546 -0.0538 0.2929
vn -0.9986 -0.0514 -0.0088
vn -0.9985 -0.0535 0.0141
vn -0.9487 -0.0515 0.3120
vn -0.3660 -0.0398 -0.9298
vn -0.3712 -0.0392 -0.9277
vn -0.3478 -0.0101 -0.9375
vn -0.3489 -0.0197 -0.9370
vn -0.9524 0.2109 0.2201
vn -0.9146 0.0685 0.3984
vn -0.9146 0.1140 0.3879
vn -0.9660 0.2028 0.1603
vn -0.3453 0.0104 -0.9384
vn -0.4542 0.2218 -0.8629
vn -0.4177 0.2383 -0.8768
vn -0.4451 0.2260 -0.8665
vn -0.9244 0.1100 -0.3652
vn -0.9778 0.1558 -0.1404
vn -0.9739 0.1507 -0.1699
vn -0.7196 0.1291 -0.6823
vn -0.5154 0.1799 -0.8379
vn -0.5120 0.1829 -0.8393
vn -0.5570 0.1353 -0.8194
vn -0.9723 0.0833 0.2183
vn -0.9926 -0.0369 0.1155
vn -0.9942 -0.0471 0.0964
vn -0.9721 0.0814 0.2199
vn -0.9725 -0.1061 -0.2072
vn -0.9667 -0.1029 -0.2345
vn -0.3276 0.1004 -0.9395
vn -0.3732 0.0087 -0.9277
vn -0.3685 0.0120 -0.9295
vn -0.3253 0.1120 -0.9390
vn -0.3201 0.2116 -0.9234
vn -0.3212 0.2153 -0.9222
vn -0.9008 0.2510 -0.3543
vn -0.9800 0.1971 0.0284
vn -0.9807 0.1914 0.0409
vn -0.6580 0.2824 -0.6981
vn -0.3644 0.2688 -0.8916
vn -0.3697 0.2720 -0.8884
vn -0.4661 0.2725 -0.8418
vn -0.8703 -0.0664 -0.4880
vn -0.8238 -0.0104 -0.5669
vn -0.6423 -0.0119 -0.7664
vn -0.8820 -0.0735 -0.4655
vn -0.5147 -0.0044 -0.8574
vn -0.4653 -0.0722 -0.8822
vn -0.4753 -0.0617 -0.8777
vn -0.9414 -0.1032 -0.3211
vn -0.9504 -0.1062 -0.2925
vn -0.4168 -0.1190 -0.9012
vn -0.4254 -0.1112 -0.8982
vn -0.8398 0.0271 -0.5422
vn -0.8446 0.0198 -0.5350
vn -0.4306 0.0464 -0.9014
vn -0.4313 0.0471 -0.9010
vn -0.8688 0.1140 -0.4819
vn -0.7159 0.1225 -0.6874
vn -0.7071 0.1090 -0.6986
vn -0.5911 0.1221 -0.7973
vn -0.6857 0.0085 -0.7278
vn -0.6605 -0.0664 -0.7479
vn -0.8283 -0.0211 -0.5599
vn -0.7913 -0.0417 -0.6100
vn -0.6473 -0.0420 -0.7611
vn -0.8268 -0.0202 -0.5621
vn -0.5320 -0.0372 -0.8460
vn -0.4879 -0.0136 -0.8728
vn -0.4865 -0.0136 -0.8736
vn -0.8870 -0.0573 -0.4582
vn -0.8821 -0.0540 -0.4680
vn -0.4365 -0.0135 -0.8996
vn -0.4340 -0.0135 -0.9008
vn -0.7881 0.1174 -0.6043
vn -0.7919 0.1846 -0.5821
vn -0.6514 0.2028 -0.7312
vn -0.6493 0.1456 -0.7464
vn -0.5352 0.2103 -0.8181
vn -0.5365 0.1620 -0.8282
vn -0.8781 0.2213 -0.4242
vn -0.8562 0.1735 -0.4866
vn -0.6696 0.1852 -0.7193
vn -0.7218 0.2403 -0.6490
vn -0.5362 0.2018 -0.8196
vn -0.5991 0.2367 -0.7649
vn -0.7907 0.1784 -0.5856
vn -0.8609 0.0880 -0.5011
vn -0.6994 0.1841 -0.6906
vn -0.7691 0.0971 -0.6318
vn -0.9993 0.0026 0.0371
vn -0.9928 0.0142 -0.1189
vn -0.9071 0.0204 -0.4203
vn -0.9323 0.0015 -0.3616
vn -0.7971 0.0238 -0.6034
vn -0.8059 0.0018 -0.5920
vn -0.8940 0.3278 0.3055
vn -0.7853 0.0534 0.6168
vn -0.7678 0.3320 0.5479
vn -0.9377 0.3216 -0.1314
vn -0.8073 0.2650 -0.5272
vn -0.9365 0.2834 -0.2064
vn -0.9661 -0.0257 0.2569
vn -0.9491 0.1647 0.2683
vn -0.9431 0.1115 -0.3132
vn -0.7958 0.1072 -0.5960
vn -0.8165 -0.1556 0.5560
vn -0.9643 -0.1479 0.2195
vn -0.9508 -0.2249 0.2132
vn -0.9848 -0.1332 -0.1114
vn -0.9795 -0.0153 0.2007
vn -0.9988 -0.0349 -0.0341
vn -0.9964 0.0212 -0.0815
vn -0.9620 -0.0178 -0.2724
vn -0.9989 0.0179 -0.0443
vn -0.9997 -0.0247 -0.0024
vn -0.8574 -0.1861 0.4798
vn -0.8856 -0.1129 0.4505
vn -0.9920 -0.1236 0.0265
vn -0.9788 -0.2005 0.0411
vn -0.9350 -0.1120 -0.3364
vn -0.9224 -0.1801 -0.3418
vn -0.5064 0.8492 0.1499
vn -0.4117 0.7731 0.4825
vn -0.5875 0.8039 -0.0926
vn -0.5490 0.8317 -0.0832
vn -0.2065 0.5991 0.7736
vn -0.2129 0.5979 0.7728
vn -0.4926 0.4385 -0.7517
vn -0.4876 0.4385 -0.7550
vn -0.5609 0.6169 -0.5521
vn -0.5607 0.7727 -0.2975
vn -0.0111 -0.9967 -0.0801
vn -0.1380 -0.9544 -0.2649
vn -0.4270 -0.5961 -0.6799
vn 0.0833 -0.0361 -0.9959
vn 0.0106 -0.1318 -0.9912
vn 0.0519 -0.0778 -0.9956
vn 0.0494 0.1230 -0.9912
vn 0.2121 0.4151 0.8847
vn 0.2136 0.4242 0.8800
vn 0.2090 0.3955 0.8944
vn 0.1796 -0.0671 0.9814
vn 0.0024 0.3833 -0.9236
vn -0.0621 0.5766 -0.8146
vn 0.2651 0.6708 0.6926
vn 0.2262 0.4402 0.8689
vn 0.2620 0.5419 0.7985
vn 0.2419 0.7420 0.6253
vn -0.1925 0.5808 -0.7910
vn -0.2995 0.5774 -0.7595
vn -0.2690 0.5733 -0.7740
vn 0.0292 0.9503 0.3098
vn 0.1575 0.8671 0.4725
vn 0.1242 0.8926 0.4334
vn 0.0136 0.9580 0.2863
vn -0.3843 0.5732 -0.7237
vn -0.3660 0.5765 -0.7306
vn -0.4397 0.5337 -0.7224
vn -0.4330 0.5429 -0.7196
vn -0.3242 0.7660 -0.5550
vn -0.2653 0.8306 -0.4897
vn -0.3646 0.6280 -0.6875
vn -0.4042 0.5543 -0.7276
vn -0.1452 0.9414 -0.3044
vn -0.3103 0.7068 -0.6357
vn -0.3808 0.4960 -0.7803
vn -0.4059 0.4697 -0.7840
vn -0.4350 0.4008 -0.8063
vn -0.2827 0.4716 -0.8353
vn -0.3034 0.4926 -0.8156
vn -0.2482 0.5607 -0.7899
vn -0.2699 0.4429 -0.8550
vn -0.2862 0.3503 -0.8918
vn -0.3626 0.6828 -0.6343
vn -0.3454 0.4854 -0.8032
vn -0.3890 0.4626 -0.7967
vn -0.3887 0.2952 -0.8728
vn -0.2331 0.4666 -0.8532
vn -0.1979 0.5290 -0.8252
vn -0.2088 0.4309 -0.8779
vn -0.2393 0.4175 -0.8766
vn -0.0745 0.7313 -0.6780
vn -0.1426 0.4518 -0.8806
vn -0.1948 0.2548 -0.9472
vn -0.2380 0.4266 -0.8726
vn -0.2493 0.4454 -0.8599
vn -0.2587 0.7183 -0.6459
vn -0.2593 0.5619 -0.7855
vn -0.2792 0.4562 -0.8449
vn -0.3036 0.4565 -0.8363
vn -0.3106 0.2737 -0.9103
vn -0.1358 0.6727 -0.7274
vn -0.1282 0.7160 -0.6862
vn -0.1251 0.7250 -0.6773
vn -0.1650 0.4524 -0.8764
vn -0.0654 0.8514 -0.5204
vn -0.0622 0.8565 -0.5124
vn -0.1989 0.2082 -0.9577
vn -0.2107 0.1388 -0.9676
vn -0.2100 0.1429 -0.9672
vn -0.1977 0.2152 -0.9563
vn -0.1765 0.2889 -0.9409
vn -0.0944 0.8070 -0.5830
vn -0.1179 0.7164 -0.6877
vn -0.1405 0.5180 -0.8437
vn -0.1239 0.5991 -0.7910
vn -0.1509 0.3614 -0.9201
vn -0.1374 0.4323 -0.8912
vn -0.0313 0.9184 -0.3944
vn -0.0564 0.8839 -0.4642
vn -0.1002 0.6864 -0.7203
vn -0.0686 0.7797 -0.6224
vn -0.1199 0.5220 -0.8445
vn -0.0912 0.6516 -0.7530
vn -0.0674 0.8666 -0.4945
vn -0.0845 0.9270 -0.3655
vn -0.0423 0.9968 0.0676
vn -0.0509 0.9987 -0.0009
vn -0.4102 0.5018 -0.7615
vn -0.4194 0.5036 -0.7553
vn -0.2919 0.6465 -0.7048
vn -0.3207 0.7142 -0.6221
vn -0.3831 0.4972 -0.7785
vn -0.3471 0.4660 -0.8139
vn -0.4213 0.3415 -0.8402
vn -0.3745 0.3210 -0.8699
vn -0.2516 0.6060 -0.7546
vn -0.3058 0.4453 -0.8416
vn -0.3188 0.3128 -0.8947
vn -0.1297 0.9357 -0.3280
vn -0.2766 0.8505 -0.4473
vn -0.2821 0.8463 -0.4519
vn -0.1372 0.9327 -0.3336
vn -0.3425 0.2025 -0.9175
vn -0.3397 0.2005 -0.9189
vn -0.2780 0.1650 -0.9463
vn -0.2747 0.1639 -0.9474
vn -0.0091 0.9234 -0.3836
vn -0.0263 0.9309 -0.3643
vn -0.2221 0.1701 -0.9601
vn -0.2118 0.1740 -0.9617
vn -0.1079 0.9497 -0.2940
vn -0.1778 0.8989 -0.4004
vn -0.1600 0.9128 -0.3757
vn -0.1074 0.9506 -0.2914
vn -0.3007 0.1717 -0.9381
vn -0.3049 0.1798 -0.9352
vn -0.2888 0.1394 -0.9472
vn -0.2888 0.1411 -0.9469
vn -0.0832 0.9791 -0.1856
vn -0.1004 0.9645 -0.2443
vn -0.0991 0.9670 -0.2347
vn -0.0801 0.9801 -0.1819
vn -0.2915 0.1145 -0.9497
vn -0.2909 0.1175 -0.9495
vn -0.2899 0.0911 -0.9527
vn -0.2906 0.0932 -0.9523
vn -0.0432 0.9619 -0.2701
vn -0.0392 0.9577 -0.2851
vn -0.2508 0.0965 -0.9632
vn -0.2541 0.0952 -0.9625
vn -0.0249 0.9556 0.2936
vn 0.0124 0.9934 0.1139
vn -0.0781 0.9577 -0.2768
vn -0.1912 0.9553 -0.2253
vn -0.1465 0.8036 -0.5768
vn -0.2288 0.7554 -0.6140
vn -0.1274 0.7785 0.6146
vn -0.1446 0.7077 0.6916
vn -0.4236 0.5120 -0.7473
vn -0.3912 0.5704 -0.7223
vn -0.5031 -0.4160 -0.7575
vn -0.4840 -0.2619 -0.8350
vn -0.4472 -0.2863 -0.8474
vn -0.4038 -0.3135 -0.8594
vn 0.1193 -0.9737 -0.1940
vn 0.0356 -0.9930 -0.1124
vn -0.1174 -0.8719 -0.4755
vn -0.0043 -0.8666 -0.4989
vn -0.0702 -0.9954 -0.0656
vn -0.2239 -0.8366 -0.4999
vn -0.2950 -0.6334 -0.7153
vn -0.2001 -0.6824 -0.7031
vn -0.1018 -0.7087 -0.6981
vn -0.1078 -0.9622 -0.2502
vn -0.2163 -0.7858 -0.5793
vn -0.2152 -0.7495 -0.6261
vn -0.2367 -0.7297 -0.6415
vn -0.1968 -0.8944 -0.4016
vn -0.2739 -0.7221 -0.6353
vn -0.1423 -0.9555 -0.2582
vn -0.2666 -0.7116 -0.6500
vn -0.0948 -0.9640 -0.2484
vn -0.0946 -0.9644 -0.2470
vn -0.2882 -0.4278 -0.8567
vn -0.2876 -0.4252 -0.8582
vn -0.3116 -0.4713 -0.8251
vn -0.1050 -0.9521 -0.2871
vn -0.1050 -0.9521 -0.2872
vn -0.1219 -0.9313 -0.3431
vn -0.1232 -0.9294 -0.3479
vn -0.2884 -0.4035 -0.8683
vn -0.2996 -0.3891 -0.8711
vn -0.2993 -0.3893 -0.8711
vn -0.2888 -0.4025 -0.8687
vn -0.1500 -0.9017 -0.4055
vn -0.1536 -0.8988 -0.4105
vn -0.1834 -0.8879 -0.4219
vn -0.1865 -0.8888 -0.4187
vn -0.3215 -0.3842 -0.8655
vn -0.3534 -0.3689 -0.8597
vn -0.3499 -0.3715 -0.8599
vn -0.3194 -0.3843 -0.8662
vn -0.1965 -0.9032 -0.3815
vn -0.1956 -0.9069 -0.3732
vn -0.1882 -0.9077 -0.3750
vn -0.1869 -0.9046 -0.3831
vn -0.3812 -0.3319 -0.8628
vn -0.3912 -0.2988 -0.8704
vn -0.3911 -0.3014 -0.8696
vn -0.3786 -0.3373 -0.8619
vn -0.1836 -0.8280 -0.5298
vn -0.1835 -0.8201 -0.5420
vn -0.2318 -0.6778 -0.6978
vn -0.3025 -0.4879 -0.8188
vn -0.3665 -0.2985 -0.8812
vn -0.3436 -0.3368 -0.8766
vn -0.3683 -0.2978 -0.8807
vn -0.2917 -0.5988 -0.7459
vn -0.3253 -0.4735 -0.8185
vn -0.2940 -0.6181 -0.7290
vn -0.3235 -0.4614 -0.8261
vn -0.3391 -0.3310 -0.8806
vn -0.3479 -0.3643 -0.8639
vn -0.2468 -0.6982 -0.6720
vn -0.2932 -0.4545 -0.8411
vn -0.1950 -0.7452 -0.6377
vn -0.1936 -0.7451 -0.6382
vn -0.2798 -0.2469 -0.9278
vn -0.2801 -0.2470 -0.9277
vn -0.3113 -0.2741 -0.9099
vn -0.1816 -0.6962 -0.6945
vn -0.2339 -0.4453 -0.8643
vn -0.1956 -0.6070 -0.7703
vn -0.2249 -0.4424 -0.8682
vn -0.2408 -0.3131 -0.9187
vn -0.2550 -0.2673 -0.9293
vn -0.2130 -0.5898 -0.7789
vn -0.2356 -0.4434 -0.8648
vn -0.2165 -0.6988 -0.6818
vn -0.2536 -0.4483 -0.8572
vn -0.2609 -0.2688 -0.9272
vn -0.2452 -0.3249 -0.9134
vn -0.1587 -0.8816 -0.4445
vn -0.1496 -0.8940 -0.4223
vn -0.0732 -0.9533 -0.2932
vn -0.0769 -0.9524 -0.2950
vn -0.2576 -0.1855 -0.9483
vn -0.2416 -0.1590 -0.9573
vn -0.2405 -0.1587 -0.9576
vn -0.2593 -0.1907 -0.9468
vn -0.0222 -0.9177 -0.3967
vn -0.0294 -0.9307 -0.3645
vn -0.0825 -0.7586 -0.6463
vn -0.1541 -0.4549 -0.8771
vn -0.2144 -0.1718 -0.9615
vn -0.1926 -0.2451 -0.9502
vn -0.2068 -0.1783 -0.9620
vn -0.1673 -0.6173 -0.7687
vn -0.1945 -0.4402 -0.8766
vn -0.1926 -0.5827 -0.7895
vn -0.2120 -0.4298 -0.8777
vn -0.2221 -0.3073 -0.9253
vn -0.2128 -0.3014 -0.9295
vn -0.1443 -0.5740 -0.8060
vn -0.1704 -0.4289 -0.8871
vn -0.1216 -0.5076 -0.8530
vn -0.1439 -0.4188 -0.8966
vn -0.1851 -0.3106 -0.9324
vn -0.1470 -0.4571 -0.8772
vn -0.1607 -0.4100 -0.8978
vn -0.1482 -0.6798 -0.7183
vn -0.1502 -0.5242 -0.8383
vn -0.1457 -0.3922 -0.9083
vn -0.0892 -0.8773 -0.4716
vn -0.1245 -0.6045 -0.7868
vn 0.0310 -0.9836 -0.1777
vn 0.0214 -0.9792 -0.2017
vn -0.1089 -0.4613 -0.8805
vn -0.1108 -0.4530 -0.8846
vn -0.1393 -0.3916 -0.9095
vn 0.1021 -0.9929 -0.0609
vn 0.0329 -0.8792 -0.4752
vn -0.0797 -0.9815 -0.1742
vn -0.0151 -0.9517 -0.3066
vn -0.0465 -0.8981 -0.4374
vn -0.0344 -0.6531 -0.7565
vn -0.0477 -0.9980 0.0419
vn -0.0256 -0.9880 -0.1521
vn 0.1780 -0.9799 0.0896
vn 0.1244 -0.9583 -0.2574
vn -0.0738 -0.9418 -0.3279
vn 0.1337 -0.9700 0.2031
vn 0.0845 -0.9588 0.2712
vn -0.3156 -0.7145 0.6245
vn -0.5008 -0.8510 0.1578
vn -0.3174 -0.9257 0.2059
vn -0.4308 -0.6341 0.6421
vn -0.6483 -0.7511 0.1248
vn -0.6589 -0.6356 -0.4023
vn -0.5664 -0.7430 -0.3564
vn -0.1641 -0.4013 -0.9011
vn -0.1067 -0.9589 0.2629
vn 0.9175 0.0442 0.3953
vn 0.7675 -0.6158 -0.1781
vn 0.5397 -0.5346 -0.6503
vn 0.5199 -0.5243 -0.6744
vn 0.2738 -0.3784 -0.8842
vn 0.2941 0.1010 -0.9504
vn -0.9866 0.0155 0.1624
vn -0.9865 0.0155 0.1629
vn -0.9234 0.0155 0.3835
vn -0.9232 0.0155 0.3840
vn -0.9887 0.0695 0.1330
vn -0.9894 0.0072 0.1453
vn -0.9165 0.0072 0.3999
vn -0.9094 0.0695 0.4100
vn -0.0450 -0.9906 -0.1293
vn -0.0438 -0.9912 -0.1252
vn 0.0290 -0.9912 0.1294
vn 0.0302 -0.9906 0.1335
vn 0.5773 -0.0035 -0.8165
vn 0.5156 -0.0033 -0.8568
vn 0.9148 -0.0047 -0.4039
vn 0.9146 -0.0047 -0.4042
vn 0.9901 -0.0047 -0.1406
vn 0.9900 -0.0047 -0.1410
vn 0.2750 -0.0000 0.9614
vn 0.2748 0.0222 0.9613
vn 0.2740 -0.0495 0.9605
vn 0.2746 -0.0240 0.9613
vn -0.9891 -0.0248 0.1452
vn -0.9162 -0.0248 0.3998
vn -0.0446 -0.9908 -0.1281
vn 0.0298 -0.9908 0.1323
vn 0.1934 0.7265 0.6594
vn 0.2062 0.6788 0.7048
vn 0.2061 0.6789 0.7047
vn -0.9969 0.0669 -0.0402
vn -0.9883 -0.0149 -0.1520
vn -0.8010 0.0060 0.5986
vn -0.8839 0.0052 0.4677
vn -0.9614 0.0067 0.2750
vn 0.1824 0.7070 0.6833
vn 0.1036 0.9002 0.4229
vn 0.1830 0.7069 0.6832
vn 0.2743 0.0463 0.9605
vn 0.7773 -0.0053 0.6291
vn 0.7690 -0.0052 0.6392
vn 0.7684 -0.0051 0.6399
vn 0.9050 -0.0770 -0.4184
vn 0.9113 -0.0520 -0.4084
vn 0.9894 -0.0520 -0.1354
vn 0.9894 -0.0770 -0.1235
vn -0.9893 -0.0396 0.1407
vn -0.9140 -0.0396 0.4038
vn -0.9581 -0.0830 0.2741
vn -0.9846 -0.0019 0.1748
vn -0.9865 0.0472 0.1569
vn -0.9202 0.0472 0.3885
vn -0.9281 -0.0019 0.3724
vn -0.0462 0.9906 -0.1288
vn -0.0434 0.9919 -0.1192
vn 0.0262 0.9919 0.1242
vn 0.0289 0.9906 0.1338
vn 0.9614 -0.0000 -0.2750
vn -0.0000 -1.0000 -0.0000
vn -0.0429 0.9921 -0.1178
vn 0.0259 0.9921 0.1227
vn 0.9165 -0.0038 -0.3999
vn 0.9894 -0.0038 -0.1453
vn -0.2750 -0.0000 -0.9614
vn 0.9161 0.0296 -0.3998
vn 0.9890 0.0296 -0.1452
vn -0.0275 -0.9882 -0.1506
vn -0.0273 -0.9883 -0.1502
vn 0.0562 -0.9883 0.1420
vn 0.0564 -0.9882 0.1424
vn -0.7833 0.0027 -0.6217
vn -0.7751 0.0026 -0.6318
vn 0.2172 -0.5879 0.7793
vn 0.2321 -0.5038 0.8321
vn 0.2321 -0.5036 0.8322
vn -0.3256 0.0027 0.9455
vn -0.3115 0.0026 0.9502
vn -0.3126 0.0026 0.9499
vn -0.5463 0.0068 0.8375
vn -0.4868 0.0063 0.8735
vn -0.4866 0.0063 0.8736
vn 0.3340 -0.0602 0.9407
vn 0.3339 0.0600 0.9407
vn 0.2147 0.0608 0.9748
vn 0.2147 -0.0599 0.9748
vn 0.9066 -0.0034 0.4219
vn 0.8749 -0.0032 0.4843
vn 0.8748 -0.0032 0.4844
vn -0.2753 -0.0258 -0.9610
vn -0.2754 -0.0533 -0.9598
vn -0.2752 0.0255 -0.9611
vn -0.2322 -0.5820 -0.7793
vn -0.2447 -0.5058 -0.8272
vn -0.2447 -0.5062 -0.8270
vn -0.2287 0.5821 -0.7803
vn -0.2416 0.5066 -0.8276
vn -0.2416 0.5062 -0.8279
vn -0.9218 0.0069 -0.3876
vn -0.8910 0.0064 -0.4540
vn -0.8911 0.0064 -0.4539
vn -0.1794 0.7219 -0.6683
vn -0.1929 0.6741 -0.7130
vn -0.1928 0.6744 -0.7128
vn -0.2128 -0.0605 -0.9752
vn -0.3346 -0.0602 -0.9404
vn -0.3342 0.0612 -0.9405
vn -0.2124 0.0601 -0.9753
vn 0.2664 0.2588 0.9285
vn 0.1966 0.7071 0.6792
vn 0.1542 0.8340 0.5298
vn 0.1554 0.8311 0.5339
vn 0.0403 0.9907 0.1297
vn 0.0405 0.9906 0.1303
vn -0.0313 0.0047 0.9995
vn -0.5609 0.0119 0.8278
vn -0.6983 0.0135 0.7157
vn -0.7014 0.0136 0.7127
vn 0.2709 -0.2324 0.9341
vn 0.2150 -0.6655 0.7147
vn 0.1761 -0.8018 0.5711
vn 0.1754 -0.8037 0.5686
vn 0.5145 -0.0012 0.8575
vn 0.8743 -0.0033 0.4854
vn 0.9512 -0.0039 0.3085
vn 0.9503 -0.0039 0.3113
vn -0.0346 0.9906 -0.1320
vn -0.0344 0.9907 -0.1314
vn -0.1493 0.8340 -0.5312
vn -0.1505 0.8311 -0.5353
vn -0.1924 0.7071 -0.6804
vn -0.2649 0.2588 -0.9289
vn -0.9712 0.0135 -0.2381
vn -0.9722 0.0136 -0.2339
vn -0.9138 0.0119 -0.4059
vn -0.5552 0.0047 -0.8317
vn -0.1526 -0.8018 -0.5778
vn -0.1519 -0.8037 -0.5753
vn -0.1955 -0.6655 -0.7203
vn -0.2641 -0.2324 -0.9361
vn 0.6442 -0.0039 -0.7649
vn 0.6419 -0.0039 -0.7667
vn 0.4854 -0.0033 -0.8743
vn -0.0168 -0.0012 -0.9999
vn 0.2081 -0.6793 0.7038
vn 0.2082 -0.6786 0.7044
vn 0.2386 -0.5277 0.8152
vn 0.2384 -0.5291 0.8144
vn 0.2636 -0.3207 0.9098
vn 0.2634 -0.3224 0.9092
vn 0.7593 -0.0024 0.6508
vn 0.7590 -0.0024 0.6510
vn 0.5801 -0.0014 0.8146
vn 0.5797 -0.0014 0.8148
vn 0.2369 0.5284 0.8153
vn 0.2368 0.5286 0.8152
vn 0.2625 0.3217 0.9098
vn 0.2625 0.3217 0.9097
vn -0.3015 0.0048 0.9535
vn -0.3008 0.0048 0.9537
vn -0.0631 0.0029 0.9980
vn -0.0623 0.0029 0.9981
vn 0.1955 -0.7266 0.6587
vn 0.1449 -0.8354 0.5301
vn 0.1389 -0.8493 0.5094
vn 0.1892 -0.7071 0.6813
vn 0.2637 -0.2588 0.9292
vn -0.7115 0.0388 0.7016
vn -0.7331 -0.0017 0.6801
vn -0.4491 0.0599 0.8915
vn -0.6052 -0.0015 0.7961
vn -0.0653 -0.0006 0.9979
vn -0.0514 0.0024 0.9987
vn 0.0450 0.0232 0.9987
vn -0.6374 0.0600 0.7682
vn -0.4627 0.0353 0.8858
vn 0.0473 0.0218 0.9986
vn 0.0243 0.0101 0.9997
vn -0.6711 0.0062 0.7414
vn -0.4853 0.0051 0.8743
vn 0.0169 0.0019 0.9999
vn -0.6708 -0.0213 0.7414
vn -0.4851 -0.0177 0.8743
vn 0.0169 -0.0065 0.9998
vn -0.6429 -0.0331 0.7652
vn -0.4848 -0.0283 0.8742
vn 0.0170 -0.0103 0.9998
vn 0.1380 0.8502 0.5080
vn 0.1334 0.8595 0.4934
vn 0.1796 0.7395 0.6488
vn 0.1841 0.7232 0.6657
vn 0.2629 0.2703 0.9262
vn 0.2623 0.2821 0.9229
vn 0.9503 -0.0450 0.3081
vn 0.9316 -0.0623 0.3582
vn 0.8652 -0.0265 0.5007
vn 0.8415 -0.0517 0.5378
vn 0.4890 -0.0180 0.8721
vn 0.4927 -0.0163 0.8700
vn 0.5103 -0.0079 0.8599
vn 0.9617 -0.0033 0.2743
vn 0.8743 -0.0027 0.4854
vn 0.5145 -0.0010 0.8575
vn 0.9613 0.0253 0.2745
vn 0.8740 0.0211 0.4855
vn 0.5144 0.0077 0.8575
vn 0.9891 0.0439 -0.1406
vn 0.9500 0.0367 0.3101
vn 0.8736 0.0313 0.4855
vn 0.5143 0.0115 0.8576
vn 0.1458 0.8307 0.5374
vn 0.1883 0.7071 0.6816
vn 0.2634 0.2588 0.9293
vn 0.1471 -0.8303 0.5376
vn -0.2676 -0.2588 -0.9281
vn -0.1998 -0.7071 -0.6783
vn -0.1574 -0.8354 -0.5266
vn -0.1516 -0.8493 -0.5058
vn -0.5831 -0.0006 -0.8124
vn -0.4899 0.0232 -0.8715
vn -0.5717 0.0024 -0.8204
vn -0.9346 -0.0015 -0.3556
vn -0.8526 0.0599 -0.5191
vn -0.9749 0.0389 -0.2192
vn -0.9819 -0.0017 -0.1895
vn -0.5081 0.0101 -0.8613
vn -0.4879 0.0218 -0.8726
vn -0.8611 0.0353 -0.5071
vn -0.9472 0.0600 -0.3150
vn -0.5145 0.0019 -0.8575
vn -0.8743 0.0051 -0.4854
vn -0.9616 0.0062 -0.2743
vn -0.5144 -0.0065 -0.8575
vn -0.8741 -0.0177 -0.4855
vn -0.9614 -0.0213 -0.2744
vn -0.5143 -0.0103 -0.8575
vn -0.8738 -0.0283 -0.4855
vn -0.9504 -0.0331 -0.3094
vn -0.2667 0.2703 -0.9251
vn -0.2654 0.2820 -0.9220
vn -0.1958 0.7232 -0.6623
vn -0.1905 0.7394 -0.6457
vn -0.1514 0.8502 -0.5042
vn -0.1477 0.8595 -0.4893
vn -0.0462 -0.0180 -0.9988
vn -0.0217 -0.0079 -0.9997
vn -0.0419 -0.0163 -0.9990
vn 0.4298 -0.0517 -0.9014
vn 0.4695 -0.0265 -0.8825
vn 0.6436 -0.0450 -0.7641
vn 0.6012 -0.0623 -0.7967
vn -0.0169 -0.0010 -0.9999
vn 0.4853 -0.0027 -0.8744
vn 0.6711 -0.0033 -0.7413
vn -0.0170 0.0077 -0.9998
vn 0.4850 0.0211 -0.8743
vn 0.6707 0.0253 -0.7413
vn -0.0171 0.0115 -0.9998
vn 0.4847 0.0313 -0.8741
vn 0.6423 0.0367 -0.7656
vn 0.9138 0.0439 -0.4038
vn -0.2679 0.2588 -0.9280
vn -0.2007 0.7071 -0.6781
vn -0.1604 0.8307 -0.5332
vn -0.1595 -0.8303 -0.5340
vn 0.2704 0.1539 0.9504
vn 0.2704 0.1537 0.9504
vn 0.2616 0.2795 0.9238
vn 0.2617 0.2791 0.9239
vn 0.2504 0.3855 0.8881
vn 0.2505 0.3851 0.8882
vn -0.1249 0.0016 0.9922
vn -0.1493 0.0017 0.9888
vn -0.1466 0.0017 0.9892
vn -0.2709 0.0023 0.9626
vn -0.2688 0.0023 0.9632
vn 0.2686 -0.1722 0.9477
vn 0.2685 -0.1733 0.9476
vn 0.2544 -0.3397 0.9055
vn 0.2543 -0.3402 0.9053
vn 0.6384 -0.0034 0.7697
vn 0.6542 -0.0036 0.7563
vn 0.6561 -0.0036 0.7546
vn 0.7406 -0.0047 0.6719
vn 0.7418 -0.0047 0.6706
vn 0.2437 0.4360 0.8663
vn 0.0129 0.9691 0.2462
vn 0.0597 0.9390 0.3386
vn 0.1303 0.8013 0.5839
vn 0.0642 0.8924 0.4467
vn -0.0440 0.9990 0.0126
vn -0.0309 0.9995 0.0088
vn -0.6922 0.0028 0.7217
vn -0.5698 0.0052 0.8218
vn -0.7028 0.0026 0.7114
vn 0.3360 -0.0053 -0.9419
vn 0.3247 -0.0052 -0.9458
vn -0.5145 0.0017 -0.8575
vn -0.6693 0.0042 -0.7430
vn -0.7897 0.0917 -0.6066
vn -0.9034 0.0561 -0.4251
vn -0.8899 -0.0273 -0.4553
vn -0.7959 -0.0233 -0.6050
vn -0.5200 0.0006 -0.8542
vn -0.7351 -0.0463 -0.6764
vn -0.0178 0.9998 0.0051
vn -0.2575 -0.3206 -0.9115
vn -0.2574 -0.3222 -0.9110
vn -0.2292 -0.5252 -0.8196
vn -0.2290 -0.5265 -0.8188
vn -0.1970 -0.6741 -0.7119
vn -0.1969 -0.6747 -0.7113
vn 0.0711 -0.0015 -0.9975
vn 0.0710 -0.0015 -0.9975
vn 0.3212 -0.0025 -0.9470
vn 0.3211 -0.0025 -0.9470
vn -0.2554 0.3219 -0.9117
vn -0.2555 0.3210 -0.9120
vn -0.2257 0.5261 -0.8199
vn -0.2258 0.5255 -0.8203
vn -0.5897 0.0029 -0.8076
vn -0.5894 0.0029 -0.8078
vn -0.7746 0.0049 -0.6324
vn -0.7744 0.0049 -0.6327
vn -0.1838 -0.7220 -0.6670
vn -0.2605 0.3524 -0.8989
vn -0.2605 0.3519 -0.8990
vn -0.2720 0.1837 -0.9446
vn -0.2720 0.1835 -0.9446
vn -0.2751 0.0535 -0.9599
vn -0.7483 0.0024 -0.6634
vn -0.7483 0.0024 -0.6633
vn -0.6632 0.0018 -0.7484
vn -0.6635 0.0018 -0.7482
vn -0.6447 0.0017 -0.7644
vn -0.2627 -0.3509 -0.8988
vn -0.2626 -0.3518 -0.8985
vn -0.2731 -0.1823 -0.9445
vn -0.2730 -0.1838 -0.9443
vn 0.2882 -0.0048 -0.9575
vn 0.2883 -0.0048 -0.9575
vn 0.1778 -0.0038 -0.9841
vn 0.1780 -0.0038 -0.9840
vn 0.1549 -0.0036 -0.9879
vn -0.9852 -0.0138 -0.1710
vn -0.9852 -0.0123 -0.1711
vn -0.8236 -0.0132 0.5669
vn -0.7435 -0.0140 0.6686
vn 0.9614 -0.0072 -0.2750
vn 0.9592 -0.0676 -0.2744
vn -0.9701 -0.0079 -0.2426
vn -0.9912 -0.0127 -0.1315
vn -0.8186 -0.0153 0.5742
vn -0.6898 -0.0139 0.7239
vn -0.8907 -0.0151 0.4543
vn 0.9611 0.0250 -0.2750
vn 0.9600 -0.0543 -0.2746
vn 0.9614 0.0019 -0.2750
vn 0.9607 0.0400 -0.2748
vn -0.2177 0.7663 0.6044
vn -0.8721 -0.0040 -0.4892
vn -0.8732 -0.0080 -0.4873
vn -0.8742 -0.0108 -0.4854
vn -0.8743 -0.0097 -0.4854
vn -0.4813 -0.0111 0.8765
vn -0.4774 -0.0102 0.8786
vn 0.0495 -0.9332 0.3561
vn 0.2980 0.0049 -0.9545
vn 0.2981 0.0025 -0.9545
vn 0.2369 0.0022 -0.9715
vn 0.2182 0.0043 -0.9759
vn -0.2330 0.5491 -0.8026
vn -0.2441 0.4798 -0.8427
vn -0.2442 0.4789 -0.8432
vn -0.2220 0.5700 -0.7911
vn -0.2288 0.5338 -0.8141
vn -0.2289 0.5331 -0.8145
vn -0.7578 0.0075 -0.6525
vn -0.7577 0.0110 -0.6525
vn -0.7148 0.0099 -0.6992
vn -0.7148 0.0067 -0.6993
vn 0.4784 -0.0293 -0.8777
vn 0.4759 -0.0205 -0.8793
vn 0.3985 -0.0160 -0.9170
vn 0.4275 -0.0273 -0.9036
vn 0.2571 -0.0195 0.9662
vn 0.2181 0.0012 0.9759
vn 0.2183 0.0008 0.9759
vn 0.2178 0.0001 0.9760
vn 0.2472 0.0305 0.9685
vn 0.3022 0.0304 0.9528
vn 0.3298 -0.0000 0.9441
vn 0.3004 -0.0288 0.9534
vn 0.2470 -0.0296 0.9686
vn 0.2177 0.0016 0.9760
vn 0.2177 -0.0005 0.9760
vn 0.2233 0.0006 0.9748
vn 0.2608 0.0141 0.9653
vn 0.3775 0.0004 0.9260
vn 0.3599 -0.0095 0.9329
vn 0.3835 -0.0091 0.9235
vn -0.2360 -0.4959 -0.8357
vn -0.2410 -0.4639 -0.8525
vn -0.2412 -0.4624 -0.8532
vn 0.7578 0.0025 0.6525
vn 0.7578 0.0049 0.6525
vn 0.7013 0.0043 0.7129
vn 0.7149 0.0022 0.6992
vn 0.7577 0.0048 0.6526
vn 0.7574 0.0207 0.6526
vn 0.7008 0.0180 0.7132
vn 0.7151 0.0044 0.6990
vn -0.6618 -0.0043 0.7497
vn -0.6584 0.0063 0.7526
vn -0.5686 0.0061 0.8226
vn -0.5716 -0.0034 0.8205
vn 0.8637 -0.0200 0.5035
vn 0.8645 -0.0290 0.5018
vn 0.8343 -0.0269 0.5506
vn 0.8193 -0.0159 0.5731
vn 0.9059 -0.1465 -0.3974
vn 0.9708 -0.0089 -0.2399
vn 0.9992 -0.0081 0.0380
vn 0.9875 -0.1099 0.1128
vn -0.6527 0.0183 0.7574
vn -0.5626 0.0163 0.8266
vn -0.4224 -0.8233 -0.3791
vn -0.4158 -0.8702 -0.2645
vn -0.3069 -0.9477 0.0878
vn -0.3310 -0.9389 0.0947
vn -0.0129 -0.0260 -0.9996
vn -0.0032 0.0073 -1.0000
vn 0.0709 0.0082 -0.9974
vn 0.2118 0.0086 -0.9773
vn 0.0062 0.0013 -1.0000
vn -0.0269 -0.0462 -0.9986
vn 0.8726 -0.2958 -0.3885
vn 0.8961 -0.2002 -0.3961
vn 0.9701 -0.2002 -0.1376
vn 0.9462 -0.2958 -0.1315
vn -0.2361 -0.9642 -0.1206
vn -0.1426 -0.9889 0.0408
vn 0.9165 -0.0000 -0.4000
vn 0.9894 -0.0000 -0.1451
vn 0.9294 -0.0388 0.3670
vn 0.8766 -0.0357 0.4799
vn 0.9132 -0.0748 -0.4006
vn 0.9869 -0.0748 -0.1426
vn 0.9170 -0.0079 -0.3989
vn 0.9894 -0.0079 -0.1451
vn -0.2976 0.0237 0.9544
vn -0.2978 0.0147 0.9545
vn -0.2369 0.0132 0.9714
vn -0.2174 0.0206 0.9759
vn -0.2933 -0.0201 -0.9558
vn -0.2470 -0.0297 -0.9686
vn -0.2173 0.0005 -0.9761
vn -0.2181 -0.0007 -0.9759
vn -0.2194 -0.0000 -0.9756
vn -0.2495 0.0277 -0.9680
vn -0.3044 0.0349 -0.9519
vn -0.2900 -0.0171 -0.9569
vn 0.9149 -0.0510 -0.4005
vn 0.9994 0.0065 -0.0340
vn 0.9808 0.1951 -0.0010
vn 0.8906 -0.0086 -0.4547
vn 0.8201 -0.0090 -0.5722
vn 0.9081 -0.0003 -0.4188
vn 0.9245 0.0058 -0.3811
vn 0.9993 -0.0377 0.0003
vn 0.9160 0.0326 -0.3998
vn 0.9889 0.0326 -0.1447
vn 0.9146 -0.0468 -0.4016
vn 0.9846 -0.0421 0.1697
vn -0.2980 0.0110 0.9545
vn -0.2980 0.0075 0.9545
vn -0.2368 0.0067 0.9715
vn -0.2369 0.0099 0.9715
vn 0.7799 -0.0000 -0.6259
vn 0.7093 -0.0000 -0.7049
vn 0.2599 -0.0171 0.9655
vn 0.2451 0.0349 0.9689
vn 0.3001 0.0276 0.9535
vn 0.3310 -0.0007 0.9436
vn 0.3318 0.0005 0.9434
vn 0.3026 -0.0297 0.9527
vn -0.5157 -0.8440 0.1475
vn 0.9195 -0.0112 -0.3930
vn 0.9241 -0.0183 -0.3816
vn 0.9974 -0.0197 0.0692
vn 0.9888 -0.0117 0.1490
vn -0.0194 0.9887 -0.1486
vn -0.0064 0.9948 -0.1017
vn 0.1213 0.9345 0.3347
vn 0.1420 0.8949 0.4231
vn -0.2530 -0.5484 -0.7970
vn -0.2496 -0.5486 -0.7979
vn -0.2567 -0.4951 -0.8300
vn -0.2586 -0.4910 -0.8319
vn -0.2698 -0.5475 -0.7921
vn -0.2768 -0.4705 -0.8379
vn -0.7578 0.0035 -0.6525
vn -0.7138 0.0031 -0.7003
vn -0.7135 0.0031 -0.7007
vn 0.2977 0.0207 -0.9544
vn 0.2979 0.0048 -0.9546
vn 0.2372 0.0044 -0.9715
vn 0.2176 0.0180 -0.9759
vn 0.2979 -0.0121 -0.9545
vn 0.2979 -0.0152 -0.9545
vn 0.2177 -0.0132 -0.9759
vn 0.2368 -0.0109 -0.9715
vn 0.2980 -0.0045 -0.9545
vn 0.2370 -0.0040 -0.9715
vn -0.2466 -0.5486 -0.7988
vn -0.2542 -0.4940 -0.8315
vn -0.9624 0.0036 0.2716
vn -0.9730 0.0315 0.2288
vn -0.9614 -0.0000 0.2750
vn 0.2981 -0.0014 -0.9545
vn 0.2981 0.0017 -0.9545
vn 0.2367 0.0016 -0.9716
vn 0.2182 -0.0012 -0.9759
vn -0.7578 0.0006 -0.6525
vn -0.7150 0.0006 -0.6992
vn -0.7578 -0.0065 -0.6525
vn -0.7012 -0.0057 -0.7129
vn -0.2299 0.5491 -0.8035
vn -0.2414 0.4792 -0.8438
vn -0.2414 0.4794 -0.8438
vn 0.2981 -0.0015 -0.9545
vn 0.2981 -0.0000 -0.9545
vn 0.2166 -0.0000 -0.9763
vn 0.2371 -0.0017 -0.9715
vn 0.2980 -0.0070 -0.9545
vn 0.2370 -0.0063 -0.9715
vn -0.7576 0.0147 -0.6525
vn -0.7009 0.0128 -0.7131
vn 0.8709 -0.2881 -0.3980
vn 0.9715 -0.2111 0.1080
vn -0.7577 -0.0045 -0.6526
vn -0.7576 0.0147 -0.6526
vn -0.7148 0.0132 -0.6992
vn -0.7150 -0.0041 -0.6991
vn -0.7577 -0.0026 -0.6526
vn -0.7125 -0.0038 -0.7017
vn -0.7577 0.0095 -0.6525
vn -0.6944 0.0081 -0.7196
vn -0.2024 0.5483 -0.8114
vn -0.2096 0.5487 -0.8093
vn -0.2230 0.4848 -0.8457
vn -0.2139 0.4966 -0.8412
vn -0.1985 0.5481 -0.8125
vn -0.2106 0.4943 -0.8434
vn -0.2017 0.5483 -0.8116
vn -0.2167 0.4793 -0.8505
vn 0.2981 -0.0029 -0.9545
vn 0.2980 -0.0058 -0.9545
vn 0.2189 -0.0050 -0.9757
vn 0.2369 -0.0026 -0.9715
vn 0.2981 0.0024 -0.9545
vn -0.7573 0.0237 -0.6526
vn -0.7006 0.0206 -0.7132
vn 0.0223 0.9947 -0.1000
vn 0.0370 0.9884 -0.1475
vn 0.0738 0.9970 -0.0211
vn 0.0779 0.9939 0.0780
vn 0.2101 -0.5486 0.8092
vn 0.2068 -0.5484 0.8102
vn 0.2205 -0.4910 0.8428
vn 0.2211 -0.4951 0.8402
vn 0.1899 -0.5475 0.8150
vn 0.2082 -0.4705 0.8575
vn 0.2267 0.5491 0.8044
vn 0.2387 0.4789 0.8448
vn 0.2385 0.4798 0.8443
vn 0.7576 -0.0152 0.6525
vn 0.7577 -0.0121 0.6525
vn 0.7148 -0.0109 0.6993
vn 0.7009 -0.0132 0.7132
vn 0.7578 -0.0045 0.6525
vn 0.7149 -0.0040 0.6992
vn 0.2132 -0.5486 0.8084
vn 0.2240 -0.4940 0.8401
vn -0.2981 0.0035 0.9545
vn -0.2350 0.0031 0.9720
vn -0.2355 0.0031 0.9719
vn 0.7578 0.0017 0.6525
vn 0.7578 -0.0014 0.6525
vn 0.7013 -0.0012 0.7128
vn 0.7147 0.0016 0.6994
vn -0.2980 0.0006 0.9546
vn -0.2370 0.0006 0.9715
vn -0.2980 -0.0065 0.9545
vn -0.2181 -0.0057 0.9759
vn 0.2299 0.5491 0.8035
vn 0.2414 0.4794 0.8438
vn 0.2414 0.4792 0.8438
vn 0.7578 -0.0000 0.6525
vn 0.7578 -0.0015 0.6525
vn 0.7150 -0.0017 0.6991
vn 0.7002 -0.0000 0.7140
vn 0.7577 -0.0070 0.6525
vn 0.7149 -0.0063 0.6992
vn -0.2979 0.0147 0.9545
vn -0.2177 0.0128 0.9759
vn 0.8941 -0.0829 0.4402
vn -0.2980 -0.0045 0.9546
vn -0.2371 -0.0041 0.9715
vn -0.2980 -0.0026 0.9546
vn -0.2336 -0.0038 0.9723
vn -0.2980 0.0095 0.9545
vn -0.2088 0.0081 0.9779
vn 0.2502 0.5487 0.7977
vn 0.2574 0.5483 0.7957
vn 0.2633 0.4966 0.8271
vn 0.2580 0.4848 0.8357
vn 0.2612 0.5481 0.7945
vn 0.2673 0.4943 0.8272
vn 0.2580 0.5483 0.7955
vn 0.2659 0.4793 0.8364
vn 0.7578 -0.0058 0.6525
vn 0.7578 -0.0029 0.6525
vn 0.7149 -0.0026 0.6992
vn 0.7018 -0.0050 0.7123
vn 0.7578 0.0024 0.6525
vn -0.2605 -0.9393 -0.2232
vn -0.6628 -0.0074 0.7487
vn -0.5966 -0.0070 0.8025
vn -0.5559 -0.0282 0.8308
vn -0.5460 -0.0111 0.8377
vn -0.4612 -0.0058 0.8873
vn -0.4979 -0.0264 0.8668
vn -0.4847 0.0017 0.8747
vn -0.4870 -0.0014 0.8734
vn -0.4108 -0.0020 0.9117
vn -0.4315 0.0016 0.9021
vn 0.8602 0.0049 0.5099
vn 0.8165 0.0049 0.5774
vn 0.2078 0.6386 0.7409
vn 0.2171 0.5965 0.7727
vn 0.2170 0.5971 0.7722
vn 0.8517 0.0008 0.5240
vn 0.8098 0.0029 0.5867
vn 0.2181 0.7130 0.6664
vn 0.2143 0.7111 0.6696
vn 0.2290 0.6516 0.7231
vn 0.2328 0.6514 0.7221
vn 0.8474 -0.0112 0.5309
vn 0.8153 -0.0104 0.5790
vn 0.2161 -0.0557 0.9748
vn 0.3328 -0.0551 0.9414
vn 0.3498 -0.0001 0.9368
vn 0.3498 -0.0010 0.9368
vn 0.3495 -0.0014 0.9369
vn 0.3323 0.0549 0.9416
vn 0.2147 0.0541 0.9752
vn 0.1987 -0.0005 0.9801
vn 0.1987 0.0009 0.9801
vn 0.1992 0.0002 0.9800
vn 0.1461 -0.7432 0.6530
vn 0.1542 -0.7470 0.6467
vn 0.1692 -0.6996 0.6942
vn 0.1661 -0.6777 0.7163
vn 0.9004 -0.0100 0.4350
vn 0.8994 -0.0152 0.4369
vn 0.8553 -0.0131 0.5179
vn 0.8565 -0.0090 0.5161
vn 0.1431 -0.7357 0.6620
vn 0.1632 -0.6704 0.7239
vn 0.9036 0.0007 0.4284
vn 0.8591 -0.0008 0.5118
vn 0.1477 -0.7335 0.6634
vn 0.1638 -0.6833 0.7116
vn 0.9054 0.0087 0.4246
vn 0.8754 0.0082 0.4834
vn 0.3295 -0.0569 0.9424
vn 0.3324 0.0564 0.9414
vn 0.2775 0.0790 0.9575
vn 0.2772 0.0782 0.9576
vn 0.2768 0.0807 0.9575
vn 0.2110 0.0589 0.9757
vn 0.1929 -0.0003 0.9812
vn 0.1930 0.0007 0.9812
vn 0.1939 0.0017 0.9810
vn 0.2121 -0.0549 0.9757
vn -0.4918 0.0040 0.8707
vn -0.4920 0.0073 0.8706
vn -0.4327 0.0067 0.9015
vn -0.4146 0.0032 0.9100
vn 0.2139 -0.6284 0.7479
vn 0.2226 -0.5872 0.7782
vn 0.2226 -0.5874 0.7781
vn 0.2301 0.7001 0.6760
vn 0.2383 0.6424 0.7284
vn -0.4910 -0.0032 0.8711
vn -0.4139 -0.0027 0.9103
vn -0.5263 0.0016 0.8503
vn -0.5252 -0.0000 0.8510
vn -0.4698 -0.0000 0.8828
vn -0.4468 0.0018 0.8946
vn 0.2500 0.6901 0.6791
vn 0.2582 0.6456 0.7187
vn -0.5292 0.0093 0.8484
vn -0.4495 0.0084 0.8932
vn 0.8300 -0.0040 0.5577
vn 0.7993 -0.0037 0.6009
vn 0.8012 -0.0037 0.5984
vn 0.2152 -0.6396 0.7380
vn 0.2235 -0.6003 0.7679
vn 0.2244 -0.5961 0.7709
vn 0.2201 0.6202 0.7530
vn 0.2282 0.5796 0.7823
vn 0.2281 0.5804 0.7818
vn 0.2019 -0.0003 0.9794
vn 0.2017 -0.0003 0.9794
vn 0.2016 0.0003 0.9795
vn 0.2158 -0.0563 0.9748
vn 0.2693 -0.0766 0.9600
vn 0.2698 -0.0781 0.9598
vn 0.3267 -0.0603 0.9432
vn 0.3470 0.0004 0.9379
vn 0.3465 0.0006 0.9381
vn 0.3463 -0.0017 0.9381
vn 0.3302 0.0522 0.9425
vn 0.2189 0.0542 0.9742
vn -0.6495 0.0226 0.7601
vn -0.5870 0.0212 0.8093
vn 0.8992 -0.0195 0.4372
vn 0.8690 -0.0182 0.4945
vn -0.9375 -0.0044 -0.3479
vn -0.9382 -0.0072 -0.3460
vn -0.9081 -0.0069 -0.4188
vn -0.8914 -0.0034 -0.4533
vn -0.9149 -0.0113 -0.4035
vn -0.9196 -0.0287 -0.3919
vn -0.8900 -0.0268 -0.4551
vn -0.8697 -0.0058 -0.4936
vn -0.8791 -0.0013 -0.4766
vn -0.8778 0.0017 -0.4791
vn -0.8480 0.0016 -0.5301
vn -0.8339 -0.0021 -0.5520
vn -0.9364 0.0223 -0.3504
vn -0.9360 0.0181 -0.3517
vn -0.8894 0.0161 -0.4569
vn -0.9095 0.0211 -0.4151
vn 0.5494 -0.0198 -0.8354
vn 0.5495 -0.0155 -0.8353
vn 0.4680 -0.0133 -0.8836
vn 0.4927 -0.0185 -0.8700
vn -0.9360 0.0061 -0.3520
vn -0.8900 0.0060 -0.4559
vn -0.3459 -0.0003 -0.9383
vn -0.3291 0.0518 -0.9429
vn -0.2187 0.0498 -0.9745
vn -0.2031 -0.0017 -0.9792
vn -0.2029 0.0006 -0.9792
vn -0.2024 0.0004 -0.9793
vn -0.2219 -0.0579 -0.9733
vn -0.2785 -0.0753 -0.9575
vn -0.2790 -0.0740 -0.9574
vn -0.3318 -0.0542 -0.9418
vn -0.3461 0.0003 -0.9382
vn -0.3460 -0.0003 -0.9382
vn 0.4680 0.0048 -0.8837
vn 0.3929 0.0049 -0.9196
vn -0.2159 0.6369 -0.7401
vn -0.2245 0.5956 -0.7713
vn -0.2246 0.5950 -0.7717
vn 0.4525 0.0005 -0.8918
vn 0.3820 0.0029 -0.9242
vn -0.2005 0.6121 -0.7649
vn -0.1940 0.6157 -0.7637
vn -0.2077 0.5600 -0.8021
vn -0.2110 0.5586 -0.8022
vn 0.4448 -0.0112 -0.8956
vn 0.3923 -0.0104 -0.9198
vn -0.3330 -0.0561 -0.9413
vn -0.3503 0.0002 -0.9366
vn -0.3508 0.0010 -0.9365
vn -0.3508 -0.0005 -0.9364
vn -0.3344 0.0545 -0.9409
vn -0.2150 0.0553 -0.9751
vn -0.1977 -0.0015 -0.9803
vn -0.1975 -0.0010 -0.9803
vn -0.1975 -0.0001 -0.9803
vn -0.2145 -0.0555 -0.9752
vn -0.2229 -0.7006 -0.6778
vn -0.2322 -0.6976 -0.6778
vn -0.2458 -0.6354 -0.7320
vn -0.2331 -0.6551 -0.7187
vn 0.5510 -0.0101 -0.8344
vn 0.4697 -0.0091 -0.8828
vn -0.2386 -0.6919 -0.6814
vn -0.2515 -0.6297 -0.7350
vn 0.5573 0.0007 -0.8303
vn 0.4742 -0.0008 -0.8804
vn -0.2353 -0.6903 -0.6842
vn -0.2453 -0.6420 -0.7264
vn 0.5608 0.0089 -0.8279
vn 0.5037 0.0083 -0.8639
vn -0.2170 -0.0477 -0.9750
vn -0.3311 -0.0464 -0.9425
vn -0.3471 0.0017 -0.9378
vn -0.3477 0.0006 -0.9376
vn -0.3476 -0.0003 -0.9376
vn -0.3312 0.0512 -0.9422
vn -0.2721 0.0709 -0.9596
vn -0.2719 0.0692 -0.9598
vn -0.2715 0.0703 -0.9599
vn -0.2148 0.0494 -0.9754
vn -0.8821 0.0073 -0.4711
vn -0.8819 0.0041 -0.4715
vn -0.8362 0.0032 -0.5484
vn -0.8486 0.0067 -0.5290
vn -0.2143 -0.6267 -0.7492
vn -0.2229 -0.5859 -0.7792
vn -0.2229 -0.5857 -0.7793
vn -0.1906 0.6111 -0.7682
vn -0.2050 0.5572 -0.8047
vn -0.8814 -0.0033 -0.4723
vn -0.8358 -0.0027 -0.5490
vn -0.9046 -0.0000 -0.4262
vn -0.9051 0.0016 -0.4251
vn -0.8615 0.0018 -0.5077
vn -0.8748 -0.0000 -0.4845
vn -0.1738 0.6073 -0.7752
vn -0.1865 0.5607 -0.8067
vn -0.9065 0.0095 -0.4220
vn -0.8630 0.0085 -0.5051
vn 0.6712 -0.0054 -0.7412
vn 0.6099 -0.0051 -0.7925
vn 0.6011 -0.0050 -0.7992
vn 0.2737 0.2677 0.9238
vn 0.2608 0.3148 0.9126
vn 0.2559 0.4859 0.8357
vn 0.2356 0.5142 0.8247
vn 0.2062 0.6613 0.7212
vn 0.2755 0.2624 0.9248
vn 0.2592 0.4825 0.8367
vn 0.2764 0.2626 0.9245
vn 0.2621 0.4774 0.8387
vn 0.4230 0.1561 0.8926
vn 0.2761 0.5018 0.8197
vn 0.5485 -0.0018 0.8361
vn 0.7003 -0.0029 0.7138
vn 0.6970 -0.0028 0.7170
vn 0.2648 -0.2920 0.9190
vn 0.2646 -0.2944 0.9183
vn 0.2459 -0.4673 0.8492
vn 0.2452 -0.4727 0.8464
vn -0.0172 0.0060 0.9998
vn -0.0917 0.0095 0.9957
vn -0.3129 0.0118 0.9497
vn -0.3722 0.0162 0.9280
vn -0.0203 0.0023 0.9998
vn -0.3187 0.0044 0.9478
vn -0.0208 -0.0013 0.9998
vn -0.3204 -0.0025 0.9473
vn -0.0955 -0.0033 0.9954
vn -0.3785 -0.0056 0.9256
vn 0.2612 0.2923 0.9200
vn 0.2613 0.2917 0.9201
vn 0.2400 0.4688 0.8501
vn 0.2402 0.4680 0.8505
vn 0.5220 -0.0049 0.8529
vn 0.5760 -0.0083 0.8174
vn 0.7184 -0.0094 0.6956
vn 0.7540 -0.0139 0.6567
vn 0.5231 -0.0034 0.8523
vn 0.7197 -0.0065 0.6942
vn 0.5229 -0.0004 0.8524
vn 0.7211 -0.0006 0.6928
vn 0.5783 0.0038 0.8158
vn 0.7594 0.0063 0.6506
vn 0.2634 -0.2883 0.9206
vn 0.2634 -0.2884 0.9206
vn 0.2440 -0.4616 0.8529
vn 0.2440 -0.4614 0.8530
vn 0.0091 0.0007 1.0000
vn -0.0535 -0.0000 0.9986
vn -0.2385 0.0013 0.9711
vn -0.2879 -0.0000 0.9577
vn 0.0080 0.0032 1.0000
vn -0.2406 0.0060 0.9706
vn 0.0079 -0.0017 1.0000
vn -0.2462 -0.0039 0.9692
vn -0.0624 -0.0121 0.9980
vn -0.3073 -0.0202 0.9514
vn 0.2659 0.2830 0.9215
vn 0.2660 0.2818 0.9219
vn 0.2482 0.4549 0.8552
vn 0.2484 0.4536 0.8559
vn 0.5084 -0.0059 0.8611
vn 0.5583 -0.0122 0.8296
vn 0.6898 -0.0113 0.7239
vn 0.7239 -0.0203 0.6896
vn 0.5084 0.0019 0.8611
vn 0.6885 0.0035 0.7252
vn 0.5084 0.0013 0.8611
vn 0.6848 0.0021 0.7287
vn 0.5515 -0.0050 0.8342
vn 0.7085 -0.0080 0.7057
vn 0.2502 -0.2662 0.9309
vn 0.2469 -0.3238 0.9133
vn 0.2114 -0.4966 0.8419
vn 0.2094 -0.5411 0.8145
vn 0.2487 -0.2621 0.9325
vn 0.2090 -0.4900 0.8463
vn 0.2436 -0.3119 0.9183
vn 0.2049 -0.5242 0.8266
vn 0.0192 0.0012 0.9998
vn -0.0357 0.0030 0.9994
vn -0.2159 0.0023 0.9764
vn -0.2562 0.0050 0.9666
vn 0.0195 -0.0010 0.9998
vn -0.2154 -0.0020 0.9765
vn 0.0202 -0.0009 0.9998
vn -0.2133 -0.0015 0.9770
vn -0.0382 0.0006 0.9993
vn -0.2589 0.0011 0.9659
vn 0.1936 0.7103 0.6768
vn -0.2270 0.5652 -0.7931
vn -0.2374 0.4159 -0.8779
vn -0.2474 0.4387 -0.8639
vn -0.2603 0.2326 -0.9371
vn -0.2649 0.2711 -0.9254
vn -0.2355 0.4144 -0.8791
vn -0.2596 0.2291 -0.9382
vn -0.2331 0.4140 -0.8799
vn -0.2581 0.2311 -0.9381
vn -0.2163 0.4317 -0.8757
vn -0.0978 0.1399 -0.9853
vn 0.3730 -0.0039 -0.9278
vn 0.3608 -0.0038 -0.9326
vn -0.1072 -0.1289 -0.9858
vn -0.2534 -0.3701 -0.8938
vn -0.2537 -0.3677 -0.8947
vn -0.4259 -0.1240 -0.8962
vn -0.7352 0.0115 -0.6777
vn -0.7844 0.0163 -0.6200
vn -0.5215 0.0059 -0.8533
vn -0.7370 0.0043 -0.6758
vn -0.5231 0.0023 -0.8523
vn -0.7378 -0.0025 -0.6750
vn -0.5232 -0.0012 -0.8522
vn -0.7814 -0.0055 -0.6241
vn -0.5821 -0.0033 -0.8131
vn -0.2459 0.4686 -0.8485
vn -0.2460 0.4677 -0.8490
vn -0.2648 0.2932 -0.9187
vn -0.2648 0.2926 -0.9188
vn 0.2530 -0.0096 -0.9674
vn 0.3055 -0.0142 -0.9521
vn -0.0033 -0.0050 -1.0000
vn 0.0631 -0.0085 -0.9980
vn 0.2547 -0.0066 -0.9670
vn -0.0021 -0.0035 -1.0000
vn 0.2566 -0.0006 -0.9665
vn -0.0024 -0.0005 -1.0000
vn 0.3129 0.0064 -0.9498
vn 0.0658 0.0038 -0.9978
vn -0.2440 -0.4613 -0.8530
vn -0.2440 -0.4611 -0.8531
vn -0.2633 -0.2891 -0.9204
vn -0.2633 -0.2892 -0.9203
vn -0.7239 0.0014 -0.6899
vn -0.7594 -0.0000 -0.6506
vn -0.5251 0.0007 -0.8510
vn -0.5788 -0.0000 -0.8154
vn -0.7254 0.0061 -0.6883
vn -0.5261 0.0033 -0.8504
vn -0.7294 -0.0040 -0.6840
vn -0.5261 -0.0017 -0.8504
vn -0.7727 -0.0206 -0.6345
vn -0.5861 -0.0123 -0.8101
vn -0.2464 0.4214 -0.8728
vn -0.2465 0.4203 -0.8733
vn -0.1208 0.1340 -0.9836
vn -0.4163 0.1399 -0.8984
vn 0.2037 -0.0113 -0.9790
vn 0.2558 -0.0206 -0.9665
vn -0.0253 -0.0058 -0.9997
vn 0.2016 0.0035 -0.9795
vn -0.0254 0.0019 -0.9997
vn 0.1964 0.0022 -0.9805
vn -0.0254 0.0014 -0.9997
vn 0.2315 -0.0080 -0.9728
vn 0.0267 -0.0049 -0.9996
vn -0.2685 -0.4674 -0.8423
vn -0.2573 -0.5072 -0.8225
vn -0.2801 -0.2540 -0.9258
vn -0.2742 -0.3067 -0.9115
vn -0.2726 -0.4622 -0.8439
vn -0.2821 -0.2505 -0.9261
vn -0.2667 -0.4934 -0.8279
vn -0.4259 -0.1530 -0.8918
vn -0.7000 0.0023 -0.7141
vn -0.7315 0.0051 -0.6819
vn -0.5111 0.0012 -0.8595
vn -0.6997 -0.0019 -0.7145
vn -0.5109 -0.0010 -0.8596
vn -0.6980 -0.0016 -0.7161
vn -0.5102 -0.0009 -0.8600
vn -0.7336 0.0011 -0.6796
vn -0.2182 0.6088 -0.7627
vn -0.2472 -0.0306 -0.9685
vn -0.2764 -0.0587 -0.9593
vn -0.2757 -0.1959 -0.9411
vn -0.1960 -0.0813 -0.9772
vn -0.2677 -0.3587 -0.8943
vn -0.2594 -0.3320 -0.9069
vn -0.2414 -0.4793 -0.8438
vn -0.2767 -0.0596 -0.9591
vn -0.2767 -0.1987 -0.9402
vn -0.2695 -0.3608 -0.8929
vn -0.2779 -0.0534 -0.9591
vn -0.2785 -0.1879 -0.9419
vn -0.2710 -0.3520 -0.8959
vn -0.3693 -0.0769 -0.9261
vn -0.2838 -0.3171 -0.9049
vn -0.3643 0.0845 -0.9274
vn -0.6058 0.0023 -0.7956
vn -0.6057 0.0023 -0.7957
vn -0.1968 0.0795 -0.9772
vn -0.2614 0.3315 -0.9065
vn -0.2612 0.3342 -0.9056
vn -0.2181 -0.0013 -0.9759
vn -0.0801 -0.0043 -0.9968
vn 0.0892 -0.0079 -0.9960
vn 0.0569 -0.0091 -0.9983
vn -0.2180 -0.0005 -0.9759
vn -0.0800 -0.0016 -0.9968
vn 0.0894 -0.0029 -0.9960
vn -0.2181 0.0003 -0.9759
vn -0.0801 0.0009 -0.9968
vn 0.0893 0.0016 -0.9960
vn 0.0575 0.0029 -0.9983
vn -0.2299 -0.5491 -0.8035
vn -0.3498 -0.0796 -0.9335
vn -0.1959 -0.0787 -0.9775
vn -0.2575 -0.3315 -0.9076
vn -0.2575 -0.3316 -0.9076
vn -0.2386 -0.4789 -0.8448
vn -0.2386 -0.4790 -0.8448
vn -0.3311 0.0012 -0.9436
vn -0.4592 0.0039 -0.8883
vn -0.6025 0.0072 -0.7981
vn -0.5763 0.0088 -0.8172
vn -0.3308 0.0008 -0.9437
vn -0.4590 0.0027 -0.8885
vn -0.6024 0.0049 -0.7982
vn -0.3313 0.0001 -0.9435
vn -0.4595 0.0002 -0.8882
vn -0.6028 0.0004 -0.7979
vn -0.3024 0.0305 -0.9527
vn -0.3504 0.0810 -0.9331
vn -0.5767 -0.0039 -0.8169
vn -0.2474 0.0304 -0.9684
vn -0.1971 0.0820 -0.9769
vn -0.2594 0.3320 -0.9069
vn -0.0814 -0.0003 -0.9967
vn 0.0891 -0.0009 -0.9960
vn 0.0544 -0.0000 -0.9985
vn -0.0801 -0.0024 -0.9968
vn 0.0896 -0.0045 -0.9960
vn -0.0791 0.0017 -0.9969
vn 0.0900 0.0032 -0.9959
vn 0.0569 0.0124 -0.9983
vn -0.2266 -0.5491 -0.8044
vn -0.2493 -0.0288 -0.9680
vn -0.3026 -0.0296 -0.9527
vn -0.3507 -0.0782 -0.9332
vn -0.1965 -0.0822 -0.9770
vn -0.2617 -0.3315 -0.9064
vn -0.2617 -0.3321 -0.9062
vn -0.2447 -0.4789 -0.8431
vn -0.2446 -0.4793 -0.8429
vn -0.3314 0.0016 -0.9435
vn -0.4596 0.0053 -0.8881
vn -0.6027 0.0096 -0.7979
vn -0.5761 0.0142 -0.8173
vn -0.3314 -0.0005 -0.9435
vn -0.4597 -0.0016 -0.8881
vn -0.6029 -0.0030 -0.7978
vn -0.3260 0.0006 -0.9454
vn -0.4514 -0.0004 -0.8923
vn -0.5970 -0.0025 -0.8023
vn -0.2891 0.0141 -0.9572
vn -0.3426 0.0877 -0.9354
vn -0.5632 0.0054 -0.8263
vn -0.2719 0.0610 -0.9604
vn -0.2601 0.2025 -0.9441
vn -0.2383 0.3654 -0.8998
vn -0.2470 0.3434 -0.9061
vn -0.2712 0.0588 -0.9607
vn -0.2583 0.1976 -0.9457
vn -0.2360 0.3598 -0.9027
vn -0.2456 0.0305 -0.9689
vn -0.1911 0.0817 -0.9782
vn -0.2423 0.3328 -0.9114
vn -0.2181 -0.0003 -0.9759
vn -0.0801 -0.0010 -0.9968
vn 0.0893 -0.0019 -0.9960
vn 0.0587 -0.0035 -0.9983
vn -0.2183 0.0002 -0.9759
vn -0.0806 0.0006 -0.9967
vn 0.0889 0.0011 -0.9960
vn 0.0576 -0.0008 -0.9983
vn -0.2336 -0.5491 -0.8025
vn 0.2772 0.0610 0.9589
vn 0.2779 0.0588 0.9588
vn 0.3039 0.0305 0.9522
vn 0.3310 -0.0003 0.9436
vn 0.3310 0.0003 0.9436
vn 0.3309 0.0002 0.9437
vn 0.8997 0.4007 0.1729
vn 0.9195 0.2502 0.3032
vn 0.9565 0.1556 0.2466
vn -0.1327 -0.8759 -0.4639
vn -0.1070 -0.9212 -0.3740
vn -0.0438 -0.0705 -0.9966
vn 0.4263 -0.1985 -0.8825
vn 0.4824 -0.0888 -0.8714
vn 0.6616 -0.1280 -0.7389
vn 0.6045 -0.2404 -0.7595
vn -0.1945 -0.7071 -0.6798
vn 0.4854 -0.0000 -0.8743
vn -0.4285 -0.6639 -0.6129
vn -0.4598 -0.7119 -0.5308
vn 0.2442 -0.4790 0.8432
vn 0.2442 -0.4789 0.8432
vn 0.2614 -0.3315 0.9065
vn 0.2614 -0.3316 0.9065
vn 0.1968 -0.0796 0.9772
vn 0.3507 -0.0787 0.9332
vn -0.0893 0.0072 0.9960
vn -0.0569 0.0088 0.9983
vn 0.0800 0.0039 0.9968
vn -0.0891 0.0049 0.9960
vn 0.0803 0.0027 0.9968
vn -0.0896 0.0004 0.9960
vn 0.0797 0.0002 0.9968
vn -0.0575 -0.0039 0.9983
vn 0.1961 0.0810 0.9772
vn 0.2594 0.3320 0.9069
vn 0.3494 0.0820 0.9334
vn 0.6024 -0.0009 0.7982
vn 0.5742 -0.0000 0.8187
vn 0.4581 -0.0003 0.8889
vn 0.6028 -0.0045 0.7979
vn 0.4592 -0.0025 0.8883
vn 0.6031 0.0032 0.7977
vn 0.4601 0.0017 0.8879
vn 0.5762 0.0124 0.8172
vn 0.2331 -0.5491 0.8026
vn 0.2382 -0.4793 0.8447
vn 0.2382 -0.4789 0.8449
vn 0.2573 -0.3315 0.9077
vn 0.2572 -0.3321 0.9075
vn 0.1959 -0.0782 0.9775
vn 0.3499 -0.0822 0.9332
vn -0.0895 0.0096 0.9959
vn -0.0567 0.0142 0.9983
vn 0.0797 0.0053 0.9968
vn -0.0897 -0.0030 0.9960
vn 0.0795 -0.0016 0.9968
vn -0.0824 -0.0025 0.9966
vn 0.0888 -0.0004 0.9961
vn -0.0410 0.0054 0.9991
vn 0.2039 0.0877 0.9751
vn 0.2736 0.3654 0.8897
vn 0.2696 0.3434 0.8997
vn 0.2786 0.2025 0.9388
vn 0.2772 0.3598 0.8909
vn 0.2809 0.1976 0.9392
vn 0.2764 0.3328 0.9016
vn 0.3551 0.0817 0.9312
vn 0.6025 -0.0019 0.7981
vn 0.5777 -0.0035 0.8162
vn 0.4592 -0.0010 0.8883
vn 0.6025 0.0016 0.7981
vn 0.4592 0.0009 0.8883
vn 0.6022 0.0011 0.7983
vn 0.4588 0.0006 0.8886
vn 0.5769 -0.0008 0.8168
vn 0.2262 -0.5491 0.8046
vn 0.2414 -0.4793 0.8438
vn 0.2458 -0.3587 0.9005
vn 0.2594 -0.3320 0.9069
vn 0.2637 -0.1959 0.9445
vn 0.3505 -0.0813 0.9330
vn 0.2728 -0.0587 0.9603
vn 0.3024 -0.0306 0.9527
vn 0.2435 -0.3608 0.9003
vn 0.2624 -0.1987 0.9443
vn 0.2724 -0.0596 0.9603
vn 0.2438 -0.3520 0.9037
vn 0.2618 -0.1879 0.9467
vn 0.2714 -0.0533 0.9610
vn 0.2377 -0.3170 0.9181
vn 0.1764 -0.0769 0.9813
vn -0.0933 0.0023 0.9956
vn 0.1813 0.0845 0.9798
vn 0.2576 0.3315 0.9076
vn 0.2573 0.3342 0.9067
vn 0.3498 0.0795 0.9335
vn 0.6025 -0.0079 0.7981
vn 0.5763 -0.0091 0.8172
vn 0.4592 -0.0043 0.8883
vn 0.3310 -0.0013 0.9436
vn 0.6026 -0.0029 0.7980
vn 0.4593 -0.0016 0.8883
vn 0.3311 -0.0005 0.9436
vn 0.5768 0.0029 0.8169
vn 0.2299 -0.5491 0.8035
vn 0.8734 -0.0330 0.4860
vn 0.8716 -0.0631 0.4861
vn 0.8888 -0.0107 0.4581
vn 0.9031 -0.0188 0.4289
vn 0.1727 0.8350 0.5225
vn 0.2219 0.6556 0.7217
vn 0.9608 0.0279 0.2759
vn 0.9084 -0.0597 0.4139
vn 0.8731 0.0232 0.4871
vn 0.8098 -0.0494 0.5846
vn 0.4893 -0.0185 0.8719
vn 0.5136 0.0085 0.8580
vn 0.9566 -0.0637 0.2843
vn 0.8698 -0.0533 0.4905
vn 0.5115 -0.0192 0.8590
vn 0.5115 -0.0195 0.8590
vn 0.9226 -0.2521 0.2920
vn 0.8415 -0.2108 0.4974
vn 0.5018 -0.0763 0.8616
vn 0.5015 -0.0771 0.8617
vn 0.9440 -0.1713 0.2819
vn 0.8551 -0.1404 0.4990
vn 0.5046 -0.0516 0.8618
vn 0.5049 -0.0505 0.8617
vn 0.9613 -0.0000 0.2754
vn 0.8740 -0.0000 0.4860
vn 0.5142 -0.0000 0.8577
vn 0.9612 -0.0067 0.2757
vn 0.8740 -0.0056 0.4859
vn 0.5142 -0.0021 0.8577
vn 0.6863 0.0013 0.7273
vn 0.7320 -0.0096 0.6812
vn 0.6403 -0.0018 0.7681
vn 0.8262 -0.0312 0.5625
vn 0.7798 -0.0129 0.6259
vn 0.5509 -0.0292 0.8340
vn 0.7774 -0.0518 0.6268
vn 0.5142 -0.0041 0.8577
vn -0.9750 0.0517 0.2163
vn -0.9832 0.1815 -0.0165
vn -0.2458 0.2581 -0.9343
vn -0.2435 0.2583 -0.9349
vn -0.2396 0.2587 -0.9358
vn -0.2626 0.2342 -0.9360
vn -0.2546 0.2499 -0.9342
vn -0.2545 0.2500 -0.9342
vn -0.2626 0.2343 -0.9360
vn -0.1925 0.6684 -0.7185
vn -0.1673 0.6933 -0.7010
vn -0.1126 0.8391 -0.5321
vn -0.1417 0.8236 -0.5491
vn -0.1423 0.7050 -0.6948
vn -0.0805 0.8507 -0.5195
vn -0.0146 0.0085 -0.9999
vn -0.0170 0.0085 -0.9998
vn 0.1640 0.0119 -0.9864
vn 0.4849 0.0233 -0.8742
vn 0.6706 0.0279 -0.7413
vn 0.6211 0.0171 -0.7836
vn -0.0195 -0.0195 -0.9996
vn -0.0195 -0.0193 -0.9996
vn 0.4800 -0.0534 -0.8757
vn 0.6624 -0.0637 -0.7464
vn -0.0295 -0.0773 -0.9966
vn -0.0293 -0.0765 -0.9966
vn 0.4520 -0.2111 -0.8667
vn 0.6292 -0.2523 -0.7351
vn -0.0268 -0.0506 -0.9984
vn -0.0271 -0.0517 -0.9983
vn 0.4626 -0.1406 -0.8754
vn 0.6526 -0.1714 -0.7380
vn -0.0168 -0.0000 -0.9999
vn 0.6707 -0.0000 -0.7418
vn -0.0147 -0.0024 -0.9999
vn 0.4891 -0.0060 -0.8722
vn 0.6732 -0.0070 -0.7394
vn -0.0222 -0.0176 -0.9996
vn -0.0164 -0.0099 -0.9998
vn 0.4781 -0.0427 -0.8773
vn 0.6672 -0.0426 -0.7436
vn -0.0205 -0.0097 -0.9997
vn -0.0222 -0.0140 -0.9997
vn 0.4778 -0.0301 -0.8779
vn 0.6650 -0.0406 -0.7457
vn -0.0003 -0.0042 -1.0000
vn -0.0003 -0.0043 -1.0000
vn 0.5117 -0.0093 -0.8591
vn 0.6895 -0.0104 -0.7242
vn 0.0169 -0.0076 -0.9998
vn 0.5387 -0.0160 -0.8424
vn 0.7412 -0.0178 -0.6710
vn -0.1343 0.8325 -0.5374
vn -0.1934 0.6557 -0.7299
vn -0.2629 0.2267 -0.9378
vt 0.039997 0.502605
vt 0.027423 0.510515
vt 0.019267 0.504890
vt 0.024711 0.497291
vt 0.017639 0.515378
vt 0.012996 0.509868
vt 0.010163 0.505926
vt 0.012299 0.501234
vt 0.015070 0.493943
vt 0.064960 0.012288
vt 0.072092 0.013634
vt 0.063725 0.017502
vt 0.057094 0.017783
vt 0.076696 0.016430
vt 0.068404 0.019134
vt 0.062144 0.021295
vt 0.056964 0.021423
vt 0.050295 0.022485
vt 0.082705 0.027773
vt 0.069754 0.027225
vt 0.070391 0.022554
vt 0.080102 0.020737
vt 0.058807 0.027975
vt 0.060877 0.024040
vt 0.035274 0.034715
vt 0.043505 0.027610
vt 0.051798 0.025650
vt 0.047884 0.030143
vt 0.119710 0.362737
vt 0.082636 0.363674
vt 0.066119 0.359390
vt 0.077738 0.356814
vt 0.055714 0.364119
vt 0.047165 0.360338
vt 0.038125 0.357375
vt 0.044338 0.355680
vt 0.049577 0.352917
vt 0.011513 0.347296
vt 0.026418 0.349686
vt 0.020740 0.352844
vt 0.009102 0.350188
vt 0.022463 0.356273
vt 0.003761 0.353882
vt 0.003756 0.353306
vt 0.003752 0.352730
vt 0.387676 0.779471
vt 0.391272 0.770572
vt 0.391867 0.775587
vt 0.390780 0.782335
vt 0.393275 0.764720
vt 0.393274 0.773609
vt 0.393273 0.782499
vt 0.374266 0.441551
vt 0.359683 0.429494
vt 0.377187 0.425752
vt 0.383545 0.433803
vt 0.346798 0.420056
vt 0.364249 0.418124
vt 0.373767 0.415945
vt 0.381881 0.418431
vt 0.390714 0.420677
vt 0.390898 0.425333
vt 0.391082 0.429989
vt 0.316065 0.399282
vt 0.352297 0.402309
vt 0.355592 0.410202
vt 0.333238 0.410770
vt 0.372143 0.403894
vt 0.372485 0.410565
vt 0.302897 0.787775
vt 0.305191 0.793459
vt 0.298550 0.795660
vt 0.295720 0.789843
vt 0.306960 0.798253
vt 0.304173 0.798869
vt 0.301386 0.799486
vt 0.297423 0.799492
vt 0.293459 0.799497
vt 0.290950 0.796399
vt 0.288243 0.792286
vt 0.275347 0.743339
vt 0.290541 0.762106
vt 0.282943 0.769080
vt 0.269839 0.764485
vt 0.296884 0.772513
vt 0.290054 0.776038
vt 0.285102 0.780568
vt 0.278260 0.779142
vt 0.265987 0.777902
vt 0.293451 0.783264
vt 0.300485 0.780839
vt 0.285941 0.786511
vt 0.247407 0.498587
vt 0.266988 0.508105
vt 0.257680 0.525808
vt 0.241869 0.523427
vt 0.283666 0.517673
vt 0.272762 0.532192
vt 0.266446 0.544385
vt 0.255358 0.545849
vt 0.241445 0.547504
vt 0.328116 0.540186
vt 0.301084 0.554822
vt 0.287475 0.542635
vt 0.302007 0.528134
vt 0.284217 0.568614
vt 0.273567 0.555817
vt 0.256458 0.616300
vt 0.245135 0.575129
vt 0.260026 0.567253
vt 0.270705 0.585292
vt 0.110446 0.010189
vt 0.116668 0.008885
vt 0.122273 0.015254
vt 0.115867 0.019499
vt 0.120184 0.005918
vt 0.124304 0.006007
vt 0.128424 0.006096
vt 0.129791 0.015974
vt 0.129301 0.025034
vt 0.124236 0.028505
vt 0.117966 0.032051
vt 0.159497 0.016140
vt 0.145795 0.029677
vt 0.138168 0.017889
vt 0.145831 0.010854
vt 0.136485 0.042741
vt 0.132639 0.031599
vt 0.132844 0.006176
vt 0.137264 0.006257
vt 0.107455 0.073456
vt 0.116182 0.047762
vt 0.124839 0.041988
vt 0.126023 0.056576
vt 0.042247 0.720015
vt 0.054968 0.730885
vt 0.047163 0.739807
vt 0.038154 0.736592
vt 0.064298 0.739321
vt 0.055473 0.745647
vt 0.050429 0.751203
vt 0.044045 0.750215
vt 0.036546 0.749431
vt 0.084695 0.762898
vt 0.066547 0.763440
vt 0.062347 0.753906
vt 0.073653 0.748777
vt 0.055386 0.766643
vt 0.052774 0.758079
vt 0.035173 0.773532
vt 0.035943 0.761332
vt 0.044052 0.760590
vt 0.045701 0.770238
vt 0.074889 0.585307
vt 0.075479 0.597839
vt 0.059836 0.597013
vt 0.058663 0.585142
vt 0.073482 0.612127
vt 0.058554 0.609610
vt 0.047430 0.604384
vt 0.044346 0.594204
vt 0.042142 0.582646
vt 0.059824 0.653581
vt 0.043288 0.631136
vt 0.052773 0.621644
vt 0.069044 0.628458
vt 0.031020 0.614391
vt 0.039608 0.608518
vt 0.027934 0.726074
vt 0.022718 0.716255
vt 0.029187 0.708863
vt 0.020497 0.731114
vt 0.017441 0.721692
vt 0.015307 0.714980
vt 0.017288 0.709084
vt 0.021030 0.701362
vt 0.016060 0.150051
vt 0.014605 0.175192
vt 0.008054 0.180655
vt 0.009723 0.162329
vt 0.011213 0.194240
vt 0.006453 0.196691
vt 0.003345 0.200974
vt 0.003365 0.187791
vt 0.003385 0.174608
vt 0.040890 0.062742
vt 0.028151 0.076406
vt 0.021527 0.073247
vt 0.025543 0.064213
vt 0.021003 0.086330
vt 0.016755 0.081992
vt 0.013143 0.080556
vt 0.014153 0.075368
vt 0.015593 0.068626
vt 0.012323 0.104276
vt 0.008819 0.101445
vt 0.011139 0.091460
vt 0.015606 0.096063
vt 0.004837 0.098546
vt 0.004859 0.094783
vt 0.004881 0.091019
vt 0.009332 0.085496
vt 0.053585 0.015881
vt 0.056290 0.010746
vt 0.064748 0.008278
vt 0.044242 0.020616
vt 0.046539 0.016574
vt 0.047708 0.013847
vt 0.053569 0.009556
vt 0.061201 0.004089
vt 0.062587 0.004141
vt 0.063973 0.004192
vt 0.026333 0.032544
vt 0.030703 0.027000
vt 0.038623 0.021319
vt 0.035641 0.025851
vt 0.036194 0.020231
vt 0.043002 0.015995
vt 0.017072 0.042574
vt 0.022289 0.034565
vt 0.007811 0.052603
vt 0.014987 0.042130
vt 0.020441 0.034000
vt 0.027867 0.026833
vt 0.385255 0.790215
vt 0.379459 0.790834
vt 0.380480 0.783599
vt 0.383276 0.796338
vt 0.378253 0.795892
vt 0.373274 0.795373
vt 0.372240 0.792053
vt 0.372389 0.786123
vt 0.347219 0.780296
vt 0.363019 0.785858
vt 0.364114 0.793670
vt 0.355366 0.793001
vt 0.369576 0.797016
vt 0.363709 0.799469
vt 0.363286 0.799470
vt 0.362864 0.799471
vt 0.387700 0.741252
vt 0.387354 0.751749
vt 0.381608 0.760856
vt 0.380590 0.753344
vt 0.387288 0.760583
vt 0.382035 0.768040
vt 0.377104 0.773069
vt 0.374741 0.769925
vt 0.372613 0.763455
vt 0.381420 0.775750
vt 0.387272 0.769557
vt 0.374542 0.779249
vt 0.363088 0.771656
vt 0.367862 0.778124
vt 0.903882 0.681451
vt 0.900806 0.677932
vt 0.901389 0.674608
vt 0.903525 0.674633
vt 0.897729 0.674413
vt 0.899131 0.671548
vt 0.903168 0.667815
vt 0.035271 0.038922
vt 0.024476 0.046139
vt 0.022171 0.044659
vt 0.036402 0.043387
vt 0.026259 0.049166
vt 0.019193 0.054656
vt 0.015635 0.055154
vt 0.009457 0.055849
vt 0.026690 0.055547
vt 0.038348 0.050197
vt 0.017160 0.060812
vt 0.884313 0.461108
vt 0.889044 0.470484
vt 0.888732 0.477646
vt 0.884647 0.469879
vt 0.893775 0.479861
vt 0.893012 0.486196
vt 0.891763 0.490575
vt 0.888371 0.484613
vt 0.884980 0.478650
vt 0.909740 0.507525
vt 0.900705 0.506268
vt 0.897531 0.496368
vt 0.901758 0.493693
vt 0.895534 0.507667
vt 0.893649 0.499121
vt 0.059792 0.280843
vt 0.051268 0.294550
vt 0.034340 0.291042
vt 0.041763 0.277937
vt 0.041917 0.305162
vt 0.026261 0.300718
vt 0.018874 0.296540
vt 0.021780 0.288778
vt 0.027160 0.276511
vt 0.013353 0.324065
vt 0.008469 0.317250
vt 0.015140 0.307868
vt 0.032266 0.314047
vt 0.003586 0.310436
vt 0.003429 0.305696
vt 0.003273 0.300955
vt 0.011505 0.298569
vt 0.073241 0.383877
vt 0.051404 0.388629
vt 0.037511 0.383758
vt 0.052260 0.379037
vt 0.035244 0.393721
vt 0.024347 0.388940
vt 0.019078 0.384765
vt 0.025221 0.380166
vt 0.036024 0.375433
vt 0.012370 0.406977
vt 0.006580 0.403359
vt 0.011990 0.394915
vt 0.022604 0.399713
vt 0.003791 0.406029
vt 0.003675 0.395880
vt 0.003559 0.385730
vt 0.011220 0.385665
vt 0.046135 0.034291
vt 0.056265 0.032099
vt 0.054038 0.035719
vt 0.046535 0.038615
vt 0.075061 0.034921
vt 0.065760 0.032315
vt 0.066597 0.041375
vt 0.059183 0.037700
vt 0.049802 0.043717
vt 0.056209 0.049478
vt 0.081851 0.285853
vt 0.072673 0.299037
vt 0.109142 0.292002
vt 0.097188 0.304575
vt 0.083654 0.310918
vt 0.063599 0.308883
vt 0.213237 0.308402
vt 0.143823 0.321695
vt 0.122929 0.311988
vt 0.144534 0.298490
vt 0.101034 0.325490
vt 0.091441 0.317350
vt 0.059792 0.317403
vt 0.062409 0.325833
vt 0.048525 0.545653
vt 0.058820 0.556272
vt 0.043723 0.558836
vt 0.032736 0.551456
vt 0.066085 0.565383
vt 0.051764 0.566625
vt 0.041535 0.567377
vt 0.032692 0.562449
vt 0.023025 0.556049
vt 0.056177 0.575091
vt 0.071587 0.574733
vt 0.040961 0.573210
vt 0.102554 0.007222
vt 0.105071 0.006200
vt 0.109599 0.006551
vt 0.095707 0.005236
vt 0.102327 0.005451
vt 0.108948 0.005666
vt 0.072307 0.006897
vt 0.076658 0.008151
vt 0.075762 0.004580
vt 0.087551 0.004967
vt 0.167060 0.126300
vt 0.145449 0.145529
vt 0.135226 0.125087
vt 0.145790 0.108857
vt 0.127285 0.157108
vt 0.121176 0.136524
vt 0.118271 0.123247
vt 0.125483 0.111757
vt 0.133499 0.096500
vt 0.076337 0.184472
vt 0.086941 0.147878
vt 0.104810 0.143858
vt 0.107520 0.168158
vt 0.094121 0.124156
vt 0.108061 0.122998
vt 0.122430 0.085779
vt 0.114401 0.104158
vt 0.100546 0.102593
vt 0.099898 0.384795
vt 0.102840 0.390788
vt 0.083264 0.391793
vt 0.122001 0.386072
vt 0.121833 0.391285
vt 0.121959 0.395726
vt 0.110250 0.397262
vt 0.093666 0.399252
vt 0.176875 0.390415
vt 0.159368 0.397587
vt 0.141027 0.393603
vt 0.145056 0.387887
vt 0.147723 0.403718
vt 0.133408 0.399094
vt 0.114798 0.419913
vt 0.104001 0.407634
vt 0.121325 0.403988
vt 0.135202 0.410512
vt 0.119352 0.434742
vt 0.097771 0.437078
vt 0.088119 0.427889
vt 0.119270 0.447191
vt 0.100284 0.447436
vt 0.085279 0.447116
vt 0.077622 0.440724
vt 0.066205 0.433104
vt 0.112375 0.476800
vt 0.088832 0.469008
vt 0.096497 0.458135
vt 0.116734 0.460130
vt 0.068481 0.461734
vt 0.077479 0.453289
vt 0.024055 0.445640
vt 0.045244 0.438285
vt 0.060464 0.446344
vt 0.048124 0.454348
vt 0.156923 0.558126
vt 0.126573 0.571816
vt 0.115454 0.560959
vt 0.123778 0.549154
vt 0.108350 0.578388
vt 0.102576 0.568467
vt 0.094446 0.562762
vt 0.097336 0.556158
vt 0.098734 0.546198
vt 0.087487 0.572666
vt 0.091430 0.582920
vt 0.081891 0.563923
vt 0.074586 0.545438
vt 0.077721 0.555160
vt 0.148781 0.709617
vt 0.125131 0.730620
vt 0.106753 0.726099
vt 0.111199 0.714939
vt 0.110048 0.741100
vt 0.097190 0.735131
vt 0.086589 0.731471
vt 0.087193 0.725147
vt 0.086681 0.716590
vt 0.085634 0.742318
vt 0.097404 0.750160
vt 0.075993 0.734484
vt 0.065116 0.717462
vt 0.069381 0.726460
vt 0.085170 0.669072
vt 0.074040 0.684144
vt 0.056521 0.678206
vt 0.103860 0.680887
vt 0.090455 0.692965
vt 0.080347 0.699387
vt 0.067366 0.696346
vt 0.052112 0.692566
vt 0.103696 0.703390
vt 0.122643 0.692305
vt 0.083724 0.707296
vt 0.047702 0.704759
vt 0.064741 0.707227
vt 0.084955 0.776448
vt 0.077170 0.779030
vt 0.073252 0.773366
vt 0.085830 0.785083
vt 0.078699 0.785761
vt 0.073390 0.787424
vt 0.070738 0.784514
vt 0.066734 0.781155
vt 0.053020 0.791883
vt 0.060396 0.787654
vt 0.064873 0.791278
vt 0.057372 0.794334
vt 0.070896 0.791977
vt 0.065249 0.797487
vt 0.064699 0.797481
vt 0.064148 0.797474
vt 0.133931 0.596690
vt 0.121364 0.590567
vt 0.114034 0.619568
vt 0.107273 0.609101
vt 0.101817 0.603371
vt 0.106923 0.591746
vt 0.088835 0.622751
vt 0.091719 0.637870
vt 0.089480 0.608904
vt 0.091460 0.595372
vt 0.154200 0.008254
vt 0.157900 0.007724
vt 0.162453 0.008423
vt 0.151683 0.006502
vt 0.157383 0.006625
vt 0.163084 0.006747
vt 0.220541 0.064487
vt 0.203122 0.053954
vt 0.212617 0.040979
vt 0.226047 0.046613
vt 0.189879 0.042364
vt 0.200865 0.031714
vt 0.210769 0.025926
vt 0.221143 0.029381
vt 0.233647 0.032759
vt 0.175800 0.011389
vt 0.191425 0.018657
vt 0.177101 0.029975
vt 0.183982 0.007195
vt 0.198387 0.007508
vt 0.212792 0.007820
vt 0.210924 0.017565
vt 0.220421 0.437885
vt 0.197215 0.465456
vt 0.179185 0.468679
vt 0.181550 0.451954
vt 0.184438 0.489134
vt 0.171269 0.488338
vt 0.160547 0.487025
vt 0.160445 0.475236
vt 0.158787 0.461834
vt 0.143604 0.526901
vt 0.159872 0.509164
vt 0.173229 0.515965
vt 0.133082 0.509118
vt 0.149402 0.497633
vt 0.137703 0.470190
vt 0.142309 0.484103
vt 0.123477 0.493365
vt 0.144013 0.423951
vt 0.139723 0.434700
vt 0.164314 0.426995
vt 0.157168 0.436681
vt 0.150076 0.444454
vt 0.137116 0.445900
vt 0.171809 0.441921
vt 0.185035 0.430852
vt 0.154718 0.451159
vt 0.136468 0.457372
vt 0.184986 0.574894
vt 0.178508 0.604374
vt 0.159139 0.604941
vt 0.204148 0.587114
vt 0.196093 0.611228
vt 0.189162 0.630067
vt 0.175513 0.633706
vt 0.157663 0.638744
vt 0.227158 0.642357
vt 0.212182 0.624233
vt 0.224306 0.599589
vt 0.205817 0.663379
vt 0.195755 0.644954
vt 0.154582 0.670732
vt 0.176254 0.660697
vt 0.183220 0.684068
vt 0.186952 0.718669
vt 0.180908 0.736579
vt 0.155920 0.736367
vt 0.214874 0.725140
vt 0.205351 0.740003
vt 0.197500 0.749498
vt 0.180080 0.750980
vt 0.158836 0.752500
vt 0.243384 0.755460
vt 0.226719 0.746307
vt 0.241687 0.731605
vt 0.218326 0.764689
vt 0.206928 0.756267
vt 0.164834 0.781449
vt 0.161435 0.766083
vt 0.184448 0.762751
vt 0.193586 0.772855
vt 0.233888 0.079397
vt 0.221029 0.089442
vt 0.206329 0.078601
vt 0.249563 0.090574
vt 0.235998 0.099854
vt 0.223737 0.106220
vt 0.209954 0.100848
vt 0.194674 0.091287
vt 0.299169 0.118975
vt 0.256930 0.133400
vt 0.249162 0.112894
vt 0.268480 0.101858
vt 0.226864 0.137437
vt 0.225703 0.117766
vt 0.183463 0.105188
vt 0.202791 0.115365
vt 0.198776 0.136421
vt 0.200100 0.166137
vt 0.175850 0.169053
vt 0.225270 0.164080
vt 0.222826 0.187683
vt 0.206029 0.198454
vt 0.184274 0.206670
vt 0.276331 0.171692
vt 0.251041 0.165316
vt 0.257711 0.212204
vt 0.237519 0.199345
vt 0.194665 0.247123
vt 0.218562 0.229168
vt 0.238769 0.252601
vt 0.257289 0.369282
vt 0.231955 0.375626
vt 0.210241 0.373108
vt 0.218583 0.367808
vt 0.214142 0.380003
vt 0.197713 0.377185
vt 0.185757 0.375003
vt 0.188060 0.371642
vt 0.190976 0.366734
vt 0.163636 0.382412
vt 0.182111 0.380321
vt 0.197622 0.384315
vt 0.153776 0.376888
vt 0.171664 0.375913
vt 0.162603 0.365248
vt 0.165023 0.370987
vt 0.142246 0.371263
vt 0.342586 0.348803
vt 0.321197 0.344608
vt 0.335695 0.341030
vt 0.356461 0.344936
vt 0.295277 0.339390
vt 0.312856 0.336529
vt 0.329231 0.335618
vt 0.348524 0.338193
vt 0.366959 0.341571
vt 0.282762 0.322773
vt 0.291947 0.330096
vt 0.263785 0.331162
vt 0.324388 0.327733
vt 0.325530 0.332251
vt 0.366736 0.027398
vt 0.357446 0.019814
vt 0.366923 0.014885
vt 0.375909 0.020521
vt 0.348345 0.015255
vt 0.354082 0.012647
vt 0.354832 0.010120
vt 0.367123 0.010326
vt 0.379414 0.010532
vt 0.381494 0.011427
vt 0.383573 0.012321
vt 0.344645 0.594260
vt 0.336342 0.583118
vt 0.350507 0.579245
vt 0.358980 0.586820
vt 0.330660 0.572701
vt 0.344771 0.570776
vt 0.355292 0.570752
vt 0.362426 0.576032
vt 0.370117 0.582475
vt 0.348083 0.552371
vt 0.343647 0.561435
vt 0.327092 0.560540
vt 0.363152 0.559858
vt 0.358617 0.565988
vt 0.328045 0.695226
vt 0.344708 0.702276
vt 0.341755 0.718521
vt 0.331117 0.720133
vt 0.355799 0.705108
vt 0.351486 0.718848
vt 0.349676 0.730103
vt 0.343399 0.734772
vt 0.335060 0.739408
vt 0.375426 0.710173
vt 0.367397 0.726472
vt 0.360024 0.721817
vt 0.365691 0.707401
vt 0.361206 0.742134
vt 0.354637 0.736090
vt 0.339895 0.757535
vt 0.348143 0.748778
vt 0.355186 0.758561
vt 0.321181 0.724943
vt 0.313283 0.707174
vt 0.326368 0.741709
vt 0.319278 0.742079
vt 0.312743 0.731776
vt 0.303521 0.716740
vt 0.329315 0.770123
vt 0.329385 0.757174
vt 0.316196 0.761609
vt 0.318096 0.751350
vt 0.292997 0.727014
vt 0.305833 0.741436
vt 0.301208 0.752718
vt 0.379690 0.150592
vt 0.385399 0.166111
vt 0.384604 0.187188
vt 0.375322 0.172752
vt 0.391108 0.181630
vt 0.390898 0.191614
vt 0.390689 0.201598
vt 0.389402 0.205047
vt 0.388115 0.208497
vt 0.381308 0.202432
vt 0.371673 0.192078
vt 0.355986 0.236411
vt 0.366028 0.212055
vt 0.380390 0.221838
vt 0.376675 0.238170
vt 0.389259 0.220732
vt 0.390404 0.232968
vt 0.390401 0.235136
vt 0.390398 0.237305
vt 0.376325 0.372982
vt 0.384891 0.376983
vt 0.380164 0.384630
vt 0.366648 0.380702
vt 0.389879 0.377697
vt 0.389767 0.384381
vt 0.389656 0.391064
vt 0.383633 0.391904
vt 0.376923 0.393379
vt 0.369030 0.390254
vt 0.354632 0.386643
vt 0.339077 0.392115
vt 0.358949 0.395786
vt 0.374588 0.397878
vt 0.386752 0.614240
vt 0.389731 0.611042
vt 0.390993 0.613774
vt 0.389754 0.616795
vt 0.391643 0.613013
vt 0.391654 0.613671
vt 0.391664 0.614329
vt 0.385487 0.027187
vt 0.379031 0.033466
vt 0.388597 0.017582
vt 0.393621 0.022843
vt 0.393611 0.028021
vt 0.393600 0.033199
vt 0.389793 0.035708
vt 0.386225 0.039971
vt 0.384165 0.705085
vt 0.384097 0.714589
vt 0.378656 0.721370
vt 0.388750 0.703775
vt 0.388196 0.711328
vt 0.388372 0.716866
vt 0.385991 0.721563
vt 0.381760 0.729264
vt 0.384799 0.735490
vt 0.389375 0.725101
vt 0.390946 0.729618
vt 0.390657 0.717375
vt 0.393509 0.717535
vt 0.393484 0.719447
vt 0.393460 0.721359
vt 0.378046 0.254799
vt 0.362101 0.259965
vt 0.390385 0.251854
vt 0.390372 0.266403
vt 0.381471 0.269533
vt 0.369444 0.275457
vt 0.341904 0.606420
vt 0.325303 0.607100
vt 0.323376 0.597055
vt 0.340898 0.616811
vt 0.326012 0.616670
vt 0.314128 0.616415
vt 0.308885 0.609954
vt 0.304336 0.600614
vt 0.343848 0.639398
vt 0.322585 0.636592
vt 0.324654 0.626242
vt 0.341167 0.627163
vt 0.304037 0.632193
vt 0.308526 0.622685
vt 0.284670 0.605537
vt 0.294283 0.616023
vt 0.285121 0.626427
vt 0.228580 0.455227
vt 0.208849 0.469291
vt 0.233790 0.466977
vt 0.216081 0.477472
vt 0.205120 0.488363
vt 0.196318 0.488654
vt 0.224052 0.507148
vt 0.220698 0.490349
vt 0.239829 0.480376
vt 0.206224 0.518495
vt 0.204561 0.501135
vt 0.189045 0.510848
vt 0.187917 0.533853
vt 0.224599 0.337492
vt 0.199583 0.343673
vt 0.178566 0.335049
vt 0.233767 0.350412
vt 0.211544 0.353144
vt 0.195644 0.355677
vt 0.181513 0.351776
vt 0.160065 0.346857
vt 0.217859 0.361121
vt 0.243602 0.359785
vt 0.193652 0.361012
vt 0.143161 0.355006
vt 0.169327 0.358920
vt 0.193126 0.066858
vt 0.183377 0.078310
vt 0.177270 0.066821
vt 0.181656 0.055585
vt 0.161299 0.091593
vt 0.172863 0.086918
vt 0.159167 0.066450
vt 0.168959 0.066591
vt 0.170353 0.046970
vt 0.159028 0.042757
vt 0.097831 0.774752
vt 0.093584 0.780138
vt 0.106491 0.783560
vt 0.101393 0.786159
vt 0.098615 0.788734
vt 0.093068 0.786681
vt 0.145403 0.788154
vt 0.133433 0.782200
vt 0.139131 0.774875
vt 0.135720 0.792261
vt 0.127534 0.787315
vt 0.120097 0.782457
vt 0.120086 0.777082
vt 0.121577 0.769651
vt 0.105608 0.765256
vt 0.107776 0.774248
vt 0.113620 0.782693
vt 0.041139 0.678488
vt 0.038824 0.666357
vt 0.039273 0.689908
vt 0.030955 0.688418
vt 0.029036 0.681438
vt 0.026340 0.672097
vt 0.034891 0.699780
vt 0.025877 0.693792
vt 0.029739 0.657142
vt 0.034941 0.646847
vt 0.021788 0.663195
vt 0.017907 0.656747
vt 0.020136 0.650691
vt 0.021725 0.641399
vt 0.033986 0.028702
vt 0.025981 0.034085
vt 0.041679 0.023999
vt 0.039855 0.026098
vt 0.034177 0.029901
vt 0.025630 0.035625
vt 0.049375 0.020216
vt 0.044100 0.024376
vt 0.029437 0.035501
vt 0.037505 0.029246
vt 0.016382 0.333565
vt 0.007474 0.332295
vt 0.007852 0.326408
vt 0.013472 0.339218
vt 0.006232 0.338095
vt 0.003779 0.338753
vt 0.003926 0.332660
vt 0.004074 0.326568
vt 0.005279 0.346223
vt 0.005563 0.342666
vt 0.012209 0.343677
vt 0.003753 0.346524
vt 0.003766 0.342638
vt 0.009247 0.113031
vt 0.007083 0.110719
vt 0.006171 0.121787
vt 0.005808 0.118494
vt 0.004740 0.119192
vt 0.004788 0.108869
vt 0.348187 0.794747
vt 0.340298 0.792912
vt 0.348655 0.799440
vt 0.334446 0.799409
vt 0.027589 0.779900
vt 0.022296 0.774276
vt 0.026634 0.768180
vt 0.021464 0.782784
vt 0.017732 0.777444
vt 0.015841 0.772722
vt 0.017801 0.768611
vt 0.020614 0.762080
vt 0.033936 0.154666
vt 0.024760 0.173501
vt 0.046475 0.159247
vt 0.035413 0.175384
vt 0.027531 0.187797
vt 0.019074 0.191478
vt 0.046866 0.195655
vt 0.043866 0.182778
vt 0.059313 0.166507
vt 0.029435 0.207925
vt 0.028991 0.196600
vt 0.082434 0.009630
vt 0.088582 0.005006
vt 0.089613 0.005045
vt 0.090355 0.008832
vt 0.090375 0.011945
vt 0.084905 0.013659
vt 0.105485 0.014593
vt 0.097821 0.009465
vt 0.100499 0.018887
vt 0.094941 0.014142
vt 0.092660 0.005141
vt 0.088777 0.017776
vt 0.093477 0.023263
vt 0.193206 0.787864
vt 0.187597 0.794035
vt 0.167026 0.792544
vt 0.213046 0.792185
vt 0.206574 0.796223
vt 0.207166 0.799181
vt 0.186729 0.799044
vt 0.166292 0.798907
vt 0.340659 0.269950
vt 0.329933 0.252813
vt 0.351232 0.283168
vt 0.331908 0.288843
vt 0.316618 0.282332
vt 0.302039 0.268237
vt 0.268998 0.283882
vt 0.294533 0.296234
vt 0.283951 0.309660
vt 0.327534 0.298285
vt 0.325809 0.307978
vt 0.391301 0.736665
vt 0.390922 0.744600
vt 0.393197 0.730612
vt 0.393206 0.738252
vt 0.393214 0.745892
vt 0.390818 0.753285
vt 0.390908 0.762394
vt 0.393245 0.755306
vt 0.385360 0.451797
vt 0.383108 0.458400
vt 0.369547 0.451016
vt 0.391569 0.459404
vt 0.391389 0.466119
vt 0.391209 0.472835
vt 0.381121 0.465239
vt 0.366837 0.457812
vt 0.355373 0.473214
vt 0.362386 0.464052
vt 0.378958 0.471891
vt 0.378244 0.478905
vt 0.391034 0.479414
vt 0.390858 0.485993
vt 0.392917 0.140473
vt 0.392992 0.140377
vt 0.393028 0.140883
vt 0.392995 0.140923
vt 0.393085 0.140839
vt 0.393079 0.141106
vt 0.393074 0.141373
vt 0.391970 0.132528
vt 0.392875 0.138971
vt 0.393099 0.139069
vt 0.393092 0.139954
vt 0.303113 0.318399
vt 0.334028 0.315017
vt 0.344374 0.319318
vt 0.333415 0.323212
vt 0.285758 0.362441
vt 0.309827 0.365653
vt 0.298932 0.371089
vt 0.307462 0.357487
vt 0.325509 0.360921
vt 0.338625 0.363178
vt 0.334225 0.367053
vt 0.328750 0.372113
vt 0.359172 0.353305
vt 0.342744 0.357001
vt 0.326244 0.352989
vt 0.369232 0.358664
vt 0.353497 0.361405
vt 0.354208 0.372672
vt 0.356416 0.366751
vt 0.374014 0.365119
vt 0.353378 0.028087
vt 0.347977 0.022570
vt 0.342741 0.029202
vt 0.338683 0.024243
vt 0.335648 0.020300
vt 0.340745 0.017887
vt 0.321679 0.036118
vt 0.318666 0.025815
vt 0.329073 0.025156
vt 0.332770 0.031286
vt 0.317424 0.018637
vt 0.328070 0.019319
vt 0.336414 0.651695
vt 0.319886 0.647551
vt 0.331755 0.663067
vt 0.317028 0.658283
vt 0.306072 0.652831
vt 0.303784 0.643479
vt 0.307882 0.679677
vt 0.312885 0.668552
vt 0.328912 0.675556
vt 0.292148 0.664168
vt 0.299077 0.656639
vt 0.288789 0.641752
vt 0.276920 0.646353
vt 0.197122 0.551666
vt 0.210775 0.535627
vt 0.215980 0.548965
vt 0.210992 0.564593
vt 0.225724 0.526762
vt 0.227098 0.548299
vt 0.227490 0.572756
vt 0.272724 0.377333
vt 0.249710 0.379719
vt 0.285802 0.383334
vt 0.263399 0.384499
vt 0.246617 0.385379
vt 0.232049 0.382956
vt 0.273971 0.396078
vt 0.271979 0.389936
vt 0.299223 0.389718
vt 0.242425 0.393977
vt 0.245076 0.388932
vt 0.219947 0.387072
vt 0.212598 0.392358
vt 0.239400 0.046927
vt 0.239160 0.059643
vt 0.244732 0.034535
vt 0.252099 0.035982
vt 0.251541 0.043968
vt 0.253017 0.054269
vt 0.277305 0.043509
vt 0.265635 0.048710
vt 0.263065 0.038688
vt 0.274430 0.033224
vt 0.260162 0.029971
vt 0.271135 0.024389
vt 0.135656 0.741658
vt 0.140451 0.753879
vt 0.128282 0.754828
vt 0.120816 0.748580
vt 0.141245 0.765019
vt 0.124763 0.761584
vt 0.110722 0.756478
vt 0.084621 0.377755
vt 0.103926 0.379891
vt 0.096118 0.373556
vt 0.112494 0.376137
vt 0.124095 0.378362
vt 0.123019 0.381507
vt 0.125119 0.373291
vt 0.107600 0.369524
vt 0.136674 0.377708
vt 0.142959 0.382478
vt 0.107211 0.210002
vt 0.097556 0.229811
vt 0.075000 0.219405
vt 0.132706 0.236359
vt 0.119315 0.249900
vt 0.107235 0.257836
vt 0.090961 0.249296
vt 0.071367 0.242838
vt 0.137875 0.274716
vt 0.161555 0.265628
vt 0.110932 0.274031
vt 0.066413 0.263365
vt 0.087141 0.268584
vt 0.058168 0.065619
vt 0.051283 0.080411
vt 0.038787 0.081873
vt 0.072564 0.068624
vt 0.063995 0.081884
vt 0.056254 0.093039
vt 0.045799 0.096436
vt 0.034381 0.099899
vt 0.082519 0.095598
vt 0.074795 0.086829
vt 0.087182 0.071609
vt 0.062497 0.111630
vt 0.059045 0.101078
vt 0.028545 0.119978
vt 0.042679 0.112695
vt 0.042583 0.127742
vt 0.050241 0.213097
vt 0.038698 0.213162
vt 0.032639 0.233913
vt 0.026721 0.230910
vt 0.021795 0.230763
vt 0.025988 0.220587
vt 0.040380 0.781783
vt 0.032857 0.785200
vt 0.044803 0.786741
vt 0.037495 0.789231
vt 0.031747 0.789872
vt 0.026566 0.787253
vt 0.043956 0.793750
vt 0.040800 0.791873
vt 0.048931 0.789731
vt 0.033581 0.793177
vt 0.031822 0.791480
vt 0.047628 0.795486
vt 0.051805 0.797322
vt 0.039463 0.797169
vt 0.036506 0.794913
vt 0.151247 0.793845
vt 0.153547 0.798765
vt 0.140801 0.798623
vt 0.140515 0.795813
vt 0.004976 0.408501
vt 0.004428 0.406122
vt 0.003800 0.406358
vt 0.003795 0.406194
vt 0.012600 0.452576
vt 0.009775 0.446263
vt 0.010890 0.440087
vt 0.005762 0.455862
vt 0.005666 0.447091
vt 0.005570 0.438320
vt 0.051651 0.534693
vt 0.073197 0.534675
vt 0.051675 0.524838
vt 0.070891 0.523372
vt 0.092039 0.520832
vt 0.096808 0.534010
vt 0.048129 0.514653
vt 0.066033 0.511807
vt 0.059250 0.499977
vt 0.076480 0.495834
vt 0.085200 0.507914
vt 0.104401 0.501737
vt 0.113395 0.516611
vt 0.093209 0.488695
vt 0.121093 0.532918
vt 0.526491 0.800962
vt 0.527830 0.802679
vt 0.527734 0.810906
vt 0.526487 0.811082
vt 0.529169 0.804397
vt 0.528985 0.810769
vt 0.528800 0.817140
vt 0.527626 0.818802
vt 0.526484 0.821201
vt 0.020101 0.043366
vt 0.010280 0.052072
vt 0.011103 0.048295
vt 0.018366 0.041960
vt 0.017470 0.103551
vt 0.013016 0.113533
vt 0.022625 0.094383
vt 0.022515 0.102471
vt 0.018690 0.111737
vt 0.013709 0.122790
vt 0.029262 0.087188
vt 0.026562 0.101765
vt 0.014885 0.136421
vt 0.021530 0.118203
vt 0.905485 0.519711
vt 0.900331 0.513732
vt 0.901230 0.531897
vt 0.897338 0.518663
vt 0.895478 0.508377
vt 0.896781 0.509488
vt 0.033396 0.517910
vt 0.036051 0.525560
vt 0.026198 0.525772
vt 0.022143 0.521355
vt 0.028702 0.539850
vt 0.034261 0.532976
vt 0.017109 0.535524
vt 0.021935 0.530100
vt 0.018504 0.545159
vt 0.014256 0.550463
vt 0.005982 0.545120
vt 0.005939 0.544267
vt 0.005896 0.543413
vt 0.011849 0.539904
vt 0.030924 0.632709
vt 0.020287 0.630465
vt 0.018231 0.621755
vt 0.023219 0.618855
vt 0.029741 0.737694
vt 0.029852 0.749000
vt 0.025124 0.748430
vt 0.023022 0.741010
vt 0.028913 0.759293
vt 0.022989 0.754488
vt 0.083283 0.110077
vt 0.079393 0.127013
vt 0.067842 0.130241
vt 0.065640 0.121996
vt 0.071226 0.146325
vt 0.058415 0.142752
vt 0.048820 0.137005
vt 0.049815 0.335482
vt 0.035254 0.338572
vt 0.074267 0.343993
vt 0.055823 0.344976
vt 0.043560 0.345447
vt 0.028300 0.342241
vt 0.071711 0.351395
vt 0.096848 0.352139
vt 0.047984 0.349038
vt 0.027133 0.346085
vt 0.084422 0.367785
vt 0.077843 0.371407
vt 0.062447 0.370132
vt 0.059809 0.367539
vt 0.066166 0.374928
vt 0.049486 0.371982
vt 0.064518 0.394478
vt 0.075388 0.400895
vt 0.061046 0.401955
vt 0.049142 0.398368
vt 0.081214 0.415637
vt 0.081649 0.408107
vt 0.055315 0.412657
vt 0.059170 0.406650
vt 0.038929 0.403632
vt 0.032099 0.409771
vt 0.048437 0.777810
vt 0.056644 0.774195
vt 0.056762 0.779111
vt 0.051718 0.782844
vt 0.065331 0.772262
vt 0.061471 0.779594
vt 0.055907 0.785496
vt 0.148762 0.007970
vt 0.144473 0.006379
vt 0.113554 0.006650
vt 0.114566 0.005792
vt 0.099052 0.030192
vt 0.091447 0.035299
vt 0.105274 0.025635
vt 0.107946 0.031945
vt 0.104423 0.037695
vt 0.097757 0.043991
vt 0.110567 0.022488
vt 0.112363 0.032762
vt 0.102494 0.054865
vt 0.109749 0.044494
vt 0.044616 0.465098
vt 0.028197 0.462388
vt 0.061919 0.470621
vt 0.058179 0.477439
vt 0.046704 0.476486
vt 0.033111 0.475718
vt 0.078322 0.478474
vt 0.066409 0.485120
vt 0.037794 0.488513
vt 0.052364 0.488033
vt 0.121556 0.193737
vt 0.137167 0.181652
vt 0.147014 0.202333
vt 0.141874 0.218283
vt 0.154945 0.174464
vt 0.162875 0.206465
vt 0.166840 0.238664
vt 0.076336 0.334464
vt 0.108304 0.333908
vt 0.112558 0.340125
vt 0.095187 0.342317
vt 0.144102 0.333353
vt 0.134204 0.342941
vt 0.118001 0.349114
vt 0.285566 0.029120
vt 0.288023 0.039254
vt 0.282835 0.020727
vt 0.294625 0.018805
vt 0.296586 0.026726
vt 0.298324 0.036611
vt 0.266363 0.016800
vt 0.279256 0.014370
vt 0.258867 0.008792
vt 0.275122 0.009047
vt 0.291378 0.009301
vt 0.292606 0.013332
vt 0.305197 0.013166
vt 0.306156 0.018308
vt 0.304532 0.009445
vt 0.317687 0.009588
vt 0.317589 0.013528
vt 0.307649 0.025953
vt 0.308928 0.035917
vt 0.102412 0.652232
vt 0.120936 0.634623
vt 0.126129 0.647964
vt 0.116835 0.663833
vt 0.139700 0.617880
vt 0.139874 0.644153
vt 0.134283 0.670301
vt 0.169500 0.008380
vt 0.173533 0.006971
vt 0.189504 0.400050
vt 0.172743 0.403465
vt 0.198354 0.408677
vt 0.181747 0.410702
vt 0.170472 0.412201
vt 0.160916 0.408384
vt 0.186631 0.419832
vt 0.207542 0.419258
vt 0.168595 0.418211
vt 0.151763 0.415127
vt 0.208538 0.780554
vt 0.228227 0.773140
vt 0.234554 0.779537
vt 0.224864 0.786036
vt 0.249742 0.767119
vt 0.249200 0.778648
vt 0.212803 0.398934
vt 0.238390 0.399587
vt 0.234853 0.404465
vt 0.218065 0.406265
vt 0.290357 0.406923
vt 0.264576 0.402254
vt 0.269363 0.413630
vt 0.249141 0.408331
vt 0.229403 0.414340
vt 0.248407 0.422021
vt 0.246411 0.071109
vt 0.257927 0.064414
vt 0.263491 0.072238
vt 0.258724 0.080323
vt 0.281082 0.055158
vt 0.269732 0.059583
vt 0.285638 0.068971
vt 0.273720 0.071833
vt 0.274626 0.086407
vt 0.290766 0.086542
vt 0.315338 0.163201
vt 0.295677 0.189245
vt 0.327815 0.191193
vt 0.309923 0.210031
vt 0.294757 0.226745
vt 0.278700 0.221663
vt 0.320056 0.232069
vt 0.340079 0.214659
vt 0.295670 0.246895
vt 0.267554 0.255249
vt 0.255160 0.339806
vt 0.283470 0.344508
vt 0.277213 0.349242
vt 0.258117 0.349368
vt 0.306601 0.348942
vt 0.290131 0.353278
vt 0.268634 0.356870
vt 0.265709 0.444103
vt 0.256240 0.451678
vt 0.297567 0.450348
vt 0.283874 0.454818
vt 0.274927 0.459832
vt 0.255973 0.461182
vt 0.322825 0.473092
vt 0.306911 0.462397
vt 0.326289 0.459239
vt 0.296651 0.476416
vt 0.285373 0.466384
vt 0.262281 0.472055
vt 0.272004 0.483975
vt 0.273590 0.663634
vt 0.256719 0.657457
vt 0.287933 0.675806
vt 0.285942 0.686806
vt 0.276187 0.685121
vt 0.261477 0.685105
vt 0.301307 0.690625
vt 0.293657 0.700153
vt 0.267375 0.711268
vt 0.282973 0.706856
vt 0.365750 0.035030
vt 0.355690 0.033399
vt 0.364494 0.041437
vt 0.355755 0.038793
vt 0.349098 0.037296
vt 0.346433 0.033683
vt 0.362106 0.060498
vt 0.349526 0.053038
vt 0.353673 0.045173
vt 0.363219 0.049439
vt 0.340173 0.046717
vt 0.345245 0.040636
vt 0.338421 0.036243
vt 0.331557 0.041883
vt 0.326724 0.051485
vt 0.317847 0.049363
vt 0.334929 0.054938
vt 0.330660 0.062876
vt 0.323518 0.064186
vt 0.314571 0.064307
vt 0.349954 0.072458
vt 0.342532 0.061923
vt 0.338899 0.082738
vt 0.333561 0.071108
vt 0.310015 0.083603
vt 0.322263 0.079729
vt 0.325382 0.096312
vt 0.364221 0.161791
vt 0.364779 0.141808
vt 0.361149 0.180327
vt 0.352248 0.170760
vt 0.351056 0.154661
vt 0.350201 0.134523
vt 0.353470 0.197230
vt 0.342845 0.177910
vt 0.331586 0.128241
vt 0.334871 0.153903
vt 0.299877 0.376696
vt 0.325642 0.377080
vt 0.324246 0.380818
vt 0.308024 0.381992
vt 0.348120 0.378400
vt 0.338000 0.383299
vt 0.321601 0.387135
vt 0.310700 0.413821
vt 0.325808 0.421519
vt 0.308260 0.422727
vt 0.291169 0.418779
vt 0.342759 0.438023
vt 0.335705 0.429713
vt 0.310455 0.435262
vt 0.307741 0.428279
vt 0.277495 0.425949
vt 0.274101 0.434161
vt 0.370989 0.485664
vt 0.361367 0.491929
vt 0.347364 0.487103
vt 0.377092 0.493884
vt 0.368606 0.497760
vt 0.361171 0.502971
vt 0.353122 0.502278
vt 0.339531 0.500841
vt 0.378663 0.506478
vt 0.372587 0.510366
vt 0.370756 0.504448
vt 0.378860 0.501202
vt 0.361835 0.516782
vt 0.360448 0.509617
vt 0.331920 0.516916
vt 0.347831 0.514503
vt 0.348403 0.525272
vt 0.310650 0.786912
vt 0.312419 0.792385
vt 0.319470 0.786529
vt 0.320490 0.792226
vt 0.319571 0.795299
vt 0.313804 0.796184
vt 0.330019 0.793457
vt 0.330020 0.785310
vt 0.332228 0.799422
vt 0.330009 0.799435
vt 0.323726 0.796844
vt 0.302277 0.763564
vt 0.313906 0.769444
vt 0.311867 0.774078
vt 0.305044 0.772521
vt 0.323576 0.777043
vt 0.315988 0.779785
vt 0.308095 0.780225
vt 0.375208 0.038870
vt 0.382468 0.044462
vt 0.378946 0.047153
vt 0.372945 0.044462
vt 0.372531 0.052095
vt 0.373932 0.062634
vt 0.380523 0.053293
vt 0.382066 0.063269
vt 0.833312 0.003190
vt 0.832581 0.021760
vt 0.826856 0.036374
vt 0.825915 0.023994
vt 0.831849 0.040330
vt 0.827005 0.050123
vt 0.823361 0.057206
vt 0.821495 0.051997
vt 0.818518 0.044798
vt 0.828419 0.085149
vt 0.824185 0.082126
vt 0.825743 0.066811
vt 0.830134 0.062740
vt 0.819236 0.084919
vt 0.821347 0.069920
vt 0.805499 0.093242
vt 0.812008 0.069020
vt 0.816886 0.070105
vt 0.813595 0.088078
vt 0.290015 0.440976
vt 0.318417 0.441554
vt 0.326523 0.446326
vt 0.313655 0.447531
vt 0.346312 0.445196
vt 0.346094 0.450928
vt 0.339199 0.455327
vt 0.353706 0.538279
vt 0.359635 0.546971
vt 0.369488 0.535423
vt 0.371969 0.543573
vt 0.375024 0.549935
vt 0.369657 0.554233
vt 0.358318 0.529033
vt 0.367566 0.520941
vt 0.372998 0.522523
vt 0.370471 0.527937
vt 0.383656 0.508076
vt 0.379037 0.513961
vt 0.390864 0.511611
vt 0.390865 0.511625
vt 0.390865 0.511639
vt 0.380939 0.518207
vt 0.360521 0.632800
vt 0.369075 0.638359
vt 0.359386 0.645837
vt 0.372331 0.626788
vt 0.378077 0.631845
vt 0.381598 0.635842
vt 0.377822 0.641417
vt 0.371542 0.648837
vt 0.386295 0.625088
vt 0.381176 0.620332
vt 0.391651 0.623502
vt 0.391638 0.632675
vt 0.386759 0.633997
vt 0.361210 0.599507
vt 0.356294 0.607889
vt 0.372778 0.604123
vt 0.367419 0.610797
vt 0.363207 0.616183
vt 0.354255 0.616581
vt 0.375308 0.615323
vt 0.381338 0.609209
vt 0.367056 0.621023
vt 0.355668 0.625050
vt 0.351474 0.654877
vt 0.364210 0.656985
vt 0.357225 0.663476
vt 0.346302 0.664439
vt 0.345266 0.674194
vt 0.347845 0.683604
vt 0.360516 0.668255
vt 0.363807 0.674785
vt 0.354646 0.689874
vt 0.367272 0.680928
vt 0.369276 0.685715
vt 0.362775 0.693363
vt 0.371754 0.694600
vt 0.380307 0.694871
vt 0.377025 0.684185
vt 0.384503 0.684533
vt 0.387766 0.693776
vt 0.389590 0.685558
vt 0.393352 0.686587
vt 0.393405 0.688161
vt 0.393459 0.689734
vt 0.390624 0.696453
vt 0.363880 0.759378
vt 0.367572 0.745600
vt 0.372143 0.746658
vt 0.371975 0.754608
vt 0.372799 0.732493
vt 0.376602 0.738785
vt 0.378970 0.745890
vt 0.828363 0.085602
vt 0.823397 0.090625
vt 0.828306 0.086054
vt 0.823061 0.095682
vt 0.817815 0.105310
vt 0.818263 0.096318
vt 0.812904 0.102314
vt 0.806907 0.109228
vt 0.814555 0.112114
vt 0.808315 0.125214
vt 0.386102 0.368882
vt 0.387543 0.372817
vt 0.390125 0.367468
vt 0.390002 0.372583
vt 0.387348 0.436845
vt 0.386511 0.441422
vt 0.391341 0.434315
vt 0.391599 0.438641
vt 0.387754 0.447172
vt 0.391584 0.449022
vt 0.381325 0.486424
vt 0.390732 0.490550
vt 0.390606 0.495107
vt 0.384315 0.493819
vt 0.385162 0.501356
vt 0.390735 0.503359
vt 0.391951 0.730854
vt 0.393328 0.725986
vt 0.386179 0.603480
vt 0.377990 0.598099
vt 0.380947 0.593548
vt 0.386128 0.594531
vt 0.391266 0.595158
vt 0.391455 0.604086
vt 0.368922 0.592879
vt 0.376803 0.588610
vt 0.384274 0.362245
vt 0.381015 0.355364
vt 0.390668 0.350600
vt 0.390396 0.359034
vt 0.374741 0.349514
vt 0.380104 0.345338
vt 0.390716 0.349436
vt 0.390692 0.350018
vt 0.386285 0.118452
vt 0.389002 0.111678
vt 0.379654 0.096432
vt 0.383121 0.092280
vt 0.385667 0.086787
vt 0.389369 0.093357
vt 0.393510 0.098968
vt 0.393305 0.119019
vt 0.377922 0.076335
vt 0.370880 0.078465
vt 0.383983 0.075490
vt 0.365885 0.081375
vt 0.356063 0.086791
vt 0.369664 0.102253
vt 0.360722 0.103298
vt 0.353069 0.104170
vt 0.346511 0.094598
vt 0.363454 0.121820
vt 0.374677 0.126423
vt 0.351361 0.116357
vt 0.337555 0.108176
vt 0.286434 0.590817
vt 0.295399 0.577141
vt 0.304323 0.581444
vt 0.303137 0.590064
vt 0.309734 0.566687
vt 0.315744 0.576949
vt 0.319936 0.586934
vt 0.283692 0.494985
vt 0.304101 0.487273
vt 0.307938 0.496239
vt 0.296907 0.504749
vt 0.326380 0.485231
vt 0.322453 0.498250
vt 0.313672 0.512561
vt 0.308604 0.047672
vt 0.306390 0.060829
vt 0.300496 0.056758
vt 0.299717 0.047470
vt 0.301007 0.075102
vt 0.294892 0.062724
vt 0.290922 0.050561
vt 0.237194 0.665323
vt 0.243757 0.688323
vt 0.228553 0.692163
vt 0.218178 0.680245
vt 0.245894 0.710916
vt 0.223070 0.707316
vt 0.201175 0.698832
vt 0.149002 0.046830
vt 0.150019 0.066727
vt 0.143246 0.067379
vt 0.140225 0.056062
vt 0.149529 0.087922
vt 0.139544 0.080158
vt 0.131600 0.069441
vt 0.054512 0.226186
vt 0.053672 0.243778
vt 0.041227 0.248580
vt 0.037188 0.241427
vt 0.048657 0.261655
vt 0.034058 0.261666
vt 0.083263 0.040335
vt 0.089077 0.048012
vt 0.081248 0.050199
vt 0.074869 0.046008
vt 0.090933 0.058281
vt 0.078473 0.057410
vt 0.066604 0.054138
vt 0.015420 0.464534
vt 0.022056 0.476262
vt 0.016116 0.478088
vt 0.011450 0.473470
vt 0.005693 0.468404
vt 0.005728 0.462133
vt 0.025232 0.487201
vt 0.016082 0.485304
vt 0.028425 0.416157
vt 0.012636 0.414942
vt 0.048897 0.418300
vt 0.043104 0.422511
vt 0.028549 0.422761
vt 0.014306 0.422885
vt 0.069792 0.421936
vt 0.053236 0.426711
vt 0.018379 0.431991
vt 0.034552 0.430061
vt 0.005808 0.414593
vt 0.007221 0.422634
vt 0.004701 0.422086
vt 0.004251 0.414222
vt 0.009437 0.431443
vt 0.005135 0.430203
vt 0.005124 0.348663
vt 0.003752 0.349627
vt 0.007029 0.322768
vt 0.008724 0.320616
vt 0.004084 0.321868
vt 0.004095 0.317168
vt 0.388956 0.792100
vt 0.393218 0.791008
vt 0.393163 0.799517
vt 0.389014 0.799506
vt 0.384866 0.799495
vt 0.385644 0.797292
vt 0.527349 0.839387
vt 0.524817 0.832922
vt 0.527372 0.826532
vt 0.528339 0.832103
vt 0.525465 0.831071
vt 0.525974 0.826136
vt 0.529064 0.820980
vt 0.529328 0.824819
vt 0.006924 0.633639
vt 0.006874 0.623032
vt 0.012701 0.626824
vt 0.013196 0.637143
vt 0.006824 0.612424
vt 0.012758 0.616714
vt 0.010293 0.745114
vt 0.010278 0.742318
vt 0.017178 0.745807
vt 0.015402 0.754597
vt 0.010263 0.739522
vt 0.015098 0.735149
vt 0.005603 0.491430
vt 0.005648 0.479917
vt 0.010072 0.482637
vt 0.009271 0.491854
vt 0.895314 0.507781
vt 0.895590 0.507975
vt 0.895150 0.507185
vt 0.895342 0.507426
vt 0.004676 0.126177
vt 0.004708 0.122685
vt 0.005240 0.122518
vt 0.005380 0.126699
vt 0.003865 0.150056
vt 0.004271 0.138116
vt 0.005411 0.136635
vt 0.003954 0.150292
vt 0.007248 0.127665
vt 0.008324 0.133543
vt 0.006183 0.142035
vt 0.004042 0.150528
vt 0.008983 0.678182
vt 0.008347 0.666266
vt 0.014661 0.665608
vt 0.016891 0.675537
vt 0.007711 0.654350
vt 0.013000 0.655983
vt 0.003944 0.367351
vt 0.003853 0.360617
vt 0.025919 0.360582
vt 0.029771 0.365004
vt 0.004791 0.085990
vt 0.004660 0.078266
vt 0.010025 0.066572
vt 0.009182 0.075469
vt 0.004530 0.070542
vt 0.006993 0.063196
vt 0.010482 0.770178
vt 0.010388 0.757646
vt 0.013918 0.763142
vt 0.013177 0.771150
vt 0.010251 0.726635
vt 0.013471 0.724715
vt 0.010240 0.713747
vt 0.012645 0.714482
vt 0.010675 0.786930
vt 0.010657 0.786447
vt 0.024573 0.792357
vt 0.019892 0.792558
vt 0.010639 0.785965
vt 0.022410 0.790226
vt 0.033904 0.797092
vt 0.028345 0.797016
vt 0.003190 0.276308
vt 0.003191 0.274943
vt 0.020788 0.261357
vt 0.015049 0.276186
vt 0.003193 0.273578
vt 0.017541 0.253613
vt 0.004836 0.088504
vt 0.008833 0.081011
vt 0.003751 0.234440
vt 0.003697 0.230711
vt 0.014643 0.210343
vt 0.015499 0.221117
vt 0.003643 0.226982
vt 0.008082 0.210331
vt 0.005632 0.536860
vt 0.008669 0.536351
vt 0.005367 0.530307
vt 0.010301 0.532144
vt 0.010643 0.784219
vt 0.010563 0.777198
vt 0.013929 0.777890
vt 0.016339 0.783560
vt 0.003231 0.288632
vt 0.011894 0.288311
vt 0.003735 0.376863
vt 0.014170 0.378257
vt 0.003911 0.367996
vt 0.020909 0.372448
vt 0.003494 0.213978
vt 0.005521 0.207799
vt 0.004750 0.062519
vt 0.004742 0.061783
vt 0.010281 0.047998
vt 0.006280 0.057561
vt 0.004735 0.061046
vt 0.009495 0.042194
vt 0.017702 0.028958
vt 0.019841 0.032782
vt 0.003928 0.367673
vt 0.032588 0.368690
vt 0.006996 0.570602
vt 0.006889 0.566830
vt 0.023686 0.567972
vt 0.024801 0.577938
vt 0.006781 0.563058
vt 0.015523 0.560143
vt 0.005127 0.521356
vt 0.005161 0.514099
vt 0.008416 0.512539
vt 0.010618 0.518804
vt 0.005194 0.506841
vt 0.007321 0.506342
vt 0.005399 0.499136
vt 0.007983 0.499656
vt 0.009953 0.701746
vt 0.013193 0.704761
vt 0.009667 0.689744
vt 0.015098 0.695400
vt 0.005247 0.525832
vt 0.013219 0.525769
vt 0.007063 0.580765
vt 0.007030 0.575684
vt 0.026823 0.590918
vt 0.019581 0.598450
vt 0.010641 0.785092
vt 0.021229 0.788116
vt 0.003355 0.263788
vt 0.014872 0.247554
vt 0.003517 0.253999
vt 0.013462 0.240963
vt 0.007318 0.643995
vt 0.012952 0.646797
vt 0.006381 0.554089
vt 0.011517 0.554783
vt 0.003634 0.244219
vt 0.014402 0.231628
vt 0.004535 0.038680
vt 0.008008 0.030002
vt 0.004335 0.016314
vt 0.006101 0.014671
vt 0.007866 0.013027
vt 0.013926 0.021603
vt 0.006944 0.596595
vt 0.015092 0.607164
vt 0.009325 0.683963
vt 0.018701 0.686012
vt 0.393599 0.041662
vt 0.391728 0.041172
vt 0.393597 0.050125
vt 0.390396 0.045943
vt 0.393621 0.703048
vt 0.393565 0.710292
vt 0.391143 0.710431
vt 0.391513 0.703681
vt 0.393596 0.057852
vt 0.387599 0.052886
vt 0.393595 0.065579
vt 0.388359 0.064707
vt 0.393540 0.696391
vt 0.392006 0.698624
vt 0.390991 0.516848
vt 0.381200 0.523410
vt 0.391116 0.522057
vt 0.381290 0.530769
vt 0.390680 0.576543
vt 0.390698 0.577371
vt 0.374016 0.573168
vt 0.377058 0.567242
vt 0.390716 0.578199
vt 0.380166 0.580157
vt 0.393552 0.082274
vt 0.389058 0.078155
vt 0.390881 0.299582
vt 0.390995 0.303346
vt 0.367468 0.311041
vt 0.361269 0.304120
vt 0.391108 0.307109
vt 0.384001 0.312504
vt 0.382325 0.317864
vt 0.365379 0.318764
vt 0.391596 0.337466
vt 0.391156 0.343451
vt 0.383725 0.342512
vt 0.377026 0.339265
vt 0.390956 0.538767
vt 0.382159 0.541117
vt 0.390796 0.555477
vt 0.382366 0.551682
vt 0.391444 0.317123
vt 0.391489 0.322509
vt 0.389502 0.320904
vt 0.389537 0.317371
vt 0.391533 0.327895
vt 0.384077 0.323092
vt 0.391737 0.648951
vt 0.391870 0.653348
vt 0.375825 0.659095
vt 0.381683 0.649687
vt 0.392002 0.657744
vt 0.378456 0.666449
vt 0.390738 0.566010
vt 0.380218 0.560205
vt 0.391276 0.312116
vt 0.389386 0.313928
vt 0.390107 0.403294
vt 0.390411 0.411985
vt 0.383148 0.411351
vt 0.383380 0.404272
vt 0.392745 0.672309
vt 0.393048 0.679448
vt 0.390703 0.680375
vt 0.387958 0.677305
vt 0.391641 0.336873
vt 0.391619 0.337170
vt 0.361014 0.335645
vt 0.360570 0.331668
vt 0.389881 0.397179
vt 0.384057 0.397987
vt 0.391687 0.640813
vt 0.385220 0.641757
vt 0.390799 0.296808
vt 0.390840 0.298195
vt 0.362135 0.295008
vt 0.377835 0.286778
vt 0.391587 0.332384
vt 0.367215 0.326088
vt 0.390586 0.281606
vt 0.384225 0.279765
vt 0.392374 0.665027
vt 0.381119 0.674254
vt 0.390991 0.586679
vt 0.384107 0.587035
vt 0.804308 0.144936
vt 0.804833 0.159592
vt 0.802717 0.157394
vt 0.802706 0.148211
vt 0.801978 0.176121
vt 0.801541 0.163803
vt 0.801103 0.151485
vt 0.338411 0.009833
vt 0.346622 0.009976
vt 0.347214 0.011401
vt 0.341324 0.012327
vt 0.233739 0.008260
vt 0.227618 0.018607
vt 0.254685 0.008700
vt 0.242310 0.020358
vt 0.052561 0.003844
vt 0.053330 0.003853
vt 0.035042 0.018462
vt 0.031621 0.016335
vt 0.054098 0.003861
vt 0.043866 0.012824
vt 0.102914 0.805896
vt 0.104957 0.808757
vt 0.105302 0.823425
vt 0.102914 0.821141
vt 0.107000 0.811617
vt 0.107096 0.820422
vt 0.107192 0.829228
vt 0.106840 0.831612
vt 0.106488 0.833996
vt 0.104701 0.835191
vt 0.102914 0.836387
vt 0.256776 0.008746
vt 0.254207 0.021769
vt 0.022490 0.003190
vt 0.037526 0.003517
vt 0.024328 0.012689
vt 0.015178 0.008109
vt 0.057649 0.003975
vt 0.049610 0.010189
vt 0.328049 0.009710
vt 0.331116 0.014195
vt 0.019590 0.796927
vt 0.016706 0.793681
vt 0.010836 0.796837
vt 0.010755 0.791884
vt 0.317827 0.799450
vt 0.315645 0.798157
vt 0.305645 0.799464
vt 0.306302 0.798859
vt 0.234482 0.799307
vt 0.220824 0.799244
vt 0.218362 0.797432
vt 0.227119 0.795410
vt 0.091446 0.797726
vt 0.078347 0.797606
vt 0.078829 0.791894
vt 0.087590 0.791869
vt 0.283079 0.799475
vt 0.284785 0.797251
vt 0.272700 0.799452
vt 0.280477 0.795106
vt 0.261649 0.799405
vt 0.248065 0.799356
vt 0.242840 0.790181
vt 0.262053 0.789441
vt 0.384644 0.799495
vt 0.384433 0.799018
vt 0.384421 0.799494
vt 0.382218 0.798880
vt 0.134184 0.798498
vt 0.134725 0.796878
vt 0.127566 0.798372
vt 0.130102 0.795187
vt 0.121815 0.798237
vt 0.113695 0.798089
vt 0.107853 0.792230
vt 0.114274 0.791304
vt 0.105575 0.797940
vt 0.101724 0.792970
vt 0.098510 0.797833
vt 0.095129 0.792523
vt 0.267174 0.799428
vt 0.275328 0.790068
vt 0.374065 0.799482
vt 0.376258 0.798343
vt 0.868068 0.300246
vt 0.867001 0.298198
vt 0.868531 0.299316
vt 0.868499 0.300945
vt 0.869359 0.296083
vt 0.869144 0.298863
vt 0.868929 0.301644
vt 0.124691 0.798305
vt 0.121926 0.791230
vt 0.887995 0.111975
vt 0.906244 0.102107
vt 0.911999 0.108140
vt 0.901571 0.114708
vt 0.917272 0.096496
vt 0.920092 0.103234
vt 0.922157 0.107261
vt 0.918944 0.111375
vt 0.915146 0.117440
vt 0.652807 0.839572
vt 0.658096 0.833283
vt 0.659875 0.840367
vt 0.657401 0.847860
vt 0.661747 0.827661
vt 0.662541 0.833722
vt 0.663335 0.839782
vt 0.662236 0.846970
vt 0.661137 0.854158
vt 0.706006 0.023868
vt 0.708834 0.017962
vt 0.718016 0.019014
vt 0.718496 0.022007
vt 0.711752 0.013909
vt 0.718962 0.016145
vt 0.726171 0.018381
vt 0.727318 0.020019
vt 0.728891 0.020772
vt 0.753119 0.027369
vt 0.741005 0.024070
vt 0.736346 0.021780
vt 0.745212 0.023895
vt 0.731739 0.019402
vt 0.737306 0.020422
vt 0.674073 0.355115
vt 0.714976 0.348110
vt 0.726356 0.350784
vt 0.710280 0.356584
vt 0.742444 0.343452
vt 0.747618 0.345949
vt 0.753730 0.347633
vt 0.744922 0.351606
vt 0.736669 0.357052
vt 0.784674 0.336699
vt 0.786040 0.339536
vt 0.770994 0.342437
vt 0.765494 0.339771
vt 0.787407 0.342372
vt 0.787550 0.342418
vt 0.787694 0.342463
vt 0.769120 0.345965
vt 0.415730 0.772094
vt 0.412238 0.775303
vt 0.411270 0.768196
vt 0.412081 0.762894
vt 0.409337 0.775770
vt 0.409877 0.766211
vt 0.410416 0.756651
vt 0.426653 0.434208
vt 0.420704 0.425712
vt 0.428089 0.414424
vt 0.445137 0.419159
vt 0.414756 0.417216
vt 0.414776 0.412845
vt 0.414797 0.408475
vt 0.423520 0.406527
vt 0.431261 0.404214
vt 0.440480 0.406619
vt 0.457535 0.409043
vt 0.486600 0.391740
vt 0.470360 0.400741
vt 0.448643 0.399424
vt 0.451684 0.392831
vt 0.432447 0.399173
vt 0.432765 0.393362
vt 0.956476 0.674406
vt 0.957487 0.667940
vt 0.964079 0.670696
vt 0.962814 0.676762
vt 0.959321 0.661076
vt 0.963992 0.663651
vt 0.967554 0.665969
vt 0.968131 0.669679
vt 0.968707 0.673389
vt 0.968399 0.676012
vt 0.968092 0.678635
vt 0.528282 0.728608
vt 0.532873 0.748501
vt 0.520126 0.753009
vt 0.513358 0.746697
vt 0.533176 0.761302
vt 0.524710 0.762288
vt 0.516243 0.763275
vt 0.511217 0.759617
vt 0.506191 0.755959
vt 0.949053 0.672059
vt 0.950446 0.665922
vt 0.939433 0.669272
vt 0.942779 0.664457
vt 0.946125 0.659642
vt 0.953044 0.658988
vt 0.555715 0.491773
vt 0.560993 0.515444
vt 0.546231 0.518034
vt 0.537246 0.501208
vt 0.561377 0.538634
vt 0.548487 0.537276
vt 0.538066 0.535995
vt 0.531977 0.524361
vt 0.521377 0.510572
vt 0.478976 0.532176
vt 0.503883 0.520654
vt 0.518027 0.534449
vt 0.505137 0.546104
vt 0.531377 0.547029
vt 0.521358 0.559358
vt 0.547127 0.605710
vt 0.534066 0.575547
vt 0.544094 0.557981
vt 0.557848 0.565421
vt 0.681195 0.006856
vt 0.676764 0.018208
vt 0.671149 0.014428
vt 0.676078 0.007983
vt 0.674708 0.030417
vt 0.669221 0.027195
vt 0.664623 0.023942
vt 0.664191 0.015199
vt 0.665562 0.005554
vt 0.669389 0.005547
vt 0.673216 0.005539
vt 0.634984 0.009280
vt 0.646213 0.007470
vt 0.655925 0.016823
vt 0.648415 0.028130
vt 0.657442 0.005660
vt 0.661502 0.005607
vt 0.661373 0.030299
vt 0.657572 0.041140
vt 0.683104 0.070069
vt 0.666940 0.054298
vt 0.668333 0.040165
vt 0.675799 0.045433
vt 0.754890 0.703574
vt 0.757824 0.723232
vt 0.748001 0.726544
vt 0.739819 0.716745
vt 0.760088 0.737043
vt 0.751723 0.737697
vt 0.744947 0.738543
vt 0.739507 0.732503
vt 0.730352 0.725574
vt 0.712456 0.745311
vt 0.721527 0.734624
vt 0.732959 0.740578
vt 0.729438 0.749641
vt 0.742874 0.745500
vt 0.740724 0.753930
vt 0.762923 0.761870
vt 0.751117 0.758116
vt 0.752285 0.748435
vt 0.761413 0.749419
vt 0.885079 0.196654
vt 0.903011 0.191365
vt 0.905296 0.203172
vt 0.890042 0.209679
vt 0.919692 0.184389
vt 0.920706 0.196381
vt 0.920249 0.206948
vt 0.910235 0.214834
vt 0.895005 0.222703
vt 0.924596 0.257510
vt 0.909801 0.240107
vt 0.920436 0.225272
vt 0.933097 0.235315
vt 0.929962 0.209095
vt 0.941597 0.213120
vt 0.765421 0.693960
vt 0.773466 0.702420
vt 0.768724 0.712595
vt 0.775953 0.684345
vt 0.778875 0.694753
vt 0.781781 0.701724
vt 0.780165 0.708921
vt 0.777659 0.718741
vt 0.967569 0.794392
vt 0.979042 0.809237
vt 0.980489 0.823352
vt 0.972605 0.819230
vt 0.985196 0.816374
vt 0.986343 0.828710
vt 0.987490 0.841047
vt 0.983978 0.837683
vt 0.978633 0.836360
vt 0.746334 0.051173
vt 0.764253 0.053586
vt 0.767726 0.062836
vt 0.755726 0.063467
vt 0.776150 0.057134
vt 0.777293 0.064310
vt 0.777604 0.070066
vt 0.772366 0.072085
vt 0.765117 0.075762
vt 0.774545 0.096553
vt 0.769831 0.086157
vt 0.777889 0.082059
vt 0.779584 0.092742
vt 0.781625 0.075091
vt 0.785609 0.081234
vt 0.785151 0.085280
vt 0.784693 0.089327
vt 0.544141 0.821213
vt 0.547986 0.819394
vt 0.551363 0.827270
vt 0.546036 0.832592
vt 0.553036 0.817005
vt 0.554125 0.817869
vt 0.555214 0.818733
vt 0.555708 0.828472
vt 0.555613 0.835880
vt 0.552419 0.838690
vt 0.547932 0.843971
vt 0.548852 0.864291
vt 0.548392 0.854131
vt 0.553879 0.847936
vt 0.554824 0.857511
vt 0.557893 0.841041
vt 0.559850 0.849243
vt 0.554356 0.868353
vt 0.547316 0.876379
vt 0.560093 0.859938
vt 0.558297 0.869930
vt 0.552829 0.878198
vt 0.545780 0.888466
vt 0.423655 0.776034
vt 0.424601 0.783885
vt 0.418226 0.783504
vt 0.432558 0.777975
vt 0.432548 0.784526
vt 0.431381 0.788382
vt 0.425896 0.789432
vt 0.420385 0.790169
vt 0.459415 0.772705
vt 0.450626 0.782831
vt 0.441449 0.785098
vt 0.442735 0.776737
vt 0.442723 0.790343
vt 0.442534 0.790979
vt 0.442345 0.791615
vt 0.435546 0.789711
vt 0.415378 0.734206
vt 0.424096 0.745343
vt 0.422819 0.752740
vt 0.415739 0.744207
vt 0.432968 0.754684
vt 0.430438 0.761307
vt 0.427781 0.764670
vt 0.422348 0.759887
vt 0.416320 0.752708
vt 0.416427 0.761727
vt 0.422869 0.767762
vt 0.430431 0.770841
vt 0.437759 0.769030
vt 0.443230 0.762203
vt 0.041790 0.823204
vt 0.044793 0.814550
vt 0.046606 0.814437
vt 0.046505 0.818565
vt 0.047795 0.805896
vt 0.048889 0.810097
vt 0.049983 0.814297
vt 0.007928 0.822537
vt 0.007434 0.838189
vt 0.006929 0.836872
vt 0.008501 0.823449
vt 0.006791 0.853931
vt 0.005344 0.850300
vt 0.003898 0.846669
vt 0.006486 0.835515
vt 0.009074 0.824362
vt 0.750618 0.039598
vt 0.763555 0.044089
vt 0.753788 0.029395
vt 0.764019 0.034491
vt 0.774251 0.039587
vt 0.774514 0.048700
vt 0.992493 0.747053
vt 0.994652 0.755386
vt 0.989191 0.764399
vt 0.986757 0.756888
vt 0.996810 0.763720
vt 0.990839 0.771237
vt 0.987060 0.776568
vt 0.984443 0.773554
vt 0.981331 0.767190
vt 0.975717 0.778067
vt 0.980838 0.783529
vt 0.979360 0.793409
vt 0.986024 0.783897
vt 0.986341 0.794070
vt 0.730982 0.269133
vt 0.748249 0.266730
vt 0.755686 0.278828
vt 0.739427 0.281866
vt 0.764356 0.267264
vt 0.769487 0.276812
vt 0.774617 0.286360
vt 0.763810 0.288029
vt 0.748522 0.291908
vt 0.775885 0.312312
vt 0.757741 0.301044
vt 0.774074 0.294652
vt 0.780174 0.303626
vt 0.779805 0.287239
vt 0.784994 0.288117
vt 0.784728 0.291528
vt 0.784462 0.294939
vt 0.719558 0.377913
vt 0.740011 0.373173
vt 0.754092 0.376311
vt 0.740539 0.380744
vt 0.755891 0.369699
vt 0.766083 0.373097
vt 0.771797 0.376382
vt 0.766603 0.379758
vt 0.756007 0.383891
vt 0.785698 0.391743
vt 0.768668 0.387864
vt 0.778544 0.384241
vt 0.785777 0.392769
vt 0.779334 0.376859
vt 0.786640 0.376592
vt 0.786248 0.385194
vt 0.785856 0.393796
vt 0.124974 0.832411
vt 0.123877 0.833300
vt 0.123676 0.821202
vt 0.124573 0.819154
vt 0.122779 0.834190
vt 0.122779 0.823251
vt 0.122779 0.812313
vt 0.123476 0.809104
vt 0.124173 0.805896
vt 0.722214 0.025166
vt 0.712883 0.029094
vt 0.731501 0.022259
vt 0.734112 0.023746
vt 0.728771 0.028984
vt 0.720942 0.034216
vt 0.731266 0.041391
vt 0.738560 0.034109
vt 0.743950 0.026571
vt 0.719026 0.286148
vt 0.710031 0.273935
vt 0.727801 0.295529
vt 0.708534 0.297814
vt 0.695535 0.291938
vt 0.683974 0.280293
vt 0.584464 0.299133
vt 0.650130 0.287619
vt 0.670862 0.300120
vt 0.650761 0.310796
vt 0.701024 0.304706
vt 0.691729 0.313815
vt 0.728823 0.313931
vt 0.731407 0.304470
vt 0.899798 0.148820
vt 0.916929 0.150224
vt 0.909205 0.160712
vt 0.894453 0.161524
vt 0.929372 0.151911
vt 0.922176 0.161236
vt 0.914818 0.168815
vt 0.903960 0.171031
vt 0.889109 0.174227
vt 0.887094 0.185440
vt 0.902481 0.180801
vt 0.917709 0.174564
vt 0.681860 0.005092
vt 0.685964 0.004919
vt 0.688104 0.005780
vt 0.681451 0.003190
vt 0.688232 0.003946
vt 0.695013 0.004703
vt 0.539924 0.811088
vt 0.544233 0.813144
vt 0.535708 0.800962
vt 0.544372 0.808983
vt 0.627329 0.121290
vt 0.648096 0.104609
vt 0.657954 0.119697
vt 0.648192 0.139290
vt 0.659826 0.092804
vt 0.667076 0.107003
vt 0.673685 0.117681
vt 0.671049 0.130257
vt 0.665381 0.150016
vt 0.712992 0.169302
vt 0.683939 0.159946
vt 0.686224 0.136957
vt 0.702789 0.140365
vt 0.682973 0.117338
vt 0.695711 0.118369
vt 0.689560 0.097995
vt 0.677072 0.099641
vt 0.669862 0.082353
vt 0.709639 0.385113
vt 0.690884 0.385380
vt 0.693862 0.379764
vt 0.699310 0.392107
vt 0.683509 0.391572
vt 0.672417 0.390971
vt 0.672723 0.386839
vt 0.672672 0.381744
vt 0.620365 0.387208
vt 0.650642 0.384183
vt 0.654351 0.389862
vt 0.636882 0.394307
vt 0.661345 0.394718
vt 0.647613 0.399690
vt 0.678161 0.412162
vt 0.659135 0.405053
vt 0.672575 0.398317
vt 0.688980 0.400149
vt 0.703606 0.418034
vt 0.693974 0.428486
vt 0.673435 0.427101
vt 0.724749 0.422049
vt 0.713419 0.431334
vt 0.705933 0.438669
vt 0.691453 0.439476
vt 0.673415 0.439642
vt 0.680535 0.468687
vt 0.676024 0.452469
vt 0.695263 0.450351
vt 0.702941 0.461153
vt 0.713583 0.444972
vt 0.722512 0.453562
vt 0.771358 0.431706
vt 0.742653 0.444654
vt 0.730210 0.436628
vt 0.745573 0.426518
vt 0.639453 0.547654
vt 0.670615 0.538476
vt 0.678547 0.550414
vt 0.668215 0.561136
vt 0.694467 0.535001
vt 0.695727 0.545310
vt 0.698444 0.552144
vt 0.690768 0.558016
vt 0.685474 0.567769
vt 0.715254 0.575068
vt 0.701334 0.572341
vt 0.705082 0.562151
vt 0.720277 0.564660
vt 0.710451 0.553045
vt 0.725300 0.554251
vt 0.744520 0.532216
vt 0.734910 0.543234
vt 0.714762 0.543583
vt 0.717934 0.533354
vt 0.648752 0.699171
vt 0.678595 0.700567
vt 0.688148 0.711518
vt 0.671255 0.716055
vt 0.708438 0.701963
vt 0.707441 0.710545
vt 0.708034 0.717152
vt 0.697865 0.720738
vt 0.685769 0.726308
vt 0.698419 0.735129
vt 0.709340 0.728027
vt 0.718510 0.720379
vt 0.725258 0.712006
vt 0.731664 0.702769
vt 0.733603 0.643024
vt 0.738328 0.659668
vt 0.720427 0.668146
vt 0.709373 0.654663
vt 0.743052 0.676312
vt 0.728944 0.680464
vt 0.714835 0.684616
vt 0.703126 0.676901
vt 0.691417 0.669186
vt 0.471636 0.800962
vt 0.486076 0.819013
vt 0.484090 0.844784
vt 0.472984 0.835909
vt 0.500516 0.837064
vt 0.495049 0.853852
vt 0.489581 0.870639
vt 0.482697 0.869790
vt 0.474332 0.870856
vt 0.471636 0.928689
vt 0.472984 0.899773
vt 0.482638 0.893072
vt 0.483172 0.915588
vt 0.492144 0.886563
vt 0.494708 0.902486
vt 0.724145 0.758224
vt 0.721301 0.763037
vt 0.713096 0.760062
vt 0.731387 0.766057
vt 0.728282 0.768520
vt 0.726176 0.770924
vt 0.720709 0.769123
vt 0.713191 0.768266
vt 0.745829 0.776792
vt 0.742021 0.778234
vt 0.734598 0.775058
vt 0.738217 0.772449
vt 0.735786 0.780755
vt 0.735378 0.780692
vt 0.734969 0.780628
vt 0.728993 0.775271
vt 0.673523 0.579308
vt 0.661810 0.585033
vt 0.687098 0.580671
vt 0.692196 0.591818
vt 0.687254 0.597169
vt 0.681131 0.607091
vt 0.702742 0.625008
vt 0.705177 0.611044
vt 0.725823 0.622839
vt 0.703888 0.597572
vt 0.718043 0.602654
vt 0.716649 0.588861
vt 0.701655 0.584529
vt 0.631152 0.007804
vt 0.635828 0.007721
vt 0.638894 0.008404
vt 0.630247 0.006397
vt 0.636526 0.006963
vt 0.642805 0.007528
vt 0.573298 0.063434
vt 0.567495 0.046635
vt 0.580600 0.040886
vt 0.590171 0.053257
vt 0.559378 0.033680
vt 0.570989 0.029249
vt 0.582600 0.024817
vt 0.592352 0.031527
vt 0.603286 0.041852
vt 0.616292 0.029092
vt 0.601803 0.018513
vt 0.617642 0.010804
vt 0.581560 0.016608
vt 0.580519 0.008399
vt 0.594860 0.007787
vt 0.609201 0.007176
vt 0.580074 0.432513
vt 0.616132 0.445501
vt 0.618227 0.461685
vt 0.601659 0.458994
vt 0.637137 0.454639
vt 0.635563 0.467646
vt 0.635411 0.479009
vt 0.625463 0.480513
vt 0.613373 0.481587
vt 0.623850 0.507182
vt 0.636142 0.500318
vt 0.651592 0.517033
vt 0.645842 0.488980
vt 0.661325 0.499659
vt 0.670245 0.484520
vt 0.652453 0.475884
vt 0.656682 0.462443
vt 0.654441 0.427721
vt 0.650649 0.417587
vt 0.656806 0.438674
vt 0.644925 0.437488
vt 0.638435 0.430086
vt 0.631952 0.421154
vt 0.612927 0.425374
vt 0.625069 0.435537
vt 0.640774 0.444145
vt 0.657596 0.449943
vt 0.638067 0.593073
vt 0.619846 0.592655
vt 0.613433 0.564115
vt 0.639947 0.625908
vt 0.623042 0.621157
vt 0.610153 0.617741
vt 0.603453 0.599500
vt 0.595705 0.576202
vt 0.577050 0.588709
vt 0.588483 0.612417
vt 0.574419 0.630332
vt 0.604062 0.632333
vt 0.594591 0.650427
vt 0.616125 0.670618
vt 0.622604 0.647543
vt 0.643125 0.657455
vt 0.642817 0.721474
vt 0.619277 0.721518
vt 0.612875 0.704275
vt 0.642091 0.738335
vt 0.622788 0.736798
vt 0.603484 0.735260
vt 0.595725 0.724874
vt 0.586259 0.710454
vt 0.560538 0.716909
vt 0.575092 0.730994
vt 0.559122 0.739653
vt 0.593328 0.741871
vt 0.583171 0.748481
vt 0.948105 0.537541
vt 0.937550 0.568223
vt 0.928662 0.559230
vt 0.934005 0.537144
vt 0.928833 0.592582
vt 0.922476 0.582160
vt 0.916120 0.571739
vt 0.919277 0.552458
vt 0.922433 0.533177
vt 0.587399 0.076580
vt 0.573565 0.086630
vt 0.560933 0.077225
vt 0.599091 0.088414
vt 0.584593 0.097315
vt 0.571525 0.102271
vt 0.559590 0.096261
vt 0.546379 0.087529
vt 0.500011 0.114954
vt 0.528747 0.098241
vt 0.547403 0.108610
vt 0.540420 0.128375
vt 0.570013 0.113172
vt 0.569373 0.132031
vt 0.596538 0.131014
vt 0.592059 0.110950
vt 0.610640 0.101397
vt 0.619178 0.162437
vt 0.595703 0.159756
vt 0.611376 0.199103
vt 0.590324 0.191292
vt 0.573968 0.180885
vt 0.571325 0.157875
vt 0.546512 0.159321
vt 0.522270 0.165778
vt 0.559920 0.192420
vt 0.540599 0.205115
vt 0.559297 0.244497
vt 0.578532 0.221458
vt 0.601716 0.238803
vt 0.542975 0.362969
vt 0.579976 0.359889
vt 0.587990 0.366616
vt 0.567313 0.369826
vt 0.606080 0.358263
vt 0.608993 0.364822
vt 0.611314 0.369309
vt 0.600039 0.371886
vt 0.584435 0.374995
vt 0.600361 0.380218
vt 0.615035 0.375854
vt 0.632777 0.378345
vt 0.624779 0.370647
vt 0.641942 0.371912
vt 0.652705 0.365184
vt 0.630886 0.364380
vt 0.632961 0.357017
vt 0.460041 0.345570
vt 0.446453 0.342896
vt 0.467147 0.338052
vt 0.481335 0.340352
vt 0.436203 0.340415
vt 0.454555 0.335852
vt 0.473559 0.332008
vt 0.489579 0.332202
vt 0.506704 0.333805
vt 0.536786 0.323901
vt 0.509602 0.323965
vt 0.518082 0.314588
vt 0.477035 0.327406
vt 0.477962 0.320572
vt 0.429311 0.021626
vt 0.419336 0.014322
vt 0.428114 0.009188
vt 0.438341 0.014858
vt 0.411281 0.005976
vt 0.413215 0.005369
vt 0.415149 0.004763
vt 0.427418 0.004482
vt 0.439687 0.004202
vt 0.441064 0.007637
vt 0.447419 0.011125
vt 0.463540 0.584894
vt 0.449158 0.576788
vt 0.457383 0.569313
vt 0.471409 0.573419
vt 0.437942 0.572088
vt 0.445550 0.566043
vt 0.452580 0.561149
vt 0.462920 0.561179
vt 0.476784 0.563123
vt 0.480122 0.551536
vt 0.464020 0.552535
vt 0.459823 0.544386
vt 0.449417 0.556979
vt 0.445730 0.551788
vt 0.465256 0.838250
vt 0.463469 0.863800
vt 0.452828 0.867879
vt 0.449171 0.851659
vt 0.461681 0.889349
vt 0.452376 0.886307
vt 0.445888 0.883903
vt 0.443369 0.872551
vt 0.438450 0.859303
vt 0.417778 0.872597
vt 0.428479 0.866236
vt 0.434843 0.879727
vt 0.426448 0.888132
vt 0.441276 0.892884
vt 0.435118 0.903668
vt 0.450554 0.940370
vt 0.442836 0.922019
vt 0.448417 0.904270
vt 0.456118 0.914859
vt 0.482878 0.684549
vt 0.494494 0.695157
vt 0.487338 0.712660
vt 0.479414 0.707323
vt 0.502914 0.704073
vt 0.494500 0.718956
vt 0.488479 0.729253
vt 0.482326 0.729632
vt 0.475950 0.730097
vt 0.467683 0.751401
vt 0.478523 0.745138
vt 0.477716 0.757241
vt 0.489149 0.738098
vt 0.490389 0.747699
vt 0.504273 0.738424
vt 0.500424 0.727917
vt 0.512200 0.713562
vt 0.917011 0.351372
vt 0.923570 0.370590
vt 0.918328 0.386259
vt 0.913224 0.370116
vt 0.930129 0.389808
vt 0.924753 0.398145
vt 0.919378 0.406482
vt 0.917479 0.402094
vt 0.915057 0.401130
vt 0.912566 0.391580
vt 0.910074 0.382030
vt 0.447001 0.228820
vt 0.427520 0.230799
vt 0.424573 0.214945
vt 0.437626 0.205462
vt 0.414345 0.230163
vt 0.414554 0.228037
vt 0.414763 0.225912
vt 0.416824 0.214122
vt 0.418885 0.202332
vt 0.424960 0.194441
vt 0.431035 0.186551
vt 0.427573 0.369786
vt 0.437119 0.376384
vt 0.424697 0.378841
vt 0.419846 0.372880
vt 0.448793 0.381270
vt 0.435368 0.383344
vt 0.428097 0.385278
vt 0.421851 0.383994
vt 0.416382 0.383348
vt 0.415911 0.378375
vt 0.415441 0.373402
vt 0.445149 0.387635
vt 0.463994 0.385625
vt 0.430407 0.388589
vt 0.421986 0.605625
vt 0.419167 0.608590
vt 0.417565 0.604993
vt 0.418614 0.601725
vt 0.417464 0.606698
vt 0.416904 0.604844
vt 0.416344 0.602990
vt 0.416692 0.026930
vt 0.409771 0.020560
vt 0.409298 0.033119
vt 0.405454 0.028835
vt 0.401628 0.026408
vt 0.401589 0.021272
vt 0.401550 0.016136
vt 0.406416 0.011056
vt 0.434730 0.697839
vt 0.429495 0.712372
vt 0.423793 0.706151
vt 0.426580 0.695630
vt 0.424719 0.721426
vt 0.420389 0.714160
vt 0.417888 0.709575
vt 0.418717 0.703230
vt 0.418430 0.693420
vt 0.411834 0.723543
vt 0.415414 0.718531
vt 0.420166 0.728165
vt 0.410153 0.716140
vt 0.410468 0.713826
vt 0.410783 0.711511
vt 0.414695 0.710608
vt 0.441246 0.251427
vt 0.426109 0.246824
vt 0.434182 0.266149
vt 0.422792 0.260908
vt 0.414605 0.258620
vt 0.414475 0.244392
vt 0.484273 0.587892
vt 0.482604 0.598623
vt 0.466566 0.597956
vt 0.502520 0.591367
vt 0.498290 0.601331
vt 0.493378 0.608218
vt 0.482066 0.608695
vt 0.467777 0.608946
vt 0.465124 0.631145
vt 0.467631 0.619377
vt 0.483404 0.618263
vt 0.485375 0.628154
vt 0.498662 0.614345
vt 0.502847 0.623396
vt 0.520491 0.616903
vt 0.512013 0.607032
vt 0.520989 0.595909
vt 0.591136 0.463098
vt 0.572849 0.450045
vt 0.602601 0.481409
vt 0.594657 0.481321
vt 0.584668 0.471182
vt 0.568256 0.461590
vt 0.562733 0.474412
vt 0.580472 0.483486
vt 0.577364 0.499476
vt 0.595189 0.493453
vt 0.593650 0.510011
vt 0.610485 0.524538
vt 0.609342 0.502519
vt 0.617377 0.324990
vt 0.597652 0.333436
vt 0.574183 0.328088
vt 0.634832 0.336870
vt 0.614618 0.341430
vt 0.601452 0.345271
vt 0.586581 0.342951
vt 0.565717 0.341050
vt 0.556313 0.351412
vt 0.580666 0.351765
vt 0.603417 0.351172
vt 0.626301 0.349292
vt 0.651130 0.345777
vt 0.600058 0.065408
vt 0.611411 0.054463
vt 0.615868 0.065160
vt 0.609878 0.076143
vt 0.620789 0.084142
vt 0.632814 0.088442
vt 0.624496 0.064793
vt 0.634841 0.064501
vt 0.634908 0.041181
vt 0.623028 0.045817
vt 0.704529 0.763089
vt 0.701942 0.755441
vt 0.705589 0.769584
vt 0.699770 0.771381
vt 0.696604 0.768697
vt 0.691427 0.765571
vt 0.056362 0.846768
vt 0.056362 0.826332
vt 0.063809 0.822225
vt 0.065323 0.836988
vt 0.056362 0.805896
vt 0.062294 0.807461
vt 0.068226 0.809026
vt 0.071255 0.818117
vt 0.074285 0.827209
vt 0.957410 0.461108
vt 0.962320 0.472457
vt 0.957730 0.484980
vt 0.952141 0.479255
vt 0.967229 0.483806
vt 0.963017 0.491570
vt 0.959530 0.497125
vt 0.953201 0.497264
vt 0.946871 0.497403
vt 0.671694 0.800962
vt 0.690957 0.819428
vt 0.689566 0.831424
vt 0.676385 0.822354
vt 0.702750 0.830524
vt 0.700996 0.840166
vt 0.699782 0.847651
vt 0.692070 0.845713
vt 0.681077 0.843746
vt 0.693406 0.881103
vt 0.687241 0.862425
vt 0.697227 0.860222
vt 0.703573 0.875022
vt 0.705582 0.856837
vt 0.713739 0.868942
vt 0.690232 0.801541
vt 0.698820 0.813366
vt 0.708771 0.802121
vt 0.708341 0.810836
vt 0.710139 0.817526
vt 0.706520 0.822599
vt 0.657956 0.800962
vt 0.661635 0.803115
vt 0.659927 0.810409
vt 0.656101 0.809493
vt 0.665314 0.805269
vt 0.663680 0.811286
vt 0.662045 0.817302
vt 0.658510 0.817858
vt 0.654246 0.818023
vt 0.653527 0.828798
vt 0.657829 0.825623
vt 0.661896 0.822482
vt 0.010287 0.814217
vt 0.009872 0.819412
vt 0.008598 0.828383
vt 0.012645 0.805896
vt 0.011476 0.811444
vt 0.010306 0.816993
vt 0.009376 0.824356
vt 0.008446 0.831720
vt 0.046196 0.827190
vt 0.045476 0.833729
vt 0.043245 0.832046
vt 0.049983 0.829547
vt 0.047650 0.835460
vt 0.045317 0.841372
vt 0.045042 0.839966
vt 0.044699 0.840887
vt 0.044324 0.847434
vt 0.044512 0.844161
vt 0.044695 0.844202
vt 0.044376 0.847507
vt 0.044872 0.844477
vt 0.044427 0.847581
vt 0.781163 0.102245
vt 0.777578 0.105303
vt 0.784880 0.099659
vt 0.785067 0.109992
vt 0.782163 0.110141
vt 0.780611 0.114053
vt 0.465811 0.779820
vt 0.457795 0.782947
vt 0.471221 0.784761
vt 0.456972 0.787552
vt 0.772512 0.756661
vt 0.777542 0.762917
vt 0.771917 0.768818
vt 0.779378 0.750596
vt 0.782528 0.757097
vt 0.784653 0.761197
vt 0.782792 0.766299
vt 0.780869 0.774078
vt 0.961822 0.819116
vt 0.952127 0.803251
vt 0.969979 0.835114
vt 0.960289 0.831942
vt 0.949799 0.820115
vt 0.939308 0.808288
vt 0.728968 0.157490
vt 0.743284 0.172786
vt 0.735246 0.183030
vt 0.741960 0.149313
vt 0.751020 0.162893
vt 0.760080 0.176474
vt 0.758789 0.186616
vt 0.757499 0.196759
vt 0.655587 0.857432
vt 0.652531 0.850744
vt 0.659779 0.860788
vt 0.658420 0.867419
vt 0.656131 0.865450
vt 0.653062 0.863792
vt 0.652658 0.862854
vt 0.652255 0.861917
vt 0.655596 0.884369
vt 0.654443 0.876778
vt 0.657160 0.872942
vt 0.660455 0.882200
vt 0.653289 0.869187
vt 0.653175 0.866489
vt 0.661867 0.873725
vt 0.665314 0.880031
vt 0.696104 0.020838
vt 0.700695 0.015885
vt 0.688267 0.016507
vt 0.693258 0.013206
vt 0.698249 0.009906
vt 0.705000 0.011907
vt 0.958589 0.542883
vt 0.959032 0.562916
vt 0.952494 0.568120
vt 0.964977 0.542093
vt 0.964406 0.562120
vt 0.963836 0.582147
vt 0.960844 0.581447
vt 0.956615 0.587666
vt 0.471880 0.244373
vt 0.461804 0.260739
vt 0.498760 0.259220
vt 0.484954 0.272537
vt 0.470276 0.278570
vt 0.451650 0.273217
vt 0.516542 0.299407
vt 0.506247 0.286046
vt 0.530634 0.274623
vt 0.476108 0.296914
vt 0.474449 0.287516
vt 0.409983 0.737839
vt 0.408184 0.730813
vt 0.411969 0.745677
vt 0.409979 0.738057
vt 0.404990 0.732410
vt 0.400001 0.726763
vt 0.412512 0.754559
vt 0.410198 0.747354
vt 0.586423 0.800962
vt 0.590375 0.811285
vt 0.584082 0.819444
vt 0.581229 0.810599
vt 0.594328 0.821607
vt 0.587231 0.827845
vt 0.579394 0.835191
vt 0.577715 0.827714
vt 0.576035 0.820236
vt 0.607721 0.835149
vt 0.593177 0.841976
vt 0.590848 0.835225
vt 0.601024 0.828378
vt 0.582592 0.849268
vt 0.580993 0.842229
vt 0.282610 0.806602
vt 0.285178 0.806249
vt 0.283770 0.806975
vt 0.281712 0.807100
vt 0.287746 0.805896
vt 0.284581 0.808584
vt 0.280814 0.807599
vt 0.412630 0.136057
vt 0.411780 0.136126
vt 0.410379 0.134137
vt 0.410717 0.127573
vt 0.410930 0.136196
vt 0.409081 0.134901
vt 0.407231 0.133606
vt 0.498297 0.308538
vt 0.469115 0.313998
vt 0.458419 0.309032
vt 0.468310 0.304159
vt 0.502366 0.366958
vt 0.491804 0.361428
vt 0.515517 0.356559
vt 0.473248 0.369184
vt 0.467866 0.364021
vt 0.463560 0.360008
vt 0.476517 0.356952
vt 0.494439 0.352274
vt 0.476074 0.348664
vt 0.459632 0.353642
vt 0.443513 0.350803
vt 0.449008 0.358662
vt 0.433641 0.356411
vt 0.429283 0.362678
vt 0.446294 0.364181
vt 0.448655 0.369902
vt 0.448720 0.018799
vt 0.443724 0.023685
vt 0.455816 0.014887
vt 0.461563 0.018084
vt 0.458881 0.021748
vt 0.455300 0.026176
vt 0.477686 0.035386
vt 0.466034 0.029520
vt 0.469091 0.023795
vt 0.479748 0.025401
vt 0.469410 0.017939
vt 0.480230 0.018237
vt 0.487962 0.638369
vt 0.472309 0.642457
vt 0.503072 0.634093
vt 0.500928 0.642959
vt 0.490706 0.648324
vt 0.476853 0.652940
vt 0.479938 0.664784
vt 0.494675 0.657943
vt 0.499427 0.668515
vt 0.507389 0.646306
vt 0.513684 0.653207
vt 0.527834 0.635577
vt 0.516981 0.631782
vt 0.602021 0.541781
vt 0.589247 0.554491
vt 0.584656 0.539473
vt 0.589441 0.526514
vt 0.575805 0.518289
vt 0.574504 0.539082
vt 0.574083 0.562748
vt 0.550176 0.374707
vt 0.527884 0.372628
vt 0.567229 0.378221
vt 0.553176 0.380813
vt 0.536929 0.379873
vt 0.515188 0.378976
vt 0.502401 0.384452
vt 0.528802 0.385019
vt 0.527226 0.390695
vt 0.554775 0.384569
vt 0.557586 0.389936
vt 0.586245 0.388996
vt 0.578976 0.382990
vt 0.555153 0.058963
vt 0.554664 0.047126
vt 0.541822 0.053929
vt 0.542826 0.044394
vt 0.542057 0.036970
vt 0.550717 0.035325
vt 0.519242 0.043748
vt 0.521315 0.033972
vt 0.531774 0.039336
vt 0.529982 0.048691
vt 0.523076 0.023761
vt 0.532566 0.030365
vt 0.661643 0.726443
vt 0.675929 0.733184
vt 0.670414 0.739162
vt 0.656253 0.738748
vt 0.937068 0.518288
vt 0.947488 0.517472
vt 0.926895 0.518761
vt 0.931357 0.504346
vt 0.939114 0.500874
vt 0.695105 0.748733
vt 0.686273 0.740772
vt 0.677754 0.752154
vt 0.674084 0.745658
vt 0.690015 0.375120
vt 0.708663 0.372828
vt 0.671682 0.377022
vt 0.670566 0.373649
vt 0.681674 0.371285
vt 0.697475 0.368707
vt 0.686135 0.363845
vt 0.669333 0.367932
vt 0.658423 0.372896
vt 0.652578 0.378297
vt 0.715098 0.209425
vt 0.694039 0.220142
vt 0.684584 0.200582
vt 0.719130 0.232832
vt 0.700663 0.239127
vt 0.685294 0.247545
vt 0.673639 0.240055
vt 0.660708 0.227113
vt 0.633510 0.256254
vt 0.656246 0.264476
vt 0.682016 0.263183
vt 0.704661 0.257628
vt 0.724280 0.252583
vt 0.749607 0.072637
vt 0.735774 0.074284
vt 0.728932 0.058969
vt 0.752879 0.094101
vt 0.741836 0.091031
vt 0.730793 0.087961
vt 0.723198 0.076857
vt 0.714827 0.063434
vt 0.701248 0.067324
vt 0.713042 0.082471
vt 0.706066 0.091260
vt 0.727799 0.097604
vt 0.724804 0.107247
vt 0.947466 0.779361
vt 0.951614 0.764472
vt 0.964307 0.768486
vt 0.931061 0.768160
vt 0.937490 0.757544
vt 0.943919 0.746928
vt 0.954535 0.748051
vt 0.965151 0.749173
vt 0.916119 0.832971
vt 0.938878 0.842652
vt 0.952108 0.860399
vt 0.937641 0.856049
vt 0.961636 0.852333
vt 0.966352 0.866209
vt 0.971069 0.876048
vt 0.965497 0.876851
vt 0.959162 0.879126
vt 0.766348 0.774036
vt 0.757657 0.769900
vt 0.774831 0.777790
vt 0.768793 0.781502
vt 0.761521 0.777630
vt 0.753334 0.774200
vt 0.749482 0.775980
vt 0.758035 0.778961
vt 0.755012 0.779276
vt 0.767103 0.781163
vt 0.765412 0.780824
vt 0.751663 0.779668
vt 0.762736 0.780317
vt 0.760060 0.779810
vt 0.747923 0.780282
vt 0.956605 0.525463
vt 0.961653 0.528213
vt 0.965105 0.513386
vt 0.965716 0.517945
vt 0.967938 0.517631
vt 0.966457 0.529862
vt 0.899766 0.003884
vt 0.900284 0.004831
vt 0.899615 0.004662
vt 0.900418 0.005609
vt 0.900802 0.005777
vt 0.898481 0.005013
vt 0.898027 0.003190
vt 0.910864 0.043439
vt 0.916297 0.036983
vt 0.919786 0.043794
vt 0.918429 0.051520
vt 0.921675 0.033142
vt 0.924385 0.043612
vt 0.927095 0.054082
vt 0.719391 0.522644
vt 0.742325 0.522560
vt 0.696324 0.522734
vt 0.700818 0.509938
vt 0.721393 0.511830
vt 0.740130 0.512904
vt 0.725801 0.501300
vt 0.742966 0.503745
vt 0.707226 0.497898
vt 0.715426 0.486858
vt 0.732020 0.490742
vt 0.749086 0.494149
vt 0.680202 0.506412
vt 0.688596 0.492285
vt 0.699135 0.480101
vt 0.673042 0.522330
vt 0.251841 0.805896
vt 0.251841 0.814444
vt 0.247093 0.813953
vt 0.247226 0.806567
vt 0.251841 0.822992
vt 0.246959 0.821339
vt 0.242077 0.819687
vt 0.242345 0.813463
vt 0.242612 0.807238
vt 0.008075 0.839423
vt 0.008671 0.840743
vt 0.008896 0.849766
vt 0.007908 0.849933
vt 0.984125 0.748060
vt 0.989286 0.737301
vt 0.978957 0.757700
vt 0.977438 0.748992
vt 0.980582 0.739581
vt 0.986079 0.727549
vt 0.970197 0.705946
vt 0.978138 0.716748
vt 0.974781 0.733133
vt 0.967674 0.727560
vt 0.972657 0.749246
vt 0.972936 0.764952
vt 0.981974 0.800342
vt 0.986426 0.794067
vt 0.986512 0.794065
vt 0.985854 0.805220
vt 0.761551 0.499949
vt 0.757242 0.506399
vt 0.774016 0.505748
vt 0.770214 0.509226
vt 0.766412 0.512704
vt 0.753271 0.512804
vt 0.892439 0.140437
vt 0.904852 0.134248
vt 0.914226 0.138497
vt 0.885079 0.132054
vt 0.897118 0.129029
vt 0.909157 0.126004
vt 0.914953 0.128685
vt 0.922749 0.131728
vt 0.927643 0.140136
vt 0.930921 0.133695
vt 0.939608 0.134542
vt 0.940252 0.135230
vt 0.940896 0.135918
vt 0.935456 0.143776
vt 0.616209 0.889529
vt 0.616985 0.865266
vt 0.626506 0.856094
vt 0.627949 0.872527
vt 0.617761 0.841002
vt 0.625662 0.840571
vt 0.631322 0.840053
vt 0.634180 0.847694
vt 0.639689 0.855524
vt 0.767439 0.724949
vt 0.775595 0.728952
vt 0.773601 0.736547
vt 0.767959 0.736873
vt 0.769584 0.747559
vt 0.776451 0.742877
vt 0.705543 0.104946
vt 0.722376 0.115092
vt 0.719947 0.122936
vt 0.709396 0.120927
vt 0.717583 0.139096
vt 0.730954 0.136124
vt 0.939633 0.789358
vt 0.930402 0.796809
vt 0.921495 0.785330
vt 0.926278 0.776745
vt 0.779761 0.321192
vt 0.756180 0.328474
vt 0.741285 0.324869
vt 0.783637 0.330071
vt 0.763318 0.332824
vt 0.747939 0.336113
vt 0.735907 0.335485
vt 0.717756 0.334240
vt 0.696021 0.343165
vt 0.720713 0.342332
vt 0.743853 0.339746
vt 0.764616 0.336583
vt 0.784156 0.333385
vt 0.708719 0.362183
vt 0.732822 0.361957
vt 0.730323 0.365219
vt 0.715283 0.366634
vt 0.726647 0.370032
vt 0.742956 0.366938
vt 0.727679 0.386195
vt 0.742465 0.388326
vt 0.730823 0.391958
vt 0.716930 0.392158
vt 0.710604 0.398610
vt 0.710789 0.405090
vt 0.732497 0.395539
vt 0.736085 0.400133
vt 0.759380 0.396080
vt 0.752331 0.391738
vt 0.748702 0.765419
vt 0.745756 0.769833
vt 0.740328 0.765783
vt 0.739982 0.761187
vt 0.731380 0.758313
vt 0.735933 0.765510
vt 0.742036 0.771451
vt 0.189063 0.828707
vt 0.188659 0.824664
vt 0.188794 0.818408
vt 0.189063 0.817302
vt 0.188254 0.820621
vt 0.188659 0.813259
vt 0.189063 0.805896
vt 0.678507 0.005490
vt 0.677334 0.004364
vt 0.697484 0.031491
vt 0.690932 0.027549
vt 0.691511 0.040340
vt 0.685986 0.034990
vt 0.683220 0.029868
vt 0.685577 0.023750
vt 0.684731 0.011682
vt 0.681193 0.020947
vt 0.679480 0.030884
vt 0.681307 0.041892
vt 0.687283 0.051402
vt 0.764529 0.449493
vt 0.746045 0.456015
vt 0.757700 0.467281
vt 0.743951 0.468191
vt 0.732779 0.469459
vt 0.729055 0.462636
vt 0.713324 0.470486
vt 0.724965 0.476923
vt 0.738615 0.479649
vt 0.753393 0.480715
vt 0.670926 0.185264
vt 0.651856 0.209654
vt 0.646900 0.194206
vt 0.656136 0.173912
vt 0.639235 0.167329
vt 0.631846 0.198555
vt 0.628259 0.230051
vt 0.715434 0.323649
vt 0.697294 0.332364
vt 0.680446 0.329986
vt 0.684611 0.323190
vt 0.650244 0.323012
vt 0.659570 0.333033
vt 0.675279 0.339725
vt 0.509452 0.039627
vt 0.511154 0.029887
vt 0.499970 0.036917
vt 0.501009 0.027238
vt 0.502204 0.017092
vt 0.512640 0.020427
vt 0.746340 0.860672
vt 0.740763 0.870735
vt 0.735908 0.866835
vt 0.739867 0.855127
vt 0.735186 0.880798
vt 0.732310 0.879335
vt 0.729434 0.877872
vt 0.730927 0.862802
vt 0.732419 0.847732
vt 0.491306 0.018533
vt 0.491674 0.013593
vt 0.503451 0.014181
vt 0.479468 0.012902
vt 0.479165 0.008674
vt 0.491932 0.009972
vt 0.504699 0.011269
vt 0.489998 0.035887
vt 0.490542 0.026201
vt 0.692707 0.638505
vt 0.678960 0.650109
vt 0.670025 0.634507
vt 0.674809 0.621586
vt 0.656690 0.605513
vt 0.656888 0.630978
vt 0.662147 0.657006
vt 0.670084 0.684179
vt 0.623926 0.007994
vt 0.619724 0.006787
vt 0.624342 0.400318
vt 0.608612 0.397171
vt 0.635228 0.404517
vt 0.626402 0.408274
vt 0.616022 0.407213
vt 0.600487 0.405453
vt 0.592008 0.415053
vt 0.611498 0.415448
vt 0.628088 0.413455
vt 0.643600 0.410036
vt 0.944653 0.582940
vt 0.950335 0.599272
vt 0.943755 0.609982
vt 0.936294 0.601282
vt 0.552579 0.750642
vt 0.574709 0.755530
vt 0.566246 0.762579
vt 0.549711 0.761940
vt 0.586365 0.395939
vt 0.581680 0.402968
vt 0.565518 0.400709
vt 0.561813 0.395855
vt 0.536749 0.396969
vt 0.512073 0.399498
vt 0.552017 0.403424
vt 0.532820 0.406757
vt 0.553233 0.415931
vt 0.571165 0.409900
vt 0.548695 0.069465
vt 0.537403 0.077907
vt 0.532710 0.070361
vt 0.537623 0.063194
vt 0.526602 0.058654
vt 0.516195 0.054490
vt 0.523255 0.069969
vt 0.512314 0.067318
vt 0.507707 0.083893
vt 0.522670 0.083643
vt 0.503803 0.182921
vt 0.484803 0.157825
vt 0.520485 0.214353
vt 0.505099 0.219252
vt 0.490327 0.203086
vt 0.473085 0.184960
vt 0.461758 0.207714
vt 0.480970 0.224400
vt 0.504530 0.238729
vt 0.531637 0.246973
vt 0.545319 0.331704
vt 0.542621 0.341084
vt 0.524293 0.341953
vt 0.518234 0.337794
vt 0.495613 0.343472
vt 0.511632 0.346797
vt 0.532378 0.349442
vt 0.546784 0.447383
vt 0.537454 0.439802
vt 0.547303 0.456584
vt 0.529200 0.455702
vt 0.520490 0.451072
vt 0.507172 0.446842
vt 0.444216 0.467294
vt 0.478992 0.455735
vt 0.498278 0.458619
vt 0.482582 0.468740
vt 0.519241 0.462048
vt 0.508439 0.471620
vt 0.532221 0.478348
vt 0.541432 0.466974
vt 0.546362 0.645585
vt 0.530622 0.652039
vt 0.541557 0.672399
vt 0.527934 0.672795
vt 0.519056 0.674725
vt 0.517396 0.664216
vt 0.505222 0.678850
vt 0.511950 0.687786
vt 0.521503 0.693886
vt 0.535886 0.697722
vt 0.442063 0.028670
vt 0.431261 0.029335
vt 0.452107 0.030106
vt 0.449848 0.033460
vt 0.442853 0.034223
vt 0.433563 0.036123
vt 0.439326 0.057250
vt 0.436132 0.044916
vt 0.446020 0.041390
vt 0.451221 0.050277
vt 0.454404 0.037547
vt 0.460249 0.044566
vt 0.468451 0.040369
vt 0.460900 0.033828
vt 0.482168 0.048443
vt 0.473780 0.050215
vt 0.485630 0.062794
vt 0.477197 0.062633
vt 0.470369 0.061291
vt 0.465975 0.053308
vt 0.458742 0.059871
vt 0.451937 0.070093
vt 0.467674 0.069246
vt 0.462725 0.080539
vt 0.475466 0.093585
vt 0.478439 0.077590
vt 0.489909 0.081195
vt 0.427010 0.147115
vt 0.438761 0.138177
vt 0.439620 0.157172
vt 0.429023 0.166833
vt 0.450511 0.129239
vt 0.451367 0.150085
vt 0.450353 0.165638
vt 0.442146 0.174948
vt 0.449177 0.191072
vt 0.458945 0.172332
vt 0.466366 0.149110
vt 0.469377 0.124357
vt 0.501389 0.373001
vt 0.493509 0.378244
vt 0.477695 0.377468
vt 0.476287 0.374090
vt 0.454647 0.375119
vt 0.464516 0.379299
vt 0.480558 0.382354
vt 0.492586 0.404331
vt 0.511935 0.409994
vt 0.495476 0.412989
vt 0.478200 0.411042
vt 0.468968 0.419938
vt 0.462247 0.430152
vt 0.496281 0.419307
vt 0.494038 0.428028
vt 0.528974 0.427890
vt 0.525436 0.418228
vt 0.459040 0.481806
vt 0.445769 0.485804
vt 0.435770 0.476751
vt 0.467303 0.494718
vt 0.454133 0.495619
vt 0.445180 0.494840
vt 0.436252 0.490524
vt 0.427324 0.486208
vt 0.593767 0.865423
vt 0.594296 0.860840
vt 0.601385 0.864336
vt 0.598931 0.869388
vt 0.593972 0.853296
vt 0.601901 0.858052
vt 0.609830 0.862808
vt 0.609495 0.869707
vt 0.609161 0.876606
vt 0.459530 0.517232
vt 0.459583 0.507060
vt 0.474925 0.509848
vt 0.447885 0.508615
vt 0.446533 0.501728
vt 0.963245 0.683270
vt 0.957357 0.681309
vt 0.967672 0.684934
vt 0.969378 0.691170
vt 0.964776 0.690197
vt 0.960174 0.689223
vt 0.476281 0.771223
vt 0.475890 0.778404
vt 0.486398 0.771497
vt 0.485539 0.775439
vt 0.484681 0.779381
vt 0.480480 0.781484
vt 0.476279 0.783588
vt 0.473750 0.784174
vt 0.502799 0.748630
vt 0.499654 0.757483
vt 0.493117 0.759006
vt 0.492055 0.754785
vt 0.482788 0.762765
vt 0.489757 0.765252
vt 0.950212 0.678685
vt 0.952724 0.685705
vt 0.945273 0.682186
vt 0.942353 0.675729
vt 0.421255 0.032548
vt 0.424433 0.038524
vt 0.417891 0.040828
vt 0.413665 0.037818
vt 0.425477 0.057654
vt 0.425825 0.046670
vt 0.415759 0.057271
vt 0.416657 0.047092
vt 0.889399 0.263890
vt 0.898031 0.284568
vt 0.895037 0.296292
vt 0.887239 0.281635
vt 0.906663 0.305246
vt 0.901604 0.311714
vt 0.898315 0.316590
vt 0.893021 0.309436
vt 0.885079 0.299380
vt 0.885079 0.343041
vt 0.885080 0.321211
vt 0.892873 0.325589
vt 0.893601 0.340480
vt 0.899830 0.328916
vt 0.901064 0.343414
vt 0.908043 0.346577
vt 0.905925 0.329148
vt 0.912304 0.327177
vt 0.514055 0.436261
vt 0.491597 0.443902
vt 0.479131 0.442190
vt 0.486722 0.436242
vt 0.459012 0.439387
vt 0.430626 0.444313
vt 0.459599 0.446886
vt 0.434599 0.454419
vt 0.439408 0.460856
vt 0.466420 0.451977
vt 0.448692 0.539811
vt 0.454365 0.530786
vt 0.438741 0.548047
vt 0.431752 0.544307
vt 0.436603 0.536897
vt 0.438260 0.529306
vt 0.450080 0.521051
vt 0.437331 0.521966
vt 0.436402 0.514626
vt 0.442144 0.511621
vt 0.591625 0.872125
vt 0.588316 0.866429
vt 0.602426 0.879269
vt 0.595692 0.881932
vt 0.588574 0.876482
vt 0.580010 0.869009
vt 0.579971 0.868973
vt 0.579931 0.868935
vt 0.449964 0.637342
vt 0.440438 0.630573
vt 0.448949 0.625069
vt 0.436093 0.640803
vt 0.430390 0.634824
vt 0.424687 0.628844
vt 0.431249 0.624307
vt 0.437206 0.619179
vt 0.428054 0.612377
vt 0.423051 0.617443
vt 0.421541 0.627065
vt 0.418394 0.625286
vt 0.417929 0.615992
vt 0.452586 0.599478
vt 0.447379 0.590232
vt 0.454852 0.608790
vt 0.446066 0.608356
vt 0.441677 0.602478
vt 0.435960 0.594956
vt 0.427377 0.600244
vt 0.433850 0.607168
vt 0.442346 0.613365
vt 0.453607 0.617447
vt 0.457783 0.645490
vt 0.462973 0.654313
vt 0.452412 0.654375
vt 0.444253 0.647589
vt 0.464160 0.673565
vt 0.464401 0.663479
vt 0.445442 0.662580
vt 0.448927 0.658478
vt 0.439864 0.841865
vt 0.448362 0.833316
vt 0.431598 0.848970
vt 0.425494 0.842959
vt 0.427876 0.836751
vt 0.431467 0.828381
vt 0.413533 0.858713
vt 0.422434 0.854376
vt 0.409732 0.848474
vt 0.417608 0.844628
vt 0.410495 0.873222
vt 0.405766 0.861300
vt 0.403212 0.873847
vt 0.401606 0.866369
vt 0.400001 0.858891
vt 0.400240 0.856895
vt 0.400480 0.854899
vt 0.404358 0.852054
vt 0.443269 0.750193
vt 0.453890 0.752878
vt 0.434135 0.745865
vt 0.434571 0.737924
vt 0.440182 0.736402
vt 0.448365 0.733050
vt 0.441548 0.715445
vt 0.435198 0.723303
vt 0.429957 0.730477
vt 0.426463 0.737887
vt 0.894693 0.348799
vt 0.887452 0.343705
vt 0.901495 0.354514
vt 0.901973 0.363232
vt 0.895899 0.353800
vt 0.889824 0.344368
vt 0.907559 0.360858
vt 0.906023 0.372631
vt 0.417080 0.369487
vt 0.418082 0.366118
vt 0.414842 0.369230
vt 0.414243 0.365057
vt 0.235698 0.823287
vt 0.232012 0.819508
vt 0.233241 0.814971
vt 0.235698 0.814591
vt 0.228327 0.815730
vt 0.232012 0.810813
vt 0.235698 0.805896
vt 0.162985 0.812258
vt 0.157730 0.822046
vt 0.155979 0.816663
vt 0.157730 0.809077
vt 0.152475 0.831835
vt 0.152475 0.818866
vt 0.152475 0.805896
vt 0.600846 0.844223
vt 0.592027 0.848256
vt 0.589685 0.854408
vt 0.584430 0.855398
vt 0.583511 0.852333
vt 0.588207 0.860675
vt 0.582181 0.862167
vt 0.408174 0.725379
vt 0.405077 0.721452
vt 0.422078 0.593578
vt 0.416499 0.593750
vt 0.416654 0.584511
vt 0.421916 0.583975
vt 0.427206 0.583067
vt 0.430377 0.588089
vt 0.439392 0.582812
vt 0.431302 0.578038
vt 0.419304 0.360047
vt 0.413272 0.357128
vt 0.412301 0.349198
vt 0.422076 0.353612
vt 0.428225 0.348122
vt 0.412401 0.349403
vt 0.412500 0.349607
vt 0.423077 0.344878
vt 0.412495 0.106531
vt 0.418445 0.114233
vt 0.406500 0.113460
vt 0.405770 0.093315
vt 0.409923 0.087584
vt 0.413856 0.081141
vt 0.418024 0.087253
vt 0.424260 0.092410
vt 0.431793 0.074830
vt 0.422428 0.071405
vt 0.414650 0.069648
vt 0.446836 0.084286
vt 0.437720 0.078669
vt 0.455693 0.092044
vt 0.448977 0.099444
vt 0.442546 0.099766
vt 0.436115 0.100087
vt 0.919407 0.322979
vt 0.925282 0.341796
vt 0.913426 0.304386
vt 0.920189 0.303526
vt 0.926871 0.317873
vt 0.933554 0.332220
vt 0.463914 0.105354
vt 0.449744 0.114342
vt 0.519376 0.581064
vt 0.503623 0.580436
vt 0.502433 0.571761
vt 0.510865 0.567558
vt 0.497007 0.557394
vt 0.491376 0.567310
vt 0.487458 0.577339
vt 0.521092 0.488951
vt 0.508459 0.498370
vt 0.497699 0.490391
vt 0.501323 0.481910
vt 0.479630 0.480180
vt 0.483697 0.492355
vt 0.492394 0.505851
vt 0.490880 0.047124
vt 0.499153 0.047145
vt 0.498681 0.055848
vt 0.493271 0.059603
vt 0.498294 0.073111
vt 0.503858 0.061474
vt 0.507225 0.050147
vt 0.564729 0.652802
vt 0.582790 0.666993
vt 0.572850 0.678692
vt 0.558313 0.675187
vt 0.556305 0.697049
vt 0.578181 0.693313
vt 0.599093 0.684941
vt 0.645320 0.045294
vt 0.654007 0.054197
vt 0.651090 0.065239
vt 0.644343 0.064692
vt 0.644717 0.084905
vt 0.654461 0.077420
vt 0.661842 0.066921
vt 0.734450 0.196179
vt 0.734304 0.215748
vt 0.755907 0.223055
vt 0.752192 0.229785
vt 0.748476 0.236515
vt 0.735951 0.233609
vt 0.741193 0.251121
vt 0.756416 0.251890
vt 0.704712 0.035233
vt 0.712497 0.039922
vt 0.706262 0.044825
vt 0.699074 0.043370
vt 0.697453 0.053913
vt 0.708959 0.052079
vt 0.720559 0.047611
vt 0.916034 0.065467
vt 0.904010 0.063053
vt 0.927405 0.060716
vt 0.927715 0.067350
vt 0.920940 0.074196
vt 0.915599 0.080346
vt 0.908829 0.079992
vt 0.897156 0.082666
vt 0.892575 0.097321
vt 0.905669 0.092156
vt 0.915957 0.087836
vt 0.784277 0.398831
vt 0.762962 0.401341
vt 0.782855 0.405919
vt 0.762697 0.407834
vt 0.747747 0.408441
vt 0.742226 0.404643
vt 0.721719 0.410075
vt 0.737691 0.413791
vt 0.756457 0.416496
vt 0.777107 0.418813
vt 0.903886 0.010453
vt 0.903888 0.010462
vt 0.903636 0.009804
vt 0.909246 0.016418
vt 0.908337 0.017891
vt 0.908009 0.017040
vt 0.909437 0.030240
vt 0.912414 0.027473
vt 0.915461 0.024780
vt 0.317585 0.805896
vt 0.317647 0.805938
vt 0.317626 0.808028
vt 0.317585 0.809052
vt 0.317710 0.805980
vt 0.317647 0.809094
vt 0.317585 0.812208
vt 0.047374 0.822461
vt 0.049983 0.821922
vt 0.414185 0.785547
vt 0.417742 0.791155
vt 0.418387 0.793173
vt 0.414188 0.793154
vt 0.409989 0.793134
vt 0.409663 0.784452
vt 0.009108 0.869720
vt 0.007949 0.861826
vt 0.008135 0.857303
vt 0.010877 0.864797
vt 0.006043 0.851833
vt 0.003190 0.853900
vt 0.007917 0.856887
vt 0.012645 0.859874
vt 0.645875 0.842494
vt 0.642782 0.849009
vt 0.638366 0.840780
vt 0.641065 0.834703
vt 0.633161 0.833203
vt 0.636254 0.826913
vt 0.791147 0.733818
vt 0.785249 0.743161
vt 0.782891 0.734280
vt 0.791088 0.731154
vt 0.784510 0.723423
vt 0.791029 0.728490
vt 0.929546 0.091349
vt 0.924222 0.092901
vt 0.923069 0.083457
vt 0.928631 0.079350
vt 0.349225 0.806068
vt 0.349239 0.805982
vt 0.349243 0.806594
vt 0.349239 0.806943
vt 0.349252 0.805896
vt 0.349252 0.806857
vt 0.349252 0.807818
vt 0.780592 0.119570
vt 0.780602 0.116812
vt 0.781992 0.114246
vt 0.782830 0.114781
vt 0.988097 0.794197
vt 0.987219 0.794133
vt 0.990621 0.779783
vt 0.991899 0.781792
vt 0.996256 0.766554
vt 0.995701 0.769387
vt 0.720135 0.844804
vt 0.712136 0.838544
vt 0.713531 0.828265
vt 0.720050 0.831949
vt 0.714944 0.818844
vt 0.719965 0.819093
vt 0.787631 0.359280
vt 0.762169 0.357573
vt 0.765840 0.351430
vt 0.787662 0.350872
vt 0.791147 0.073062
vt 0.784017 0.063435
vt 0.782157 0.054675
vt 0.789907 0.065672
vt 0.776124 0.043020
vt 0.777998 0.046452
vt 0.783332 0.052367
vt 0.788667 0.058281
vt 0.790542 0.758427
vt 0.787578 0.759558
vt 0.786875 0.751597
vt 0.790845 0.746123
vt 0.785282 0.712486
vt 0.789521 0.714700
vt 0.784903 0.701357
vt 0.788014 0.700909
vt 0.113572 0.806591
vt 0.114986 0.815949
vt 0.114582 0.820881
vt 0.114024 0.806244
vt 0.116400 0.825307
vt 0.114986 0.830654
vt 0.113572 0.836001
vt 0.114231 0.833304
vt 0.114891 0.830608
vt 0.114683 0.818252
vt 0.114475 0.805896
vt 0.993601 0.916625
vt 0.981386 0.918263
vt 0.973776 0.905134
vt 0.993375 0.915571
vt 0.971227 0.921570
vt 0.961660 0.907761
vt 0.952094 0.893951
vt 0.955628 0.886539
vt 0.976450 0.897437
vt 0.993148 0.914517
vt 0.783668 0.069591
vt 0.788378 0.077148
vt 0.994761 0.875103
vt 0.978828 0.864050
vt 0.978231 0.852635
vt 0.994461 0.870211
vt 0.960963 0.842137
vt 0.985123 0.850868
vt 0.994161 0.865320
vt 0.932033 0.129977
vt 0.935865 0.129503
vt 0.927879 0.127252
vt 0.932121 0.124464
vt 0.790081 0.773112
vt 0.785475 0.773595
vt 0.786882 0.766631
vt 0.790311 0.765770
vt 0.996810 0.938195
vt 0.990679 0.938363
vt 0.986423 0.928611
vt 0.995206 0.927410
vt 0.984548 0.938531
vt 0.977887 0.930050
vt 0.776885 0.371287
vt 0.787129 0.369995
vt 0.770723 0.366754
vt 0.787617 0.363397
vt 0.987149 0.847854
vt 0.990826 0.853183
vt 0.535708 0.893392
vt 0.540744 0.890929
vt 0.550820 0.885496
vt 0.541277 0.896641
vt 0.560404 0.870466
vt 0.566230 0.875088
vt 0.556538 0.887489
vt 0.546846 0.899890
vt 0.759480 0.362912
vt 0.787624 0.361338
vt 0.955765 0.162962
vt 0.937334 0.175054
vt 0.934649 0.164354
vt 0.953825 0.158551
vt 0.939906 0.153832
vt 0.951886 0.154140
vt 0.928767 0.118149
vt 0.922627 0.117765
vt 0.924175 0.112490
vt 0.928085 0.112796
vt 0.925377 0.107008
vt 0.927404 0.107442
vt 0.925205 0.100660
vt 0.928475 0.099396
vt 0.782838 0.690133
vt 0.785968 0.686804
vt 0.779938 0.678522
vt 0.783922 0.672699
vt 0.921968 0.123308
vt 0.930444 0.121307
vt 0.912152 0.121722
vt 0.958878 0.174485
vt 0.950237 0.193803
vt 0.939109 0.188741
vt 0.957321 0.168724
vt 0.768106 0.801889
vt 0.768105 0.814192
vt 0.767823 0.812516
vt 0.767996 0.801425
vt 0.768106 0.826495
vt 0.768043 0.824740
vt 0.767980 0.822985
vt 0.767509 0.816618
vt 0.767037 0.810250
vt 0.767462 0.805606
vt 0.767887 0.800962
vt 0.979263 0.891401
vt 0.993400 0.905160
vt 0.981055 0.884633
vt 0.993651 0.895803
vt 0.715526 0.810148
vt 0.721510 0.810028
vt 0.715913 0.801541
vt 0.723054 0.800962
vt 0.941153 0.147216
vt 0.946391 0.145029
vt 0.980286 0.875056
vt 0.994207 0.885453
vt 0.021040 0.850262
vt 0.020032 0.835306
vt 0.026592 0.825636
vt 0.028183 0.831421
vt 0.019025 0.820350
vt 0.025735 0.817176
vt 0.032446 0.814002
vt 0.032967 0.816635
vt 0.033489 0.819268
vt 0.625719 0.826781
vt 0.626232 0.813937
vt 0.616985 0.820982
vt 0.616209 0.800962
vt 0.721478 0.859351
vt 0.717609 0.864147
vt 0.711723 0.850492
vt 0.720806 0.852078
vt 0.403469 0.034182
vt 0.401526 0.034687
vt 0.404972 0.038949
vt 0.401423 0.042966
vt 0.410752 0.695080
vt 0.414782 0.695029
vt 0.414589 0.702891
vt 0.410768 0.703296
vt 0.408415 0.046124
vt 0.401640 0.050816
vt 0.408332 0.058171
vt 0.401857 0.058666
vt 0.416596 0.678449
vt 0.417513 0.685934
vt 0.415283 0.689117
vt 0.413674 0.686765
vt 0.586842 0.882138
vt 0.578022 0.874812
vt 0.595513 0.889283
vt 0.595335 0.896635
vt 0.585685 0.888625
vt 0.576035 0.880614
vt 0.418028 0.567745
vt 0.431879 0.559766
vt 0.434177 0.563637
vt 0.417587 0.567529
vt 0.427853 0.569685
vt 0.417145 0.567313
vt 0.408719 0.071937
vt 0.403813 0.075990
vt 0.412362 0.288166
vt 0.441565 0.292844
vt 0.435651 0.299899
vt 0.412321 0.291918
vt 0.437940 0.308496
vt 0.421461 0.307581
vt 0.419650 0.301632
vt 0.412280 0.295669
vt 0.412022 0.338182
vt 0.426334 0.338556
vt 0.419610 0.342473
vt 0.412261 0.343895
vt 0.418367 0.514332
vt 0.428313 0.521819
vt 0.426920 0.534306
vt 0.418487 0.531786
vt 0.425180 0.546774
vt 0.418608 0.549241
vt 0.413476 0.307248
vt 0.414684 0.307185
vt 0.414567 0.310998
vt 0.412668 0.312756
vt 0.419634 0.313465
vt 0.411860 0.318265
vt 0.404457 0.814499
vt 0.413396 0.811884
vt 0.420076 0.818062
vt 0.404570 0.818051
vt 0.421295 0.808910
vt 0.429868 0.812714
vt 0.438442 0.816517
vt 0.434954 0.822449
vt 0.417572 0.825803
vt 0.404684 0.821602
vt 0.080664 0.828086
vt 0.081897 0.821064
vt 0.089216 0.821405
vt 0.088599 0.832840
vt 0.083130 0.814041
vt 0.089832 0.809969
vt 0.096534 0.805896
vt 0.096534 0.821745
vt 0.096534 0.837595
vt 0.414672 0.303362
vt 0.412878 0.301459
vt 0.416548 0.391589
vt 0.422319 0.393231
vt 0.422395 0.399624
vt 0.415673 0.400032
vt 0.402141 0.837559
vt 0.406722 0.841490
vt 0.403593 0.846314
vt 0.401310 0.846229
vt 0.412110 0.332110
vt 0.442641 0.325722
vt 0.442229 0.332672
vt 0.412066 0.335146
vt 0.421653 0.388317
vt 0.416465 0.387468
vt 0.400001 0.800962
vt 0.403379 0.801484
vt 0.408195 0.806627
vt 0.402229 0.807731
vt 0.406757 0.802006
vt 0.414026 0.805458
vt 0.412989 0.285920
vt 0.425886 0.276721
vt 0.440890 0.284237
vt 0.412675 0.287043
vt 0.436115 0.317471
vt 0.411985 0.325188
vt 0.419949 0.270430
vt 0.413797 0.272270
vt 0.414239 0.835115
vt 0.403412 0.829581
vt 0.423873 0.576297
vt 0.416900 0.575912
vt 0.917038 0.412293
vt 0.915812 0.415748
vt 0.917973 0.418424
vt 0.916568 0.430365
vt 0.457903 0.007233
vt 0.454657 0.009016
vt 0.448241 0.007153
vt 0.448795 0.005717
vt 0.729434 0.801864
vt 0.737415 0.801413
vt 0.740415 0.817760
vt 0.730604 0.822953
vt 0.745397 0.800962
vt 0.750303 0.812958
vt 0.755209 0.824954
vt 0.743098 0.832314
vt 0.731773 0.844041
vt 0.569655 0.827154
vt 0.567943 0.851121
vt 0.564310 0.849558
vt 0.566670 0.826029
vt 0.562425 0.838685
vt 0.563685 0.824903
vt 0.841039 0.485112
vt 0.843858 0.473110
vt 0.854501 0.474890
vt 0.849786 0.486718
vt 0.846676 0.461108
vt 0.855388 0.464063
vt 0.864101 0.467018
vt 0.863124 0.470107
vt 0.862148 0.473195
vt 0.860467 0.479989
vt 0.858532 0.488323
vt 0.745190 0.843920
vt 0.732096 0.845887
vt 0.757664 0.833809
vt 0.760119 0.842664
vt 0.753230 0.851668
vt 0.866247 0.482975
vt 0.862329 0.492025
vt 0.870041 0.470659
vt 0.877934 0.468122
vt 0.872178 0.486201
vt 0.866422 0.504279
vt 0.559379 0.832153
vt 0.559450 0.821818
vt 0.465612 0.012218
vt 0.468534 0.007953
vt 0.195443 0.805896
vt 0.201425 0.814095
vt 0.199431 0.817714
vt 0.195443 0.815424
vt 0.207408 0.822295
vt 0.201425 0.823624
vt 0.195443 0.824952
vt 0.975400 0.699566
vt 0.972389 0.695368
vt 0.970147 0.686627
vt 0.971777 0.688348
vt 0.968123 0.677882
vt 0.968154 0.677129
vt 0.964727 0.608533
vt 0.960253 0.601408
vt 0.962179 0.592910
vt 0.964282 0.595340
vt 0.708278 0.780254
vt 0.711914 0.774673
vt 0.721015 0.774902
vt 0.721624 0.780441
vt 0.964518 0.657901
vt 0.967008 0.656291
vt 0.961977 0.653815
vt 0.966462 0.646613
vt 0.966186 0.635582
vt 0.955423 0.636016
vt 0.955328 0.617063
vt 0.965457 0.622058
vt 0.943663 0.642741
vt 0.943709 0.626362
vt 0.419134 0.793251
vt 0.418906 0.793878
vt 0.421649 0.793123
vt 0.419424 0.794582
vt 0.968273 0.512681
vt 0.970114 0.512201
vt 0.968390 0.508444
vt 0.972289 0.506771
vt 0.675563 0.779918
vt 0.683495 0.772745
vt 0.690136 0.774414
vt 0.684236 0.780077
vt 0.696761 0.775416
vt 0.692910 0.780235
vt 0.703892 0.775149
vt 0.700594 0.780244
vt 0.956453 0.648751
vt 0.966324 0.641098
vt 0.944894 0.651192
vt 0.428221 0.792007
vt 0.430884 0.793099
vt 0.324090 0.807398
vt 0.324216 0.806647
vt 0.324258 0.808238
vt 0.324216 0.809409
vt 0.324342 0.805896
vt 0.324342 0.808658
vt 0.324342 0.811420
vt 0.967868 0.500309
vt 0.973845 0.503758
vt 0.962318 0.505255
vt 0.971315 0.492276
vt 0.975400 0.500746
vt 0.385444 0.807191
vt 0.383385 0.806544
vt 0.385430 0.811521
vt 0.383385 0.814004
vt 0.381327 0.805896
vt 0.387474 0.809039
vt 0.393621 0.812182
vt 0.387474 0.816499
vt 0.381327 0.820816
vt 0.035411 0.805896
vt 0.035411 0.828283
vt 0.031429 0.831189
vt 0.034450 0.812582
vt 0.035411 0.850669
vt 0.028225 0.850466
vt 0.368203 0.813570
vt 0.368326 0.813650
vt 0.361979 0.813151
vt 0.361918 0.809733
vt 0.368449 0.813729
vt 0.362040 0.816568
vt 0.355632 0.819408
vt 0.355632 0.812652
vt 0.355632 0.805896
vt 0.519506 0.834713
vt 0.519340 0.831843
vt 0.519468 0.838997
vt 0.512859 0.836278
vt 0.513036 0.834446
vt 0.513214 0.832614
vt 0.525394 0.846928
vt 0.518298 0.845247
vt 0.523438 0.854469
vt 0.516788 0.851477
vt 0.509695 0.850829
vt 0.511277 0.843554
vt 0.522771 0.856921
vt 0.515646 0.855741
vt 0.522103 0.859372
vt 0.514899 0.859232
vt 0.507147 0.858680
vt 0.508421 0.854755
vt 0.522096 0.863163
vt 0.514662 0.863156
vt 0.522089 0.866954
vt 0.514605 0.868679
vt 0.507218 0.866820
vt 0.507183 0.862750
vt 0.521931 0.877336
vt 0.514511 0.877278
vt 0.521773 0.887718
vt 0.514556 0.885942
vt 0.506896 0.887585
vt 0.507057 0.877203
vt 0.521889 0.891251
vt 0.515084 0.891936
vt 0.522005 0.894784
vt 0.516498 0.898395
vt 0.509218 0.897424
vt 0.508057 0.892505
vt 0.294678 0.819850
vt 0.294402 0.820025
vt 0.294652 0.813053
vt 0.295178 0.813058
vt 0.294126 0.820200
vt 0.294126 0.813048
vt 0.294126 0.805896
vt 0.294902 0.806081
vt 0.295679 0.806266
vt 0.525667 0.907266
vt 0.519528 0.908808
vt 0.529328 0.919747
vt 0.523268 0.921054
vt 0.517208 0.922360
vt 0.513213 0.909892
vt 0.892323 0.520814
vt 0.889896 0.509479
vt 0.894473 0.532722
vt 0.888916 0.532857
vt 0.886615 0.521719
vt 0.884313 0.510582
vt 0.901856 0.545100
vt 0.895484 0.545241
vt 0.902481 0.558303
vt 0.895572 0.558007
vt 0.889756 0.557764
vt 0.889336 0.545311
vt 0.901227 0.571279
vt 0.894650 0.570529
vt 0.899972 0.584256
vt 0.893547 0.581153
vt 0.886480 0.582743
vt 0.888118 0.570254
vt 0.899488 0.587974
vt 0.893022 0.587710
vt 0.899003 0.591692
vt 0.893191 0.593671
vt 0.886288 0.592446
vt 0.886384 0.587595
vt 0.902197 0.611336
vt 0.904298 0.621182
vt 0.897836 0.621542
vt 0.896051 0.612052
vt 0.906399 0.631027
vt 0.899251 0.629071
vt 0.893147 0.631773
vt 0.891466 0.622393
vt 0.889784 0.613013
vt 0.906457 0.632394
vt 0.899729 0.632683
vt 0.906514 0.633761
vt 0.899759 0.636747
vt 0.893079 0.633946
vt 0.893113 0.632859
vt 0.900600 0.601514
vt 0.894379 0.602270
vt 0.888036 0.602730
vt 0.906346 0.658412
vt 0.904757 0.663114
vt 0.898158 0.660959
vt 0.899217 0.655027
vt 0.896542 0.665114
vt 0.890622 0.662642
vt 0.891690 0.659252
vt 0.892757 0.655861
vt 0.906430 0.646087
vt 0.899637 0.645573
vt 0.892918 0.644904
vt 0.898250 0.683828
vt 0.900074 0.689969
vt 0.893454 0.690894
vt 0.892192 0.684787
vt 0.901897 0.696109
vt 0.894790 0.696412
vt 0.888570 0.698192
vt 0.886815 0.691966
vt 0.885059 0.685740
vt 0.897990 0.679121
vt 0.891916 0.678682
vt 0.892554 0.673159
vt 0.885604 0.678101
vt 0.886149 0.670462
vt 0.894314 0.668924
vt 0.888386 0.666552
vt 0.902422 0.703895
vt 0.902524 0.707002
vt 0.895449 0.707057
vt 0.895521 0.704039
vt 0.902626 0.710108
vt 0.895327 0.709360
vt 0.887958 0.710076
vt 0.888388 0.707290
vt 0.888817 0.704504
vt 0.902160 0.700002
vt 0.895373 0.700585
vt 0.888694 0.701348
vt 0.902593 0.710684
vt 0.895236 0.710532
vt 0.902560 0.711260
vt 0.895010 0.712727
vt 0.887868 0.710170
vt 0.887913 0.710123
vt 0.901747 0.717976
vt 0.894455 0.718296
vt 0.900933 0.724692
vt 0.894013 0.724061
vt 0.886403 0.726962
vt 0.887136 0.718566
vt 0.901128 0.725019
vt 0.894216 0.727032
vt 0.901323 0.725346
vt 0.895042 0.730051
vt 0.887893 0.731103
vt 0.887148 0.729033
vt 0.905777 0.743197
vt 0.904802 0.753326
vt 0.897713 0.753170
vt 0.897862 0.744210
vt 0.903827 0.763455
vt 0.896917 0.762483
vt 0.890007 0.761511
vt 0.890785 0.752927
vt 0.891563 0.744343
vt 0.903550 0.734272
vt 0.896602 0.736224
vt 0.889728 0.737723
vt 0.892089 0.008217
vt 0.892162 0.008371
vt 0.895691 0.006476
vt 0.896446 0.006997
vt 0.892236 0.008525
vt 0.895131 0.005857
vt 0.823869 0.464433
vt 0.820438 0.472851
vt 0.814108 0.471018
vt 0.817490 0.462770
vt 0.817006 0.481270
vt 0.810737 0.479496
vt 0.804437 0.477147
vt 0.807774 0.469128
vt 0.811111 0.461108
vt 0.813804 0.489912
vt 0.807506 0.488507
vt 0.810601 0.498553
vt 0.805180 0.497865
vt 0.797527 0.496885
vt 0.800982 0.487016
vt 0.811236 0.507321
vt 0.804892 0.507418
vt 0.811870 0.516087
vt 0.805721 0.516304
vt 0.799012 0.518478
vt 0.798270 0.507681
vt 0.813462 0.522197
vt 0.807197 0.523588
vt 0.815053 0.528307
vt 0.809155 0.531248
vt 0.802608 0.531292
vt 0.800810 0.524885
vt 0.817774 0.539552
vt 0.811749 0.541301
vt 0.820495 0.550797
vt 0.814799 0.551583
vt 0.808610 0.554691
vt 0.805609 0.542992
vt 0.824231 0.558056
vt 0.818263 0.559891
vt 0.827967 0.565316
vt 0.821427 0.567025
vt 0.816130 0.569345
vt 0.812370 0.562018
vt 0.826710 0.604139
vt 0.824053 0.613566
vt 0.817405 0.612358
vt 0.819417 0.604874
vt 0.821395 0.622992
vt 0.815361 0.620611
vt 0.808115 0.621318
vt 0.810766 0.610959
vt 0.813417 0.600600
vt 0.820941 0.626863
vt 0.814373 0.626366
vt 0.820486 0.630735
vt 0.814103 0.631146
vt 0.807138 0.630906
vt 0.807627 0.626112
vt 0.829739 0.572396
vt 0.823441 0.573433
vt 0.831511 0.579476
vt 0.824515 0.579121
vt 0.818625 0.579955
vt 0.817377 0.574650
vt 0.831058 0.584059
vt 0.824498 0.583773
vt 0.830605 0.588640
vt 0.823769 0.588470
vt 0.817606 0.586997
vt 0.818115 0.583476
vt 0.828964 0.595486
vt 0.822416 0.594127
vt 0.827323 0.602331
vt 0.821098 0.599079
vt 0.814114 0.598894
vt 0.815860 0.592945
vt 0.827017 0.603235
vt 0.820364 0.601588
vt 0.813765 0.599747
vt 0.821102 0.635780
vt 0.814520 0.636639
vt 0.821718 0.640825
vt 0.815993 0.644648
vt 0.808208 0.642831
vt 0.807673 0.636868
vt 0.826090 0.656198
vt 0.819274 0.657601
vt 0.830461 0.671570
vt 0.822766 0.671499
vt 0.816602 0.674707
vt 0.812405 0.658769
vt 0.831964 0.682071
vt 0.824882 0.682732
vt 0.833466 0.692572
vt 0.825570 0.692685
vt 0.819712 0.692720
vt 0.818157 0.683713
vt 0.831140 0.703352
vt 0.824279 0.702613
vt 0.828814 0.714132
vt 0.821613 0.713111
vt 0.815809 0.710742
vt 0.817761 0.701731
vt 0.824128 0.726816
vt 0.817640 0.724660
vt 0.819443 0.739500
vt 0.813512 0.735426
vt 0.806569 0.734657
vt 0.811189 0.722699
vt 0.816803 0.745705
vt 0.810273 0.743481
vt 0.814163 0.751910
vt 0.807808 0.751769
vt 0.800529 0.747739
vt 0.803549 0.741198
vt 0.813334 0.764143
vt 0.806329 0.763385
vt 0.812506 0.776376
vt 0.806032 0.776502
vt 0.797527 0.776763
vt 0.799028 0.762251
vt 0.814871 0.789058
vt 0.807550 0.789402
vt 0.817236 0.801740
vt 0.809409 0.799931
vt 0.802762 0.803912
vt 0.800144 0.790338
vt 0.817608 0.804511
vt 0.810335 0.805510
vt 0.817981 0.807283
vt 0.811005 0.810916
vt 0.803490 0.809191
vt 0.803126 0.806552
vt 0.819366 0.819743
vt 0.812076 0.820712
vt 0.820750 0.832202
vt 0.813170 0.831504
vt 0.806072 0.833675
vt 0.804781 0.821433
vt 0.821220 0.839225
vt 0.813848 0.839796
vt 0.821689 0.846248
vt 0.814260 0.845458
vt 0.807016 0.848373
vt 0.806544 0.841024
vt 0.821885 0.847102
vt 0.814479 0.847643
vt 0.822080 0.847957
vt 0.814625 0.848346
vt 0.807170 0.848734
vt 0.807093 0.848554
vt 0.310198 0.819303
vt 0.310701 0.819204
vt 0.310466 0.812629
vt 0.310701 0.812599
vt 0.311205 0.819105
vt 0.310232 0.812658
vt 0.309258 0.806211
vt 0.310232 0.806054
vt 0.311205 0.805896
vt 0.884587 0.791379
vt 0.884450 0.786214
vt 0.891784 0.786287
vt 0.891935 0.792246
vt 0.884313 0.781049
vt 0.891998 0.780966
vt 0.898897 0.781073
vt 0.899027 0.786200
vt 0.899157 0.791326
vt 0.885360 0.808272
vt 0.884974 0.799826
vt 0.892239 0.799788
vt 0.892596 0.807914
vt 0.899491 0.799605
vt 0.899824 0.807884
vt 0.886071 0.823696
vt 0.885716 0.815984
vt 0.892969 0.816086
vt 0.893362 0.826159
vt 0.900217 0.815714
vt 0.900610 0.823544
vt 0.884313 0.896914
vt 0.885538 0.876956
vt 0.892969 0.877520
vt 0.891786 0.897425
vt 0.886763 0.856998
vt 0.893778 0.858299
vt 0.901727 0.857888
vt 0.900494 0.877912
vt 0.899260 0.897935
vt 0.886417 0.840347
vt 0.893748 0.840871
vt 0.901169 0.840716
vt 0.806312 0.135075
vt 0.812762 0.135941
vt 0.811088 0.147009
vt 0.815274 0.125968
vt 0.820886 0.126889
vt 0.819022 0.136508
vt 0.817158 0.146127
vt 0.287530 0.820026
vt 0.287291 0.819916
vt 0.283105 0.814301
vt 0.284374 0.813882
vt 0.287052 0.819807
vt 0.282000 0.814786
vt 0.276948 0.809765
vt 0.278881 0.808682
vt 0.287746 0.820120
vt 0.287638 0.820073
vt 0.286010 0.813596
vt 0.287746 0.813008
vt 0.169385 0.825844
vt 0.169375 0.815870
vt 0.175624 0.817656
vt 0.175629 0.827627
vt 0.169365 0.805896
vt 0.175620 0.807686
vt 0.181874 0.809475
vt 0.181874 0.819443
vt 0.181874 0.829411
vt 0.819036 0.115980
vt 0.823048 0.106540
vt 0.828282 0.107771
vt 0.824584 0.117330
vt 0.802004 0.180450
vt 0.801991 0.178285
vt 0.809193 0.177922
vt 0.809254 0.183490
vt 0.809395 0.172165
vt 0.816249 0.175458
vt 0.816340 0.177600
vt 0.816432 0.179742
vt 0.802375 0.209505
vt 0.802189 0.194977
vt 0.809469 0.194812
vt 0.810239 0.208892
vt 0.816610 0.193958
vt 0.816788 0.208174
vt 0.808519 0.242924
vt 0.808053 0.241516
vt 0.815094 0.238951
vt 0.815810 0.241240
vt 0.807588 0.240109
vt 0.814098 0.234275
vt 0.821776 0.235817
vt 0.822205 0.236983
vt 0.822635 0.238148
vt 0.810148 0.160370
vt 0.816703 0.160792
vt 0.804981 0.224807
vt 0.812139 0.223038
vt 0.819282 0.221996
vt 0.811097 0.250565
vt 0.809808 0.246745
vt 0.816904 0.244472
vt 0.818329 0.248633
vt 0.823918 0.241967
vt 0.825202 0.245785
vt 0.816950 0.281154
vt 0.817185 0.280870
vt 0.823920 0.283200
vt 0.822311 0.285936
vt 0.817420 0.280586
vt 0.824390 0.280436
vt 0.832147 0.282564
vt 0.830941 0.285538
vt 0.829735 0.288511
vt 0.814884 0.260749
vt 0.812990 0.255657
vt 0.820067 0.253691
vt 0.821671 0.259122
vt 0.827176 0.251630
vt 0.829150 0.257476
vt 0.816075 0.271558
vt 0.815480 0.266154
vt 0.822671 0.264622
vt 0.823396 0.270180
vt 0.829932 0.263075
vt 0.830714 0.268675
vt 0.816747 0.276072
vt 0.824050 0.275738
vt 0.831430 0.275620
vt 0.807865 0.292638
vt 0.812408 0.286896
vt 0.818926 0.290396
vt 0.815690 0.294535
vt 0.825408 0.293976
vt 0.821080 0.299441
vt 0.807387 0.293775
vt 0.807626 0.293206
vt 0.814469 0.296295
vt 0.813647 0.298587
vt 0.821214 0.299250
vt 0.821347 0.299059
vt 0.801986 0.310334
vt 0.804687 0.302055
vt 0.811691 0.304539
vt 0.809499 0.311462
vt 0.818755 0.306780
vt 0.816164 0.314501
vt 0.799601 0.320421
vt 0.800794 0.315377
vt 0.808002 0.316913
vt 0.806863 0.321865
vt 0.815120 0.318574
vt 0.814075 0.322648
vt 0.797527 0.333654
vt 0.798564 0.327037
vt 0.805902 0.327302
vt 0.805690 0.332887
vt 0.813051 0.327530
vt 0.812027 0.332413
vt 0.802590 0.346114
vt 0.800058 0.339884
vt 0.807157 0.338339
vt 0.809626 0.344461
vt 0.814005 0.336627
vt 0.815983 0.340841
vt 0.809430 0.363805
vt 0.806010 0.354960
vt 0.812758 0.352223
vt 0.815828 0.359848
vt 0.819522 0.349520
vt 0.823060 0.358199
vt 0.813545 0.373306
vt 0.811487 0.368556
vt 0.818209 0.365506
vt 0.820463 0.370329
vt 0.824962 0.362666
vt 0.826863 0.367133
vt 0.819220 0.382227
vt 0.816382 0.377767
vt 0.823065 0.375417
vt 0.825262 0.382071
vt 0.829849 0.372676
vt 0.832834 0.378219
vt 0.812405 0.429133
vt 0.814122 0.422655
vt 0.820790 0.423966
vt 0.819145 0.429894
vt 0.815839 0.416177
vt 0.822602 0.417323
vt 0.829329 0.418625
vt 0.827417 0.425456
vt 0.825504 0.432287
vt 0.809923 0.438102
vt 0.811164 0.433617
vt 0.817918 0.434455
vt 0.817443 0.439232
vt 0.824485 0.435238
vt 0.823465 0.438188
vt 0.374829 0.820882
vt 0.374829 0.820881
vt 0.374859 0.813389
vt 0.374888 0.813390
vt 0.374829 0.820881
vt 0.374829 0.813389
vt 0.374829 0.805896
vt 0.374888 0.805897
vt 0.374947 0.805898
vt 0.775074 0.847430
vt 0.776274 0.830813
vt 0.783123 0.830633
vt 0.782285 0.845532
vt 0.777473 0.814196
vt 0.783569 0.816684
vt 0.791147 0.812841
vt 0.790072 0.830216
vt 0.788996 0.847591
vt 0.775979 0.808936
vt 0.782704 0.808236
vt 0.774485 0.803677
vt 0.781245 0.802319
vt 0.788006 0.800962
vt 0.789577 0.806901
vt 0.774485 0.868418
vt 0.774780 0.857924
vt 0.781821 0.857186
vt 0.781556 0.867256
vt 0.788812 0.856843
vt 0.788628 0.866094
vt 0.302122 0.806543
vt 0.302500 0.806219
vt 0.302484 0.813050
vt 0.302090 0.813145
vt 0.302878 0.805896
vt 0.302878 0.812956
vt 0.302878 0.820016
vt 0.302468 0.819881
vt 0.302058 0.819746
vt 0.969046 0.023401
vt 0.967152 0.014436
vt 0.974351 0.013386
vt 0.976027 0.022523
vt 0.965257 0.005471
vt 0.972463 0.004331
vt 0.979670 0.003190
vt 0.981602 0.012315
vt 0.983535 0.021440
vt 0.969509 0.086987
vt 0.968628 0.082358
vt 0.975549 0.081308
vt 0.976844 0.086387
vt 0.967748 0.077729
vt 0.975017 0.076251
vt 0.981600 0.076761
vt 0.982279 0.080252
vt 0.982959 0.083744
vt 0.975587 0.102924
vt 0.972548 0.094955
vt 0.979257 0.093213
vt 0.982045 0.100911
vt 0.985871 0.091253
vt 0.988784 0.098762
vt 0.819368 0.402953
vt 0.819294 0.392590
vt 0.826051 0.391931
vt 0.825775 0.402221
vt 0.833073 0.391166
vt 0.833312 0.404112
vt 0.817604 0.409565
vt 0.824407 0.410328
vt 0.831321 0.411368
vt 0.813035 0.454728
vt 0.811479 0.446415
vt 0.818335 0.445886
vt 0.819826 0.453409
vt 0.825041 0.445139
vt 0.826618 0.452089
vt 0.970923 0.041874
vt 0.969985 0.032637
vt 0.977202 0.031617
vt 0.977941 0.038978
vt 0.984528 0.031029
vt 0.985521 0.040619
vt 0.970993 0.043223
vt 0.970958 0.042548
vt 0.978113 0.042485
vt 0.977787 0.045926
vt 0.985391 0.042438
vt 0.985262 0.044258
vt 0.968599 0.061378
vt 0.969796 0.052301
vt 0.976845 0.053033
vt 0.975812 0.061560
vt 0.983917 0.053410
vt 0.982571 0.062562
vt 0.968173 0.069554
vt 0.975186 0.069467
vt 0.982086 0.069661
vt 0.980274 0.118304
vt 0.977931 0.110614
vt 0.984587 0.108662
vt 0.986569 0.115088
vt 0.991384 0.107041
vt 0.993984 0.115319
vt 0.981034 0.121642
vt 0.980654 0.119973
vt 0.987526 0.118585
vt 0.987995 0.122032
vt 0.994519 0.117210
vt 0.995054 0.119101
vt 0.981188 0.135180
vt 0.981111 0.128411
vt 0.988273 0.128289
vt 0.988113 0.135831
vt 0.995543 0.127846
vt 0.996033 0.136592
vt 0.978338 0.149334
vt 0.979763 0.142257
vt 0.987081 0.143286
vt 0.985864 0.149473
vt 0.994446 0.144632
vt 0.992859 0.152672
vt 0.973571 0.161692
vt 0.975479 0.157362
vt 0.981108 0.159798
vt 0.978820 0.164832
vt 0.977388 0.153033
vt 0.983698 0.155803
vt 0.991608 0.157178
vt 0.986660 0.161974
vt 0.981712 0.166769
vt 0.977863 0.151183
vt 0.984995 0.152971
vt 0.992234 0.154925
vt 0.971988 0.176892
vt 0.972780 0.169292
vt 0.978531 0.171092
vt 0.978837 0.178416
vt 0.984134 0.172627
vt 0.986555 0.178485
vt 0.970446 0.195700
vt 0.971217 0.186296
vt 0.978467 0.187103
vt 0.977659 0.196332
vt 0.985825 0.187775
vt 0.985095 0.197065
vt 0.968378 0.213343
vt 0.969412 0.204522
vt 0.976596 0.205520
vt 0.975355 0.214503
vt 0.983825 0.206571
vt 0.982554 0.216076
vt 0.965257 0.230014
vt 0.966818 0.221679
vt 0.973903 0.223107
vt 0.972362 0.231546
vt 0.981010 0.224577
vt 0.979466 0.233078
vt 0.885607 0.775441
vt 0.892926 0.775564
vt 0.886901 0.769834
vt 0.894168 0.770086
vt 0.901435 0.770338
vt 0.900166 0.775706
vt 0.214507 0.816378
vt 0.214147 0.817190
vt 0.218047 0.816035
vt 0.218227 0.820122
vt 0.213787 0.818001
vt 0.217867 0.811949
vt 0.221947 0.805896
vt 0.221947 0.814881
vt 0.221947 0.823866
vt 0.853881 0.506934
vt 0.853912 0.491801
vt 0.858143 0.493359
vt 0.859770 0.502768
vt 0.853943 0.476667
vt 0.856238 0.482495
vt 0.854254 0.508424
vt 0.854068 0.507679
vt 0.860669 0.507124
vt 0.860944 0.509805
vt 0.867425 0.506962
vt 0.868428 0.509645
vt 0.852538 0.515829
vt 0.853396 0.512127
vt 0.860476 0.513516
vt 0.859772 0.517169
vt 0.867616 0.514919
vt 0.866804 0.520193
vt 0.845471 0.543405
vt 0.848515 0.531086
vt 0.855523 0.533247
vt 0.853096 0.542441
vt 0.851558 0.518766
vt 0.857967 0.523947
vt 0.865894 0.523086
vt 0.862527 0.535434
vt 0.859160 0.547782
vt 0.840050 0.565750
vt 0.841698 0.558841
vt 0.848822 0.560337
vt 0.847681 0.566651
vt 0.843346 0.551931
vt 0.850058 0.554486
vt 0.857260 0.554821
vt 0.855921 0.561717
vt 0.854582 0.568613
vt 0.839846 0.577086
vt 0.839948 0.571418
vt 0.847179 0.572093
vt 0.847016 0.576887
vt 0.854326 0.572929
vt 0.854069 0.577245
vt 0.842122 0.608437
vt 0.841349 0.601300
vt 0.848333 0.600871
vt 0.848840 0.607721
vt 0.840577 0.594162
vt 0.847792 0.594408
vt 0.854857 0.592958
vt 0.855325 0.600346
vt 0.855792 0.607734
vt 0.842158 0.619904
vt 0.842140 0.614171
vt 0.849139 0.614127
vt 0.849310 0.621263
vt 0.856170 0.613900
vt 0.856548 0.620066
vt 0.842259 0.640916
vt 0.842209 0.630410
vt 0.849390 0.630772
vt 0.849419 0.642176
vt 0.856585 0.630659
vt 0.856621 0.641253
vt 0.847329 0.748213
vt 0.845085 0.732195
vt 0.852081 0.731889
vt 0.854533 0.746209
vt 0.842841 0.716176
vt 0.850405 0.719888
vt 0.856704 0.716120
vt 0.858882 0.731003
vt 0.861060 0.745886
vt 0.853856 0.773703
vt 0.850592 0.760958
vt 0.857629 0.759327
vt 0.860767 0.771264
vt 0.864655 0.757991
vt 0.868250 0.770096
vt 0.858548 0.793849
vt 0.856202 0.783776
vt 0.863379 0.781929
vt 0.865392 0.791718
vt 0.870706 0.780300
vt 0.873161 0.790504
vt 0.860128 0.810134
vt 0.859338 0.801992
vt 0.866561 0.800722
vt 0.867501 0.810171
vt 0.873841 0.799340
vt 0.874521 0.808176
vt 0.852048 0.517298
vt 0.859133 0.519686
vt 0.866349 0.521639
vt 0.844697 0.545596
vt 0.845084 0.544501
vt 0.851991 0.546316
vt 0.851463 0.548096
vt 0.858754 0.548655
vt 0.858348 0.549528
vt 0.844022 0.548764
vt 0.850882 0.550634
vt 0.857804 0.552175
vt 0.839869 0.585374
vt 0.839858 0.581230
vt 0.847002 0.581131
vt 0.847106 0.585202
vt 0.854117 0.581076
vt 0.854164 0.584906
vt 0.840223 0.589768
vt 0.847383 0.589441
vt 0.854511 0.588932
vt 0.842238 0.669907
vt 0.842249 0.655411
vt 0.849412 0.655856
vt 0.849455 0.671872
vt 0.856563 0.655716
vt 0.856505 0.670179
vt 0.842887 0.711962
vt 0.842563 0.690934
vt 0.849638 0.690760
vt 0.849813 0.706873
vt 0.856714 0.691280
vt 0.856923 0.712381
vt 0.842864 0.714069
vt 0.849893 0.714004
vt 0.856814 0.714251
vt 0.862886 0.834453
vt 0.861507 0.822294
vt 0.868686 0.821124
vt 0.869795 0.830644
vt 0.875883 0.820311
vt 0.877245 0.832447
vt 0.863785 0.838707
vt 0.863335 0.836580
vt 0.870435 0.835216
vt 0.870859 0.837543
vt 0.877589 0.834413
vt 0.877934 0.836380
vt 0.146096 0.805896
vt 0.146096 0.818510
vt 0.138725 0.819310
vt 0.138725 0.806697
vt 0.146096 0.831123
vt 0.138725 0.831924
vt 0.131354 0.832724
vt 0.131354 0.820111
vt 0.131354 0.807498
vt 0.854511 0.003190
vt 0.855191 0.012035
vt 0.847813 0.012876
vt 0.847101 0.003788
vt 0.855871 0.020880
vt 0.848584 0.021147
vt 0.841147 0.023457
vt 0.840420 0.013921
vt 0.839692 0.004385
vt 0.856802 0.026540
vt 0.849508 0.027769
vt 0.857734 0.032199
vt 0.850631 0.035112
vt 0.843180 0.034182
vt 0.842164 0.028819
vt 0.859365 0.044727
vt 0.852031 0.045477
vt 0.860995 0.057255
vt 0.853228 0.054727
vt 0.846317 0.058831
vt 0.844749 0.046507
vt 0.861054 0.057813
vt 0.853691 0.058555
vt 0.861112 0.058371
vt 0.853964 0.062585
vt 0.846434 0.059662
vt 0.846376 0.059246
vt 0.861784 0.071575
vt 0.854560 0.072548
vt 0.862456 0.084778
vt 0.855480 0.084076
vt 0.848073 0.086597
vt 0.847254 0.073129
vt 0.863880 0.091992
vt 0.856833 0.093092
vt 0.865303 0.099205
vt 0.858563 0.101064
vt 0.851312 0.102309
vt 0.849693 0.094453
vt 0.867565 0.107549
vt 0.860743 0.109272
vt 0.869827 0.115893
vt 0.862865 0.116476
vt 0.856557 0.120183
vt 0.853934 0.111246
vt 0.871009 0.118881
vt 0.864442 0.120985
vt 0.872190 0.121868
vt 0.865897 0.124941
vt 0.859255 0.126275
vt 0.857906 0.123229
vt 0.874141 0.128678
vt 0.867614 0.130483
vt 0.876092 0.135487
vt 0.869326 0.138152
vt 0.862921 0.137239
vt 0.861088 0.131757
vt 0.877396 0.148391
vt 0.870690 0.149342
vt 0.878700 0.161295
vt 0.871595 0.163677
vt 0.865275 0.161775
vt 0.864098 0.149507
vt 0.878510 0.181791
vt 0.871758 0.181857
vt 0.878321 0.202287
vt 0.871456 0.200225
vt 0.864967 0.201977
vt 0.865121 0.181876
vt 0.877491 0.215923
vt 0.870766 0.215378
vt 0.876661 0.229560
vt 0.869851 0.229031
vt 0.863229 0.228437
vt 0.864098 0.215207
vt 0.875489 0.243093
vt 0.868769 0.242328
vt 0.874317 0.256626
vt 0.867793 0.253868
vt 0.860816 0.255567
vt 0.862023 0.242002
vt 0.873933 0.262139
vt 0.867194 0.261523
vt 0.873549 0.267651
vt 0.866602 0.268394
vt 0.860090 0.266641
vt 0.860453 0.261104
vt 0.872286 0.277960
vt 0.865651 0.277116
vt 0.871023 0.288270
vt 0.864607 0.285459
vt 0.857990 0.286094
vt 0.859040 0.276368
vt 0.870191 0.292176
vt 0.863731 0.290775
vt 0.862982 0.294308
vt 0.856464 0.293545
vt 0.857228 0.289819
vt 0.865566 0.312258
vt 0.859247 0.310399
vt 0.861398 0.301474
vt 0.863063 0.324270
vt 0.856947 0.319390
vt 0.849721 0.319658
vt 0.852955 0.308522
vt 0.856190 0.297386
vt 0.862347 0.326435
vt 0.855551 0.324344
vt 0.861630 0.328600
vt 0.854388 0.329866
vt 0.847673 0.324563
vt 0.848697 0.322110
vt 0.859908 0.342713
vt 0.852856 0.340660
vt 0.858186 0.356826
vt 0.851513 0.351009
vt 0.843841 0.352873
vt 0.845757 0.338718
vt 0.858081 0.357241
vt 0.851004 0.355065
vt 0.857975 0.357656
vt 0.850582 0.358388
vt 0.843968 0.353274
vt 0.843904 0.353073
vt 0.856472 0.367921
vt 0.849544 0.366297
vt 0.854970 0.378186
vt 0.848473 0.374217
vt 0.841280 0.376068
vt 0.842624 0.364671
vt 0.854905 0.378627
vt 0.854447 0.382751
vt 0.847304 0.382089
vt 0.847700 0.378889
vt 0.853989 0.386876
vt 0.846841 0.386132
vt 0.839692 0.385389
vt 0.840176 0.381216
vt 0.840661 0.377043
vt 0.862293 0.297025
vt 0.856327 0.295465
vt 0.854937 0.378407
vt 0.847980 0.377296
vt 0.840970 0.376556
vt 0.268304 0.820710
vt 0.263313 0.820753
vt 0.263853 0.813325
vt 0.269436 0.813303
vt 0.258321 0.820796
vt 0.258271 0.813346
vt 0.258220 0.805896
vt 0.264394 0.805896
vt 0.270568 0.805896
vt 0.517236 0.296202
vt 0.517311 0.571841
vt 0.502426 0.571843
vt 0.502352 0.296203
vt 0.548356 0.136160
vt 0.548378 0.188625
vt 0.529940 0.188627
vt 0.529917 0.136162
vt 0.519003 0.581483
vt 0.519003 0.690635
vt 0.500570 0.690633
vt 0.500570 0.581481
vt 0.618386 0.292066
vt 0.618386 0.545542
vt 0.611892 0.539400
vt 0.611887 0.298306
vt 0.587038 0.567734
vt 0.587038 0.294699
vt 0.601925 0.294699
vt 0.601925 0.567734
vt 0.223994 0.002896
vt 0.255971 0.045604
vt 0.260400 0.331513
vt 0.407655 0.331068
vt 0.432321 0.019595
vt 0.431303 0.896440
vt 0.405928 0.648523
vt 0.403457 0.348867
vt 0.261513 0.351007
vt 0.548371 0.231189
vt 0.529932 0.231191
vt 0.519003 0.719796
vt 0.500570 0.719794
vt 0.734326 0.541636
vt 0.734326 0.654042
vt 0.726121 0.647417
vt 0.726106 0.548688
vt 0.491031 0.002896
vt 0.491143 0.966932
vt 0.476811 0.966934
vt 0.476699 0.003335
vt 0.477136 0.002898
vt 0.624206 0.750217
vt 0.632514 0.750726
vt 0.632061 0.750735
vt 0.262627 0.647181
vt 0.433178 0.971270
vt 0.410619 0.955657
vt 0.405623 0.891879
vt 0.403192 0.786537
vt 0.404051 0.730736
vt 0.406840 0.667787
vt 0.294796 0.668649
vt 0.263592 0.668889
vt 0.263367 0.798252
vt 0.223994 0.997059
vt 0.391177 0.620292
vt 0.388853 0.370858
vt 0.397228 0.362270
vt 0.399665 0.632658
vt 0.500870 0.287305
vt 0.500870 0.232226
vt 0.519311 0.232226
vt 0.519311 0.287305
vt 0.548334 0.284919
vt 0.529895 0.284922
vt 0.684743 0.692218
vt 0.706228 0.692249
vt 0.706231 0.716584
vt 0.684746 0.716553
vt 0.548330 0.004468
vt 0.548326 0.120669
vt 0.529887 0.120671
vt 0.529891 0.004470
vt 0.705607 0.543054
vt 0.705605 0.568881
vt 0.687177 0.568876
vt 0.687179 0.543048
vt 0.576581 0.578301
vt 0.678951 0.541636
vt 0.678951 0.722654
vt 0.654623 0.722658
vt 0.654623 0.541639
vt 0.705596 0.684520
vt 0.687168 0.684515
vt 0.438970 0.997040
vt 0.438970 0.002896
vt 0.463309 0.002896
vt 0.463309 0.997040
vt 0.500870 0.120411
vt 0.519311 0.120411
vt 0.041922 0.010989
vt 0.218203 0.002896
vt 0.186105 0.045810
vt 0.036239 0.048120
vt 0.034904 0.330895
vt 0.011693 0.039734
vt 0.011880 0.011547
vt 0.400116 0.018995
vt 0.406317 0.047924
vt 0.500870 0.064526
vt 0.519311 0.064526
vt 0.554540 0.579370
vt 0.554540 0.720822
vt 0.539660 0.720831
vt 0.539660 0.579379
vt 0.164609 0.625834
vt 0.165774 0.372356
vt 0.174734 0.363847
vt 0.173491 0.634411
vt 0.264528 0.808540
vt 0.265689 0.855785
vt 0.265260 0.898253
vt 0.262999 0.954798
vt 0.291663 0.955061
vt 0.431833 0.975578
vt 0.406798 0.975576
vt 0.405006 0.997074
vt 0.276430 0.371542
vt 0.268028 0.364025
vt 0.277594 0.619248
vt 0.269149 0.631401
vt 0.628316 0.002896
vt 0.628357 0.252349
vt 0.620301 0.244765
vt 0.620275 0.010365
vt 0.651855 0.231581
vt 0.652374 0.007051
vt 0.743152 0.007051
vt 0.743588 0.233107
vt 0.634148 0.250609
vt 0.634148 0.002896
vt 0.642086 0.010454
vt 0.642085 0.243207
vt 0.180578 0.352340
vt 0.039070 0.350196
vt 0.036583 0.647225
vt 0.005608 0.950164
vt 0.181684 0.331344
vt 0.052854 0.370629
vt 0.044575 0.361856
vt 0.050527 0.626881
vt 0.042089 0.635617
vt 0.608089 0.259159
vt 0.608049 0.002896
vt 0.614429 0.009100
vt 0.614484 0.252878
vt 0.714060 0.654636
vt 0.714060 0.541636
vt 0.720315 0.547005
vt 0.720290 0.649644
vt 0.720971 0.526621
vt 0.631292 0.528278
vt 0.631255 0.299571
vt 0.719990 0.300266
vt 0.262391 0.329094
vt 0.405241 0.328662
vt 0.583023 0.718788
vt 0.583023 0.575952
vt 0.584852 0.577380
vt 0.584852 0.716992
vt 0.587283 0.577904
vt 0.587283 0.716336
vt 0.258026 0.048336
vt 0.498221 0.574244
vt 0.498146 0.293452
vt 0.499934 0.295466
vt 0.500009 0.572487
vt 0.403928 0.050576
vt 0.402191 0.052507
vt 0.259543 0.050325
vt 0.537231 0.721379
vt 0.537231 0.578735
vt 0.606096 0.292066
vt 0.606096 0.570160
vt 0.604333 0.568384
vt 0.604333 0.293994
vt 0.669773 0.243079
vt 0.672206 0.245512
vt 0.672206 0.275685
vt 0.647878 0.275688
vt 0.647878 0.250652
vt 0.655445 0.243081
vt 0.602159 0.716347
vt 0.602159 0.577914
vt 0.604451 0.577413
vt 0.604451 0.716981
vt 0.038829 0.326890
vt 0.178274 0.327316
vt 0.179748 0.329019
vt 0.037203 0.328583
vt 0.519545 0.295492
vt 0.519620 0.572460
vt 0.521216 0.293552
vt 0.521292 0.574151
vt 0.184105 0.048444
vt 0.556836 0.578748
vt 0.556836 0.721346
vt 0.182585 0.050371
vt 0.040123 0.052549
vt 0.038514 0.050678
vt 0.584720 0.568360
vt 0.584720 0.294020
vt 0.583023 0.570069
vt 0.583023 0.292165
vt 0.747625 0.237287
vt 0.647878 0.235643
vt 0.648973 0.234488
vt 0.746499 0.236103
vt 0.650429 0.233001
vt 0.745022 0.234573
vt 0.648400 0.002896
vt 0.649498 0.004083
vt 0.650953 0.005603
vt 0.747147 0.002896
vt 0.746038 0.004083
vt 0.744576 0.005604
vt 0.570789 0.578302
vt 0.570789 0.691884
vt 0.562628 0.685047
vt 0.562631 0.585291
vt 0.499183 0.720069
vt 0.499183 0.690634
vt 0.498146 0.720821
vt 0.498146 0.690637
vt 0.294810 0.670022
vt 0.264629 0.670254
vt 0.528507 0.122066
vt 0.528511 0.004102
vt 0.527486 0.125877
vt 0.527490 0.003095
vt 0.264403 0.793036
vt 0.528535 0.136861
vt 0.265168 0.789211
vt 0.266813 0.803994
vt 0.265843 0.805919
vt 0.528557 0.188628
vt 0.527533 0.188630
vt 0.527511 0.138771
vt 0.267069 0.855770
vt 0.528550 0.231179
vt 0.527525 0.231145
vt 0.266640 0.898286
vt 0.528512 0.285284
vt 0.527487 0.286275
vt 0.264434 0.953431
vt 0.685781 0.684961
vt 0.685788 0.568878
vt 0.684743 0.686181
vt 0.684743 0.568883
vt 0.291679 0.953682
vt 0.408973 0.954512
vt 0.520687 0.231364
vt 0.520687 0.287616
vt 0.407774 0.953667
vt 0.403381 0.897460
vt 0.404324 0.895105
vt 0.520687 0.120413
vt 0.521695 0.120420
vt 0.521695 0.229010
vt 0.401819 0.786539
vt 0.520687 0.064541
vt 0.521695 0.064582
vt 0.402678 0.730691
vt 0.519311 0.004464
vt 0.520687 0.004096
vt 0.521695 0.003092
vt 0.405404 0.669171
vt 0.685790 0.542670
vt 0.684745 0.541636
vt 0.499183 0.581093
vt 0.498146 0.580036
vt 0.218203 0.997094
vt 0.037369 0.997104
vt 0.035579 0.975605
vt 0.005438 0.975607
vt 0.005006 0.974222
vt 0.031291 0.956013
vt 0.150604 0.955487
vt 0.179645 0.955220
vt 0.177370 0.898273
vt 0.176941 0.855818
vt 0.178084 0.809316
vt 0.179163 0.799770
vt 0.147474 0.668277
vt 0.178939 0.668520
vt 0.177740 0.670084
vt 0.147442 0.669850
vt 0.176824 0.671227
vt 0.147381 0.671000
vt 0.520562 0.690636
vt 0.520562 0.720111
vt 0.177965 0.793811
vt 0.551033 0.002896
vt 0.551029 0.126618
vt 0.549893 0.122263
vt 0.549897 0.004047
vt 0.176566 0.806323
vt 0.175417 0.804132
vt 0.177050 0.789447
vt 0.549922 0.136958
vt 0.175351 0.855803
vt 0.174148 0.855792
vt 0.549944 0.188626
vt 0.175780 0.898314
vt 0.174578 0.898344
vt 0.549936 0.231174
vt 0.177992 0.953662
vt 0.176743 0.952520
vt 0.549899 0.285333
vt 0.033156 0.954707
vt 0.150571 0.953914
vt 0.708267 0.568890
vt 0.708269 0.686426
vt 0.707154 0.685031
vt 0.707161 0.568884
vt 0.036382 0.890982
vt 0.037849 0.894673
vt 0.038885 0.897374
vt 0.034483 0.953750
vt 0.499297 0.287660
vt 0.499297 0.231241
vt 0.038789 0.786558
vt 0.040341 0.786564
vt 0.498146 0.228551
vt 0.498146 0.120421
vt 0.499297 0.120414
vt 0.037931 0.730769
vt 0.039483 0.730720
vt 0.498146 0.064590
vt 0.499297 0.064543
vt 0.035127 0.667409
vt 0.036750 0.668994
vt 0.498146 0.002896
vt 0.499297 0.004044
vt 0.500870 0.004464
vt 0.150508 0.952761
vt 0.707163 0.542622
vt 0.037901 0.670154
vt 0.520562 0.581040
vt 0.263879 0.642182
vt 0.404792 0.643498
vt 0.266266 0.636406
vt 0.402500 0.637691
vt 0.262700 0.355663
vt 0.265085 0.360428
vt 0.402286 0.353575
vt 0.400006 0.358481
vt 0.632512 0.541653
vt 0.632485 0.718214
vt 0.624177 0.718006
vt 0.624510 0.541661
vt 0.648831 0.541636
vt 0.648805 0.718197
vt 0.469101 0.887739
vt 0.469110 0.966881
vt 0.469133 0.962583
vt 0.469118 0.010891
vt 0.010556 0.025663
vt 0.009695 0.015361
vt 0.009339 0.011590
vt 0.002896 0.975604
vt 0.003300 0.972197
vt 0.004292 0.962885
vt 0.492243 0.006664
vt 0.492354 0.963521
vt 0.648831 0.748275
vt 0.646401 0.750711
vt 0.723476 0.529163
vt 0.628752 0.530910
vt 0.725968 0.531845
vt 0.626148 0.533679
vt 0.727778 0.533951
vt 0.624177 0.535844
vt 0.722477 0.297697
vt 0.724953 0.294984
vt 0.726757 0.292854
vt 0.628720 0.296965
vt 0.626129 0.294218
vt 0.624177 0.292066
vt 0.612085 0.665528
vt 0.612085 0.551334
vt 0.618382 0.556622
vt 0.618386 0.660337
vt 0.176148 0.637747
vt 0.039583 0.639003
vt 0.178325 0.641950
vt 0.037568 0.643252
vt 0.179437 0.645894
vt 0.177395 0.360522
vt 0.179534 0.356310
vt 0.042103 0.358455
vt 0.040088 0.354187
vt 0.602225 0.177726
vt 0.602203 0.270508
vt 0.596136 0.270508
vt 0.596158 0.177727
vt 0.556087 0.572762
vt 0.534549 0.572918
vt 0.533460 0.480098
vt 0.532365 0.407056
vt 0.531970 0.292066
vt 0.556836 0.292307
vt 0.556836 0.408512
vt 0.555088 0.423988
vt 0.553697 0.476443
vt 0.554044 0.519011
vt 0.562628 0.476227
vt 0.562628 0.423759
vt 0.577231 0.423759
vt 0.577231 0.476227
vt 0.602257 0.002896
vt 0.602247 0.104675
vt 0.596180 0.104675
vt 0.591838 0.104603
vt 0.591923 0.011003
vt 0.562628 0.518788
vt 0.577231 0.518788
vt 0.562628 0.408263
vt 0.562628 0.292066
vt 0.577231 0.292066
vt 0.577231 0.408263
vt 0.557575 0.283341
vt 0.559620 0.229592
vt 0.559967 0.187025
vt 0.558575 0.134572
vt 0.556825 0.119097
vt 0.556825 0.002896
vt 0.586025 0.023999
vt 0.581320 0.117641
vt 0.580225 0.190680
vt 0.579113 0.272895
vt 0.562628 0.572510
vt 0.577231 0.572510
vt 0.693382 0.243079
vt 0.693403 0.267966
vt 0.688635 0.272425
vt 0.677997 0.272542
vt 0.678789 0.243079
vt 0.527908 0.407084
vt 0.527486 0.305298
vt 0.529002 0.480149
vt 0.530092 0.572944
vt 0.591817 0.177632
vt 0.584532 0.190700
vt 0.583442 0.283492
vt 0.630930 0.258141
vt 0.635194 0.262408
vt 0.635186 0.283966
vt 0.620589 0.283966
vt 0.620275 0.262362
vt 0.624865 0.258141
vt 0.284847 0.059574
vt 0.285369 0.092991
vt 0.275428 0.093168
vt 0.274753 0.049914
vt 0.282910 0.308287
vt 0.396598 0.306873
vt 0.406244 0.316616
vt 0.272758 0.318277
vt 0.286123 0.678689
vt 0.394855 0.678749
vt 0.387259 0.688802
vt 0.292797 0.688683
vt 0.393539 0.498831
vt 0.393965 0.433089
vt 0.403497 0.433290
vt 0.403072 0.498970
vt 0.537940 0.504085
vt 0.537940 0.555521
vt 0.530782 0.562443
vt 0.530717 0.514520
vt 0.006580 0.373026
vt 0.010811 0.364583
vt 0.027180 0.349682
vt 0.028706 0.435484
vt 0.028983 0.501102
vt 0.029298 0.562369
vt 0.027681 0.640237
vt 0.176661 0.641577
vt 0.176889 0.616629
vt 0.211132 0.973462
vt 0.175656 0.661420
vt 0.026571 0.661121
vt 0.029025 0.732711
vt 0.029114 0.803089
vt 0.024715 0.926640
vt 0.024938 0.956890
vt 0.012913 0.965574
vt 0.017174 0.657425
vt 0.007774 0.607752
vt 0.009118 0.553572
vt 0.011166 0.518837
vt 0.009562 0.510583
vt 0.006240 0.502634
vt 0.006389 0.485960
vt 0.006937 0.424621
vt 0.288174 0.296053
vt 0.392077 0.294739
vt 0.157609 0.095447
vt 0.158206 0.062029
vt 0.169358 0.051315
vt 0.168567 0.095577
vt 0.156518 0.402304
vt 0.157958 0.371457
vt 0.169426 0.360813
vt 0.167481 0.402481
vt 0.527866 0.035168
vt 0.527745 0.087559
vt 0.521877 0.088683
vt 0.521985 0.038784
vt 0.048565 0.732385
vt 0.046802 0.680957
vt 0.053246 0.688286
vt 0.054707 0.737124
vt 0.448216 0.968038
vt 0.448147 0.651442
vt 0.456361 0.651469
vt 0.456430 0.968065
vt 0.527760 0.140871
vt 0.521835 0.139451
vt 0.520525 0.515777
vt 0.520525 0.527210
vt 0.499972 0.527210
vt 0.499972 0.515777
vt 0.437504 0.970391
vt 0.433891 0.655646
vt 0.434512 0.655635
vt 0.435133 0.655624
vt 0.435754 0.655614
vt 0.439376 0.971735
vt 0.448927 0.505545
vt 0.449085 0.497216
vt 0.466681 0.497274
vt 0.466524 0.505603
vt 0.520525 0.536985
vt 0.499972 0.536985
vt 0.449086 0.480193
vt 0.466681 0.480251
vt 0.466671 0.652292
vt 0.466740 0.961565
vt 0.448854 0.513450
vt 0.466452 0.513508
vt 0.449086 0.419024
vt 0.466681 0.419082
vt 0.037936 0.732561
vt 0.035795 0.670121
vt 0.437381 0.010444
vt 0.435015 0.118068
vt 0.435558 0.332670
vt 0.433010 0.363365
vt 0.416586 0.346323
vt 0.262122 0.348259
vt 0.264432 0.400261
vt 0.263281 0.486076
vt 0.263633 0.627254
vt 0.229865 0.970944
vt 0.223406 0.004237
vt 0.223944 0.004290
vt 0.261265 0.329634
vt 0.415936 0.327710
vt 0.415779 0.041988
vt 0.449125 0.364686
vt 0.462039 0.364728
vt 0.466716 0.369422
vt 0.446107 0.651475
vt 0.444569 0.651578
vt 0.448973 0.602001
vt 0.466574 0.602059
vt 0.448933 0.547786
vt 0.466532 0.547845
vt 0.449262 0.331065
vt 0.462176 0.331108
vt 0.048246 0.435286
vt 0.048523 0.501032
vt 0.037894 0.501067
vt 0.037617 0.435388
vt 0.531581 0.227559
vt 0.543427 0.227520
vt 0.543427 0.248051
vt 0.531581 0.248091
vt 0.007088 0.014289
vt 0.028223 0.045310
vt 0.027438 0.328529
vt 0.179957 0.330817
vt 0.219817 0.001795
vt 0.177477 0.488487
vt 0.176519 0.402635
vt 0.178884 0.351972
vt 0.008544 0.336427
vt 0.009580 0.120013
vt 0.575616 0.256650
vt 0.575616 0.294135
vt 0.571722 0.301020
vt 0.551169 0.301020
vt 0.551169 0.256650
vt 0.449303 0.114900
vt 0.449397 0.001795
vt 0.462311 0.001837
vt 0.462217 0.114943
vt 0.537155 0.219845
vt 0.536565 0.119811
vt 0.549416 0.119760
vt 0.550007 0.219794
vt 0.376709 0.061136
vt 0.339235 0.060946
vt 0.339387 0.051224
vt 0.376922 0.051414
vt 0.396511 0.062512
vt 0.406150 0.053446
vt 0.284396 0.368983
vt 0.285767 0.399833
vt 0.275936 0.400050
vt 0.274135 0.359497
vt 0.285209 0.198763
vt 0.275269 0.198681
vt 0.285719 0.145433
vt 0.275778 0.145487
vt 0.312107 0.059399
vt 0.312203 0.049673
vt 0.491523 0.001795
vt 0.496382 0.006677
vt 0.496382 0.972453
vt 0.472252 0.972632
vt 0.472252 0.001938
vt 0.286298 0.720769
vt 0.275299 0.720951
vt 0.275078 0.667924
vt 0.393084 0.560346
vt 0.402617 0.560365
vt 0.394160 0.618460
vt 0.403872 0.628148
vt 0.285067 0.619162
vt 0.275305 0.628975
vt 0.284714 0.566282
vt 0.274887 0.566388
vt 0.284609 0.486104
vt 0.274782 0.486113
vt 0.395278 0.367594
vt 0.405009 0.357857
vt 0.447986 0.984914
vt 0.456200 0.984941
vt 0.392726 0.801231
vt 0.392976 0.730170
vt 0.403644 0.730467
vt 0.403395 0.801150
vt 0.396324 0.909124
vt 0.406995 0.909081
vt 0.396047 0.935347
vt 0.406599 0.946610
vt 0.355296 0.934042
vt 0.354640 0.944946
vt 0.300692 0.930802
vt 0.299955 0.941701
vt 0.287846 0.930199
vt 0.276807 0.940615
vt 0.288055 0.875998
vt 0.277055 0.876089
vt 0.287558 0.801719
vt 0.276559 0.801914
vt 0.405927 0.667997
vt 0.536087 0.052461
vt 0.536087 0.001872
vt 0.555496 0.001795
vt 0.555496 0.052384
vt 0.103815 0.063262
vt 0.066341 0.063356
vt 0.066131 0.052544
vt 0.103673 0.052450
vt 0.046536 0.064682
vt 0.035933 0.054565
vt 0.045898 0.309056
vt 0.159582 0.310761
vt 0.170749 0.321709
vt 0.035241 0.319676
vt 0.157530 0.201225
vt 0.168489 0.201069
vt 0.157140 0.147891
vt 0.168100 0.147885
vt 0.130946 0.061784
vt 0.130865 0.050969
vt 0.155263 0.723257
vt 0.155533 0.681175
vt 0.166562 0.670384
vt 0.166222 0.723373
vt 0.048839 0.562552
vt 0.038210 0.562451
vt 0.047632 0.620666
vt 0.036779 0.631349
vt 0.156723 0.621647
vt 0.167585 0.632525
vt 0.157195 0.568766
vt 0.168155 0.568818
vt 0.157481 0.488583
vt 0.168441 0.488527
vt 0.047080 0.369783
vt 0.036255 0.358803
vt 0.466417 0.985423
vt 0.048654 0.803451
vt 0.038025 0.803249
vt 0.044813 0.911340
vt 0.034182 0.911177
vt 0.045030 0.937566
vt 0.034493 0.948668
vt 0.085784 0.936365
vt 0.086414 0.947138
vt 0.140395 0.933264
vt 0.141105 0.944032
vt 0.153242 0.932694
vt 0.164218 0.943007
vt 0.153156 0.878490
vt 0.164116 0.878515
vt 0.153820 0.804208
vt 0.164779 0.804337
vt 0.524419 0.539586
vt 0.523878 0.541779
vt 0.522401 0.543384
vt 0.520382 0.543972
vt 0.512159 0.543972
vt 0.501648 0.537946
vt 0.501089 0.537626
vt 0.500530 0.537305
vt 0.527992 0.001795
vt 0.522043 0.007050
vt 0.517112 0.256650
vt 0.516925 0.287425
vt 0.510639 0.292263
vt 0.510761 0.263209
vt 0.506611 0.001795
vt 0.506628 0.043838
vt 0.500042 0.048835
vt 0.500009 0.008866
vt 0.054706 0.804729
vt 0.153002 0.378150
vt 0.052397 0.376601
vt 0.051273 0.907387
vt 0.129946 0.067199
vt 0.105292 0.068681
vt 0.051396 0.932384
vt 0.142373 0.603560
vt 0.062599 0.602843
vt 0.063530 0.556089
vt 0.063300 0.500371
vt 0.063107 0.440860
vt 0.062263 0.387581
vt 0.143247 0.388842
vt 0.142277 0.410915
vt 0.143035 0.489084
vt 0.142748 0.561567
vt 0.556890 0.506512
vt 0.556890 0.546444
vt 0.551233 0.539179
vt 0.551239 0.503594
vt 0.510257 0.132872
vt 0.510296 0.067240
vt 0.515639 0.070793
vt 0.515594 0.132853
vt 0.556890 0.452656
vt 0.551173 0.455601
vt 0.510217 0.194289
vt 0.515559 0.190931
vt 0.556890 0.440024
vt 0.551169 0.444357
vt 0.510248 0.252211
vt 0.515626 0.245661
vt 0.063536 0.291690
vt 0.064201 0.079556
vt 0.075222 0.078744
vt 0.106602 0.078633
vt 0.129313 0.077266
vt 0.146092 0.077417
vt 0.145669 0.102105
vt 0.145240 0.150086
vt 0.145532 0.198902
vt 0.147080 0.292988
vt 0.506512 0.198890
vt 0.506604 0.253061
vt 0.500041 0.247850
vt 0.499977 0.196328
vt 0.052810 0.613754
vt 0.151797 0.614636
vt 0.071287 0.068819
vt 0.506512 0.124682
vt 0.499972 0.125726
vt 0.517273 0.453798
vt 0.517273 0.506626
vt 0.510907 0.499491
vt 0.510923 0.449566
vt 0.053367 0.070132
vt 0.517204 0.373680
vt 0.510871 0.373826
vt 0.052656 0.302393
vt 0.155848 0.304033
vt 0.149861 0.688406
vt 0.139811 0.731962
vt 0.138564 0.806175
vt 0.137955 0.874320
vt 0.137971 0.918503
vt 0.133015 0.918757
vt 0.088782 0.921648
vt 0.061822 0.922577
vt 0.061709 0.904644
vt 0.064926 0.805772
vt 0.064920 0.740438
vt 0.063712 0.699200
vt 0.140030 0.699284
vt 0.527992 0.250409
vt 0.521898 0.243584
vt 0.510376 0.001795
vt 0.515744 0.008957
vt 0.520994 0.290023
vt 0.521125 0.256650
vt 0.527128 0.265420
vt 0.526962 0.295898
vt 0.541570 0.287425
vt 0.541757 0.256650
vt 0.547446 0.264422
vt 0.547252 0.293152
vt 0.292947 0.727925
vt 0.521079 0.505264
vt 0.520867 0.395727
vt 0.526867 0.392634
vt 0.527128 0.492716
vt 0.507050 0.256650
vt 0.506970 0.322095
vt 0.500041 0.326300
vt 0.500085 0.265170
vt 0.520862 0.342415
vt 0.526834 0.343848
vt 0.300017 0.730902
vt 0.299868 0.697129
vt 0.379702 0.697236
vt 0.378343 0.739455
vt 0.378183 0.803911
vt 0.381177 0.901539
vt 0.381007 0.920811
vt 0.352282 0.919767
vt 0.307873 0.916805
vt 0.301416 0.916464
vt 0.301542 0.871438
vt 0.301092 0.804172
vt 0.385551 0.803050
vt 0.385708 0.736721
vt 0.389168 0.375835
vt 0.290051 0.377108
vt 0.388697 0.903778
vt 0.339655 0.069988
vt 0.314855 0.068548
vt 0.388496 0.928284
vt 0.297548 0.602764
vt 0.297257 0.559225
vt 0.297137 0.486767
vt 0.298082 0.408673
vt 0.297091 0.385046
vt 0.382015 0.383945
vt 0.381012 0.438796
vt 0.380678 0.498265
vt 0.380317 0.553935
vt 0.381174 0.602227
vt 0.353032 0.927043
vt 0.506930 0.387728
vt 0.500013 0.387641
vt 0.305549 0.923954
vt 0.506891 0.449145
vt 0.499975 0.445045
vt 0.294377 0.923390
vt 0.506922 0.507066
vt 0.499972 0.499150
vt 0.386024 0.285724
vt 0.294624 0.286861
vt 0.296554 0.194900
vt 0.297004 0.147917
vt 0.296696 0.101732
vt 0.296304 0.076611
vt 0.315851 0.076485
vt 0.339691 0.077845
vt 0.372632 0.078012
vt 0.385951 0.078938
vt 0.294518 0.872811
vt 0.290719 0.610865
vt 0.388237 0.610243
vt 0.373902 0.070171
vt 0.294056 0.803469
vt 0.290378 0.561466
vt 0.392002 0.071421
vt 0.541917 0.453798
vt 0.541848 0.373680
vt 0.547511 0.373770
vt 0.547579 0.448638
vt 0.537981 0.256650
vt 0.537910 0.500495
vt 0.530717 0.488573
vt 0.530789 0.265726
vt 0.129343 0.073783
vt 0.149423 0.073958
vt 0.129575 0.070098
vt 0.152596 0.070284
vt 0.154762 0.067379
vt 0.106358 0.075166
vt 0.105879 0.071524
vt 0.074612 0.075281
vt 0.073172 0.071648
vt 0.060623 0.076312
vt 0.056657 0.072862
vt 0.059939 0.295224
vt 0.055957 0.299142
vt 0.150423 0.296635
vt 0.153633 0.300678
vt 0.148813 0.199007
vt 0.151951 0.199370
vt 0.519452 0.240163
vt 0.519334 0.138863
vt 0.148519 0.149958
vt 0.151652 0.149598
vt 0.519353 0.089113
vt 0.148950 0.101736
vt 0.152087 0.100656
vt 0.519463 0.040220
vt 0.519544 0.009888
vt 0.058774 0.383943
vt 0.146781 0.385311
vt 0.055162 0.379924
vt 0.150352 0.381397
vt 0.059674 0.440564
vt 0.056121 0.439699
vt 0.053400 0.438497
vt 0.059871 0.500418
vt 0.056328 0.500527
vt 0.053621 0.500668
vt 0.060105 0.556442
vt 0.056576 0.557451
vt 0.053889 0.558845
vt 0.059112 0.606419
vt 0.055529 0.610412
vt 0.145749 0.607197
vt 0.149199 0.611251
vt 0.146155 0.561995
vt 0.149635 0.563127
vt 0.152256 0.564661
vt 0.146442 0.489047
vt 0.149925 0.488965
vt 0.152551 0.488859
vt 0.145676 0.410463
vt 0.149133 0.409129
vt 0.151722 0.407270
vt 0.060114 0.695602
vt 0.143494 0.695696
vt 0.056283 0.691607
vt 0.147093 0.691714
vt 0.061419 0.740020
vt 0.057681 0.738807
vt 0.061424 0.805590
vt 0.057683 0.805209
vt 0.058178 0.904983
vt 0.054358 0.905988
vt 0.058307 0.926099
vt 0.054490 0.929688
vt 0.088748 0.925061
vt 0.088349 0.928566
vt 0.087692 0.931224
vt 0.133588 0.922149
vt 0.134788 0.925600
vt 0.136293 0.928183
vt 0.141410 0.921753
vt 0.144978 0.925093
vt 0.147717 0.927631
vt 0.141391 0.874566
vt 0.144953 0.875208
vt 0.147686 0.876074
vt 0.142003 0.806100
vt 0.145571 0.805816
vt 0.148313 0.805401
vt 0.143257 0.731515
vt 0.146845 0.730215
vt 0.149613 0.728412
vt 0.289909 0.068664
vt 0.315392 0.070956
vt 0.291522 0.071087
vt 0.315757 0.073861
vt 0.293863 0.073996
vt 0.339721 0.072357
vt 0.339734 0.075233
vt 0.373325 0.072532
vt 0.372860 0.075402
vt 0.390536 0.073724
vt 0.388321 0.076475
vt 0.390611 0.291772
vt 0.388395 0.288473
vt 0.289806 0.293037
vt 0.292167 0.289672
vt 0.290219 0.195979
vt 0.291827 0.195412
vt 0.294146 0.195017
vt 0.290662 0.147176
vt 0.292274 0.147544
vt 0.294595 0.147815
vt 0.290348 0.099180
vt 0.291962 0.100472
vt 0.294286 0.101406
vt 0.387180 0.378310
vt 0.291945 0.379538
vt 0.384562 0.381278
vt 0.294522 0.382443
vt 0.388035 0.437018
vt 0.386083 0.437926
vt 0.383512 0.438577
vt 0.387679 0.498464
vt 0.385738 0.498374
vt 0.383175 0.498301
vt 0.387286 0.555961
vt 0.385361 0.554940
vt 0.382810 0.554199
vt 0.386293 0.607785
vt 0.383708 0.604850
vt 0.292584 0.608385
vt 0.295084 0.605420
vt 0.292258 0.560351
vt 0.294776 0.559531
vt 0.290256 0.486540
vt 0.292137 0.486644
vt 0.294655 0.486727
vt 0.291258 0.405904
vt 0.293110 0.407311
vt 0.295608 0.408325
vt 0.385091 0.691461
vt 0.294766 0.691344
vt 0.382325 0.694548
vt 0.297354 0.694436
vt 0.383585 0.738112
vt 0.380889 0.739112
vt 0.383426 0.803453
vt 0.380729 0.803769
vt 0.386497 0.902642
vt 0.383744 0.901823
vt 0.386297 0.926164
vt 0.383555 0.923429
vt 0.352574 0.924963
vt 0.352300 0.922300
vt 0.306612 0.921936
vt 0.307463 0.919320
vt 0.296333 0.921406
vt 0.298910 0.918871
vt 0.296470 0.872128
vt 0.299041 0.871626
vt 0.296014 0.803837
vt 0.298590 0.804094
vt 0.294922 0.729430
vt 0.297510 0.730520
vt 0.263325 0.038845
vt 0.312405 0.038530
vt 0.312323 0.042252
vt 0.267119 0.042542
vt 0.312249 0.046331
vt 0.271302 0.046594
vt 0.339653 0.040084
vt 0.339549 0.043805
vt 0.339451 0.047883
vt 0.391635 0.040348
vt 0.384319 0.044032
vt 0.378933 0.048083
vt 0.412798 0.045993
vt 0.409274 0.050186
vt 0.412924 0.324016
vt 0.409377 0.319956
vt 0.265081 0.325855
vt 0.269288 0.321698
vt 0.264017 0.198530
vt 0.267752 0.198590
vt 0.271871 0.198645
vt 0.264524 0.145504
vt 0.268260 0.145506
vt 0.272379 0.145499
vt 0.264176 0.093325
vt 0.267911 0.093280
vt 0.272030 0.093223
vt 0.412710 0.350176
vt 0.266111 0.352013
vt 0.408473 0.354397
vt 0.270508 0.356126
vt 0.414838 0.433486
vt 0.411041 0.433427
vt 0.406890 0.433355
vt 0.414414 0.499090
vt 0.410617 0.499057
vt 0.406465 0.499014
vt 0.413960 0.560334
vt 0.410163 0.560353
vt 0.406011 0.560364
vt 0.415427 0.639535
vt 0.411559 0.635746
vt 0.407330 0.631579
vt 0.263728 0.640510
vt 0.267597 0.636672
vt 0.271834 0.632450
vt 0.267328 0.596842
vt 0.271447 0.574564
vt 0.267099 0.486096
vt 0.271309 0.486109
vt 0.268251 0.400198
vt 0.272462 0.400121
vt 0.266094 0.659061
vt 0.415082 0.659143
vt 0.412018 0.662101
vt 0.269076 0.662021
vt 0.408667 0.665341
vt 0.272365 0.665266
vt 0.412468 0.730674
vt 0.409514 0.730612
vt 0.406284 0.730536
vt 0.412220 0.801049
vt 0.409266 0.801088
vt 0.406036 0.801125
vt 0.416335 0.924451
vt 0.413123 0.916760
vt 0.409705 0.911134
vt 0.416042 0.954811
vt 0.412762 0.952250
vt 0.409306 0.949248
vt 0.354176 0.953855
vt 0.354318 0.950891
vt 0.354488 0.947630
vt 0.299415 0.950605
vt 0.299584 0.947643
vt 0.299782 0.944383
vt 0.267827 0.949123
vt 0.270808 0.946293
vt 0.274095 0.943179
vt 0.268107 0.876129
vt 0.271078 0.876121
vt 0.274353 0.876107
vt 0.267612 0.802041
vt 0.270583 0.802004
vt 0.273858 0.801958
vt 0.266352 0.721070
vt 0.269322 0.721035
vt 0.272597 0.720992
vt 0.086863 0.956100
vt 0.141632 0.952990
vt 0.173268 0.951588
vt 0.173152 0.878544
vt 0.173814 0.804453
vt 0.175257 0.723481
vt 0.171430 0.998205
vt 0.031960 0.996951
vt 0.032066 0.985075
vt 0.021236 0.988936
vt 0.011856 0.991731
vt 0.468349 0.359540
vt 0.468539 0.367699
vt 0.468326 0.369261
vt 0.467659 0.369891
vt 0.571722 0.436434
vt 0.551169 0.436434
vt 0.431779 0.989706
vt 0.434050 0.989686
vt 0.440772 0.972707
vt 0.435738 0.989659
vt 0.445941 0.984951
vt 0.446176 0.967703
vt 0.444638 0.966801
vt 0.263360 0.991934
vt 0.405066 0.991022
vt 0.409075 0.994849
vt 0.269602 0.995746
vt 0.535184 0.223479
vt 0.548707 0.223434
vt 0.524419 0.510655
vt 0.524419 0.527528
vt 0.420945 0.983205
vt 0.404975 0.977465
vt 0.033539 0.356060
vt 0.172282 0.358154
vt 0.030218 0.352722
vt 0.175744 0.354918
vt 0.034951 0.435415
vt 0.031689 0.435450
vt 0.035228 0.501076
vt 0.031966 0.501089
vt 0.035543 0.562427
vt 0.032281 0.562397
vt 0.034056 0.634020
vt 0.030726 0.637273
vt 0.170306 0.635245
vt 0.173628 0.638558
vt 0.170843 0.575231
vt 0.174040 0.592731
vt 0.171170 0.488514
vt 0.174477 0.488499
vt 0.170210 0.402526
vt 0.173519 0.402582
vt 0.033035 0.667415
vt 0.169308 0.667688
vt 0.029658 0.664120
vt 0.172637 0.664407
vt 0.035270 0.732605
vt 0.032008 0.732660
vt 0.035359 0.803200
vt 0.032097 0.803141
vt 0.031441 0.913226
vt 0.027976 0.918886
vt 0.031753 0.951307
vt 0.028256 0.954317
vt 0.086562 0.949831
vt 0.086726 0.953111
vt 0.141274 0.946724
vt 0.141467 0.950003
vt 0.166951 0.945586
vt 0.170263 0.948726
vt 0.166845 0.878522
vt 0.170152 0.878533
vt 0.167507 0.804371
vt 0.170815 0.804413
vt 0.168951 0.723403
vt 0.172258 0.723443
vt 0.130835 0.048267
vt 0.172135 0.048638
vt 0.130783 0.044978
vt 0.175501 0.045380
vt 0.130723 0.041985
vt 0.178554 0.042415
vt 0.103627 0.049749
vt 0.103556 0.046462
vt 0.103479 0.043469
vt 0.064522 0.049847
vt 0.060205 0.046570
vt 0.054338 0.043592
vt 0.033431 0.051924
vt 0.030609 0.048537
vt 0.032719 0.322334
vt 0.029863 0.325574
vt 0.173529 0.324446
vt 0.176900 0.327780
vt 0.171218 0.201030
vt 0.174525 0.200981
vt 0.177524 0.200936
vt 0.170829 0.147884
vt 0.174136 0.147885
vt 0.177136 0.147886
vt 0.171296 0.095610
vt 0.174603 0.095652
vt 0.177603 0.095691
vt 0.341154 0.008872
vt 0.273673 0.007799
vt 0.004494 0.370208
vt 0.001795 0.336691
vt 0.002832 0.120027
vt 0.468662 0.009712
vt 0.468505 0.115381
vt 0.102032 0.012972
vt 0.001795 0.006760
vt 0.101809 0.005414
vt 0.169324 0.005228
vt 0.467473 0.547874
vt 0.467513 0.602057
vt 0.006091 0.607889
vt 0.007441 0.553511
vt 0.008156 0.553536
vt 0.006809 0.607830
vt 0.467393 0.513510
vt 0.009478 0.518950
vt 0.010198 0.518902
vt 0.467466 0.505547
vt 0.007946 0.511068
vt 0.008636 0.510863
vt 0.467624 0.497243
vt 0.004558 0.502962
vt 0.005276 0.502823
vt 0.467623 0.480273
vt 0.004710 0.485948
vt 0.005427 0.485952
vt 0.467623 0.419102
vt 0.005259 0.424620
vt 0.005975 0.424620
vt 0.011513 0.991730
vt 0.011785 0.966387
vt 0.011170 0.991728
vt 0.010600 0.967235
vt 0.010827 0.991726
vt 0.009676 0.967892
vt 0.016053 0.657584
vt 0.014877 0.657695
vt 0.013959 0.657729
vt 0.467337 0.652319
vt 0.004917 0.375332
vt 0.005629 0.374652
vt 0.432289 0.422656
vt 0.432699 0.484017
vt 0.432806 0.500072
vt 0.429586 0.507727
vt 0.427831 0.516650
vt 0.429818 0.551705
vt 0.431041 0.605890
vt 0.493941 0.002440
vt 0.495688 0.004238
vt 0.223674 0.001795
vt 0.273781 0.005330
vt 0.341202 0.006039
vt 0.532020 0.119892
vt 0.531581 0.052469
vt 0.533568 0.052469
vt 0.534035 0.119838
vt 0.531581 0.002258
vt 0.533568 0.001980
vt 0.432294 0.551610
vt 0.433518 0.605907
vt 0.444601 0.602124
vt 0.444561 0.548021
vt 0.446444 0.547845
vt 0.446483 0.602029
vt 0.430321 0.516814
vt 0.444482 0.513427
vt 0.446365 0.513440
vt 0.431968 0.508442
vt 0.444560 0.504965
vt 0.446439 0.505385
vt 0.435286 0.500554
vt 0.437132 0.500893
vt 0.433742 0.508952
vt 0.446596 0.497120
vt 0.435175 0.483994
vt 0.444714 0.496875
vt 0.444714 0.480357
vt 0.446596 0.480233
vt 0.434765 0.422652
vt 0.444714 0.419170
vt 0.446596 0.419059
vt 0.435376 0.365796
vt 0.444759 0.362393
vt 0.446637 0.364067
vt 0.438037 0.333695
vt 0.439883 0.334430
vt 0.437138 0.367562
vt 0.446773 0.330825
vt 0.437492 0.118067
vt 0.444890 0.330184
vt 0.444931 0.115041
vt 0.446814 0.114933
vt 0.439321 0.007626
vt 0.445048 0.004711
vt 0.446914 0.002572
vt 0.534622 0.219365
vt 0.341267 0.003951
vt 0.440772 0.005549
vt 0.444361 0.651627
vt 0.435363 0.605905
vt 0.555153 0.119907
s 1
usemtl Tela
f 833/1180/874 2159/1181/875 4030/1182/876 2244/1183/877
f 2159/1181/875 1001/1184/878 2248/1185/879 4030/1182/876
f 4030/1182/876 2248/1185/879 1046/1186/880 2250/1187/881
f 2244/1183/877 4030/1182/876 2250/1187/881 1044/1188/882
f 810/1189/883 2102/1190/884 4031/1191/885 2025/1192/886
f 2102/1190/884 973/1193/887 2251/1194/888 4031/1191/885
f 4031/1191/885 2251/1194/888 1047/1195/889 2253/1196/890
f 2025/1192/886 4031/1191/885 2253/1196/890 932/1197/891
f 804/1198/892 1932/1199/893 4032/1200/894 2101/1201/895
f 1932/1199/893 884/1202/896 2252/1203/897 4032/1200/894
f 4032/1200/894 2252/1203/897 1047/1195/889 2251/1194/888
f 2101/1201/895 4032/1200/894 2251/1194/888 973/1193/887
f 798/1204/898 2026/1205/899 4033/1206/900 1933/1207/901
f 2026/1205/899 932/1197/891 2253/1196/890 4033/1206/900
f 4033/1206/900 2253/1196/890 1047/1195/889 2252/1203/897
f 1933/1207/901 4033/1206/900 2252/1203/897 884/1202/896
f 834/1208/902 2030/1209/903 4034/1210/904 2023/1211/905
f 2030/1209/903 935/1212/906 2254/1213/907 4034/1210/904
f 4034/1210/904 2254/1213/907 1048/1214/908 2256/1215/909
f 2023/1211/905 4034/1210/904 2256/1215/909 931/1216/910
f 855/1217/911 2024/1218/912 4035/1219/913 2103/1220/914
f 931/1216/910 2256/1215/909 4035/1219/913 2024/1218/912
f 1048/1214/908 2255/1221/915 4035/1219/913 2256/1215/909
f 1199/1222/916 2656/1223/917 4035/1219/913 2255/1221/915
f 1198/1224/918 2103/1220/919 4035/1219/913 2656/1223/917
f 828/1225/920 2790/1226/921 4036/1227/922 2777/1228/923
f 1285/1229/924 2775/1230/925 4036/1227/926 2790/1226/927
f 1286/1231/928 2777/1228/929 4036/1227/926 2775/1230/925
f 849/1232/930 2064/1233/931 4037/1234/932 2789/1235/933
f 953/1236/934 2258/1237/935 4037/1234/932 2064/1233/931
f 1049/1238/936 2257/1239/937 4037/1234/932 2258/1237/935
f 1258/1240/938 2748/1241/939 4037/1234/932 2257/1239/937
f 1259/1242/940 2789/1235/933 4037/1234/932 2748/1241/939
f 843/1243/941 2005/1244/942 4038/1245/943 2063/1246/944
f 2005/1244/942 922/1247/945 2259/1248/946 4038/1245/943
f 4038/1245/943 2259/1248/946 1049/1238/936 2258/1237/935
f 2063/1246/944 4038/1245/943 2258/1237/935 953/1236/934
f 807/1249/947 2107/1250/948 4039/1251/949 2034/1252/950
f 975/1253/951 2870/1254/952 4039/1251/949 2107/1250/948
f 1330/1255/953 2853/1256/954 4039/1251/955 2870/1254/956
f 1327/1257/957 2871/1258/958 4039/1251/955 2853/1256/954
f 937/1259/959 2034/1252/950 4039/1251/949 2871/1258/960
f 814/1260/961 2211/1261/962 4040/1262/963 1899/1263/964
f 2211/1261/962 1027/1264/965 2260/1265/966 4040/1262/963
f 4040/1262/963 2260/1265/966 1050/1266/967 2262/1267/968
f 1899/1263/964 4040/1262/963 2262/1267/968 866/1268/969
f 807/1249/947 2034/1252/950 4041/1269/970 2210/1270/971
f 2034/1252/950 937/1259/959 2261/1271/972 4041/1269/970
f 4041/1269/970 2261/1271/972 1050/1266/967 2260/1265/966
f 2210/1270/971 4041/1269/970 2260/1265/966 1027/1264/965
f 838/1272/973 2192/1273/974 4042/1274/975 1889/1275/976
f 2192/1273/974 1018/1276/977 2263/1277/978 4042/1274/975
f 4042/1274/975 2263/1277/978 1051/1278/979 2265/1279/980
f 1889/1275/976 4042/1274/975 2265/1279/980 860/1280/981
f 796/1281/982 1900/1282/983 4043/1283/984 2193/1284/985
f 1900/1282/983 867/1285/986 2264/1286/987 4043/1283/984
f 4043/1283/984 2264/1286/987 1051/1278/979 2263/1277/978
f 2193/1284/985 4043/1283/984 2263/1277/978 1018/1276/977
f 839/1287/988 1890/1288/989 4044/1289/990 1901/1290/991
f 1890/1288/989 860/1280/981 2265/1279/980 4044/1289/990
f 4044/1289/990 2265/1279/980 1051/1278/979 2264/1286/987
f 1901/1290/991 4044/1289/990 2264/1286/987 867/1285/986
f 817/1291/992 2126/1292/993 4045/1293/994 1977/1294/995
f 1296/1295/996 2823/1296/997 4045/1293/994 2126/1292/993
f 1307/1297/998 2266/1298/999 4045/1293/994 2823/1296/997
f 1052/1299/1000 2268/1300/1001 4045/1293/994 2266/1298/999
f 908/1301/1002 1977/1294/995 4045/1293/994 2268/1300/1001
f 816/1302/1003 2125/1303/1004 4046/1304/1005 2833/1305/1006
f 983/1306/1007 2267/1307/1008 4046/1304/1005 2125/1303/1004
f 1052/1299/1000 2266/1298/999 4046/1304/1005 2267/1307/1008
f 1307/1297/998 2824/1308/1009 4046/1304/1005 2266/1298/999
f 1297/1309/1010 2833/1305/1006 4046/1304/1005 2824/1308/1009
f 827/1310/1011 1978/1311/1012 4047/1312/1013 2124/1313/1014
f 1978/1311/1012 908/1301/1002 2268/1300/1001 4047/1312/1013
f 4047/1312/1013 2268/1300/1001 1052/1299/1000 2267/1307/1008
f 2124/1313/1014 4047/1312/1013 2267/1307/1008 983/1306/1007
f 802/1314/1015 1912/1315/1016 4048/1316/1017 1968/1317/1018
f 1912/1315/1016 874/1318/1019 2269/1319/1020 4048/1316/1017
f 4048/1316/1017 2269/1319/1020 1053/1320/1021 2271/1321/1022
f 1968/1317/1018 4048/1316/1017 2271/1321/1022 904/1322/1023
f 818/1323/1024 1951/1324/1025 4049/1325/1026 1913/1326/1027
f 1951/1324/1025 893/1327/1028 2270/1328/1029 4049/1325/1026
f 4049/1325/1026 2270/1328/1029 1053/1320/1021 2269/1319/1020
f 1913/1326/1027 4049/1325/1026 2269/1319/1020 874/1318/1019
f 829/1329/1030 1969/1330/1031 4050/1331/1032 1952/1332/1033
f 1969/1330/1031 904/1322/1023 2271/1321/1022 4050/1331/1032
f 4050/1331/1032 2271/1321/1022 1053/1320/1021 2270/1328/1029
f 1952/1332/1033 4050/1331/1032 2270/1328/1029 893/1327/1028
f 801/1333/1034 2167/1334/1035 4051/1335/1036 2037/1336/1037
f 2167/1334/1035 1005/1337/1038 2272/1338/1039 4051/1335/1036
f 4051/1335/1036 2272/1338/1039 1054/1339/1040 2274/1340/1041
f 2037/1336/1037 4051/1335/1036 2274/1340/1041 939/1341/1042
f 853/1342/1043 2160/1343/1044 4052/1344/1045 2166/1345/1046
f 2160/1343/1044 1002/1346/1047 2273/1347/1048 4052/1344/1045
f 4052/1344/1045 2273/1347/1048 1054/1339/1040 2272/1338/1039
f 2166/1345/1046 4052/1344/1045 2272/1338/1039 1005/1337/1038
f 802/1314/1015 2146/1348/1049 4053/1349/1050 1892/1350/1051
f 2146/1348/1049 994/1351/1052 2275/1352/1053 4053/1349/1050
f 4053/1349/1050 2275/1352/1053 1055/1353/1054 2277/1354/1055
f 1892/1350/1051 4053/1349/1050 2277/1354/1055 862/1355/1056
f 819/1356/1057 2029/1357/1058 4054/1358/1059 2715/1359/1060
f 2029/1357/1058 934/1360/1061 2709/1361/1062 4054/1358/1059
f 4054/1358/1059 2709/1361/1063 1186/1362/1064 2643/1363/1065
f 2715/1359/1060 4054/1358/1059 2643/1363/1065 1185/1364/1066
f 831/1365/1067 1918/1366/1068 4055/1367/1069 1964/1368/1070
f 1918/1366/1068 877/1369/1071 2279/1370/1072 4055/1367/1069
f 4055/1367/1069 2279/1370/1072 1056/1371/1073 2278/1372/1074
f 1964/1368/1070 4055/1367/1069 2278/1372/1074 901/1373/1075
f 794/1374/1076 2706/1375/1077 4056/1376/1078 1917/1377/1079
f 1180/1378/1080 2637/1379/1081 4056/1376/1078 2706/1375/1077
f 1179/1380/1082 2280/1381/1083 4056/1376/1078 2637/1379/1081
f 1056/1371/1073 2279/1370/1072 4056/1376/1078 2280/1381/1083
f 877/1369/1071 1917/1377/1079 4056/1376/1078 2279/1370/1072
f 810/1189/883 1955/1382/1084 4057/1383/1085 1886/1384/1086
f 895/1385/1087 2282/1386/1088 4057/1383/1085 1955/1382/1084
f 1057/1387/1089 2281/1388/1090 4057/1383/1085 2282/1386/1088
f 1291/1389/1091 2820/1390/1092 4057/1383/1085 2281/1388/1090
f 1292/1391/1093 1886/1384/1086 4057/1383/1085 2820/1390/1092
f 803/1392/1094 1962/1393/1095 4058/1394/1096 1956/1395/1097
f 1962/1393/1095 899/1396/1098 2283/1397/1099 4058/1394/1096
f 4058/1394/1096 2283/1397/1099 1057/1387/1089 2282/1386/1088
f 1956/1395/1097 4058/1394/1096 2282/1386/1088 895/1385/1087
f 803/1392/1094 2140/1398/1100 4059/1399/1101 1962/1393/1095
f 2140/1398/1100 991/1400/1102 2285/1401/1103 4059/1399/1101
f 4059/1399/1101 2285/1401/1103 1058/1402/1104 2284/1403/1105
f 1962/1393/1095 4059/1399/1101 2284/1403/1105 899/1396/1098
f 828/1225/920 2038/1404/1106 4060/1405/1107 1958/1406/1108
f 2038/1404/1106 940/1407/1109 2287/1408/1110 4060/1405/1107
f 4060/1405/1107 2287/1408/1110 1059/1409/1111 2289/1410/1112
f 1958/1406/1108 4060/1405/1107 2289/1410/1112 897/1411/1113
f 847/1412/1114 1959/1413/1115 4061/1414/1116 2247/1415/1117
f 897/1411/1113 2289/1410/1112 4061/1414/1116 1959/1413/1115
f 1059/1409/1111 2288/1416/1118 4061/1414/1116 2289/1410/1112
f 1333/1417/1119 2857/1418/1120 4061/1414/1120 2288/1416/1121
f 1332/1419/1122 2247/1415/1117 4061/1414/1116 2857/1418/1122
f 812/1420/1123 1894/1421/1124 4062/1422/1125 2230/1423/1126
f 1894/1421/1124 863/1424/1127 2290/1425/1128 4062/1422/1125
f 4062/1422/1125 2290/1425/1128 1060/1426/1129 2292/1427/1130
f 2230/1423/1126 4062/1422/1125 2292/1427/1130 1037/1428/1131
f 828/1225/920 1958/1406/1108 4063/1429/1132 1893/1430/1133
f 1958/1406/1108 897/1411/1113 2291/1431/1134 4063/1429/1132
f 4063/1429/1132 2291/1431/1134 1060/1426/1129 2290/1425/1128
f 1893/1430/1133 4063/1429/1132 2290/1425/1128 863/1424/1127
f 847/1412/1114 2231/1432/1135 4064/1433/1136 1959/1413/1115
f 2231/1432/1135 1037/1428/1131 2292/1427/1130 4064/1433/1136
f 4064/1433/1136 2292/1427/1130 1060/1426/1129 2291/1431/1134
f 1959/1413/1115 4064/1433/1136 2291/1431/1134 897/1411/1113
f 797/1434/1137 2708/1435/1138 4065/1436/1139 1927/1437/1140
f 1196/1438/1141 2653/1439/1142 4065/1436/1139 2708/1435/1143
f 1192/1440/1144 1927/1437/1140 4065/1436/1139 2653/1439/1142
f 798/1204/898 2148/1441/1145 4066/1442/1146 1963/1443/1147
f 2148/1441/1145 995/1444/1148 2293/1445/1149 4066/1442/1146
f 4066/1442/1146 2293/1445/1149 1061/1446/1150 2295/1447/1151
f 1963/1443/1147 4066/1442/1146 2295/1447/1151 900/1448/1152
f 831/1365/1067 1964/1368/1070 4067/1449/1153 2147/1450/1154
f 1964/1368/1070 901/1373/1075 2294/1451/1155 4067/1449/1153
f 4067/1449/1153 2294/1451/1155 1061/1446/1150 2293/1445/1149
f 2147/1450/1154 4067/1449/1153 2293/1445/1149 995/1444/1148
f 794/1452/1076 2142/1453/1156 4068/1454/1157 1960/1455/1158
f 2142/1453/1156 992/1456/1159 2296/1457/1160 4068/1454/1157
f 4068/1454/1157 2296/1457/1160 1062/1458/1161 2298/1459/1162
f 1960/1455/1158 4068/1454/1157 2298/1459/1162 898/1460/1163
f 819/1461/1057 1916/1462/1164 4069/1463/1165 2141/1464/1166
f 1916/1462/1164 876/1465/1167 2297/1466/1168 4069/1463/1165
f 4069/1463/1165 2297/1466/1168 1062/1458/1161 2296/1457/1160
f 2141/1464/1166 4069/1463/1165 2296/1457/1160 992/1456/1159
f 808/1467/1169 2144/1468/1170 4070/1469/1171 2238/1470/1172
f 2144/1468/1170 993/1471/1173 2299/1472/1174 4070/1469/1171
f 4070/1469/1171 2299/1472/1174 1063/1473/1175 2301/1474/1176
f 2238/1470/1172 4070/1469/1171 2301/1474/1176 1041/1475/1177
f 797/1476/1137 1927/1477/1140 4071/1478/1178 2143/1479/1179
f 1192/1480/1144 2649/1481/1180 4071/1478/1178 1927/1477/1140
f 1193/1482/1181 2300/1483/1182 4071/1478/1178 2649/1481/1180
f 1063/1473/1175 2299/1472/1174 4071/1478/1178 2300/1483/1182
f 993/1471/1173 2143/1479/1179 4071/1478/1178 2299/1472/1174
f 832/1484/1183 2158/1485/1184 4072/1486/1185 1954/1487/1186
f 2158/1485/1184 1000/1488/1187 2302/1489/1188 4072/1486/1185
f 4072/1486/1185 2302/1489/1188 1064/1490/1189 2304/1491/1190
f 1954/1487/1186 4072/1486/1185 2304/1491/1190 894/1492/1191
f 856/1493/1192 1966/1494/1193 4073/1495/1194 2157/1496/1195
f 1202/1497/1196 2659/1498/1197 4073/1495/1194 1966/1494/1193
f 1203/1499/1198 2303/1500/1199 4073/1495/1194 2659/1498/1197
f 1064/1490/1189 2302/1489/1188 4073/1495/1194 2303/1500/1199
f 1000/1488/1187 2157/1496/1195 4073/1495/1194 2302/1489/1188
f 798/1204/898 1933/1207/901 4074/1501/1200 2148/1441/1145
f 1933/1207/901 884/1202/896 2305/1502/1201 4074/1501/1200
f 4074/1501/1200 2305/1502/1201 1065/1503/1202 2307/1504/1203
f 2148/1441/1145 4074/1501/1200 2307/1504/1203 995/1444/1148
f 804/1198/892 2240/1505/1204 4075/1506/1205 1932/1199/893
f 2240/1505/1204 1042/1507/1206 2306/1508/1207 4075/1506/1205
f 4075/1506/1205 2306/1508/1207 1065/1503/1202 2305/1502/1201
f 1932/1199/893 4075/1506/1205 2305/1502/1201 884/1202/896
f 831/1365/1067 2147/1450/1154 4076/1509/1208 2239/1510/1209
f 2147/1450/1154 995/1444/1148 2307/1504/1203 4076/1509/1208
f 4076/1509/1208 2307/1504/1203 1065/1503/1202 2306/1508/1207
f 2239/1510/1209 4076/1509/1208 2306/1508/1207 1042/1507/1206
f 808/1467/1169 2171/1511/1210 4077/1512/1211 2144/1468/1170
f 2171/1511/1210 1007/1513/1212 2308/1514/1213 4077/1512/1211
f 4077/1512/1211 2308/1514/1213 1066/1515/1214 2310/1516/1215
f 2144/1468/1170 4077/1512/1211 2310/1516/1215 993/1471/1173
f 806/1517/1216 1909/1518/1217 4078/1519/1218 2170/1520/1219
f 1909/1518/1217 872/1521/1220 2309/1522/1221 4078/1519/1218
f 4078/1519/1218 2309/1522/1221 1066/1515/1214 2308/1514/1213
f 2170/1520/1219 4078/1519/1218 2308/1514/1213 1007/1513/1212
f 797/1476/1137 2143/1479/1179 4079/1523/1222 1910/1524/1223
f 2143/1479/1179 993/1471/1173 2310/1516/1215 4079/1523/1222
f 4079/1523/1222 2310/1516/1215 1066/1515/1214 2309/1522/1221
f 1910/1524/1223 4079/1523/1222 2309/1522/1221 872/1521/1220
f 805/1525/1224 1887/1526/1225 4080/1527/1226 2042/1528/1227
f 1887/1526/1225 859/1529/1228 2311/1530/1229 4080/1527/1226
f 4080/1527/1226 2311/1530/1229 1067/1531/1230 2313/1532/1231
f 2042/1528/1227 4080/1527/1226 2313/1532/1231 942/1533/1232
f 801/1333/1034 2037/1336/1037 4081/1534/1233 1888/1535/1234
f 2037/1336/1037 939/1341/1042 2312/1536/1235 4081/1534/1233
f 4081/1534/1233 2312/1536/1235 1067/1531/1230 2311/1530/1229
f 1888/1535/1234 4081/1534/1233 2311/1530/1229 859/1529/1228
f 817/1291/992 2834/1537/1236 4082/1538/1237 1970/1539/1238
f 1294/1540/1239 2811/1541/1240 4082/1538/1241 2834/1537/1236
f 1295/1542/1242 1970/1539/1243 4082/1538/1241 2811/1541/1240
f 810/1189/883 1886/1384/1086 4083/1543/1244 2161/1544/1245
f 1292/1391/1093 2810/1545/1246 4083/1543/1247 1886/1384/1086
f 1293/1546/1248 2161/1544/1245 4083/1543/1247 2810/1545/1246
f 837/1547/1249 1934/1548/1250 4084/1549/1251 1950/1550/1252
f 1934/1548/1250 885/1551/1253 2314/1552/1254 4084/1549/1251
f 4084/1549/1251 2314/1552/1254 1068/1553/1255 2316/1554/1256
f 1950/1550/1252 4084/1549/1251 2316/1554/1256 892/1555/1257
f 799/1556/1258 1915/1557/1259 4085/1558/1260 1935/1559/1261
f 1915/1557/1259 875/1560/1262 2315/1561/1263 4085/1558/1260
f 4085/1558/1260 2315/1561/1263 1068/1553/1255 2314/1552/1254
f 1935/1559/1261 4085/1558/1260 2314/1552/1254 885/1551/1253
f 827/1310/1011 1949/1562/1264 4086/1563/1265 1914/1564/1266
f 1949/1562/1264 892/1555/1257 2316/1554/1256 4086/1563/1265
f 4086/1563/1265 2316/1554/1256 1068/1553/1255 2315/1561/1263
f 1914/1564/1266 4086/1563/1265 2315/1561/1263 875/1560/1262
f 832/1484/1183 2175/1565/1267 4087/1566/1268 2156/1567/1269
f 2175/1565/1267 1009/1568/1270 2317/1569/1271 4087/1566/1268
f 4087/1566/1268 2317/1569/1271 1069/1570/1272 2319/1571/1273
f 2156/1567/1269 4087/1566/1268 2319/1571/1273 999/1572/1274
f 852/1573/1275 1919/1574/1276 4088/1575/1277 2174/1576/1278
f 1919/1574/1276 878/1577/1279 2318/1578/1280 4088/1575/1277
f 4088/1575/1277 2318/1578/1280 1069/1570/1272 2317/1569/1271
f 2174/1576/1278 4088/1575/1277 2317/1569/1271 1009/1568/1270
f 820/1579/1281 2155/1580/1282 4089/1581/1283 1920/1582/1284
f 2155/1580/1282 999/1572/1274 2319/1571/1273 4089/1581/1283
f 4089/1581/1283 2319/1571/1273 1069/1570/1272 2318/1578/1280
f 1920/1582/1284 4089/1581/1283 2318/1578/1280 878/1577/1279
f 820/1579/1281 1928/1583/1285 4090/1584/1286 1881/1585/1287
f 1928/1583/1285 882/1586/1288 2320/1587/1289 4090/1584/1286
f 4090/1584/1286 2320/1587/1289 1070/1588/1290 2322/1589/1291
f 1881/1585/1287 4090/1584/1286 2322/1589/1291 857/1590/1292
f 854/1591/1293 2043/1592/1294 4091/1593/1295 1929/1594/1296
f 2043/1592/1294 943/1595/1297 2321/1596/1298 4091/1593/1295
f 4091/1593/1295 2321/1596/1298 1070/1588/1290 2320/1587/1289
f 1929/1594/1296 4091/1593/1295 2320/1587/1289 882/1586/1288
f 809/1597/1299 1882/1598/1300 4092/1599/1301 2044/1600/1302
f 1882/1598/1300 857/1590/1292 2322/1589/1291 4092/1599/1301
f 4092/1599/1301 2322/1589/1291 1070/1588/1290 2321/1596/1298
f 2044/1600/1302 4092/1599/1301 2321/1596/1298 943/1595/1297
f 825/1601/1303 1947/1602/1304 4093/1603/1305 2046/1604/1306
f 1947/1602/1304 891/1605/1307 2323/1606/1308 4093/1603/1305
f 4093/1603/1305 2323/1606/1308 1071/1607/1309 2325/1608/1310
f 2046/1604/1306 4093/1603/1305 2325/1608/1310 944/1609/1311
f 801/1333/1034 1888/1535/1234 4094/1610/1312 1948/1611/1313
f 1888/1535/1234 859/1529/1228 2324/1612/1314 4094/1610/1312
f 4094/1610/1312 2324/1612/1314 1071/1607/1309 2323/1606/1308
f 1948/1611/1313 4094/1610/1312 2323/1606/1308 891/1605/1307
f 805/1525/1224 2045/1613/1315 4095/1614/1316 1887/1526/1225
f 2045/1613/1315 944/1609/1311 2325/1608/1310 4095/1614/1316
f 4095/1614/1316 2325/1608/1310 1071/1607/1309 2324/1612/1314
f 1887/1526/1225 4095/1614/1316 2324/1612/1314 859/1529/1228
f 836/1615/1317 2128/1616/1318 4096/1617/1319 1975/1618/1320
f 2128/1616/1318 984/1619/1321 2326/1620/1322 4096/1617/1319
f 4096/1617/1319 2326/1620/1322 1072/1621/1323 2328/1622/1324
f 1975/1618/1320 4096/1617/1319 2328/1622/1324 907/1623/1325
f 818/1323/1024 1913/1326/1027 4097/1624/1326 2127/1625/1327
f 1913/1326/1027 874/1318/1019 2327/1626/1328 4097/1624/1326
f 4097/1624/1326 2327/1626/1328 1072/1621/1323 2326/1620/1322
f 2127/1625/1327 4097/1624/1326 2326/1620/1322 984/1619/1321
f 802/1314/1015 1976/1627/1329 4098/1628/1330 1912/1315/1016
f 1976/1627/1329 907/1623/1325 2328/1622/1324 4098/1628/1330
f 4098/1628/1330 2328/1622/1324 1072/1621/1323 2327/1626/1328
f 1912/1315/1016 4098/1628/1330 2327/1626/1328 874/1318/1019
f 853/1342/1043 2032/1629/1331 4099/1630/1332 2047/1631/1333
f 2032/1629/1331 936/1632/1334 2329/1633/1335 4099/1630/1332
f 4099/1630/1332 2329/1633/1335 1073/1634/1336 2331/1635/1337
f 2047/1631/1333 4099/1630/1332 2331/1635/1337 945/1636/1338
f 836/1615/1317 1975/1618/1320 4100/1637/1339 2031/1638/1340
f 1975/1618/1320 907/1623/1325 2330/1639/1341 4100/1637/1339
f 4100/1637/1339 2330/1639/1341 1073/1634/1336 2329/1633/1335
f 2031/1638/1340 4100/1637/1339 2329/1633/1335 936/1632/1334
f 802/1314/1015 2048/1640/1342 4101/1641/1343 1976/1627/1329
f 2048/1640/1342 945/1636/1338 2331/1635/1337 4101/1641/1343
f 4101/1641/1343 2331/1635/1337 1073/1634/1336 2330/1639/1341
f 1976/1627/1329 4101/1641/1343 2330/1639/1341 907/1623/1325
f 818/1323/1024 1911/1642/1344 4102/1643/1345 2049/1644/1346
f 1911/1642/1344 873/1645/1347 2332/1646/1348 4102/1643/1345
f 4102/1643/1345 2332/1646/1348 1074/1647/1349 2334/1648/1350
f 2049/1644/1346 4102/1643/1345 2334/1648/1350 946/1649/1351
f 830/1650/1352 2050/1651/1353 4103/1652/1354 2041/1653/1355
f 946/1649/1351 2334/1648/1350 4103/1652/1354 2050/1651/1353
f 1074/1647/1349 2333/1654/1356 4103/1652/1354 2334/1648/1350
f 1316/1655/1357 2841/1656/1358 4103/1652/1354 2333/1654/1356
f 1315/1657/1359 2041/1653/1360 4103/1652/1354 2841/1656/1358
f 825/1601/1303 2105/1658/1361 4104/1659/1362 1947/1602/1304
f 2105/1658/1361 974/1660/1363 2335/1661/1364 4104/1659/1362
f 4104/1659/1362 2335/1661/1364 1075/1662/1365 2337/1663/1366
f 1947/1602/1304 4104/1659/1362 2337/1663/1366 891/1605/1307
f 853/1342/1043 2166/1345/1046 4105/1664/1367 2104/1665/1368
f 2166/1345/1046 1005/1337/1038 2336/1666/1369 4105/1664/1367
f 4105/1664/1367 2336/1666/1369 1075/1662/1365 2335/1661/1364
f 2104/1665/1368 4105/1664/1367 2335/1661/1364 974/1660/1363
f 801/1333/1034 1948/1611/1313 4106/1667/1370 2167/1334/1035
f 1948/1611/1313 891/1605/1307 2337/1663/1366 4106/1667/1370
f 4106/1667/1370 2337/1663/1366 1075/1662/1365 2336/1666/1369
f 2167/1334/1035 4106/1667/1370 2336/1666/1369 1005/1337/1038
f 816/1302/1003 2831/1668/1371 4107/1669/1372 2123/1670/1373
f 1298/1671/1374 2814/1672/1375 4107/1669/1376 2831/1668/1377
f 1299/1673/1378 2123/1670/1379 4107/1669/1376 2814/1672/1375
f 851/1674/1380 2095/1675/1381 4108/1676/1382 1946/1677/1383
f 2095/1675/1381 969/1678/1384 2339/1679/1385 4108/1676/1382
f 4108/1676/1382 2339/1679/1385 1076/1680/1386 2338/1681/1387
f 1946/1677/1383 4108/1676/1382 2338/1681/1387 890/1682/1388
f 816/1302/1003 2829/1683/1389 4109/1684/1390 2094/1685/1391
f 1300/1686/1392 2825/1687/1393 4109/1684/1390 2829/1683/1389
f 1308/1688/1394 2340/1689/1395 4109/1684/1390 2825/1687/1393
f 1076/1680/1386 2339/1679/1385 4109/1684/1390 2340/1689/1395
f 969/1678/1384 2094/1685/1391 4109/1684/1390 2339/1679/1385
f 821/1690/1396 2088/1691/1397 4110/1692/1398 1989/1693/1399
f 2088/1691/1397 966/1694/1400 2341/1695/1401 4110/1692/1398
f 4110/1692/1398 2341/1695/1401 1077/1696/1402 2343/1697/1403
f 1989/1693/1399 4110/1692/1398 2343/1697/1403 914/1698/1404
f 825/1601/1303 2176/1699/1405 4111/1700/1406 2089/1701/1407
f 2176/1699/1405 1010/1702/1408 2342/1703/1409 4111/1700/1406
f 4111/1700/1406 2342/1703/1409 1077/1696/1402 2341/1695/1401
f 2089/1701/1407 4111/1700/1406 2341/1695/1401 966/1694/1400
f 854/1591/1293 1990/1704/1410 4112/1705/1411 2177/1706/1412
f 1990/1704/1410 914/1698/1404 2343/1697/1403 4112/1705/1411
f 4112/1705/1411 2343/1697/1403 1077/1696/1402 2342/1703/1409
f 2177/1706/1412 4112/1705/1411 2342/1703/1409 1010/1702/1408
f 820/1579/1281 1988/1707/1413 4113/1708/1414 1928/1583/1285
f 1988/1707/1413 913/1709/1415 2344/1710/1416 4113/1708/1414
f 4113/1708/1414 2344/1710/1416 1078/1711/1417 2346/1712/1418
f 1928/1583/1285 4113/1708/1414 2346/1712/1418 882/1586/1288
f 821/1690/1396 1989/1693/1399 4114/1713/1419 1987/1714/1420
f 1989/1693/1399 914/1698/1404 2345/1715/1421 4114/1713/1419
f 4114/1713/1419 2345/1715/1421 1078/1711/1417 2344/1710/1416
f 1987/1714/1420 4114/1713/1419 2344/1710/1416 913/1709/1415
f 854/1591/1293 1929/1594/1296 4115/1716/1422 1990/1704/1410
f 1929/1594/1296 882/1586/1288 2346/1712/1418 4115/1716/1422
f 4115/1716/1422 2346/1712/1418 1078/1711/1417 2345/1715/1421
f 1990/1704/1410 4115/1716/1422 2345/1715/1421 914/1698/1404
f 825/1601/1303 1992/1717/1423 4116/1718/1424 1941/1719/1425
f 1992/1717/1423 915/1720/1426 2347/1721/1427 4116/1718/1424
f 4116/1718/1424 2347/1721/1427 1079/1722/1428 2349/1723/1429
f 1941/1719/1425 4116/1718/1424 2349/1723/1429 888/1724/1430
f 839/1287/988 2120/1725/1431 4117/1726/1432 1991/1727/1433
f 2120/1725/1431 981/1728/1434 2348/1729/1435 4117/1726/1432
f 4117/1726/1432 2348/1729/1435 1079/1722/1428 2347/1721/1427
f 1991/1727/1433 4117/1726/1432 2347/1721/1427 915/1720/1426
f 836/1615/1317 1942/1730/1436 4118/1731/1437 2119/1732/1438
f 1942/1730/1436 888/1724/1430 2349/1723/1429 4118/1731/1437
f 4118/1731/1437 2349/1723/1429 1079/1722/1428 2348/1729/1435
f 2119/1732/1438 4118/1731/1437 2348/1729/1435 981/1728/1434
f 836/1615/1317 2178/1733/1439 4119/1734/1440 2053/1735/1441
f 2178/1733/1439 1011/1736/1442 2350/1737/1443 4119/1734/1440
f 4119/1734/1440 2350/1737/1443 1080/1738/1444 2352/1739/1445
f 2053/1735/1441 4119/1734/1440 2352/1739/1445 948/1740/1446
f 814/1260/961 2055/1741/1447 4120/1742/1448 2179/1743/1449
f 2055/1741/1447 949/1744/1450 2351/1745/1451 4120/1742/1448
f 4120/1742/1448 2351/1745/1451 1080/1738/1444 2350/1737/1443
f 2179/1743/1449 4120/1742/1448 2350/1737/1443 1011/1736/1442
f 815/1746/1452 2054/1747/1453 4121/1748/1454 2056/1749/1455
f 2054/1747/1453 948/1740/1446 2352/1739/1445 4121/1748/1454
f 4121/1748/1454 2352/1739/1445 1080/1738/1444 2351/1745/1451
f 2056/1749/1455 4121/1748/1454 2351/1745/1451 949/1744/1450
f 851/1674/1380 2187/1750/1456 4122/1751/1457 2122/1752/1458
f 2187/1750/1456 1015/1753/1459 2353/1754/1460 4122/1751/1457
f 4122/1751/1457 2353/1754/1460 1081/1755/1461 2355/1756/1462
f 2122/1752/1458 4122/1751/1457 2355/1756/1462 982/1757/1463
f 813/1758/1464 2058/1759/1465 4123/1760/1466 2186/1761/1467
f 2058/1759/1465 950/1762/1468 2354/1763/1469 4123/1760/1466
f 4123/1760/1466 2354/1763/1469 1081/1755/1461 2353/1754/1460
f 2186/1761/1467 4123/1760/1466 2353/1754/1460 1015/1753/1459
f 837/1547/1249 2121/1764/1470 4124/1765/1471 2057/1766/1472
f 2121/1764/1470 982/1757/1463 2355/1756/1462 4124/1765/1471
f 4124/1765/1471 2355/1756/1462 1081/1755/1461 2354/1763/1469
f 2057/1766/1472 4124/1765/1471 2354/1763/1469 950/1762/1468
f 837/1547/1249 2057/1766/1472 4125/1767/1473 1984/1768/1474
f 2057/1766/1472 950/1762/1468 2356/1769/1475 4125/1767/1473
f 4125/1767/1473 2356/1769/1475 1082/1770/1476 2358/1771/1477
f 1984/1768/1474 4125/1767/1473 2358/1771/1477 911/1772/1478
f 813/1758/1464 2189/1773/1479 4126/1774/1480 2058/1759/1465
f 2189/1773/1479 1016/1775/1481 2357/1776/1482 4126/1774/1480
f 4126/1774/1480 2357/1776/1482 1082/1770/1476 2356/1769/1475
f 2058/1759/1465 4126/1774/1480 2356/1769/1475 950/1762/1468
f 806/1517/1216 1983/1777/1483 4127/1778/1484 2188/1779/1485
f 1983/1777/1483 911/1772/1478 2358/1771/1477 4127/1778/1484
f 4127/1778/1484 2358/1771/1477 1082/1770/1476 2357/1776/1482
f 2188/1779/1485 4127/1778/1484 2357/1776/1482 1016/1775/1481
f 835/1780/1486 2118/1781/1487 4128/1782/1488 1985/1783/1489
f 2118/1781/1487 980/1784/1490 2359/1785/1491 4128/1782/1488
f 4128/1782/1488 2359/1785/1491 1083/1786/1492 2361/1787/1493
f 1985/1783/1489 4128/1782/1488 2361/1787/1493 912/1788/1494
f 852/1573/1275 1908/1789/1495 4129/1790/1496 2117/1791/1497
f 1908/1789/1495 871/1792/1498 2360/1793/1499 4129/1790/1496
f 4129/1790/1496 2360/1793/1499 1083/1786/1492 2359/1785/1491
f 2117/1791/1497 4129/1790/1496 2359/1785/1491 980/1784/1490
f 834/1208/902 1986/1794/1500 4130/1795/1501 1907/1796/1502
f 1986/1794/1500 912/1788/1494 2361/1787/1493 4130/1795/1501
f 4130/1795/1501 2361/1787/1493 1083/1786/1492 2360/1793/1499
f 1907/1796/1502 4130/1795/1501 2360/1793/1499 871/1792/1498
f 800/1797/1503 1994/1798/1504 4131/1799/1505 2015/1800/1506
f 1994/1798/1504 916/1801/1507 2363/1802/1508 4131/1799/1505
f 4131/1799/1505 2363/1802/1508 1084/1803/1509 2362/1804/1510
f 2015/1800/1506 4131/1799/1505 2362/1804/1510 926/1805/1511
f 806/1517/1216 1902/1806/1512 4132/1807/1513 1993/1808/1514
f 1902/1806/1512 868/1809/1515 2364/1810/1516 4132/1807/1513
f 4132/1807/1513 2364/1810/1516 1084/1803/1509 2363/1802/1508
f 1993/1808/1514 4132/1807/1513 2363/1802/1508 916/1801/1507
f 822/1811/1517 2085/1812/1518 4133/1813/1519 1897/1814/1520
f 964/1815/1521 2832/1816/1522 4133/1813/1519 2085/1812/1518
f 1305/1817/1523 2828/1818/1524 4133/1813/1519 2832/1816/1525
f 1310/1819/1526 2830/1820/1527 4133/1813/1519 2828/1818/1524
f 865/1821/1528 1897/1814/1520 4133/1813/1519 2830/1820/1527
f 844/1822/1529 1926/1823/1530 4134/1824/1531 2082/1825/1532
f 1926/1823/1530 881/1826/1533 2366/1827/1534 4134/1824/1531
f 4134/1824/1531 2366/1827/1534 1085/1828/1535 2365/1829/1536
f 2082/1825/1532 4134/1824/1531 2365/1829/1536 962/1830/1537
f 796/1281/982 1891/1831/1538 4135/1832/1539 1925/1833/1540
f 1891/1831/1538 861/1834/1541 2367/1835/1542 4135/1832/1539
f 4135/1832/1539 2367/1835/1542 1085/1828/1535 2366/1827/1534
f 1925/1833/1540 4135/1832/1539 2366/1827/1534 881/1826/1533
f 846/1836/1543 2227/1837/1544 4136/1838/1545 2209/1839/1546
f 2227/1837/1544 1035/1840/1547 2368/1841/1548 4136/1838/1545
f 4136/1838/1545 2368/1841/1548 1086/1842/1549 2370/1843/1550
f 2209/1839/1546 4136/1838/1545 2370/1843/1550 1026/1844/1551
f 811/1845/1552 2229/1846/1553 4137/1847/1554 2226/1848/1555
f 2229/1846/1553 1036/1849/1556 2369/1850/1557 4137/1847/1554
f 4137/1847/1554 2369/1850/1557 1086/1842/1549 2368/1841/1548
f 2226/1848/1555 4137/1847/1554 2368/1841/1548 1035/1840/1547
f 847/1412/1114 2208/1851/1558 4138/1852/1559 2228/1853/1560
f 2208/1851/1558 1026/1844/1551 2370/1843/1550 4138/1852/1559
f 4138/1852/1559 2370/1843/1550 1086/1842/1549 2369/1850/1557
f 2228/1853/1560 4138/1852/1559 2369/1850/1557 1036/1849/1556
f 846/1836/1543 2209/1839/1546 4139/1854/1561 1999/1855/1562
f 2209/1839/1546 1026/1844/1551 2371/1856/1563 4139/1854/1561
f 4139/1854/1561 2371/1856/1563 1087/1857/1564 2373/1858/1565
f 1999/1855/1562 4139/1854/1561 2373/1858/1565 919/1859/1566
f 847/1412/1114 1998/1860/1567 4140/1861/1568 2208/1851/1558
f 1998/1860/1567 918/1862/1569 2372/1863/1570 4140/1861/1568
f 4140/1861/1568 2372/1863/1570 1087/1857/1564 2371/1856/1563
f 2208/1851/1558 4140/1861/1568 2371/1856/1563 1026/1844/1551
f 814/1260/961 2000/1864/1571 4141/1865/1572 1997/1866/1573
f 2000/1864/1571 919/1859/1566 2373/1858/1565 4141/1865/1572
f 4141/1865/1572 2373/1858/1565 1087/1857/1564 2372/1863/1570
f 1997/1866/1573 4141/1865/1572 2372/1863/1570 918/1862/1569
f 842/1867/1574 2214/1868/1575 4142/1869/1576 1930/1870/1577
f 1237/1871/1578 2726/1872/1579 4142/1869/1576 2214/1868/1575
f 1241/1873/1580 2374/1874/1581 4142/1869/1576 2726/1872/1579
f 1088/1875/1582 2376/1876/1583 4142/1869/1576 2374/1874/1584
f 883/1877/1585 1930/1870/1577 4142/1869/1576 2376/1876/1583
f 845/1878/1586 1931/1879/1587 4143/1880/1588 2791/1881/1589
f 883/1877/1585 2376/1876/1583 4143/1880/1588 1931/1879/1587
f 1088/1875/1582 2375/1882/1590 4143/1880/1588 2376/1876/1583
f 1242/1883/1591 2731/1884/1592 4143/1880/1588 2375/1882/1590
f 1243/1885/1593 2791/1881/1589 4143/1880/1588 2731/1884/1592
f 793/1886/1594 2108/1887/1595 4144/1888/1596 2062/1889/1597
f 1255/1890/1598 2745/1891/1599 4144/1888/1596 2108/1887/1595
f 1256/1892/1600 2377/1893/1601 4144/1888/1596 2745/1891/1599
f 1089/1894/1602 2379/1895/1603 4144/1888/1596 2377/1893/1601
f 952/1896/1604 2062/1889/1597 4144/1888/1596 2379/1895/1603
f 843/1243/941 2061/1897/1605 4145/1898/1606 2005/1244/942
f 2061/1897/1605 952/1896/1604 2379/1895/1603 4145/1898/1606
f 4145/1898/1606 2379/1895/1603 1089/1894/1602 2378/1899/1607
f 2005/1244/942 4145/1898/1606 2378/1899/1607 922/1247/945
f 823/1900/1608 2793/1901/1609 4146/1902/1610 2781/1903/1611
f 1275/1904/1612 2764/1905/1613 4146/1902/1614 2793/1901/1615
f 1276/1906/1616 2781/1903/1617 4146/1902/1614 2764/1905/1613
f 822/1811/1517 1897/1814/1520 4147/1907/1618 2065/1908/1619
f 865/1821/1528 2780/1909/1620 4147/1907/1618 1897/1814/1520
f 1230/1910/1621 2721/1911/1622 4147/1907/1618 2780/1909/1620
f 1232/1912/1623 2782/1913/1624 4147/1907/1618 2721/1911/1622
f 954/1914/1625 2065/1908/1619 4147/1907/1618 2782/1913/1624
f 811/1845/1552 2073/1915/1626 4148/1916/1627 2075/1917/1628
f 2073/1915/1626 958/1918/1629 2380/1919/1630 4148/1916/1627
f 4148/1916/1627 2380/1919/1630 1090/1920/1631 2382/1921/1632
f 2075/1917/1628 4148/1916/1627 2382/1921/1632 959/1922/1633
f 812/1420/1123 2074/1923/1634 4149/1924/1635 2076/1925/1636
f 959/1922/1633 2382/1921/1632 4149/1924/1635 2074/1923/1634
f 1090/1920/1631 2381/1926/1637 4149/1924/1635 2382/1921/1632
f 1281/1927/1638 2772/1928/1639 4149/1924/1635 2381/1926/1640
f 1282/1929/1641 2076/1925/1636 4149/1924/1635 2772/1928/1639
f 845/1878/1586 2791/1881/1589 4150/1930/1642 2001/1931/1643
f 2791/1881/1589 1243/1885/1593 2732/1932/1644 4150/1930/1642
f 4150/1930/1642 2732/1932/1644 1246/1933/1645 2787/1934/1646
f 2001/1931/1643 4150/1930/1642 2787/1934/1646 920/1935/1647
f 844/1822/1529 2207/1936/1648 4151/1937/1649 2086/1938/1650
f 2207/1936/1648 1025/1939/1651 2383/1940/1652 4151/1937/1649
f 4151/1937/1649 2383/1940/1652 1091/1941/1653 2385/1942/1654
f 2086/1938/1650 4151/1937/1649 2385/1942/1654 965/1943/1655
f 840/1944/1656 2194/1945/1657 4152/1946/1658 2206/1947/1659
f 2194/1945/1657 1019/1948/1660 2384/1949/1661 4152/1946/1658
f 4152/1946/1658 2384/1949/1661 1091/1941/1653 2383/1940/1652
f 2206/1947/1659 4152/1946/1658 2383/1940/1652 1025/1939/1651
f 839/1287/988 2087/1950/1662 4153/1951/1663 2195/1952/1664
f 2087/1950/1662 965/1943/1655 2385/1942/1654 4153/1951/1663
f 4153/1951/1663 2385/1942/1654 1091/1941/1653 2384/1949/1661
f 2195/1952/1664 4153/1951/1663 2384/1949/1661 1019/1948/1660
f 821/1690/1396 1906/1953/1665 4154/1954/1666 2088/1691/1397
f 1906/1953/1665 870/1955/1667 2386/1956/1668 4154/1954/1666
f 4154/1954/1666 2386/1956/1668 1092/1957/1669 2388/1958/1670
f 2088/1691/1397 4154/1954/1666 2388/1958/1670 966/1694/1400
f 838/1272/973 2183/1959/1671 4155/1960/1672 1905/1961/1673
f 2183/1959/1671 1013/1962/1674 2387/1963/1675 4155/1960/1672
f 4155/1960/1672 2387/1963/1675 1092/1957/1669 2386/1956/1668
f 1905/1961/1673 4155/1960/1672 2386/1956/1668 870/1955/1667
f 825/1601/1303 2089/1701/1407 4156/1964/1676 2182/1965/1677
f 2089/1701/1407 966/1694/1400 2388/1958/1670 4156/1964/1676
f 4156/1964/1676 2388/1958/1670 1092/1957/1669 2387/1963/1675
f 2182/1965/1677 4156/1964/1676 2387/1963/1675 1013/1962/1674
f 806/1517/1216 2237/1966/1678 4157/1967/1679 2090/1968/1680
f 2237/1966/1678 1040/1969/1681 2389/1970/1682 4157/1967/1679
f 4157/1967/1679 2389/1970/1682 1093/1971/1683 2391/1972/1684
f 2090/1968/1680 4157/1967/1679 2391/1972/1684 967/1973/1685
f 835/1780/1486 1985/1783/1489 4158/1974/1686 2236/1975/1687
f 1985/1783/1489 912/1788/1494 2390/1976/1688 4158/1974/1686
f 4158/1974/1686 2390/1976/1688 1093/1971/1683 2389/1970/1682
f 2236/1975/1687 4158/1974/1686 2389/1970/1682 1040/1969/1681
f 834/1208/902 2091/1977/1689 4159/1978/1690 1986/1794/1500
f 2091/1977/1689 967/1973/1685 2391/1972/1684 4159/1978/1690
f 4159/1978/1690 2391/1972/1684 1093/1971/1683 2390/1976/1688
f 1986/1794/1500 4159/1978/1690 2390/1976/1688 912/1788/1494
f 851/1674/1380 2122/1752/1458 4160/1979/1691 2095/1675/1381
f 2122/1752/1458 982/1757/1463 2392/1980/1692 4160/1979/1691
f 4160/1979/1691 2392/1980/1692 1094/1981/1693 2394/1982/1694
f 2095/1675/1381 4160/1979/1691 2394/1982/1694 969/1678/1384
f 837/1547/1249 2093/1983/1695 4161/1984/1696 2121/1764/1470
f 2093/1983/1695 968/1985/1697 2393/1986/1698 4161/1984/1696
f 4161/1984/1696 2393/1986/1698 1094/1981/1693 2392/1980/1692
f 2121/1764/1470 4161/1984/1696 2392/1980/1692 982/1757/1463
f 816/1302/1003 2094/1685/1391 4162/1987/1699 2092/1988/1700
f 2094/1685/1391 969/1678/1384 2394/1982/1694 4162/1987/1699
f 4162/1987/1699 2394/1982/1694 1094/1981/1693 2393/1986/1698
f 2092/1988/1700 4162/1987/1699 2393/1986/1698 968/1985/1697
f 818/1323/1024 2022/1989/1701 4163/1990/1702 1911/1642/1344
f 2022/1989/1701 930/1991/1703 2397/1992/1704 4163/1990/1702
f 4163/1990/1702 2397/1992/1704 1095/1993/1705 2396/1994/1706
f 1911/1642/1344 4163/1990/1702 2396/1994/1706 873/1645/1347
f 815/1746/1452 2052/1995/1707 4164/1996/1708 2036/1997/1709
f 2052/1995/1707 947/1998/1710 2398/1999/1711 4164/1996/1708
f 4164/1996/1708 2398/1999/1711 1096/2000/1712 2400/2001/1713
f 2036/1997/1709 4164/1996/1708 2400/2001/1713 938/2002/1714
f 818/1323/1024 2035/2003/1715 4165/2004/1716 2022/1989/1701
f 2035/2003/1715 938/2002/1714 2400/2001/1713 4165/2004/1716
f 4165/2004/1716 2400/2001/1713 1096/2000/1712 2399/2005/1717
f 2022/1989/1701 4165/2004/1716 2399/2005/1717 930/1991/1703
f 853/1342/1043 2047/1631/1333 4166/2006/1718 2098/2007/1719
f 2047/1631/1333 945/1636/1338 2401/2008/1720 4166/2006/1718
f 4166/2006/1718 2401/2008/1720 1097/2009/1721 2403/2010/1722
f 2098/2007/1719 4166/2006/1718 2403/2010/1722 971/2011/1723
f 802/1314/1015 1892/1350/1051 4167/2012/1724 2048/1640/1342
f 1892/1350/1051 862/1355/1056 2402/2013/1725 4167/2012/1724
f 4167/2012/1724 2402/2013/1725 1097/2009/1721 2401/2008/1720
f 2048/1640/1342 4167/2012/1724 2401/2008/1720 945/1636/1338
f 853/1342/1043 2098/2007/1719 4168/2014/1726 2241/2015/1727
f 2098/2007/1719 971/2011/1723 2405/2016/1728 4168/2014/1726
f 4168/2014/1726 2405/2016/1728 1098/2017/1729 2404/2018/1730
f 2241/2015/1727 4168/2014/1726 2404/2018/1730 1043/2019/1731
f 803/1392/1094 1956/1395/1097 4169/2020/1732 2027/2021/1733
f 1956/1395/1097 895/1385/1087 2407/2022/1734 4169/2020/1732
f 4169/2020/1732 2407/2022/1734 1099/2023/1735 2409/2024/1736
f 2027/2021/1733 4169/2020/1732 2409/2024/1736 933/2025/1737
f 810/1189/883 2025/1192/886 4170/2026/1738 1955/1382/1084
f 2025/1192/886 932/1197/891 2408/2027/1739 4170/2026/1738
f 4170/2026/1738 2408/2027/1739 1099/2023/1735 2407/2022/1734
f 1955/1382/1084 4170/2026/1738 2407/2022/1734 895/1385/1087
f 798/1204/898 2028/2028/1740 4171/2029/1741 2026/1205/899
f 2028/2028/1740 933/2025/1737 2409/2024/1736 4171/2029/1741
f 4171/2029/1741 2409/2024/1736 1099/2023/1735 2408/2027/1739
f 2026/1205/899 4171/2029/1741 2408/2027/1739 932/1197/891
f 797/1476/1137 2154/2030/1742 4172/2031/1743 2690/2032/1744
f 2154/2030/1742 998/2033/1745 2697/2034/1746 4172/2031/1743
f 4172/2031/1747 2697/2034/1748 1194/2035/1749 2651/2036/1750
f 2690/2032/1751 4172/2031/1747 2651/2036/1750 1195/2037/1752
f 855/1217/911 2700/2038/1753 4173/2039/1754 2153/2040/1755
f 2700/2038/1756 1197/2041/1757 2655/2042/1758 4173/2039/1759
f 4173/2039/1759 2655/2042/1758 1194/2035/1749 2697/2034/1748
f 2153/2040/1755 4173/2039/1754 2697/2034/1746 998/2033/1745
f 794/1374/1076 1960/2043/1158 4174/2044/1760 2706/1375/1077
f 1960/2043/1158 898/2045/1163 2703/2046/1761 4174/2044/1760
f 4174/2044/1760 2703/2046/1762 1181/2047/1763 2638/2048/1764
f 2706/1375/1077 4174/2044/1760 2638/2048/1764 1180/1378/1080
f 847/1412/1114 2247/1415/1117 4175/2049/1765 2137/2050/1766
f 1332/1419/1767 2856/2051/1768 4175/2049/1765 2247/1415/1117
f 1331/2052/1769 2137/2050/1766 4175/2049/1765 2856/2051/1768
f 829/1329/1030 1957/2053/1770 4176/2054/1771 2132/2055/1772
f 1957/2053/1770 896/2056/1773 2411/2057/1774 4176/2054/1771
f 4176/2054/1771 2411/2057/1774 1100/2058/1775 2410/2059/1776
f 2132/2055/1772 4176/2054/1771 2410/2059/1776 987/2060/1777
f 819/1356/1057 2152/2061/1778 4177/2062/1779 2029/1357/1058
f 2152/2061/1778 997/2063/1780 2414/2064/1781 4177/2062/1779
f 4177/2062/1779 2414/2064/1781 1101/2065/1782 2413/2066/1783
f 2029/1357/1058 4177/2062/1779 2413/2066/1783 934/1360/1061
f 799/1556/1258 1965/2067/1784 4178/2068/1785 2151/2069/1786
f 1965/2067/1784 902/2070/1787 2415/2071/1788 4178/2068/1785
f 4178/2068/1785 2415/2071/1788 1101/2065/1782 2414/2064/1781
f 2151/2069/1786 4178/2068/1785 2414/2064/1781 997/2063/1780
f 810/1189/883 2161/1544/1245 4179/2072/1789 2102/1190/884
f 1293/1546/1248 2821/2073/1790 4179/2072/1789 2161/1544/1245
f 1306/2074/1791 2416/2075/1792 4179/2072/1789 2821/2073/1790
f 1102/2076/1793 2418/2077/1794 4179/2072/1789 2416/2075/1792
f 973/1193/887 2102/1190/884 4179/2072/1789 2418/2077/1794
f 817/1291/992 1971/2078/1795 4180/2079/1796 2834/1537/1236
f 905/2080/1797 2417/2081/1798 4180/2079/1796 1971/2078/1795
f 1102/2076/1793 2416/2075/1792 4180/2079/1796 2417/2081/1798
f 1306/2074/1791 2822/2082/1799 4180/2079/1796 2416/2075/1792
f 1294/1540/1239 2834/1537/1236 4180/2079/1796 2822/2082/1799
f 804/1198/892 2101/1201/895 4181/2083/1800 1972/2084/1801
f 2101/1201/895 973/1193/887 2418/2077/1794 4181/2083/1800
f 4181/2083/1800 2418/2077/1794 1102/2076/1793 2417/2081/1798
f 1972/2084/1801 4181/2083/1800 2417/2081/1798 905/2080/1797
f 815/1746/1452 2181/2085/1802 4182/2086/1803 1936/2087/1804
f 2181/2085/1802 1012/2088/1805 2867/2089/1806 4182/2086/1803
f 4182/2086/1803 2867/2089/1806 1323/2090/1807 2848/2091/1808
f 1936/2087/1804 4182/2086/1803 2848/2091/1808 1322/2092/1809
f 845/1878/1586 2001/1931/1643 4183/2093/1810 2203/2094/1811
f 2001/1931/1643 920/1935/1647 2419/2095/1812 4183/2093/1810
f 4183/2093/1810 2419/2095/1812 1103/2096/1813 2421/2097/1814
f 2203/2094/1811 4183/2093/1810 2421/2097/1814 1023/2098/1815
f 806/1517/1216 2202/2099/1816 4184/2100/1817 2003/2101/1818
f 2202/2099/1816 1023/2098/1815 2421/2097/1814 4184/2100/1817
f 4184/2100/1817 2421/2097/1814 1103/2096/1813 2420/2102/1819
f 2003/2101/1818 4184/2100/1817 2420/2102/1819 921/2103/1820
f 812/1420/1123 2011/2104/1821 4185/2105/1822 1894/1421/1124
f 2011/2104/1823 1283/2106/1824 2773/2107/1825 4185/2105/1826
f 4185/2105/1826 2773/2107/1825 1284/2108/1827 2792/2109/1828
f 1894/1421/1124 4185/2105/1822 2792/2109/1829 863/1424/1127
f 828/1225/920 1893/1430/1133 4186/2110/1830 2790/1226/921
f 1893/1430/1133 863/1424/1127 2792/2109/1829 4186/2110/1830
f 4186/2110/1831 2792/2109/1828 1284/2108/1827 2774/2111/1832
f 2790/1226/927 4186/2110/1831 2774/2111/1832 1285/1229/924
f 849/1232/930 2232/2112/1833 4187/2113/1834 2009/2114/1835
f 2232/2112/1833 1272/2115/1836 2761/2116/1837 4187/2113/1834
f 4187/2113/1834 2761/2116/1837 1261/2117/1838 2799/2118/1839
f 2009/2114/1835 4187/2113/1834 2799/2118/1839 924/2119/1840
f 795/2120/1841 2010/2121/1842 4188/2122/1843 2797/2123/1844
f 2010/2121/1842 924/2119/1840 2799/2118/1839 4188/2122/1843
f 4188/2122/1843 2799/2118/1839 1261/2117/1838 2750/2124/1845
f 2797/2123/1844 4188/2122/1843 2750/2124/1845 1262/2125/1846
f 848/2126/1847 2784/2127/1848 4189/2128/1849 2803/2129/1850
f 1238/2130/1851 2728/2131/1852 4189/2128/1853 2784/2127/1854
f 1239/2132/1855 2803/2129/1856 4189/2128/1853 2728/2131/1852
f 848/2126/1847 2008/2133/1857 4190/2134/1858 2784/2127/1848
f 1235/2135/1859 2727/2136/1860 4190/2134/1861 2008/2133/1857
f 1238/2130/1851 2784/2127/1854 4190/2134/1861 2727/2136/1860
f 806/1517/1216 2003/2101/1818 4191/2137/1862 1902/1806/1512
f 2003/2101/1818 921/2103/1820 2422/2138/1863 4191/2137/1862
f 4191/2137/1862 2422/2138/1863 1104/2139/1864 2424/2140/1865
f 1902/1806/1512 4191/2137/1862 2424/2140/1865 868/1809/1515
f 835/1780/1486 2190/2141/1866 4192/2142/1867 2110/2143/1868
f 2190/2141/1866 1017/2144/1869 2425/2145/1870 4192/2142/1867
f 4192/2142/1867 2425/2145/1870 1105/2146/1871 2427/2147/1872
f 2110/2143/1868 4192/2142/1867 2427/2147/1872 976/2148/1873
f 800/1797/1503 2078/2149/1874 4193/2150/1875 2191/2151/1876
f 2078/2149/1874 960/2152/1877 2426/2153/1878 4193/2150/1875
f 4193/2150/1875 2426/2153/1878 1105/2146/1871 2425/2145/1870
f 2191/2151/1876 4193/2150/1875 2425/2145/1870 1017/2144/1869
f 793/1886/1594 2109/2154/1879 4194/2155/1880 2077/2156/1881
f 2109/2154/1879 976/2148/1873 2427/2147/1872 4194/2155/1880
f 4194/2155/1880 2427/2147/1872 1105/2146/1871 2426/2153/1878
f 2077/2156/1881 4194/2155/1880 2426/2153/1878 960/2152/1877
f 822/1811/1517 2199/2157/1882 4195/2158/1883 2085/1812/1518
f 2199/2157/1882 1021/2159/1884 2429/2160/1885 4195/2158/1883
f 4195/2158/1883 2429/2160/1885 1106/2161/1886 2428/2162/1887
f 2085/1812/1518 4195/2158/1883 2428/2162/1887 964/1815/1521
f 841/2163/1888 1938/2164/1889 4196/2165/1890 2198/2166/1891
f 1938/2164/1889 886/2167/1892 2430/2168/1893 4196/2165/1890
f 4196/2165/1890 2430/2168/1893 1106/2161/1886 2429/2160/1885
f 2198/2166/1891 4196/2165/1890 2429/2160/1885 1021/2159/1884
f 840/1944/1656 2114/2169/1894 4197/2170/1895 2194/1945/1657
f 2114/2169/1894 978/2171/1896 2431/2172/1897 4197/2170/1895
f 4197/2170/1895 2431/2172/1897 1107/2173/1898 2433/2174/1899
f 2194/1945/1657 4197/2170/1895 2433/2174/1899 1019/1948/1660
f 846/1836/1543 1921/2175/1900 4198/2176/1901 2113/2177/1902
f 1921/2175/1900 879/2178/1903 2432/2179/1904 4198/2176/1901
f 4198/2176/1901 2432/2179/1904 1107/2173/1898 2431/2172/1897
f 2113/2177/1902 4198/2176/1901 2431/2172/1897 978/2171/1896
f 839/1287/988 2195/1952/1664 4199/2180/1905 1922/2181/1906
f 2195/1952/1664 1019/1948/1660 2433/2174/1899 4199/2180/1905
f 4199/2180/1905 2433/2174/1899 1107/2173/1898 2432/2179/1904
f 1922/2181/1906 4199/2180/1905 2432/2179/1904 879/2178/1903
f 825/1601/1303 2182/1965/1677 4200/2182/1907 1992/1717/1423
f 2182/1965/1677 1013/1962/1674 2434/2183/1908 4200/2182/1907
f 4200/2182/1907 2434/2183/1908 1108/2184/1909 2436/2185/1910
f 1992/1717/1423 4200/2182/1907 2436/2185/1910 915/1720/1426
f 838/1272/973 1889/1275/976 4201/2186/1911 2183/1959/1671
f 1889/1275/976 860/1280/981 2435/2187/1912 4201/2186/1911
f 4201/2186/1911 2435/2187/1912 1108/2184/1909 2434/2183/1908
f 2183/1959/1671 4201/2186/1911 2434/2183/1908 1013/1962/1674
f 839/1287/988 1991/1727/1433 4202/2188/1913 1890/1288/989
f 1991/1727/1433 915/1720/1426 2436/2185/1910 4202/2188/1913
f 4202/2188/1913 2436/2185/1910 1108/2184/1909 2435/2187/1912
f 1890/1288/989 4202/2188/1913 2435/2187/1912 860/1280/981
f 835/1780/1486 1996/2189/1914 4203/2190/1915 2118/1781/1487
f 1996/2189/1914 917/2191/1916 2437/2192/1917 4203/2190/1915
f 4203/2190/1915 2437/2192/1917 1109/2193/1918 2439/2194/1919
f 2118/1781/1487 4203/2190/1915 2439/2194/1919 980/1784/1490
f 843/1243/941 2060/2195/1920 4204/2196/1921 1995/2197/1922
f 2060/2195/1920 951/2198/1923 2438/2199/1924 4204/2196/1921
f 4204/2196/1921 2438/2199/1924 1109/2193/1918 2437/2192/1917
f 1995/2197/1922 4204/2196/1921 2437/2192/1917 917/2191/1916
f 852/1573/1275 2117/1791/1497 4205/2200/1925 2059/2201/1926
f 2117/1791/1497 980/1784/1490 2439/2194/1919 4205/2200/1925
f 4205/2200/1925 2439/2194/1919 1109/2193/1918 2438/2199/1924
f 2059/2201/1926 4205/2200/1925 2438/2199/1924 951/2198/1923
f 851/1674/1380 1946/1677/1383 4206/2202/1927 1940/2203/1928
f 1946/1677/1383 890/1682/1388 2440/2204/1929 4206/2202/1927
f 4206/2202/1927 2440/2204/1929 1110/2205/1930 2442/2206/1931
f 1940/2203/1928 4206/2202/1927 2442/2206/1931 887/2207/1932
f 826/2208/1933 1939/2209/1934 4207/2210/1935 1904/2211/1936
f 1939/2209/1934 887/2207/1932 2442/2206/1931 4207/2210/1935
f 4207/2210/1935 2442/2206/1931 1110/2205/1930 2441/2212/1937
f 1904/2211/1936 4207/2210/1935 2441/2212/1937 869/2213/1938
f 836/1615/1317 2053/1735/1441 4208/2214/1939 2128/1616/1318
f 2053/1735/1441 948/1740/1446 2443/2215/1940 4208/2214/1939
f 4208/2214/1939 2443/2215/1940 1111/2216/1941 2445/2217/1942
f 2128/1616/1318 4208/2214/1939 2445/2217/1942 984/1619/1321
f 815/1746/1452 2036/1997/1709 4209/2218/1943 2054/1747/1453
f 2036/1997/1709 938/2002/1714 2444/2219/1944 4209/2218/1943
f 4209/2218/1943 2444/2219/1944 1111/2216/1941 2443/2215/1940
f 2054/1747/1453 4209/2218/1943 2443/2215/1940 948/1740/1446
f 818/1323/1024 2127/1625/1327 4210/2220/1945 2035/2003/1715
f 2127/1625/1327 984/1619/1321 2445/2217/1942 4210/2220/1945
f 4210/2220/1945 2445/2217/1942 1111/2216/1941 2444/2219/1944
f 2035/2003/1715 4210/2220/1945 2444/2219/1944 938/2002/1714
f 832/1484/1183 1980/2221/1946 4211/2222/1947 2175/1565/1267
f 1980/2221/1946 909/2223/1948 2446/2224/1949 4211/2222/1947
f 4211/2222/1947 2446/2224/1949 1112/2225/1950 2448/2226/1951
f 2175/1565/1267 4211/2222/1947 2448/2226/1951 1009/1568/1270
f 834/1208/902 1907/1796/1502 4212/2227/1952 1979/2228/1953
f 1907/1796/1502 871/1792/1498 2447/2229/1954 4212/2227/1952
f 4212/2227/1952 2447/2229/1954 1112/2225/1950 2446/2224/1949
f 1979/2228/1953 4212/2227/1952 2446/2224/1949 909/2223/1948
f 852/1573/1275 2174/1576/1278 4213/2230/1955 1908/1789/1495
f 2174/1576/1278 1009/1568/1270 2448/2226/1951 4213/2230/1955
f 4213/2230/1955 2448/2226/1951 1112/2225/1950 2447/2229/1954
f 1908/1789/1495 4213/2230/1955 2447/2229/1954 871/1792/1498
f 799/1556/1258 2169/2231/1956 4214/2232/1957 2165/2233/1958
f 2169/2231/1956 1006/2234/1959 2449/2235/1960 4214/2232/1957
f 4214/2232/1957 2449/2235/1960 1113/2236/1961 2451/2237/1962
f 2165/2233/1958 4214/2232/1957 2451/2237/1962 1004/2238/1963
f 806/1517/1216 2170/1520/1219 4215/2239/1964 2168/2240/1965
f 2170/1520/1219 1007/1513/1212 2450/2241/1966 4215/2239/1964
f 4215/2239/1964 2450/2241/1966 1113/2236/1961 2449/2235/1960
f 2168/2240/1965 4215/2239/1964 2449/2235/1960 1006/2234/1959
f 808/1467/1169 2164/2242/1967 4216/2243/1968 2171/1511/1210
f 2164/2242/1967 1004/2238/1963 2451/2237/1962 4216/2243/1968
f 4216/2243/1968 2451/2237/1962 1113/2236/1961 2450/2241/1966
f 2171/1511/1210 4216/2243/1968 2450/2241/1966 1007/1513/1212
f 831/1365/1067 2097/2244/1969 4217/2245/1970 2134/2246/1971
f 2097/2244/1969 970/2247/1972 2452/2248/1973 4217/2245/1970
f 4217/2245/1970 2452/2248/1973 1114/2249/1974 2454/2250/1975
f 2134/2246/1971 4217/2245/1970 2454/2250/1975 988/2251/1976
f 827/1310/1011 2150/2252/1977 4218/2253/1978 2096/2254/1979
f 2150/2252/1977 996/2255/1980 2453/2256/1981 4218/2253/1978
f 4218/2253/1978 2453/2256/1981 1114/2249/1974 2452/2248/1973
f 2096/2254/1979 4218/2253/1978 2452/2248/1973 970/2247/1972
f 819/1356/1057 2133/2257/1982 4219/2258/1983 2149/2259/1984
f 2133/2257/1982 988/2251/1976 2454/2250/1975 4219/2258/1983
f 4219/2258/1983 2454/2250/1975 1114/2249/1974 2453/2256/1981
f 2149/2259/1984 4219/2258/1983 2453/2256/1981 996/2255/1980
f 799/1556/1258 2131/2260/1985 4220/2261/1986 1965/2067/1784
f 2131/2260/1985 986/2262/1987 2456/2263/1988 4220/2261/1986
f 4220/2261/1986 2456/2263/1988 1115/2264/1989 2455/2265/1990
f 1965/2067/1784 4220/2261/1986 2455/2265/1990 902/2070/1787
f 829/1329/1030 2039/2266/1991 4221/2267/1992 1957/2053/1770
f 2039/2266/1991 941/2268/1993 2458/2269/1994 4221/2267/1992
f 4221/2267/1992 2458/2269/1994 1116/2270/1995 2460/2271/1996
f 1957/2053/1770 4221/2267/1992 2460/2271/1996 896/2056/1773
f 830/1650/1352 2136/2272/1997 4222/2273/1998 2040/2274/1999
f 2136/2272/1997 989/2275/2000 2459/2276/2001 4222/2273/1998
f 4222/2273/1998 2459/2276/2001 1116/2270/1995 2458/2269/1994
f 2040/2274/1999 4222/2273/1998 2458/2269/1994 941/2268/1993
f 830/1650/1352 2041/1653/1355 4223/2277/2002 2136/2272/1997
f 2041/1653/1360 1315/1657/1359 2840/2278/2003 4223/2277/2004
f 4223/2277/2004 2840/2278/2003 1314/2279/2005 2868/2280/2006
f 2136/2272/1997 4223/2277/2002 2868/2280/2007 989/2275/2000
f 815/1746/1452 1936/2087/1804 4224/2281/2008 2052/1995/1707
f 1936/2087/1804 1322/2092/1809 2847/2282/2009 4224/2281/2008
f 4224/2281/2008 2847/2282/2009 1321/2283/2010 2869/2284/2011
f 2052/1995/1707 4224/2281/2008 2869/2284/2012 947/1998/1710
f 856/1493/1192 2687/2285/2013 4225/2286/2014 1966/1494/1193
f 1204/2287/2015 2661/2288/2016 4225/2286/2017 2687/2285/2018
f 1202/1497/1196 1966/1494/1193 4225/2286/2019 2661/2288/2019
f 809/1597/1299 2242/2289/2020 4226/2290/2021 2696/2291/2022
f 1207/2292/2023 2664/2293/2024 4226/2290/2021 2242/2289/2020
f 1206/2294/2025 2696/2291/2022 4226/2290/2021 2664/2293/2024
f 805/1525/1224 1974/2295/2026 4227/2296/2027 2045/1613/1315
f 1974/2295/2026 906/2297/2028 2464/2298/2029 4227/2296/2027
f 4227/2296/2027 2464/2298/2029 1118/2299/2030 2467/2300/2031
f 2045/1613/1315 4227/2296/2027 2467/2300/2031 944/1609/1311
f 906/2297/2028 1973/2301/2032 4228/2302/2033 2464/2298/2029
f 1973/2301/2032 833/1180/874 1982/2303/2034 4228/2302/2033
f 4228/2302/2033 1982/2303/2034 910/2304/2035 2465/2305/2036
f 2464/2298/2029 4228/2302/2033 2465/2305/2036 1118/2299/2030
f 1118/2299/2030 2465/2305/2036 4229/2306/2037 2466/2307/2038
f 2465/2305/2036 910/2304/2035 1981/2308/2039 4229/2306/2037
f 4229/2306/2037 1981/2308/2039 854/1591/1293 2177/1706/1412
f 2466/2307/2038 4229/2306/2037 2177/1706/1412 1010/1702/1408
f 944/1609/1311 2467/2300/2031 4230/2309/2040 2046/1604/1306
f 2467/2300/2031 1118/2299/2030 2466/2307/2038 4230/2309/2040
f 4230/2309/2040 2466/2307/2038 1010/1702/1408 2176/1699/1405
f 2046/1604/1306 4230/2309/2040 2176/1699/1405 825/1601/1303
f 803/2310/1094 2027/2311/1733 4231/2312/2041 2140/2313/1100
f 2027/2311/1733 933/2314/1737 2468/2315/2042 4231/2312/2041
f 4231/2312/2041 2468/2315/2042 1119/2316/2043 2470/2317/2044
f 2140/2313/1100 4231/2312/2041 2470/2317/2044 991/2318/1102
f 798/1204/898 1963/1443/1147 4232/2319/2045 2028/2028/1740
f 1963/1443/1147 900/1448/1152 2469/2320/2046 4232/2319/2045
f 4232/2319/2045 2469/2320/2046 1119/2321/2043 2468/2322/2042
f 2028/2028/1740 4232/2319/2045 2468/2322/2042 933/2025/1737
f 794/1374/1076 1917/1377/1079 4233/2323/2047 2142/2324/1156
f 1917/1377/1079 877/1369/1071 2471/2325/2048 4233/2323/2047
f 4233/2323/2047 2471/2325/2048 1120/2326/2049 2473/2327/2050
f 2142/2324/1156 4233/2323/2047 2473/2327/2050 992/2328/1159
f 831/1365/1067 2134/2246/1971 4234/2329/2051 1918/1366/1068
f 2134/2246/1971 988/2251/1976 2472/2330/2052 4234/2329/2051
f 4234/2329/2051 2472/2330/2052 1120/2326/2049 2471/2325/2048
f 1918/1366/1068 4234/2329/2051 2471/2325/2048 877/1369/1071
f 819/1356/1057 2141/2331/1166 4235/2332/2053 2133/2257/1982
f 2141/2331/1166 992/2328/1159 2473/2327/2050 4235/2332/2053
f 4235/2332/2053 2473/2327/2050 1120/2326/2049 2472/2330/2052
f 2133/2257/1982 4235/2332/2053 2472/2330/2052 988/2251/1976
f 819/1461/1057 2715/2333/1060 4236/2334/2054 1916/1462/1164
f 2715/2333/1060 1185/2335/1066 2642/2336/2055 4236/2334/2054
f 4236/2334/2054 2642/2336/2055 1184/2337/2056 2711/2338/2057
f 1916/1462/1164 4236/2334/2054 2711/2338/2058 876/1465/1167
f 833/1180/874 1973/2301/2032 4237/2339/2059 2159/1181/875
f 1973/2301/2032 906/2297/2028 2475/2340/2060 4237/2339/2059
f 4237/2339/2059 2475/2340/2060 1121/2341/2061 2474/2342/2062
f 2159/1181/875 4237/2339/2059 2474/2342/2062 1001/1184/878
f 805/1525/1224 1967/2343/2063 4238/2344/2064 1974/2295/2026
f 1967/2343/2063 903/2345/2065 2476/2346/2066 4238/2344/2064
f 4238/2344/2064 2476/2346/2066 1121/2341/2061 2475/2340/2060
f 1974/2295/2026 4238/2344/2064 2475/2340/2060 906/2297/2028
f 805/1525/1224 2042/1528/1227 4239/2347/2067 1967/2343/2063
f 942/1533/1232 2719/2348/2068 4239/2347/2067 2042/1528/1227
f 1211/2349/2069 2673/2350/2070 4239/2347/2067 2719/2348/2068
f 1216/2351/2071 2718/2352/2072 4239/2347/2067 2673/2350/2070
f 903/2345/2065 1967/2343/2063 4239/2347/2067 2718/2352/2072
f 853/1342/1043 2241/2015/1727 4240/2353/2073 2160/1343/1044
f 2241/2015/1727 1043/2019/1731 2478/2354/2074 4240/2353/2073
f 4240/2353/2073 2478/2354/2074 1122/2355/2075 2477/2356/2076
f 2160/1343/1044 4240/2353/2073 2477/2356/2076 1002/1346/1047
f 802/1314/1015 1968/1317/1018 4241/2357/2077 2146/1348/1049
f 1968/1317/1018 904/1322/1023 2480/2358/2078 4241/2357/2077
f 4241/2357/2077 2480/2358/2078 1123/2359/2079 2482/2360/2080
f 2146/1348/1049 4241/2357/2077 2482/2360/2080 994/1351/1052
f 829/1329/1030 2132/2055/1772 4242/2361/2081 1969/1330/1031
f 2132/2055/1772 987/2060/1777 2481/2362/2082 4242/2361/2081
f 4242/2361/2081 2481/2362/2082 1123/2359/2079 2480/2358/2078
f 1969/1330/1031 4242/2361/2081 2480/2358/2078 904/1322/1023
f 827/1310/1011 1914/1564/1266 4243/2363/2083 2150/2252/1977
f 1914/1564/1266 875/1560/1262 2483/2364/2084 4243/2363/2083
f 4243/2363/2083 2483/2364/2084 1124/2365/2085 2485/2366/2086
f 2150/2252/1977 4243/2363/2083 2485/2366/2086 996/2255/1980
f 799/1556/1258 2151/2069/1786 4244/2367/2087 1915/1557/1259
f 2151/2069/1786 997/2063/1780 2484/2368/2088 4244/2367/2087
f 4244/2367/2087 2484/2368/2088 1124/2365/2085 2483/2364/2084
f 1915/1557/1259 4244/2367/2087 2483/2364/2084 875/1560/1262
f 819/1356/1057 2149/2259/1984 4245/2369/2089 2152/2061/1778
f 2149/2259/1984 996/2255/1980 2485/2366/2086 4245/2369/2089
f 4245/2369/2089 2485/2366/2086 1124/2365/2085 2484/2368/2088
f 2152/2061/1778 4245/2369/2089 2484/2368/2088 997/2063/1780
f 797/1476/1137 2173/2370/2090 4246/2371/2091 2154/2030/1742
f 2173/2370/2090 1008/2372/2092 2486/2373/2093 4246/2371/2091
f 4246/2371/2091 2486/2373/2093 1125/2374/2094 2488/2375/2095
f 2154/2030/1742 4246/2371/2091 2488/2375/2095 998/2033/1745
f 834/1208/902 2023/1211/905 4247/2376/2096 2172/2377/2097
f 2023/1211/905 931/1216/910 2487/2378/2098 4247/2376/2096
f 4247/2376/2096 2487/2378/2098 1125/2374/2094 2486/2373/2093
f 2172/2377/2097 4247/2376/2096 2486/2373/2093 1008/2372/2092
f 855/1217/911 2153/2040/1755 4248/2379/2099 2024/1218/912
f 2153/2040/1755 998/2033/1745 2488/2375/2095 4248/2379/2099
f 4248/2379/2099 2488/2375/2095 1125/2374/2094 2487/2378/2098
f 2024/1218/912 4248/2379/2099 2487/2378/2098 931/1216/910
f 834/1208/902 1979/2228/1953 4249/2380/2100 2030/1209/903
f 1979/2228/1953 909/2223/1948 2490/2381/2101 4249/2380/2100
f 4249/2380/2100 2490/2381/2101 1126/2382/2102 2489/2383/2103
f 2030/1209/903 4249/2380/2100 2489/2383/2103 935/1212/906
f 832/1484/1183 1954/1487/1186 4250/2384/2104 1980/2221/1946
f 1954/1487/1186 894/1492/1191 2491/2385/2105 4250/2384/2104
f 4250/2384/2104 2491/2385/2105 1126/2382/2102 2490/2381/2101
f 1980/2221/1946 4250/2384/2104 2490/2381/2101 909/2223/1948
f 832/1484/1183 2156/1567/1269 4251/2386/2106 2158/1485/1184
f 2156/1567/1269 999/1572/1274 2492/2387/2107 4251/2386/2106
f 4251/2386/2106 2492/2387/2107 1127/2388/2108 2494/2389/2109
f 2158/1485/1184 4251/2386/2106 2494/2389/2109 1000/1488/1187
f 820/1579/1281 2100/2390/2110 4252/2391/2111 2155/1580/1282
f 2100/2390/2110 972/2392/2112 2493/2393/2113 4252/2391/2111
f 4252/2391/2111 2493/2393/2113 1127/2388/2108 2492/2387/2107
f 2155/1580/1282 4252/2391/2111 2492/2387/2107 999/1572/1274
f 856/1493/1192 2157/1496/1195 4253/2394/2114 2099/2395/2115
f 2157/1496/1195 1000/1488/1187 2494/2389/2109 4253/2394/2114
f 4253/2394/2114 2494/2389/2109 1127/2388/2108 2493/2393/2113
f 2099/2395/2115 4253/2394/2114 2493/2393/2113 972/2392/2112
f 829/1329/1030 1952/1332/1033 4254/2396/2116 2039/2266/1991
f 1952/1332/1033 893/1327/1028 2495/2397/2117 4254/2396/2116
f 4254/2396/2116 2495/2397/2117 1128/2398/2118 2497/2399/2119
f 2039/2266/1991 4254/2396/2116 2497/2399/2119 941/2268/1993
f 818/1323/1024 2049/1644/1346 4255/2400/2120 1951/1324/1025
f 2049/1644/1346 946/1649/1351 2496/2401/2121 4255/2400/2120
f 4255/2400/2120 2496/2401/2121 1128/2398/2118 2495/2397/2117
f 1951/1324/1025 4255/2400/2120 2495/2397/2117 893/1327/1028
f 830/1650/1352 2040/2274/1999 4256/2402/2122 2050/1651/1353
f 2040/2274/1999 941/2268/1993 2497/2399/2119 4256/2402/2122
f 4256/2402/2122 2497/2399/2119 1128/2398/2118 2496/2401/2121
f 2050/1651/1353 4256/2402/2122 2496/2401/2121 946/1649/1351
f 816/1302/1003 2833/1305/1006 4257/2403/2123 2831/1668/1371
f 1297/1309/1010 2813/2404/2124 4257/2403/2123 2833/1305/1006
f 1298/1671/1374 2831/1668/1377 4257/2403/2125 2813/2404/2125
f 817/1291/992 1970/1539/1238 4258/2405/2126 2126/1292/993
f 1295/1542/1242 2812/2406/2127 4258/2405/2128 1970/1539/1243
f 1296/1295/996 2126/1292/993 4258/2405/2128 2812/2406/2127
f 804/1198/892 1972/2084/1801 4259/2407/2129 2163/2408/2130
f 1972/2084/1801 905/2080/1797 2498/2409/2131 4259/2407/2129
f 4259/2407/2129 2498/2409/2131 1129/2410/2132 2500/2411/2133
f 2163/2408/2130 4259/2407/2129 2500/2411/2133 1003/2412/2134
f 817/1291/992 1977/1294/995 4260/2413/2135 1971/2078/1795
f 1977/1294/995 908/1301/1002 2499/2414/2136 4260/2413/2135
f 4260/2413/2135 2499/2414/2136 1129/2410/2132 2498/2409/2131
f 1971/2078/1795 4260/2413/2135 2498/2409/2131 905/2080/1797
f 827/1310/1011 2162/2415/2137 4261/2416/2138 1978/1311/1012
f 2162/2415/2137 1003/2412/2134 2500/2411/2133 4261/2416/2138
f 4261/2416/2138 2500/2411/2133 1129/2410/2132 2499/2414/2136
f 1978/1311/1012 4261/2416/2138 2499/2414/2136 908/1301/1002
f 809/1597/1299 2044/1600/1302 4262/2417/2139 2130/2418/2140
f 2044/1600/1302 943/1595/1297 2501/2419/2141 4262/2417/2139
f 4262/2417/2139 2501/2419/2141 1130/2420/2142 2503/2421/2143
f 2130/2418/2140 4262/2417/2139 2503/2421/2143 985/2422/2144
f 854/1591/1293 1981/2308/2039 4263/2423/2145 2043/1592/1294
f 1981/2308/2039 910/2304/2035 2502/2424/2146 4263/2423/2145
f 4263/2423/2145 2502/2424/2146 1130/2420/2142 2501/2419/2141
f 2043/1592/1294 4263/2423/2145 2501/2419/2141 943/1595/1297
f 833/1180/874 2129/2425/2147 4264/2426/2148 1982/2303/2034
f 2129/2425/2147 985/2422/2144 2503/2421/2143 4264/2426/2148
f 4264/2426/2148 2503/2421/2143 1130/2420/2142 2502/2424/2146
f 1982/2303/2034 4264/2426/2148 2502/2424/2146 910/2304/2035
f 799/1556/1258 1935/1559/1261 4265/2427/2149 2169/2231/1956
f 1935/1559/1261 885/1551/1253 2504/2428/2150 4265/2427/2149
f 4265/2427/2149 2504/2428/2150 1131/2429/2151 2506/2430/2152
f 2169/2231/1956 4265/2427/2149 2506/2430/2152 1006/2234/1959
f 837/1547/1249 1984/1768/1474 4266/2431/2153 1934/1548/1250
f 1984/1768/1474 911/1772/1478 2505/2432/2154 4266/2431/2153
f 4266/2431/2153 2505/2432/2154 1131/2429/2151 2504/2428/2150
f 1934/1548/1250 4266/2431/2153 2504/2428/2150 885/1551/1253
f 806/1517/1216 2168/2240/1965 4267/2433/2155 1983/1777/1483
f 2168/2240/1965 1006/2234/1959 2506/2430/2152 4267/2433/2155
f 4267/2433/2155 2506/2430/2152 1131/2429/2151 2505/2432/2154
f 1983/1777/1483 4267/2433/2155 2505/2432/2154 911/1772/1478
f 797/1476/1137 1910/1524/1223 4268/2434/2156 2173/2370/2090
f 1910/1524/1223 872/1521/1220 2507/2435/2157 4268/2434/2156
f 4268/2434/2156 2507/2435/2157 1132/2436/2158 2509/2437/2159
f 2173/2370/2090 4268/2434/2156 2509/2437/2159 1008/2372/2092
f 806/1517/1216 2090/1968/1680 4269/2438/2160 1909/1518/1217
f 2090/1968/1680 967/1973/1685 2508/2439/2161 4269/2438/2160
f 4269/2438/2160 2508/2439/2161 1132/2436/2158 2507/2435/2157
f 1909/1518/1217 4269/2438/2160 2507/2435/2157 872/1521/1220
f 834/1208/902 2172/2377/2097 4270/2440/2162 2091/1977/1689
f 2172/2377/2097 1008/2372/2092 2509/2437/2159 4270/2440/2162
f 4270/2440/2162 2509/2437/2159 1132/2436/2158 2508/2439/2161
f 2091/1977/1689 4270/2440/2162 2508/2439/2161 967/1973/1685
f 826/2208/1933 1904/2211/1936 4271/2441/2163 2184/2442/2164
f 1904/2211/1936 869/2213/1938 2510/2443/2165 4271/2441/2163
f 4271/2441/2163 2510/2443/2165 1133/2444/2166 2513/2445/2167
f 2184/2442/2164 4271/2441/2163 2513/2445/2167 1014/2446/2168
f 869/2213/1938 1903/2447/2169 4272/2448/2170 2510/2443/2165
f 1903/2447/2169 1301/2449/2171 2816/2450/2172 4272/2448/2170
f 4272/2448/2170 2816/2450/2172 1302/2451/2173 2511/2452/2174
f 2510/2443/2165 4272/2448/2170 2511/2452/2174 1133/2444/2166
f 1133/2444/2166 2511/2452/2174 4273/2453/2175 2512/2454/2176
f 2511/2452/2174 1302/2451/2173 2817/2455/2177 4273/2453/2175
f 4273/2453/2175 2817/2455/2177 1303/2456/2178 1937/2457/2179
f 2512/2454/2176 4273/2453/2175 1937/2457/2180 886/2167/1892
f 1014/2446/2168 2513/2445/2167 4274/2458/2181 2185/2459/2182
f 2513/2445/2167 1133/2444/2166 2512/2454/2176 4274/2458/2181
f 4274/2458/2181 2512/2454/2176 886/2167/1892 1938/2164/1889
f 2185/2459/2182 4274/2458/2181 1938/2164/1889 841/2163/1888
f 853/1342/1043 2104/1665/1368 4275/2460/2183 2032/1629/1331
f 2104/1665/1368 974/1660/1363 2514/2461/2184 4275/2460/2183
f 4275/2460/2183 2514/2461/2184 1134/2462/2185 2516/2463/2186
f 2032/1629/1331 4275/2460/2183 2516/2463/2186 936/1632/1334
f 825/1601/1303 1941/1719/1425 4276/2464/2187 2105/1658/1361
f 1941/1719/1425 888/1724/1430 2515/2465/2188 4276/2464/2187
f 4276/2464/2187 2515/2465/2188 1134/2462/2185 2514/2461/2184
f 2105/1658/1361 4276/2464/2187 2514/2461/2184 974/1660/1363
f 836/1615/1317 2031/1638/1340 4277/2466/2189 1942/1730/1436
f 2031/1638/1340 936/1632/1334 2516/2463/2186 4277/2466/2189
f 4277/2466/2189 2516/2463/2186 1134/2462/2185 2515/2465/2188
f 1942/1730/1436 4277/2466/2189 2515/2465/2188 888/1724/1430
f 816/1302/1003 2123/1670/1373 4278/2467/2190 2829/1683/1389
f 1299/1673/1378 2815/2468/2191 4278/2467/2190 2123/1670/1379
f 1300/1686/1392 2829/1683/1389 4278/2467/2190 2815/2468/2191
f 852/1573/1275 1943/2469/2192 4279/2470/2193 1919/1574/1276
f 1943/2469/2192 889/2471/2194 2517/2472/2195 4279/2470/2193
f 4279/2470/2193 2517/2472/2195 1135/2473/2196 2519/2474/2197
f 1919/1574/1276 4279/2470/2193 2519/2474/2197 878/1577/1279
f 821/1690/1396 1987/1714/1420 4280/2475/2198 1944/2476/2199
f 1987/1714/1420 913/1709/1415 2518/2477/2200 4280/2475/2198
f 4280/2475/2198 2518/2477/2200 1135/2473/2196 2517/2472/2195
f 1944/2476/2199 4280/2475/2198 2517/2472/2195 889/2471/2194
f 820/1579/1281 1920/1582/1284 4281/2478/2201 1988/1707/1413
f 1920/1582/1284 878/1577/1279 2519/2474/2197 4281/2478/2201
f 4281/2478/2201 2519/2474/2197 1135/2473/2196 2518/2477/2200
f 1988/1707/1413 4281/2478/2201 2518/2477/2200 913/1709/1415
f 815/1746/1452 2056/1749/1455 4282/2479/2202 2181/2085/1802
f 2056/1749/1455 949/1744/1450 2520/2480/2203 4282/2479/2202
f 4282/2479/2202 2520/2480/2203 1136/2481/2204 2522/2482/2205
f 2181/2085/1802 4282/2479/2202 2522/2482/2205 1012/2088/1805
f 814/1260/961 1899/1263/964 4283/2483/2206 2055/1741/1447
f 1899/1263/964 866/1268/969 2521/2484/2207 4283/2483/2206
f 4283/2483/2206 2521/2484/2207 1136/2481/2204 2520/2480/2203
f 2055/1741/1447 4283/2483/2206 2520/2480/2203 949/1744/1450
f 852/1573/1275 2059/2201/1926 4284/2485/2208 1943/2469/2192
f 2059/2201/1926 951/2198/1923 2523/2486/2209 4284/2485/2208
f 4284/2485/2208 2523/2486/2209 1137/2487/2210 2525/2488/2211
f 1943/2469/2192 4284/2485/2208 2525/2488/2211 889/2471/2194
f 843/1243/941 2205/2489/2212 4285/2490/2213 2060/2195/1920
f 2205/2489/2212 1024/2491/2214 2524/2492/2215 4285/2490/2213
f 4285/2490/2213 2524/2492/2215 1137/2487/2210 2523/2486/2209
f 2060/2195/1920 4285/2490/2213 2523/2486/2209 951/2198/1923
f 821/1690/1396 1944/2476/2199 4286/2493/2216 2204/2494/2217
f 1944/2476/2199 889/2471/2194 2525/2488/2211 4286/2493/2216
f 4286/2493/2216 2525/2488/2211 1137/2487/2210 2524/2492/2215
f 2204/2494/2217 4286/2493/2216 2524/2492/2215 1024/2491/2214
f 851/1674/1380 1940/2203/1928 4287/2495/2218 2187/1750/1456
f 1940/2203/1928 887/2207/1932 2526/2496/2219 4287/2495/2218
f 4287/2495/2218 2526/2496/2219 1138/2497/2220 2528/2498/2221
f 2187/1750/1456 4287/2495/2218 2528/2498/2221 1015/1753/1459
f 826/2208/1933 2019/2499/2222 4288/2500/2223 1939/2209/1934
f 2019/2499/2222 928/2501/2224 2527/2502/2225 4288/2500/2223
f 4288/2500/2223 2527/2502/2225 1138/2497/2220 2526/2496/2219
f 1939/2209/1934 4288/2500/2223 2526/2496/2219 887/2207/1932
f 813/1758/1464 2186/1761/1467 4289/2503/2226 2018/2504/2227
f 2186/1761/1467 1015/1753/1459 2528/2498/2221 4289/2503/2226
f 4289/2503/2226 2528/2498/2221 1138/2497/2220 2527/2502/2225
f 2018/2504/2227 4289/2503/2226 2527/2502/2225 928/2501/2224
f 813/1758/1464 2112/2505/2228 4290/2506/2229 2189/1773/1479
f 2112/2505/2228 977/2507/2230 2529/2508/2231 4290/2506/2229
f 4290/2506/2229 2529/2508/2231 1139/2509/2232 2531/2510/2233
f 2189/1773/1479 4290/2506/2229 2531/2510/2233 1016/1775/1481
f 845/1878/1586 2203/2094/1811 4291/2511/2234 2111/2512/2235
f 2203/2094/1811 1023/2098/1815 2530/2513/2236 4291/2511/2234
f 4291/2511/2234 2530/2513/2236 1139/2509/2232 2529/2508/2231
f 2111/2512/2235 4291/2511/2234 2529/2508/2231 977/2507/2230
f 806/1517/1216 2188/1779/1485 4292/2514/2237 2202/2099/1816
f 2188/1779/1485 1016/1775/1481 2531/2510/2233 4292/2514/2237
f 4292/2514/2237 2531/2510/2233 1139/2509/2232 2530/2513/2236
f 2202/2099/1816 4292/2514/2237 2530/2513/2236 1023/2098/1815
f 806/1517/1216 1993/1808/1514 4293/2515/2238 2237/1966/1678
f 1993/1808/1514 916/1801/1507 2532/2516/2239 4293/2515/2238
f 4293/2515/2238 2532/2516/2239 1140/2517/2240 2534/2518/2241
f 2237/1966/1678 4293/2515/2238 2534/2518/2241 1040/1969/1681
f 800/1797/1503 2191/2151/1876 4294/2519/2242 1994/1798/1504
f 2191/2151/1876 1017/2144/1869 2533/2520/2243 4294/2519/2242
f 4294/2519/2242 2533/2520/2243 1140/2517/2240 2532/2516/2239
f 1994/1798/1504 4294/2519/2242 2532/2516/2239 916/1801/1507
f 835/1780/1486 2236/1975/1687 4295/2521/2244 2190/2141/1866
f 2236/1975/1687 1040/1969/1681 2534/2518/2241 4295/2521/2244
f 4295/2521/2244 2534/2518/2241 1140/2517/2240 2533/2520/2243
f 2190/2141/1866 4295/2521/2244 2533/2520/2243 1017/2144/1869
f 821/1690/1396 2217/2522/2245 4296/2523/2246 1906/1953/1665
f 2217/2522/2245 1030/2524/2247 2535/2525/2248 4296/2523/2246
f 4296/2523/2246 2535/2525/2248 1141/2526/2249 2537/2527/2250
f 1906/1953/1665 4296/2523/2246 2537/2527/2250 870/1955/1667
f 795/2120/1841 2116/2528/2251 4297/2529/2252 2216/2530/2253
f 2116/2528/2251 979/2531/2254 2536/2532/2255 4297/2529/2252
f 4297/2529/2252 2536/2532/2255 1141/2526/2249 2535/2525/2248
f 2216/2530/2253 4297/2529/2252 2535/2525/2248 1030/2524/2247
f 838/1272/973 1905/1961/1673 4298/2533/2256 2115/2534/2257
f 1905/1961/1673 870/1955/1667 2537/2527/2250 4298/2533/2256
f 4298/2533/2256 2537/2527/2250 1141/2526/2249 2536/2532/2255
f 2115/2534/2257 4298/2533/2256 2536/2532/2255 979/2531/2254
f 839/1287/988 1922/2181/1906 4299/2535/2258 2020/2536/2259
f 1922/2181/1906 879/2178/1903 2538/2537/2260 4299/2535/2258
f 4299/2535/2258 2538/2537/2260 1142/2538/2261 2540/2539/2262
f 2020/2536/2259 4299/2535/2258 2540/2539/2262 929/2540/2263
f 846/1836/1543 1999/1855/1562 4300/2541/2264 1921/2175/1900
f 1999/1855/1562 919/1859/1566 2539/2542/2265 4300/2541/2264
f 4300/2541/2264 2539/2542/2265 1142/2538/2261 2538/2537/2260
f 1921/2175/1900 4300/2541/2264 2538/2537/2260 879/2178/1903
f 814/1260/961 2021/2543/2266 4301/2544/2267 2000/1864/1571
f 2021/2543/2266 929/2540/2263 2540/2539/2262 4301/2544/2267
f 4301/2544/2267 2540/2539/2262 1142/2538/2261 2539/2542/2265
f 2000/1864/1571 4301/2544/2267 2539/2542/2265 919/1859/1566
f 822/1811/1517 2067/2545/2268 4302/2546/2269 2199/2157/1882
f 2067/2545/2268 955/2547/2270 2541/2548/2271 4302/2546/2269
f 4302/2546/2269 2541/2548/2271 1143/2549/2272 2543/2550/2273
f 2199/2157/1882 4302/2546/2269 2543/2550/2273 1021/2159/1884
f 824/2551/2274 2196/2552/2275 4303/2553/2276 2066/2554/2277
f 2196/2552/2275 1020/2555/2278 2542/2556/2279 4303/2553/2276
f 4303/2553/2276 2542/2556/2279 1143/2549/2272 2541/2548/2271
f 2066/2554/2277 4303/2553/2276 2541/2548/2271 955/2547/2270
f 841/2163/1888 2198/2166/1891 4304/2557/2280 2197/2558/2281
f 2198/2166/1891 1021/2159/1884 2543/2550/2273 4304/2557/2280
f 4304/2557/2280 2543/2550/2273 1143/2549/2272 2542/2556/2279
f 2197/2558/2281 4304/2557/2280 2542/2556/2279 1020/2555/2278
f 841/2163/1888 2197/2558/2281 4305/2559/2282 2201/2560/2283
f 2197/2558/2281 1020/2555/2278 2544/2561/2284 4305/2559/2282
f 4305/2559/2282 2544/2561/2284 1144/2562/2285 2546/2563/2286
f 2201/2560/2283 4305/2559/2282 2546/2563/2286 1022/2564/2287
f 824/2551/2274 2235/2565/2288 4306/2566/2289 2196/2552/2275
f 2235/2565/2288 1039/2567/2290 2545/2568/2291 4306/2566/2289
f 4306/2566/2289 2545/2568/2291 1144/2562/2285 2544/2561/2284
f 2196/2552/2275 4306/2566/2289 2544/2561/2284 1020/2555/2278
f 813/1758/1464 2200/2569/2292 4307/2570/2293 2234/2571/2294
f 2200/2569/2292 1022/2564/2287 2546/2563/2286 4307/2570/2293
f 4307/2570/2293 2546/2563/2286 1144/2562/2285 2545/2568/2291
f 2234/2571/2294 4307/2570/2293 2545/2568/2291 1039/2567/2290
f 842/1867/1574 1930/1870/1577 4308/2572/2295 2083/2573/2296
f 1930/1870/1577 883/1877/1585 2547/2574/2297 4308/2572/2295
f 4308/2572/2295 2547/2574/2297 1145/2575/2298 2549/2576/2299
f 2083/2573/2296 4308/2572/2295 2549/2576/2299 963/2577/2300
f 845/1878/1586 2111/2512/2235 4309/2578/2301 1931/1879/1587
f 2111/2512/2235 977/2507/2230 2548/2579/2302 4309/2578/2301
f 4309/2578/2301 2548/2579/2302 1145/2575/2298 2547/2574/2297
f 1931/1879/1587 4309/2578/2301 2547/2574/2297 883/1877/1585
f 813/1758/1464 2084/2580/2303 4310/2581/2304 2112/2505/2228
f 2084/2580/2303 963/2577/2300 2549/2576/2299 4310/2581/2304
f 4310/2581/2304 2549/2576/2299 1145/2575/2298 2548/2579/2302
f 2112/2505/2228 4310/2581/2304 2548/2579/2302 977/2507/2230
f 835/1780/1486 2110/2143/1868 4311/2582/2305 1996/2189/1914
f 2110/2143/1868 976/2148/1873 2550/2583/2306 4311/2582/2305
f 4311/2582/2305 2550/2583/2306 1146/2584/2307 2552/2585/2308
f 1996/2189/1914 4311/2582/2305 2552/2585/2308 917/2191/1916
f 793/1886/1594 2062/1889/1597 4312/2586/2309 2109/2154/1879
f 2062/1889/1597 952/1896/1604 2551/2587/2310 4312/2586/2309
f 4312/2586/2309 2551/2587/2310 1146/2584/2307 2550/2583/2306
f 2109/2154/1879 4312/2586/2309 2550/2583/2306 976/2148/1873
f 843/1243/941 1995/2197/1922 4313/2588/2311 2061/1897/1605
f 1995/2197/1922 917/2191/1916 2552/2585/2308 4313/2588/2311
f 4313/2588/2311 2552/2585/2308 1146/2584/2307 2551/2587/2310
f 2061/1897/1605 4313/2588/2311 2551/2587/2310 952/1896/1604
f 843/1243/941 2063/1246/944 4314/2589/2312 2205/2489/2212
f 2063/1246/944 953/1236/934 2553/2590/2313 4314/2589/2312
f 4314/2589/2312 2553/2590/2313 1147/2591/2314 2555/2592/2315
f 2205/2489/2212 4314/2589/2312 2555/2592/2315 1024/2491/2214
f 849/1232/930 2068/2593/2316 4315/2594/2317 2064/1233/931
f 2068/2593/2316 956/2595/2318 2554/2596/2319 4315/2594/2317
f 4315/2594/2317 2554/2596/2319 1147/2591/2314 2553/2590/2313
f 2064/1233/931 4315/2594/2317 2553/2590/2313 953/1236/934
f 821/1690/1396 2204/2494/2217 4316/2597/2320 2069/2598/2321
f 2204/2494/2217 1024/2491/2214 2555/2592/2315 4316/2597/2320
f 4316/2597/2320 2555/2592/2315 1147/2591/2314 2554/2596/2319
f 2069/2598/2321 4316/2597/2320 2554/2596/2319 956/2595/2318
f 795/2120/1841 1895/2599/2322 4317/2600/2323 1923/2601/2324
f 1895/2599/2322 864/2602/2325 2556/2603/2326 4317/2600/2323
f 4317/2600/2323 2556/2603/2326 1148/2604/2327 2558/2605/2328
f 1923/2601/2324 4317/2600/2323 2558/2605/2328 880/2606/2329
f 850/2607/2330 2219/2608/2331 4318/2609/2332 1896/2610/2333
f 2219/2608/2331 1031/2611/2334 2557/2612/2335 4318/2609/2332
f 4318/2609/2332 2557/2612/2335 1148/2604/2327 2556/2603/2326
f 1896/2610/2333 4318/2609/2332 2556/2603/2326 864/2602/2325
f 796/1281/982 1924/2613/2336 4319/2614/2337 2218/2615/2338
f 1924/2613/2336 880/2606/2329 2558/2605/2328 4319/2614/2337
f 4319/2614/2337 2558/2605/2328 1148/2604/2327 2557/2612/2335
f 2218/2615/2338 4319/2614/2337 2557/2612/2335 1031/2611/2334
f 807/1249/947 2017/2616/2339 4320/2617/2340 2107/1250/948
f 2017/2616/2339 927/2618/2341 2559/2619/2342 4320/2617/2340
f 4320/2617/2340 2559/2619/2342 1149/2620/2343 2561/2621/2344
f 2107/1250/948 4320/2617/2340 2561/2621/2344 975/1253/951
f 847/1412/1114 2137/2050/1766 4321/2622/2345 2016/2623/2346
f 1331/2052/1769 2855/2624/2347 4321/2622/2345 2137/2050/1766
f 1329/2625/2348 2560/2626/2349 4321/2622/2345 2855/2624/2347
f 1149/2620/2343 2559/2619/2342 4321/2622/2345 2560/2626/2349
f 927/2618/2341 2016/2623/2346 4321/2622/2345 2559/2619/2342
f 814/1260/961 1997/1866/1573 4322/2627/2350 2211/1261/962
f 1997/1866/1573 918/1862/1569 2562/2628/2351 4322/2627/2350
f 4322/2627/2350 2562/2628/2351 1150/2629/2352 2564/2630/2353
f 2211/1261/962 4322/2627/2350 2564/2630/2353 1027/1264/965
f 847/1412/1114 2016/2623/2346 4323/2631/2354 1998/1860/1567
f 2016/2623/2346 927/2618/2341 2563/2632/2355 4323/2631/2354
f 4323/2631/2354 2563/2632/2355 1150/2629/2352 2562/2628/2351
f 1998/1860/1567 4323/2631/2354 2562/2628/2351 918/1862/1569
f 807/1249/947 2210/1270/971 4324/2633/2356 2017/2616/2339
f 2210/1270/971 1027/1264/965 2564/2630/2353 4324/2633/2356
f 4324/2633/2356 2564/2630/2353 1150/2629/2352 2563/2632/2355
f 2017/2616/2339 4324/2633/2356 2563/2632/2355 927/2618/2341
f 822/1811/1517 2065/1908/1619 4325/2634/2357 2067/2545/2268
f 2065/1908/1619 954/1914/1625 2565/2635/2358 4325/2634/2357
f 4325/2634/2357 2565/2635/2358 1151/2636/2359 2567/2637/2360
f 2067/2545/2268 4325/2634/2357 2567/2637/2360 955/2547/2270
f 824/2551/2274 2066/2554/2277 4326/2638/2361 2233/2639/2362
f 2066/2554/2277 955/2547/2270 2567/2637/2360 4326/2638/2361
f 4326/2638/2361 2567/2637/2360 1151/2636/2359 2566/2640/2363
f 2233/2639/2362 4326/2638/2361 2566/2640/2363 1038/2641/2364
f 824/2642/2274 2080/2643/2365 4327/2644/2366 2213/2645/2367
f 2080/2643/2365 961/2646/2368 2568/2647/2369 4327/2644/2366
f 4327/2644/2366 2568/2647/2369 1152/2648/2370 2570/2649/2371
f 2213/2645/2367 4327/2644/2366 2570/2649/2371 1028/2650/2372
f 848/2651/1847 1883/2652/2373 4328/2653/2374 2079/2654/2375
f 1883/2652/2373 858/2655/2376 2569/2656/2377 4328/2653/2374
f 4328/2653/2374 2569/2656/2377 1152/2648/2370 2568/2647/2369
f 2079/2654/2375 4328/2653/2374 2568/2647/2369 961/2646/2368
f 842/2657/1574 2212/2658/2378 4329/2659/2379 1884/2660/2380
f 2212/2658/2378 1028/2650/2372 2570/2649/2371 4329/2659/2379
f 4329/2659/2379 2570/2649/2371 1152/2648/2370 2569/2656/2377
f 1884/2660/2380 4329/2659/2379 2569/2656/2377 858/2655/2376
f 821/1690/1396 2069/2598/2321 4330/2661/2381 2217/2522/2245
f 2069/2598/2321 956/2595/2318 2571/2662/2382 4330/2661/2381
f 4330/2661/2381 2571/2662/2382 1153/2663/2383 2573/2664/2384
f 2217/2522/2245 4330/2661/2381 2573/2664/2384 1030/2524/2247
f 849/1232/930 2009/2114/1835 4331/2665/2385 2068/2593/2316
f 2009/2114/1835 924/2119/1840 2572/2666/2386 4331/2665/2385
f 4331/2665/2385 2572/2666/2386 1153/2663/2383 2571/2662/2382
f 2068/2593/2316 4331/2665/2385 2571/2662/2382 956/2595/2318
f 795/2120/1841 2216/2530/2253 4332/2667/2387 2010/2121/1842
f 2216/2530/2253 1030/2524/2247 2573/2664/2384 4332/2667/2387
f 4332/2667/2387 2573/2664/2384 1153/2663/2383 2572/2666/2386
f 2010/2121/1842 4332/2667/2387 2572/2666/2386 924/2119/1840
f 796/1281/982 2221/2668/2388 4333/2669/2389 1891/1831/1538
f 2221/2668/2388 1032/2670/2390 2574/2671/2391 4333/2669/2389
f 4333/2669/2389 2574/2671/2391 1154/2672/2392 2576/2673/2393
f 1891/1831/1538 4333/2669/2389 2576/2673/2393 861/1834/1541
f 796/1281/982 2218/2615/2338 4334/2674/2394 2221/2668/2388
f 2218/2615/2338 1031/2611/2334 2577/2675/2395 4334/2674/2394
f 4334/2674/2394 2577/2675/2395 1155/2676/2396 2579/2677/2397
f 2221/2668/2388 4334/2674/2394 2579/2677/2397 1032/2670/2390
f 850/2607/2330 2783/2678/2398 4335/2679/2399 2219/2608/2331
f 1263/2680/2400 2752/2681/2401 4335/2679/2399 2783/2678/2398
f 1264/2682/2402 2578/2683/2403 4335/2679/2399 2752/2681/2401
f 1155/2676/2396 2577/2675/2395 4335/2679/2399 2578/2683/2403
f 1031/2611/2334 2219/2608/2331 4335/2679/2399 2577/2675/2395
f 840/1944/1656 2007/2684/2404 4336/2685/2405 2223/2686/2406
f 2007/2684/2404 923/2687/2407 2580/2688/2408 4336/2685/2405
f 4336/2685/2405 2580/2688/2408 1156/2689/2409 2582/2690/2410
f 2223/2686/2406 4336/2685/2405 2582/2690/2410 1033/2691/2411
f 823/1900/1608 2781/1903/1611 4337/2692/2412 2006/2693/2413
f 1276/1906/1616 2765/2694/2414 4337/2692/2412 2781/1903/1617
f 1277/2695/2415 2581/2696/2416 4337/2692/2412 2765/2694/2414
f 1156/2689/2409 2580/2688/2408 4337/2692/2412 2581/2696/2416
f 923/2687/2407 2006/2693/2413 4337/2692/2412 2580/2688/2408
f 844/1822/1529 2224/2697/2417 4338/2698/2418 2207/1936/1648
f 2224/2697/2417 1034/2699/2419 2583/2700/2420 4338/2698/2418
f 4338/2698/2418 2583/2700/2420 1157/2701/2421 2585/2702/2422
f 2207/1936/1648 4338/2698/2418 2585/2702/2422 1025/1939/1651
f 823/1900/1608 2006/2693/2413 4339/2703/2423 2225/2704/2424
f 2006/2693/2413 923/2687/2407 2584/2705/2425 4339/2703/2423
f 4339/2703/2423 2584/2705/2425 1157/2701/2421 2583/2700/2420
f 2225/2704/2424 4339/2703/2423 2583/2700/2420 1034/2699/2419
f 840/1944/1656 2206/1947/1659 4340/2706/2426 2007/2684/2404
f 2206/1947/1659 1025/1939/1651 2585/2702/2422 4340/2706/2426
f 4340/2706/2426 2585/2702/2422 1157/2701/2421 2584/2705/2425
f 2007/2684/2404 4340/2706/2426 2584/2705/2425 923/2687/2407
f 840/1944/1656 2223/2686/2406 4341/2707/2427 2114/2169/1894
f 2223/2686/2406 1033/2691/2411 2586/2708/2428 4341/2707/2427
f 4341/2707/2427 2586/2708/2428 1158/2709/2429 2588/2710/2430
f 2114/2169/1894 4341/2707/2427 2588/2710/2430 978/2171/1896
f 846/1836/1543 2113/2177/1902 4342/2711/2431 2071/2712/2432
f 2113/2177/1902 978/2171/1896 2588/2710/2430 4342/2711/2431
f 4342/2711/2431 2588/2710/2430 1158/2709/2429 2587/2713/2433
f 2071/2712/2432 4342/2711/2431 2587/2713/2433 957/2714/2434
f 846/1836/1543 2071/2712/2432 4343/2715/2435 2227/1837/1544
f 2071/2712/2432 957/2714/2434 2589/2716/2436 4343/2715/2435
f 4343/2715/2435 2589/2716/2436 1159/2717/2437 2591/2718/2438
f 2227/1837/1544 4343/2715/2435 2591/2718/2438 1035/1840/1547
f 811/1845/1552 2226/1848/1555 4344/2719/2439 2013/2720/2440
f 2226/1848/1555 1035/1840/1547 2591/2718/2438 4344/2719/2439
f 4344/2719/2439 2591/2718/2438 1159/2717/2437 2590/2721/2441
f 2013/2720/2440 4344/2719/2439 2590/2721/2441 925/2722/2442
f 811/1845/1552 2013/2720/2440 4345/2723/2443 2073/1915/1626
f 925/2722/2442 2786/2724/2444 4345/2723/2443 2013/2720/2440
f 1278/2725/2445 2768/2726/2446 4345/2723/2443 2786/2724/2444
f 1279/2727/2447 2788/2728/2448 4345/2723/2443 2768/2726/2446
f 958/1918/1629 2073/1915/1626 4345/2723/2443 2788/2728/2448
f 847/1412/1114 2228/1853/1560 4346/2729/2449 2231/1432/1135
f 2228/1853/1560 1036/1849/1556 2592/2730/2450 4346/2729/2449
f 4346/2729/2449 2592/2730/2450 1160/2731/2451 2594/2732/2452
f 2231/1432/1135 4346/2729/2449 2594/2732/2452 1037/1428/1131
f 811/1845/1552 2075/1917/1628 4347/2733/2453 2229/1846/1553
f 2075/1917/1628 959/1922/1633 2593/2734/2454 4347/2733/2453
f 4347/2733/2453 2593/2734/2454 1160/2731/2451 2592/2730/2450
f 2229/1846/1553 4347/2733/2453 2592/2730/2450 1036/1849/1556
f 812/1420/1123 2230/1423/1126 4348/2735/2455 2074/1923/1634
f 2230/1423/1126 1037/1428/1131 2594/2732/2452 4348/2735/2455
f 4348/2735/2455 2594/2732/2452 1160/2731/2451 2593/2734/2454
f 2074/1923/1634 4348/2735/2455 2593/2734/2454 959/1922/1633
f 848/2651/1847 2803/2736/1850 4349/2737/2456 1883/2652/2373
f 2803/2736/1856 1239/2738/1855 2729/2739/2457 4349/2737/2456
f 4349/2737/2456 2729/2739/2457 1240/2740/2458 2795/2741/2459
f 1883/2652/2373 4349/2737/2456 2795/2741/2459 858/2655/2376
f 842/2657/1574 1884/2660/2380 4350/2742/2460 2214/2743/1575
f 1884/2660/2380 858/2655/2376 2795/2741/2459 4350/2742/2460
f 4350/2742/2460 2795/2741/2459 1240/2740/2458 2730/2744/2461
f 2214/2743/1575 4350/2742/2460 2730/2744/2461 1237/2745/1578
f 793/1886/1594 1885/2746/2462 4351/2747/2463 2108/1887/1595
f 1254/2748/2464 2744/2749/2465 4351/2747/2466 1885/2746/2462
f 1255/1890/1598 2108/1887/1595 4351/2747/2466 2744/2749/2465
f 849/1232/930 2789/1235/933 4352/2750/2467 2801/2751/2468
f 1259/1242/940 2749/2752/2469 4352/2750/2467 2789/1235/933
f 1260/2753/2470 2801/2751/2468 4352/2750/2467 2749/2752/2469
f 849/1232/930 2801/2751/2468 4353/2754/2471 2232/2112/1833
f 1260/2753/2470 2760/2755/2472 4353/2754/2471 2801/2751/2468
f 1272/2115/1836 2232/2112/1833 4353/2754/2471 2760/2755/2472
f 795/2120/1841 2797/2123/1844 4354/2756/2473 1895/2599/2322
f 2797/2123/1844 1262/2125/1846 2751/2757/2474 4354/2756/2473
f 4354/2756/2473 2751/2757/2474 1273/2758/2475 2778/2759/2476
f 1895/2599/2322 4354/2756/2473 2778/2759/2476 864/2602/2325
f 850/2607/2330 1896/2610/2333 4355/2760/2477 2783/2678/2398
f 1896/2610/2333 864/2602/2325 2778/2759/2476 4355/2760/2477
f 4355/2760/2477 2778/2759/2476 1273/2758/2475 2762/2761/2478
f 2783/2678/2398 4355/2760/2477 2762/2761/2478 1263/2680/2400
f 812/1420/1123 2076/1925/1636 4356/2762/2479 2011/2104/1821
f 1282/1929/1641 2771/2763/2480 4356/2762/2479 2076/1925/1636
f 1283/2106/1824 2011/2104/1823 4356/2762/2479 2771/2763/2480
f 823/1900/1608 2225/2704/2424 4357/2764/2481 2793/1901/1609
f 1034/2699/2419 2596/2765/2482 4357/2764/2481 2225/2704/2424
f 1161/2766/2483 2595/2767/2484 4357/2764/2481 2596/2765/2482
f 1274/2768/2485 2763/2769/2486 4357/2764/2481 2595/2767/2484
f 1275/1904/1612 2793/1901/1615 4357/2764/2481 2763/2769/2486
f 844/1822/1529 2082/1825/1532 4358/2770/2487 2224/2697/2417
f 2082/1825/1532 962/1830/1537 2597/2771/2488 4358/2770/2487
f 4358/2770/2487 2597/2771/2488 1161/2766/2483 2596/2765/2482
f 2224/2697/2417 4358/2770/2487 2596/2765/2482 1034/2699/2419
f 793/1886/1594 2077/2156/1881 4359/2772/2489 1885/2746/2462
f 2077/2156/1881 960/2152/1877 2796/2773/2490 4359/2772/2489
f 4359/2772/2489 2796/2773/2490 1253/2774/2491 2743/2775/2492
f 1885/2746/2462 4359/2772/2489 2743/2775/2492 1254/2748/2464
f 800/1797/1503 2015/1800/1506 4360/2776/2493 2078/2149/1874
f 926/1805/1511 2798/2777/2494 4360/2776/2493 2015/1800/1506
f 1252/2778/2495 2742/2779/2496 4360/2776/2493 2798/2777/2494
f 1253/2774/2491 2796/2773/2490 4360/2776/2493 2742/2779/2496
f 960/2152/1877 2078/2149/1874 4360/2776/2493 2796/2773/2490
f 848/2126/1847 2079/2780/2375 4361/2781/2497 2008/2133/1857
f 961/2782/2368 2599/2783/2498 4361/2781/2497 2079/2780/2375
f 1162/2784/2499 2598/2785/2500 4361/2781/2497 2599/2783/2498
f 1236/2786/2501 2724/2787/2502 4361/2781/2497 2598/2785/2500
f 1235/2135/1859 2008/2133/1857 4361/2781/2497 2724/2787/2502
f 824/2551/2274 2233/2639/2362 4362/2788/2503 2080/2789/2365
f 2233/2639/2362 1038/2641/2364 2600/2790/2504 4362/2788/2503
f 4362/2788/2503 2600/2790/2504 1162/2784/2499 2599/2783/2498
f 2080/2789/2365 4362/2788/2503 2599/2783/2498 961/2782/2368
f 824/2551/2274 2213/2791/2367 4363/2792/2505 2235/2565/2288
f 2213/2791/2367 1028/2793/2372 2601/2794/2506 4363/2792/2505
f 4363/2792/2505 2601/2794/2506 1163/2795/2507 2603/2796/2508
f 2235/2565/2288 4363/2792/2505 2603/2796/2508 1039/2567/2290
f 842/1867/1574 2083/2573/2296 4364/2797/2509 2212/2798/2378
f 2083/2573/2296 963/2577/2300 2602/2799/2510 4364/2797/2509
f 4364/2797/2509 2602/2799/2510 1163/2795/2507 2601/2794/2506
f 2212/2798/2378 4364/2797/2509 2601/2794/2506 1028/2793/2372
f 813/1758/1464 2234/2571/2294 4365/2800/2511 2084/2580/2303
f 2234/2571/2294 1039/2567/2290 2603/2796/2508 4365/2800/2511
f 4365/2800/2511 2603/2796/2508 1163/2795/2507 2602/2799/2510
f 2084/2580/2303 4365/2800/2511 2602/2799/2510 963/2577/2300
f 839/1287/988 1901/1290/991 4366/2801/2512 2087/1950/1662
f 1901/1290/991 867/1285/986 2604/2802/2513 4366/2801/2512
f 4366/2801/2512 2604/2802/2513 1164/2803/2514 2606/2804/2515
f 2087/1950/1662 4366/2801/2512 2606/2804/2515 965/1943/1655
f 796/1281/982 1925/1833/1540 4367/2805/2516 1900/1282/983
f 1925/1833/1540 881/1826/1533 2605/2806/2517 4367/2805/2516
f 4367/2805/2516 2605/2806/2517 1164/2803/2514 2604/2802/2513
f 1900/1282/983 4367/2805/2516 2604/2802/2513 867/1285/986
f 844/1822/1529 2086/1938/1650 4368/2807/2518 1926/1823/1530
f 2086/1938/1650 965/1943/1655 2606/2804/2515 4368/2807/2518
f 4368/2807/2518 2606/2804/2515 1164/2803/2514 2605/2806/2517
f 1926/1823/1530 4368/2807/2518 2605/2806/2517 881/1826/1533
f 838/1272/973 2115/2534/2257 4369/2808/2519 2192/1273/974
f 2115/2534/2257 979/2531/2254 2607/2809/2520 4369/2808/2519
f 4369/2808/2519 2607/2809/2520 1165/2810/2521 2609/2811/2522
f 2192/1273/974 4369/2808/2519 2609/2811/2522 1018/1276/977
f 795/2120/1841 1923/2601/2324 4370/2812/2523 2116/2528/2251
f 1923/2601/2324 880/2606/2329 2608/2813/2524 4370/2812/2523
f 4370/2812/2523 2608/2813/2524 1165/2810/2521 2607/2809/2520
f 2116/2528/2251 4370/2812/2523 2607/2809/2520 979/2531/2254
f 796/1281/982 2193/1284/985 4371/2814/2525 1924/2613/2336
f 2193/1284/985 1018/1276/977 2609/2811/2522 4371/2814/2525
f 4371/2814/2525 2609/2811/2522 1165/2810/2521 2608/2813/2524
f 1924/2613/2336 4371/2814/2525 2608/2813/2524 880/2606/2329
f 841/2163/1888 2201/2560/2283 4372/2815/2526 2185/2459/2182
f 2201/2560/2283 1022/2564/2287 2610/2816/2527 4372/2815/2526
f 4372/2815/2526 2610/2816/2527 1166/2817/2528 2612/2818/2529
f 2185/2459/2182 4372/2815/2526 2612/2818/2529 1014/2446/2168
f 813/1758/1464 2018/2504/2227 4373/2819/2530 2200/2569/2292
f 2018/2504/2227 928/2501/2224 2611/2820/2531 4373/2819/2530
f 4373/2819/2530 2611/2820/2531 1166/2817/2528 2610/2816/2527
f 2200/2569/2292 4373/2819/2530 2610/2816/2527 1022/2564/2287
f 826/2208/1933 2184/2442/2164 4374/2821/2532 2019/2499/2222
f 2184/2442/2164 1014/2446/2168 2612/2818/2529 4374/2821/2532
f 4374/2821/2532 2612/2818/2529 1166/2817/2528 2611/2820/2531
f 2019/2499/2222 4374/2821/2532 2611/2820/2531 928/2501/2224
f 839/1287/988 2020/2536/2259 4375/2822/2533 2120/1725/1431
f 2020/2536/2259 929/2540/2263 2613/2823/2534 4375/2822/2533
f 4375/2822/2533 2613/2823/2534 1167/2824/2535 2615/2825/2536
f 2120/1725/1431 4375/2822/2533 2615/2825/2536 981/1728/1434
f 814/1260/961 2179/1743/1449 4376/2826/2537 2021/2543/2266
f 2179/1743/1449 1011/1736/1442 2614/2827/2538 4376/2826/2537
f 4376/2826/2537 2614/2827/2538 1167/2824/2535 2613/2823/2534
f 2021/2543/2266 4376/2826/2537 2613/2823/2534 929/2540/2263
f 836/1615/1317 2119/1732/1438 4377/2828/2539 2178/1733/1439
f 2119/1732/1438 981/1728/1434 2615/2825/2536 4377/2828/2539
f 4377/2828/2539 2615/2825/2536 1167/2824/2535 2614/2827/2538
f 2178/1733/1439 4377/2828/2539 2614/2827/2538 1011/1736/1442
f 816/1302/1003 2092/1988/1700 4378/2829/2540 2125/1303/1004
f 2092/1988/1700 968/1985/1697 2616/2830/2541 4378/2829/2540
f 4378/2829/2540 2616/2830/2541 1168/2831/2542 2618/2832/2543
f 2125/1303/1004 4378/2829/2540 2618/2832/2543 983/1306/1007
f 837/1547/1249 1950/1550/1252 4379/2833/2544 2093/1983/1695
f 1950/1550/1252 892/1555/1257 2617/2834/2545 4379/2833/2544
f 4379/2833/2544 2617/2834/2545 1168/2831/2542 2616/2830/2541
f 2093/1983/1695 4379/2833/2544 2616/2830/2541 968/1985/1697
f 827/1310/1011 2124/1313/1014 4380/2835/2546 1949/1562/1264
f 2124/1313/1014 983/1306/1007 2618/2832/2543 4380/2835/2546
f 4380/2835/2546 2618/2832/2543 1168/2831/2542 2617/2834/2545
f 1949/1562/1264 4380/2835/2546 2617/2834/2545 892/1555/1257
f 799/1556/1258 2165/2233/1958 4381/2836/2547 2131/2260/1985
f 2165/2233/1958 1004/2238/1963 2620/2837/2548 4381/2836/2547
f 4381/2836/2547 2620/2837/2548 1169/2838/2549 2619/2839/2550
f 2131/2260/1985 4381/2836/2547 2619/2839/2550 986/2262/1987
f 808/1467/1169 2238/1470/1172 4382/2840/2551 2164/2242/1967
f 2238/1470/1172 1041/1475/1177 2621/2841/2552 4382/2840/2551
f 4382/2840/2551 2621/2841/2552 1169/2838/2549 2620/2837/2548
f 2164/2242/1967 4382/2840/2551 2620/2837/2548 1004/2238/1963
f 804/1198/892 2163/2408/2130 4383/2842/2553 2240/1505/1204
f 2163/2408/2130 1003/2412/2134 2622/2843/2554 4383/2842/2553
f 4383/2842/2553 2622/2843/2554 1170/2844/2555 2624/2845/2556
f 2240/1505/1204 4383/2842/2553 2624/2845/2556 1042/1507/1206
f 827/1310/1011 2096/2254/1979 4384/2846/2557 2162/2415/2137
f 2096/2254/1979 970/2247/1972 2623/2847/2558 4384/2846/2557
f 4384/2846/2557 2623/2847/2558 1170/2844/2555 2622/2843/2554
f 2162/2415/2137 4384/2846/2557 2622/2843/2554 1003/2412/2134
f 831/1365/1067 2239/1510/1209 4385/2848/2559 2097/2244/1969
f 2239/1510/1209 1042/1507/1206 2624/2845/2556 4385/2848/2559
f 4385/2848/2559 2624/2845/2556 1170/2844/2555 2623/2847/2558
f 2097/2244/1969 4385/2848/2559 2623/2847/2558 970/2247/1972
f 809/1597/1299 2130/2418/2140 4386/2849/2560 2242/2289/2020
f 985/2422/2144 2625/2850/2561 4386/2849/2560 2130/2418/2140
f 1171/2851/2562 2627/2852/2563 4386/2849/2560 2625/2850/2561
f 1208/2853/2564 2665/2854/2565 4386/2849/2560 2627/2852/2563
f 1207/2292/2023 2242/2289/2020 4386/2849/2560 2665/2854/2565
f 833/1180/874 2244/1183/877 4387/2855/2566 2129/2425/2147
f 2244/1183/877 1044/1188/882 2626/2856/2567 4387/2855/2566
f 4387/2855/2566 2626/2856/2567 1171/2851/2562 2625/2850/2561
f 2129/2425/2147 4387/2855/2566 2625/2850/2561 985/2422/2144
f 856/1493/1192 2099/2395/2115 4388/2857/2568 2246/2858/2569
f 2099/2395/2115 972/2392/2112 2628/2859/2570 4388/2857/2568
f 4388/2857/2568 2628/2859/2570 1172/2860/2571 2630/2861/2572
f 2246/2858/2569 4388/2857/2568 2630/2861/2572 1045/2862/2573
f 820/1579/1281 1881/1585/1287 4389/2863/2574 2100/2390/2110
f 1881/1585/1287 857/1590/1292 2629/2864/2575 4389/2863/2574
f 4389/2863/2574 2629/2864/2575 1172/2860/2571 2628/2859/2570
f 2100/2390/2110 4389/2863/2574 2628/2859/2570 972/2392/2112
f 809/1597/1299 2245/2865/2576 4390/2866/2577 1882/1598/1300
f 2245/2865/2576 1045/2862/2573 2630/2861/2572 4390/2866/2577
f 4390/2866/2577 2630/2861/2572 1172/2860/2571 2629/2864/2575
f 1882/1598/1300 4390/2866/2577 2629/2864/2575 857/1590/1292
f 856/1493/1192 2246/2858/2569 4391/2867/2578 2687/2285/2013
f 2246/2858/2569 1045/2862/2573 2717/2868/2579 4391/2867/2578
f 4391/2867/2580 2717/2868/2581 1205/2869/2582 2662/2870/2583
f 2687/2285/2018 4391/2867/2580 2662/2870/2583 1204/2287/2015
f 809/1597/1299 2696/2291/2022 4392/2871/2584 2245/2865/2576
f 2696/2291/2022 1206/2294/2025 2663/2872/2585 4392/2871/2584
f 4392/2871/2584 2663/2872/2585 1205/2869/2582 2717/2868/2581
f 2245/2865/2576 4392/2871/2584 2717/2868/2579 1045/2862/2573
f 855/1217/911 2103/1220/914 4393/2873/2586 2700/2038/1753
f 1198/1224/918 2654/2874/2587 4393/2873/2587 2103/1220/919
f 1197/2041/1757 2700/2038/1756 4393/2873/2588 2654/2874/2588
f 797/1476/1137 2690/2032/1744 4394/2875/2589 2708/2876/1138
f 1195/2037/1752 2652/2877/2590 4394/2875/2591 2690/2032/1751
f 1196/2878/1141 2708/2876/1143 4394/2875/2591 2652/2877/2590
f 828/1225/920 2777/1228/923 4395/2879/2592 2038/1404/1106
f 1286/1231/928 2776/2880/2593 4395/2879/2594 2777/1228/929
f 1335/2881/2595 2859/2882/2596 4395/2879/2594 2776/2880/2593
f 1336/2883/2597 2872/2884/2598 4395/2879/2594 2859/2882/2596
f 940/1407/1109 2038/1404/1106 4395/2879/2592 2872/2884/2599
f 1177/2885/2600 2634/2886/2601 4396/2887/2602 2710/2888/2600
f 1176/2889/2603 2139/2890/2604 4396/2887/2602 2634/2886/2601
f 991/2318/1102 2470/2317/2044 4396/2887/2602 2139/2890/2604
f 1119/2316/2043 2469/2891/2046 4396/2887/2602 2470/2317/2044
f 900/2892/1152 2710/2888/2605 4396/2887/2602 2469/2891/2046
f 1219/2893/2606 2676/2894/2607 4397/2895/2608 2701/2896/2609
f 2676/2894/2607 1218/2897/2610 2479/2898/2611 4397/2895/2608
f 4397/2895/2608 2479/2898/2611 1122/2355/2075 2478/2354/2074
f 2701/2896/2609 4397/2895/2608 2478/2354/2074 1043/2019/1731
f 1225/2899/2612 2682/2900/2613 4398/2901/2614 2698/2902/2615
f 1224/2903/2616 2145/2904/2617 4398/2901/2614 2682/2900/2613
f 994/1351/1052 2482/2360/2080 4398/2901/2614 2145/2904/2617
f 1123/2359/2079 2481/2362/2082 4398/2901/2614 2482/2360/2080
f 987/2060/1777 2698/2902/2615 4398/2901/2614 2481/2362/2082
f 1209/2905/2618 2666/2906/2619 4399/2907/2620 2243/2908/2621
f 2666/2906/2619 1208/2853/2564 2627/2852/2563 4399/2907/2620
f 4399/2907/2620 2627/2852/2563 1171/2851/2562 2626/2856/2567
f 2243/2908/2621 4399/2907/2620 2626/2856/2567 1044/1188/882
f 1184/2337/2056 2640/2909/2622 4400/2910/2623 2711/2338/2057
f 1183/2911/2624 2699/2912/2625 4400/2910/2623 2640/2909/2622
f 876/1465/1167 2711/2338/2058 4400/2910/2626 2699/2912/2627
f 1182/2913/2628 2639/2914/2629 4401/2915/2630 2688/2916/2631
f 1181/2047/1763 2703/2046/1762 4401/2915/2630 2639/2914/2629
f 898/2045/1163 2688/2916/2632 4401/2915/2633 2703/2046/1761
f 1183/2917/2624 2641/2918/2634 4402/2919/2635 2699/2920/2625
f 1182/2913/2628 2688/2916/2631 4402/2919/2635 2641/2918/2634
f 898/2045/1163 2298/2921/1162 4402/2919/2636 2688/2916/2632
f 1062/2922/1161 2297/2923/1168 4402/2919/2636 2298/2921/1162
f 876/2924/1167 2699/2920/2627 4402/2919/2636 2297/2923/1168
f 1221/2925/2637 2678/2926/2638 4403/2927/2639 2693/2928/2640
f 2678/2926/2638 1220/2929/2641 2406/2930/2642 4403/2927/2639
f 4403/2927/2639 2406/2930/2642 1098/2017/1729 2405/2016/1728
f 2693/2928/2640 4403/2927/2639 2405/2016/1728 971/2011/1723
f 1200/2931/2643 2657/2932/2644 4404/2933/2645 2707/2934/2646
f 2657/2932/2644 1199/1222/916 2255/1221/915 4404/2933/2645
f 4404/2933/2645 2255/1221/915 1048/1214/908 2254/1213/907
f 2707/2934/2646 4404/2933/2645 2254/1213/907 935/1212/906
f 1178/2935/2647 2635/2936/2648 4405/2937/2649 2712/2938/2650
f 1177/2939/2651 2710/2940/2605 4405/2937/2649 2635/2936/2648
f 900/1448/1152 2295/1447/1151 4405/2937/2649 2710/2940/2605
f 1061/1446/1150 2294/1451/1155 4405/2937/2649 2295/1447/1151
f 901/1373/1075 2712/2938/2650 4405/2937/2649 2294/1451/1155
f 1226/2941/2652 2683/2942/2653 4406/2943/2654 2412/2944/2655
f 2683/2942/2653 1225/2899/2612 2698/2902/2615 4406/2943/2654
f 4406/2943/2654 2698/2902/2615 987/2060/1777 2410/2059/1776
f 2412/2944/2656 4406/2943/2654 2410/2059/1776 1100/2058/1775
f 1224/2903/2616 2681/2945/2657 4407/2946/2658 2145/2904/2617
f 2681/2945/2657 1223/2947/2659 2276/2948/2660 4407/2946/2658
f 4407/2946/2658 2276/2948/2661 1055/1353/1054 2275/1352/1053
f 2145/2904/2617 4407/2946/2658 2275/1352/1053 994/1351/1052
f 1229/2949/2662 2686/2950/2663 4408/2951/2663 2866/2952/2664
f 1228/2953/2665 2135/2954/2666 4408/2951/2667 2686/2950/2668
f 989/2275/2000 2868/2280/2007 4408/2951/2667 2135/2954/2666
f 1314/2279/2005 2839/2955/2669 4408/2951/2670 2868/2280/2006
f 1313/2956/2671 2866/2952/2672 4408/2951/2670 2839/2955/2669
f 1191/2957/2673 2647/2958/2674 4409/2959/2675 2694/2960/2676
f 1190/2961/2677 2695/2962/2678 4409/2959/2675 2647/2958/2674
f 986/2262/1987 2619/2839/2550 4409/2959/2675 2695/2962/2678
f 1169/2838/2549 2621/2841/2552 4409/2959/2675 2619/2839/2550
f 1041/1475/1177 2694/2960/2676 4409/2959/2675 2621/2841/2552
f 1179/1380/1082 2636/2963/2679 4410/2964/2680 2280/1381/1083
f 2636/2963/2679 1178/2935/2647 2712/2938/2650 4410/2964/2680
f 4410/2964/2680 2712/2938/2650 901/1373/1075 2278/1372/1074
f 2280/1381/1083 4410/2964/2680 2278/1372/1074 1056/1371/1073
f 1189/2965/2681 2645/2966/2682 4411/2967/2683 2716/2968/2684
f 1187/2969/2685 2705/2970/2686 4411/2967/2683 2645/2966/2682
f 934/1360/1061 2413/2066/1783 4411/2967/2683 2705/2970/2686
f 1101/2065/1782 2415/2071/1788 4411/2967/2683 2413/2066/1783
f 902/2070/1787 2716/2968/2684 4411/2967/2683 2415/2071/1788
f 1216/2351/2071 2672/2971/2687 4412/2972/2688 2718/2352/2072
f 1215/2973/2689 2691/2974/2690 4412/2972/2688 2672/2971/2687
f 903/2345/2065 2718/2352/2072 4412/2972/2688 2691/2974/2690
f 1227/2975/2691 2684/2976/2692 4413/2977/2693 2714/2978/2694
f 2684/2976/2692 1226/2941/2652 2412/2944/2655 4413/2977/2693
f 4413/2977/2695 2412/2944/2656 1100/2058/1775 2411/2057/1774
f 2714/2978/2694 4413/2977/2695 2411/2057/1774 896/2056/1773
f 1193/1482/1181 2650/2979/2696 4414/2980/2697 2300/1483/1182
f 2650/2979/2696 1191/2957/2673 2694/2960/2676 4414/2980/2697
f 4414/2980/2697 2694/2960/2676 1041/1475/1177 2301/1474/1176
f 2300/1483/1182 4414/2980/2697 2301/1474/1176 1063/1473/1175
f 1203/1499/1198 2660/2981/2698 4415/2982/2699 2303/1500/1199
f 2660/2981/2698 1201/2983/2700 1953/2984/2701 4415/2982/2699
f 4415/2982/2699 1953/2984/2701 894/1492/1191 2304/1491/1190
f 2303/1500/1199 4415/2982/2699 2304/1491/1190 1064/1490/1189
f 1187/2969/2685 2644/2985/2702 4416/2986/2703 2705/2970/2686
f 1186/1362/1064 2709/1361/1063 4416/2986/2703 2644/2985/2702
f 934/1360/1061 2705/2970/2686 4416/2986/2703 2709/1361/1062
f 1176/2987/2603 2633/2988/2704 4417/2989/2704 2139/2990/2604
f 1175/2991/2705 2138/2992/2706 4417/2989/2707 2633/2988/2708
f 990/2993/2709 2286/2994/2710 4417/2989/2707 2138/2992/2706
f 1058/1402/1104 2285/1401/1103 4417/2989/2707 2286/2994/2710
f 991/1400/1102 2139/2990/2604 4417/2989/2707 2285/1401/1103
f 1201/2983/2700 2658/2995/2711 4418/2996/2712 1953/2984/2701
f 1200/2931/2643 2707/2934/2646 4418/2996/2712 2658/2995/2711
f 935/1212/906 2489/2383/2103 4418/2996/2712 2707/2934/2646
f 1126/2382/2102 2491/2385/2105 4418/2996/2712 2489/2383/2103
f 894/1492/1191 1953/2984/2701 4418/2996/2712 2491/2385/2105
f 1213/2997/2713 2669/2998/2714 4419/2999/2715 2692/3000/2716
f 1212/3001/2717 2713/3002/2718 4419/2999/2715 2669/2998/2714
f 942/1533/1232 2313/1532/1231 4419/2999/2715 2713/3002/2718
f 1067/1531/1230 2312/1536/1235 4419/2999/2715 2313/1532/1231
f 939/1341/1042 2692/3000/2716 4419/2999/2715 2312/1536/1235
f 1214/3003/2719 2670/3004/2720 4420/3005/2721 2702/3006/2722
f 2670/3004/2720 1210/3007/2723 2249/3008/2724 4420/3005/2721
f 4420/3005/2721 2249/3008/2725 1046/1186/880 2248/1185/879
f 2702/3006/2722 4420/3005/2721 2248/1185/879 1001/1184/878
f 1210/3007/2723 2667/3009/2726 4421/3010/2727 2249/3008/2724
f 2667/3009/2726 1209/2905/2618 2243/2908/2621 4421/3010/2727
f 4421/3010/2728 2243/2908/2621 1044/1188/882 2250/1187/881
f 2249/3008/2725 4421/3010/2728 2250/1187/881 1046/1186/880
f 1223/2947/2659 2680/3011/2729 4422/3012/2730 2276/2948/2660
f 2680/3011/2729 1222/3013/2731 2689/3014/2732 4422/3012/2730
f 4422/3012/2730 2689/3014/2732 862/1355/1056 2277/1354/1055
f 2276/2948/2661 4422/3012/2730 2277/1354/1055 1055/1353/1054
f 1215/2973/2689 2671/3015/2733 4423/3016/2734 2691/2974/2690
f 1214/3003/2719 2702/3006/2722 4423/3016/2734 2671/3015/2733
f 1001/1184/878 2474/2342/2062 4423/3016/2734 2702/3006/2722
f 1121/2341/2061 2476/2346/2066 4423/3016/2734 2474/2342/2062
f 903/2345/2065 2691/2974/2690 4423/3016/2734 2476/2346/2066
f 1217/3017/2735 2674/3018/2736 4424/3019/2737 2704/3020/2738
f 1213/2997/2713 2692/3000/2716 4424/3019/2737 2674/3018/2736
f 939/1341/1042 2274/1340/1041 4424/3019/2737 2692/3000/2716
f 1054/1339/1040 2273/1347/1048 4424/3019/2737 2274/1340/1041
f 1002/1346/1047 2704/3020/2738 4424/3019/2737 2273/1347/1048
f 1228/2953/2665 2685/3021/2739 4425/3022/2740 2135/2954/2666
f 1227/2975/2691 2714/2978/2694 4425/3022/2740 2685/3021/2739
f 896/2056/1773 2460/2271/1996 4425/3022/2740 2714/2978/2694
f 1116/2270/1995 2459/2276/2001 4425/3022/2740 2460/2271/1996
f 989/2275/2000 2135/2954/2666 4425/3022/2740 2459/2276/2001
f 1190/2961/2677 2646/3023/2741 4426/3024/2742 2695/2962/2678
f 2646/3023/2741 1188/3025/2743 2457/3026/2744 4426/3024/2742
f 4426/3024/2742 2457/3026/2744 1115/2264/1989 2456/2263/1988
f 2695/2962/2678 4426/3024/2742 2456/2263/1988 986/2262/1987
f 1220/2929/2641 2677/3027/2745 4427/3028/2746 2406/2930/2642
f 2677/3027/2745 1219/2893/2606 2701/2896/2609 4427/3028/2746
f 4427/3028/2746 2701/2896/2609 1043/2019/1731 2404/2018/1730
f 2406/2930/2642 4427/3028/2746 2404/2018/1730 1098/2017/1729
f 1212/3001/2717 2668/3029/2747 4428/3030/2748 2713/3002/2718
f 1211/2349/2069 2719/2348/2068 4428/3030/2748 2668/3029/2747
f 942/1533/1232 2713/3002/2718 4428/3030/2748 2719/2348/2068
f 1188/3025/2743 2648/3031/2749 4429/3032/2750 2457/3026/2744
f 2648/3031/2749 1189/2965/2681 2716/2968/2684 4429/3032/2750
f 4429/3032/2750 2716/2968/2684 902/2070/1787 2455/2265/1990
f 2457/3026/2744 4429/3032/2750 2455/2265/1990 1115/2264/1989
f 1175/2991/2705 2632/3033/2751 4430/3034/2752 2138/2992/2706
f 2632/3033/2751 1173/3035/2753 2463/3036/2754 4430/3034/2752
f 4430/3034/2752 2463/3036/2754 1117/3037/2755 2462/3038/2756
f 2138/2992/2706 4430/3034/2752 2462/3038/2756 990/2993/2709
f 1218/2897/2610 2675/3039/2757 4431/3040/2758 2479/2898/2611
f 2675/3039/2757 1217/3017/2735 2704/3020/2738 4431/3040/2758
f 4431/3040/2758 2704/3020/2738 1002/1346/1047 2477/2356/2076
f 2479/2898/2611 4431/3040/2758 2477/2356/2076 1122/2355/2075
f 1222/3013/2731 2679/3041/2759 4432/3042/2760 2689/3014/2732
f 1221/2925/2637 2693/2928/2640 4432/3042/2760 2679/3041/2759
f 971/2011/1723 2403/2010/1722 4432/3042/2760 2693/2928/2640
f 1097/2009/1721 2402/2013/1725 4432/3042/2760 2403/2010/1722
f 862/1355/1056 2689/3014/2732 4432/3042/2760 2402/2013/1725
f 1232/1912/1623 2722/3043/2761 4433/3044/2762 2782/1913/1624
f 1234/3045/2763 2779/3046/2764 4433/3044/2762 2722/3043/2761
f 954/1914/1625 2782/1913/1624 4433/3044/2765 2779/3046/2764
f 1280/3047/2766 2770/3048/2767 4434/3049/2768 2072/3050/2769
f 2770/3048/2767 1281/1927/1638 2381/1926/1640 4434/3049/2768
f 4434/3049/2770 2381/1926/1637 1090/1920/1631 2380/1919/1630
f 2072/3050/2771 4434/3049/2770 2380/1919/1630 958/1918/1629
f 1234/3045/2763 2723/3051/2772 4435/3052/2773 2779/3046/2764
f 1233/3053/2774 2804/3054/2775 4435/3052/2773 2723/3051/2772
f 1038/2641/2364 2566/2640/2363 4435/3052/2773 2804/3054/2775
f 1151/2636/2359 2565/2635/2358 4435/3052/2773 2566/2640/2363
f 954/1914/1625 2779/3046/2764 4435/3052/2773 2565/2635/2358
f 1279/2727/2447 2769/3055/2776 4436/3056/2777 2788/2728/2448
f 1280/3047/2766 2072/3050/2769 4436/3056/2777 2769/3055/2776
f 958/1918/1629 2788/2728/2448 4436/3056/2778 2072/3050/2771
f 1264/2682/2402 2754/3057/2779 4437/3058/2780 2578/2683/2403
f 2754/3057/2779 1265/3059/2781 2220/3060/2782 4437/3058/2780
f 4437/3058/2780 2220/3060/2782 1032/2670/2390 2579/2677/2397
f 2578/2683/2403 4437/3058/2780 2579/2677/2397 1155/2676/2396
f 1267/3061/2783 2756/3062/2784 4438/3063/2785 2785/3064/2786
f 1268/3065/2787 2081/3066/2788 4438/3063/2785 2756/3062/2784
f 962/1830/1537 2365/1829/1536 4438/3063/2785 2081/3066/2788
f 1085/1828/1535 2367/1835/1542 4438/3063/2785 2365/1829/1536
f 861/1834/1541 2785/3064/2786 4438/3063/2785 2367/1835/1542
f 1233/3053/2774 2725/3067/2789 4439/3068/2790 2804/3054/2775
f 2725/3067/2789 1236/2786/2501 2598/2785/2500 4439/3068/2790
f 4439/3068/2790 2598/2785/2500 1162/2784/2499 2600/2790/2504
f 2804/3054/2775 4439/3068/2790 2600/2790/2504 1038/2641/2364
f 1244/3069/2791 2736/3070/2792 4440/3071/2793 2002/3072/2794
f 1249/3073/2795 2800/3074/2796 4440/3071/2793 2736/3070/2792
f 1029/3075/2797 2423/3076/2798 4440/3071/2793 2800/3074/2796
f 1104/2139/1864 2422/2138/1863 4440/3071/2793 2423/3076/2798
f 921/2103/1820 2002/3072/2794 4440/3071/2793 2422/2138/1863
f 1248/3077/2799 2741/3078/2800 4441/3079/2801 2014/3080/2802
f 1252/2778/2495 2798/2777/2494 4441/3079/2801 2741/3078/2800
f 926/1805/1511 2014/3080/2802 4441/3079/2801 2798/2777/2494
f 1265/3059/2781 2753/3081/2803 4442/3082/2804 2220/3060/2782
f 2753/3081/2803 1266/3083/2805 2575/3084/2806 4442/3082/2804
f 4442/3082/2804 2575/3084/2806 1154/2672/2392 2574/2671/2391
f 2220/3060/2782 4442/3082/2804 2574/2671/2391 1032/2670/2390
f 1250/3085/2807 2739/3086/2808 4443/3087/2808 2802/3088/2809
f 1251/3089/2810 2215/3090/2811 4443/3087/2812 2739/3086/2813
f 1029/3075/2797 2802/3088/2814 4443/3087/2812 2215/3090/2811
f 1269/3091/2815 2758/3092/2816 4444/3093/2817 2222/3094/2818
f 1270/3095/2819 2070/3096/2820 4444/3093/2817 2758/3092/2816
f 957/2714/2434 2587/2713/2433 4444/3093/2817 2070/3096/2820
f 1158/2709/2429 2586/2708/2428 4444/3093/2817 2587/2713/2433
f 1033/2691/2411 2222/3094/2818 4444/3093/2817 2586/2708/2428
f 1266/3083/2805 2755/3097/2821 4445/3098/2822 2575/3084/2806
f 2755/3097/2821 1267/3061/2783 2785/3064/2786 4445/3098/2822
f 4445/3098/2822 2785/3064/2786 861/1834/1541 2576/2673/2393
f 2575/3084/2806 4445/3098/2822 2576/2673/2393 1154/2672/2392
f 1249/3073/2795 2738/3099/2823 4446/3100/2824 2800/3074/2796
f 1250/3085/2807 2802/3088/2809 4446/3100/2825 2738/3099/2825
f 1029/3075/2797 2800/3074/2796 4446/3100/2824 2802/3088/2814
f 1257/3101/2826 2747/3102/2827 4447/3103/2828 2004/3104/2829
f 2747/3102/2827 1258/1240/938 2257/1239/937 4447/3103/2828
f 4447/3103/2828 2257/1239/937 1049/1238/936 2259/1248/946
f 2004/3104/2829 4447/3103/2828 2259/1248/946 922/1247/945
f 1271/3105/2830 2767/3106/2831 4448/3107/2832 2012/3108/2833
f 1278/2725/2445 2786/2724/2444 4448/3107/2832 2767/3106/2831
f 925/2722/2442 2012/3108/2833 4448/3107/2832 2786/2724/2444
f 1247/3109/2834 2737/3110/2835 4449/3111/2836 2805/3112/2837
f 1248/3077/2799 2014/3080/2802 4449/3111/2836 2737/3110/2838
f 926/1805/1511 2362/1804/1510 4449/3111/2836 2014/3080/2802
f 1084/1803/1509 2364/1810/1516 4449/3111/2836 2362/1804/1510
f 868/1809/1515 2805/3112/2837 4449/3111/2836 2364/1810/1516
f 1256/1892/1600 2746/3113/2839 4450/3114/2840 2377/1893/1601
f 2746/3113/2839 1257/3101/2826 2004/3104/2829 4450/3114/2840
f 4450/3114/2840 2004/3104/2829 922/1247/945 2378/1899/1607
f 2377/1893/1601 4450/3114/2840 2378/1899/1607 1089/1894/1602
f 1277/2695/2415 2766/3115/2841 4451/3116/2842 2581/2696/2416
f 2766/3115/2841 1269/3091/2815 2222/3094/2818 4451/3116/2842
f 4451/3116/2842 2222/3094/2818 1033/2691/2411 2582/2690/2410
f 2581/2696/2416 4451/3116/2842 2582/2690/2410 1156/2689/2409
f 1245/3117/2843 2733/3118/2844 4452/3119/2845 2794/3120/2846
f 1244/3069/2791 2002/3072/2794 4452/3119/2845 2733/3118/2844
f 921/2103/1820 2420/2102/1819 4452/3119/2845 2002/3072/2794
f 1103/2096/1813 2419/2095/1812 4452/3119/2845 2420/2102/1819
f 920/1935/1647 2794/3120/2846 4452/3119/2845 2419/2095/1812
f 1251/3089/2810 2740/3121/2847 4453/3122/2848 2215/3090/2811
f 1247/3109/2834 2805/3112/2837 4453/3122/2848 2740/3121/2847
f 868/1809/1515 2424/2140/1865 4453/3122/2848 2805/3112/2837
f 1104/2139/1864 2423/3076/2798 4453/3122/2848 2424/2140/1865
f 1029/3075/2797 2215/3090/2811 4453/3122/2848 2423/3076/2798
f 1246/1933/1645 2735/3123/2849 4454/3124/2850 2787/1934/1646
f 1245/3117/2843 2794/3120/2846 4454/3124/2850 2735/3123/2849
f 920/1935/1647 2787/1934/1646 4454/3124/2850 2794/3120/2846
f 1270/3095/2819 2759/3125/2851 4455/3126/2852 2070/3096/2820
f 1271/3105/2830 2012/3108/2833 4455/3126/2852 2759/3125/2851
f 925/2722/2442 2590/2721/2441 4455/3126/2852 2012/3108/2833
f 1159/2717/2437 2589/2716/2436 4455/3126/2852 2590/2721/2441
f 957/2714/2434 2070/3096/2820 4455/3126/2852 2589/2716/2436
f 1268/3065/2787 2757/3127/2853 4456/3128/2854 2081/3066/2788
f 2757/3127/2853 1274/2768/2485 2595/2767/2484 4456/3128/2854
f 4456/3128/2854 2595/2767/2484 1161/2766/2483 2597/2771/2488
f 2081/3066/2788 4456/3128/2854 2597/2771/2488 962/1830/1537
f 1241/3129/1580 2734/3130/2855 4457/3131/2856 2374/3132/1581
f 1242/3133/1591 2375/3134/1590 4457/3131/2856 2734/3130/2855
f 1088/3135/1582 2374/3132/1584 4457/3131/2856 2375/3134/1590
f 1304/3136/2857 2819/3137/2858 4458/3138/2859 2835/3139/2860
f 1305/1817/1523 2832/1816/1525 4458/3138/2859 2819/3137/2858
f 964/1815/1521 2835/3139/2861 4458/3138/2862 2832/1816/1522
f 1308/1688/1394 2826/3140/2863 4459/3141/2864 2340/1689/1395
f 2826/3140/2863 1309/3142/2865 1945/3143/2866 4459/3141/2864
f 4459/3141/2864 1945/3143/2866 890/1682/1388 2338/1681/1387
f 2340/1689/1395 4459/3141/2864 2338/1681/1387 1076/1680/1386
f 1289/3144/2867 2808/3145/2868 4460/3146/2869 2836/3147/2870
f 1290/3148/2871 1961/3149/2872 4460/3146/2873 2808/3145/2873
f 899/1396/1098 2284/1403/1105 4460/3146/2869 1961/3149/2874
f 1058/1402/1104 2286/2994/2710 4460/3146/2869 2284/1403/1105
f 990/2993/2709 2836/3147/2870 4460/3146/2869 2286/2994/2710
f 1287/3150/2875 2806/3151/2876 4461/3152/2877 2837/3153/2878
f 1288/3154/2879 2461/3155/2879 4461/3152/2879 2806/3151/2879
f 1117/3156/2755 2463/3157/2754 4461/3152/2880 2461/3155/2881
f 1173/3158/2882 2631/3159/2882 4461/3152/2882 2463/3157/2882
f 1174/3160/2883 2837/3153/2878 4461/3152/2877 2631/3159/2884
f 1309/3142/2865 2827/3161/2885 4462/3162/2886 1945/3143/2866
f 1301/2449/2171 1903/2447/2169 4462/3162/2886 2827/3161/2885
f 869/2213/1938 2441/2212/1937 4462/3162/2886 1903/2447/2169
f 1110/2205/1930 2440/2204/1929 4462/3162/2886 2441/2212/1937
f 890/1682/1388 1945/3143/2866 4462/3162/2886 2440/2204/1929
f 1288/3163/2887 2807/3164/2888 4463/3165/2889 2461/3166/2881
f 2807/3164/2888 1289/3144/2867 2836/3147/2870 4463/3165/2889
f 4463/3165/2889 2836/3147/2870 990/2993/2709 2462/3038/2756
f 2461/3166/2881 4463/3165/2889 2462/3038/2756 1117/3037/2755
f 1290/3148/2871 2809/3167/2890 4464/3168/2891 1961/3149/2872
f 2809/3167/2890 1291/1389/1091 2281/1388/1090 4464/3168/2891
f 4464/3168/2891 2281/1388/1090 1057/1387/1089 2283/1397/1099
f 1961/3149/2874 4464/3168/2891 2283/1397/1099 899/1396/1098
f 1303/2456/2178 2818/3169/2892 4465/3170/2893 1937/2457/2179
f 1304/3136/2857 2835/3139/2860 4465/3170/2893 2818/3169/2892
f 964/1815/1521 2428/2162/1887 4465/3170/2894 2835/3139/2861
f 1106/2161/1886 2430/2168/1893 4465/3170/2894 2428/2162/1887
f 886/2167/1892 1937/2457/2180 4465/3170/2894 2430/2168/1893
f 1313/2956/2671 2838/3171/2895 4466/3172/2896 2866/2952/2672
f 1312/3173/2897 2864/3174/2897 4466/3172/2896 2838/3171/2895
f 1229/2949/2662 2866/2952/2664 4466/3172/2898 2864/3174/2898
f 1329/2625/2348 2854/3175/2899 4467/3176/2900 2560/2626/2349
f 2854/3175/2899 1328/3177/2901 2106/3178/2902 4467/3176/2900
f 4467/3176/2903 2106/3178/2904 975/1253/951 2561/2621/2344
f 2560/2626/2349 4467/3176/2903 2561/2621/2344 1149/2620/2343
f 1324/3179/2905 2849/3180/2906 4468/3181/2907 2180/3182/2908
f 1323/2090/1807 2867/2089/1806 4468/3181/2907 2849/3180/2906
f 1012/2088/1805 2180/3182/2908 4468/3181/2909 2867/2089/1806
f 1317/3183/2910 2842/3184/2911 4469/3185/2912 2863/3186/2913
f 2842/3184/2911 1316/1655/1357 2333/1654/1356 4469/3185/2912
f 4469/3185/2912 2333/1654/1356 1074/1647/1349 2332/1646/1348
f 2863/3186/2913 4469/3185/2912 2332/1646/1348 873/1645/1347
f 1327/1257/957 2852/3187/2914 4470/3188/2915 2871/1258/958
f 1326/3189/2916 2033/3190/2917 4470/3188/2915 2852/3187/2914
f 937/1259/959 2871/1258/960 4470/3188/2915 2033/3190/2917
f 1325/3191/2918 2850/3192/2919 4471/3193/2920 1898/3194/2921
f 1324/3179/2905 2180/3182/2908 4471/3193/2920 2850/3192/2919
f 1012/2088/1805 2522/2482/2205 4471/3193/2920 2180/3182/2908
f 1136/2481/2204 2521/2484/2207 4471/3193/2920 2522/2482/2205
f 866/1268/969 1898/3194/2921 4471/3193/2920 2521/2484/2207
f 1336/2883/2597 2861/3195/2922 4472/3196/2923 2872/2884/2598
f 1334/3197/2924 2865/3198/2925 4472/3196/2926 2861/3195/2922
f 940/1407/1109 2872/2884/2599 4472/3196/2927 2865/3198/2928
f 1321/2283/2010 2846/3199/2929 4473/3200/2930 2869/2284/2011
f 1320/3201/2931 2051/3202/2932 4473/3200/2930 2846/3199/2929
f 947/1998/1710 2869/2284/2012 4473/3200/2933 2051/3202/2932
f 1319/3203/2934 2844/3204/2935 4474/3205/2936 2862/3206/2937
f 2844/3204/2935 1318/3207/2938 2395/3208/2939 4474/3205/2936
f 4474/3205/2936 2395/3208/2939 1095/1993/1705 2397/1992/1704
f 2862/3206/2937 4474/3205/2936 2397/1992/1704 930/1991/1703
f 1318/3207/2938 2843/3209/2940 4475/3210/2941 2395/3208/2939
f 2843/3209/2940 1317/3183/2910 2863/3186/2913 4475/3210/2941
f 4475/3210/2941 2863/3186/2913 873/1645/1347 2396/1994/1706
f 2395/3208/2939 4475/3210/2941 2396/1994/1706 1095/1993/1705
f 1326/3189/2916 2851/3211/2942 4476/3212/2943 2033/3190/2917
f 1325/3191/2918 1898/3194/2921 4476/3212/2943 2851/3211/2942
f 866/1268/969 2262/1267/968 4476/3212/2943 1898/3194/2921
f 1050/1266/967 2261/1271/972 4476/3212/2943 2262/1267/968
f 937/1259/959 2033/3190/2917 4476/3212/2943 2261/1271/972
f 1334/3197/2924 2858/3213/2944 4477/3214/2945 2865/3198/2925
f 2858/3213/2944 1333/1417/1119 2288/1416/1121 4477/3214/2945
f 4477/3214/2946 2288/1416/1118 1059/1409/1111 2287/1408/1110
f 2865/3198/2928 4477/3214/2946 2287/1408/1110 940/1407/1109
f 1328/3215/2901 2860/3216/2947 4478/3217/2948 2106/3218/2902
f 1330/3219/953 2870/3220/956 4478/3217/2948 2860/3216/2947
f 975/3221/951 2106/3218/2904 4478/3217/2949 2870/3220/952
f 1320/3201/2931 2845/3222/2950 4479/3223/2951 2051/3202/2932
f 1319/3203/2934 2862/3206/2937 4479/3223/2951 2845/3222/2950
f 930/1991/1703 2399/2005/1717 4479/3223/2951 2862/3206/2937
f 1096/2000/1712 2398/1999/1711 4479/3223/2951 2399/2005/1717
f 947/1998/1710 2051/3202/2932 4479/3223/2951 2398/1999/1711
f 1377/3224/2952 3237/3225/2953 4480/3226/2954 3152/3227/2955
f 3237/3225/2953 1588/3228/2956 3243/3229/2957 4480/3226/2954
f 4480/3226/2954 3243/3229/2957 1590/3230/2958 3241/3231/2959
f 3152/3227/2955 4480/3226/2954 3241/3231/2959 1545/3232/2960
f 1354/3233/2961 3018/3234/2962 4481/3235/2963 3095/3236/2964
f 3018/3234/2962 1476/3237/2965 3246/3238/2966 4481/3235/2963
f 4481/3235/2963 3246/3238/2966 1591/3239/2967 3244/3240/2968
f 3095/3236/2964 4481/3235/2963 3244/3240/2968 1517/3241/2969
f 1348/3242/2970 3094/3243/2971 4482/3244/2972 2925/3245/2973
f 3094/3243/2971 1517/3246/2969 3244/3247/2968 4482/3244/2972
f 4482/3244/2972 3244/3247/2968 1591/3248/2967 3245/3249/2974
f 2925/3245/2973 4482/3244/2972 3245/3249/2974 1428/3250/2975
f 1342/3251/2976 2926/3252/2977 4483/3253/2978 3019/3254/2979
f 2926/3252/2977 1428/3250/2975 3245/3249/2974 4483/3253/2978
f 4483/3253/2978 3245/3249/2974 1591/3248/2967 3246/3255/2966
f 3019/3254/2979 4483/3253/2978 3246/3255/2966 1476/3256/2965
f 1378/3257/2980 3016/3258/2981 4484/3259/2982 3023/3260/2983
f 3016/3258/2981 1475/3261/2984 3249/3262/2985 4484/3259/2982
f 4484/3259/2982 3249/3262/2985 1592/3263/2986 3247/3264/2987
f 3023/3260/2983 4484/3259/2982 3247/3264/2987 1479/3265/2988
f 1399/3266/2989 3096/3267/2990 4485/3268/2991 3017/3269/2992
f 1742/3270/2993 3649/3271/2994 4485/3268/2991 3096/3267/2990
f 1743/3272/2995 3248/3273/2996 4485/3268/2991 3649/3271/2994
f 1592/3263/2986 3249/3262/2985 4485/3268/2991 3248/3273/2996
f 1475/3261/2984 3017/3269/2992 4485/3268/2991 3249/3262/2985
f 1372/3274/2997 3770/3275/2998 4486/3276/2999 3783/3277/3000
f 1830/3278/3001 3768/3279/3002 4486/3276/3003 3770/3275/3004
f 1829/3280/3005 3783/3277/3006 4486/3276/3003 3768/3279/3002
f 1393/3281/3007 3782/3282/3008 4487/3283/3009 3057/3284/3010
f 1803/3285/3011 3741/3286/3012 4487/3283/3009 3782/3282/3008
f 1802/3287/3013 3250/3288/3014 4487/3283/3009 3741/3286/3012
f 1593/3289/3015 3251/3290/3016 4487/3283/3009 3250/3288/3014
f 1497/3291/3017 3057/3284/3010 4487/3283/3009 3251/3290/3016
f 1387/3292/3018 3056/3293/3019 4488/3294/3020 2998/3295/3021
f 3056/3293/3019 1497/3291/3017 3251/3290/3016 4488/3294/3020
f 4488/3294/3020 3251/3290/3016 1593/3289/3015 3252/3296/3022
f 2998/3295/3021 4488/3294/3020 3252/3296/3022 1466/3297/3023
f 1351/3298/3024 3027/3299/3025 4489/3300/3026 3100/3301/3027
f 1481/3302/3028 3864/3303/3029 4489/3300/3026 3027/3299/3025
f 1871/3304/3030 3846/3305/3031 4489/3300/3032 3864/3303/3033
f 1874/3306/3034 3863/3307/3035 4489/3300/3032 3846/3305/3031
f 1519/3308/3036 3100/3301/3027 4489/3300/3026 3863/3307/3037
f 1358/3309/3038 2892/3310/3039 4490/3311/3040 3204/3312/3041
f 2892/3310/3039 1410/3313/3042 3255/3314/3043 4490/3311/3040
f 4490/3311/3040 3255/3314/3043 1594/3315/3044 3253/3316/3045
f 3204/3312/3041 4490/3311/3040 3253/3316/3045 1571/3317/3046
f 1351/3298/3024 3203/3318/3047 4491/3319/3048 3027/3299/3025
f 3203/3318/3047 1571/3320/3046 3253/3321/3045 4491/3319/3048
f 4491/3319/3048 3253/3321/3045 1594/3322/3044 3254/3323/3049
f 3027/3299/3025 4491/3319/3048 3254/3323/3049 1481/3302/3028
f 1382/3324/3050 2882/3325/3051 4492/3326/3052 3185/3327/3053
f 2882/3325/3051 1404/3328/3054 3258/3329/3055 4492/3326/3052
f 4492/3326/3052 3258/3329/3055 1595/3330/3056 3256/3331/3057
f 3185/3327/3053 4492/3326/3052 3256/3331/3057 1562/3332/3058
f 1340/3333/3059 3186/3334/3060 4493/3335/3061 2893/3336/3062
f 3186/3334/3060 1562/3332/3058 3256/3331/3057 4493/3335/3061
f 4493/3335/3061 3256/3331/3057 1595/3330/3056 3257/3337/3063
f 2893/3336/3062 4493/3335/3061 3257/3337/3063 1411/3338/3064
f 1383/3339/3065 2894/3340/3066 4494/3341/3067 2883/3342/3068
f 2894/3340/3066 1411/3338/3064 3257/3337/3063 4494/3341/3067
f 4494/3341/3067 3257/3337/3063 1595/3330/3056 3258/3329/3055
f 2883/3342/3068 4494/3341/3067 3258/3329/3055 1404/3328/3054
f 1361/3343/3069 2970/3344/3070 4495/3345/3071 3119/3346/3072
f 1452/3347/3073 3261/3348/3074 4495/3345/3071 2970/3344/3070
f 1596/3349/3075 3259/3350/3076 4495/3345/3071 3261/3348/3074
f 1851/3351/3077 3816/3352/3078 4495/3345/3071 3259/3350/3076
f 1840/3353/3079 3119/3346/3072 4495/3345/3071 3816/3352/3078
f 1360/3354/3080 3826/3355/3081 4496/3356/3082 3118/3357/3083
f 1841/3358/3084 3817/3359/3085 4496/3356/3082 3826/3355/3081
f 1851/3351/3077 3259/3350/3076 4496/3356/3082 3817/3359/3085
f 1596/3349/3075 3260/3360/3086 4496/3356/3082 3259/3350/3076
f 1527/3361/3087 3118/3357/3083 4496/3356/3082 3260/3360/3086
f 1371/3362/3088 3117/3363/3089 4497/3364/3090 2971/3365/3091
f 3117/3363/3089 1527/3361/3087 3260/3360/3086 4497/3364/3090
f 4497/3364/3090 3260/3360/3086 1596/3349/3075 3261/3348/3074
f 2971/3365/3091 4497/3364/3090 3261/3348/3074 1452/3347/3073
f 1346/3366/3092 2961/3367/3093 4498/3368/3094 2905/3369/3095
f 2961/3367/3093 1448/3370/3096 3264/3371/3097 4498/3368/3094
f 4498/3368/3094 3264/3371/3097 1597/3372/3098 3262/3373/3099
f 2905/3369/3095 4498/3368/3094 3262/3373/3099 1418/3374/3100
f 1362/3375/3101 2906/3376/3102 4499/3377/3103 2944/3378/3104
f 2906/3376/3102 1418/3374/3100 3262/3373/3099 4499/3377/3103
f 4499/3377/3103 3262/3373/3099 1597/3372/3098 3263/3379/3105
f 2944/3378/3104 4499/3377/3103 3263/3379/3105 1437/3380/3106
f 1373/3381/3107 2945/3382/3108 4500/3383/3109 2962/3384/3110
f 2945/3382/3108 1437/3380/3106 3263/3379/3105 4500/3383/3109
f 4500/3383/3109 3263/3379/3105 1597/3372/3098 3264/3371/3097
f 2962/3384/3110 4500/3383/3109 3264/3371/3097 1448/3370/3096
f 1345/3385/3111 3030/3386/3112 4501/3387/3113 3160/3388/3114
f 3030/3386/3112 1483/3389/3115 3267/3390/3116 4501/3387/3113
f 4501/3387/3113 3267/3390/3116 1598/3391/3117 3265/3392/3118
f 3160/3388/3114 4501/3387/3113 3265/3392/3118 1549/3393/3119
f 1397/3394/3120 3159/3395/3121 4502/3396/3122 3153/3397/3123
f 3159/3395/3121 1549/3393/3119 3265/3392/3118 4502/3396/3122
f 4502/3396/3122 3265/3392/3118 1598/3391/3117 3266/3398/3124
f 3153/3397/3123 4502/3396/3122 3266/3398/3124 1546/3399/3125
f 1346/3366/3092 2885/3400/3126 4503/3401/3127 3139/3402/3128
f 2885/3400/3126 1406/3403/3129 3270/3404/3130 4503/3401/3127
f 4503/3401/3127 3270/3404/3130 1599/3405/3131 3268/3406/3132
f 3139/3402/3128 4503/3401/3127 3268/3406/3132 1538/3407/3133
f 1363/3408/3134 3708/3409/3135 4504/3410/3136 3022/3411/3137
f 3708/3409/3135 1729/3412/3138 3636/3413/3139 4504/3410/3136
f 4504/3410/3136 3636/3413/3139 1730/3414/3140 3702/3415/3141
f 3022/3411/3137 4504/3410/3136 3702/3415/3141 1478/3416/3142
f 1375/3417/3143 2957/3418/3144 4505/3419/3145 2911/3420/3146
f 2957/3418/3144 1445/3421/3147 3271/3422/3148 4505/3419/3145
f 4505/3419/3145 3271/3422/3148 1600/3423/3149 3272/3424/3150
f 2911/3420/3146 4505/3419/3145 3272/3424/3150 1421/3425/3151
f 1338/3426/3152 2910/3427/3153 4506/3428/3154 3699/3429/3155
f 1421/3425/3151 3272/3424/3150 4506/3428/3154 2910/3427/3153
f 1600/3423/3149 3273/3430/3156 4506/3428/3154 3272/3424/3150
f 1723/3431/3157 3630/3432/3158 4506/3428/3154 3273/3430/3156
f 1724/3433/3159 3699/3429/3155 4506/3428/3154 3630/3432/3158
f 1354/3434/2961 2879/3435/3160 4507/3436/3161 2948/3437/3162
f 1836/3438/3163 3813/3439/3164 4507/3436/3161 2879/3435/3160
f 1835/3440/3165 3274/3441/3166 4507/3436/3161 3813/3439/3164
f 1601/3442/3167 3275/3443/3168 4507/3436/3161 3274/3441/3166
f 1439/3444/3169 2948/3437/3162 4507/3436/3161 3275/3443/3168
f 1347/3445/3170 2949/3446/3171 4508/3447/3172 2955/3448/3173
f 2949/3446/3171 1439/3444/3169 3275/3443/3168 4508/3447/3172
f 4508/3447/3172 3275/3443/3168 1601/3442/3167 3276/3449/3174
f 2955/3448/3173 4508/3447/3172 3276/3449/3174 1443/3450/3175
f 1347/3445/3170 2955/3448/3173 4509/3451/3176 3133/3452/3177
f 2955/3448/3173 1443/3450/3175 3277/3453/3178 4509/3451/3176
f 4509/3451/3176 3277/3453/3178 1602/3454/3179 3278/3455/3180
f 3133/3452/3177 4509/3451/3176 3278/3455/3180 1535/3456/3181
f 1372/3274/2997 2951/3457/3182 4510/3458/3183 3031/3459/3184
f 2951/3457/3182 1441/3460/3185 3282/3461/3186 4510/3458/3183
f 4510/3458/3183 3282/3461/3186 1603/3462/3187 3280/3463/3188
f 3031/3459/3184 4510/3458/3183 3280/3463/3188 1484/3464/3189
f 1391/3465/3190 3240/3466/3191 4511/3467/3192 2952/3468/3193
f 1876/3469/3194 3850/3470/3195 4511/3467/3192 3240/3466/3191
f 1877/3471/3196 3281/3472/3197 4511/3467/3192 3850/3470/3198
f 1603/3462/3187 3282/3461/3186 4511/3467/3192 3281/3472/3197
f 1441/3460/3185 2952/3468/3193 4511/3467/3192 3282/3461/3186
f 1356/3473/3199 3223/3474/3200 4512/3475/3201 2887/3476/3202
f 3223/3474/3200 1581/3477/3203 3285/3478/3204 4512/3475/3201
f 4512/3475/3201 3285/3478/3204 1604/3479/3205 3283/3480/3206
f 2887/3476/3202 4512/3475/3201 3283/3480/3206 1407/3481/3207
f 1372/3274/2997 2886/3482/3208 4513/3483/3209 2951/3457/3182
f 2886/3482/3208 1407/3481/3207 3283/3480/3206 4513/3483/3209
f 4513/3483/3209 3283/3480/3206 1604/3479/3205 3284/3484/3210
f 2951/3457/3182 4513/3483/3209 3284/3484/3210 1441/3460/3185
f 1391/3465/3190 2952/3468/3193 4514/3485/3211 3224/3486/3212
f 2952/3468/3193 1441/3460/3185 3284/3484/3210 4514/3485/3211
f 4514/3485/3211 3284/3484/3210 1604/3479/3205 3285/3478/3204
f 3224/3486/3212 4514/3485/3211 3285/3478/3204 1581/3477/3203
f 1341/3487/3213 2920/3488/3214 4515/3489/3215 3701/3490/3216
f 1736/3491/3217 3646/3492/3218 4515/3489/3215 2920/3488/3214
f 1740/3493/3219 3701/3490/3216 4515/3489/3215 3646/3492/3218
f 1342/3494/3220 2956/3495/3221 4516/3496/3222 3141/3497/3223
f 2956/3495/3221 1444/3498/3224 3288/3499/3225 4516/3496/3222
f 4516/3496/3226 3288/3499/3227 1605/3500/3228 3286/3501/3229
f 3141/3497/3230 4516/3496/3226 3286/3501/3229 1539/3502/3231
f 1375/3417/3143 3140/3503/3232 4517/3504/3233 2957/3418/3144
f 3140/3503/3232 1539/3505/3231 3286/3506/3229 4517/3504/3233
f 4517/3504/3233 3286/3506/3229 1605/3507/3228 3287/3508/3234
f 2957/3418/3144 4517/3504/3233 3287/3508/3234 1445/3421/3147
f 1338/3509/3152 2953/3510/3235 4518/3511/3236 3135/3512/3237
f 2953/3510/3235 1442/3513/3238 3291/3514/3239 4518/3511/3236
f 4518/3511/3236 3291/3514/3239 1606/3515/3240 3289/3516/3241
f 3135/3512/3237 4518/3511/3236 3289/3516/3241 1536/3517/3242
f 1363/3408/3134 3134/3518/3243 4519/3519/3244 2909/3520/3245
f 3134/3518/3243 1536/3517/3242 3289/3516/3241 4519/3519/3244
f 4519/3519/3244 3289/3516/3241 1606/3515/3240 3290/3521/3246
f 2909/3520/3245 4519/3519/3244 3290/3521/3246 1420/3522/3247
f 1352/3523/3248 3231/3524/3249 4520/3525/3250 3137/3526/3251
f 3231/3524/3249 1585/3527/3252 3294/3528/3253 4520/3525/3250
f 4520/3525/3250 3294/3528/3253 1607/3529/3254 3292/3530/3255
f 3137/3526/3251 4520/3525/3250 3292/3530/3255 1537/3531/3256
f 1341/3532/3213 3136/3533/3257 4521/3534/3258 2920/3535/3214
f 1537/3531/3256 3292/3530/3255 4521/3534/3258 3136/3533/3257
f 1607/3529/3254 3293/3536/3259 4521/3534/3258 3292/3530/3255
f 1737/3537/3260 3642/3538/3261 4521/3534/3258 3293/3536/3259
f 1736/3539/3217 2920/3535/3214 4521/3534/3258 3642/3538/3261
f 1376/3540/3262 2947/3541/3263 4522/3542/3264 3151/3543/3265
f 2947/3541/3263 1438/3544/3266 3297/3545/3267 4522/3542/3264
f 4522/3542/3264 3297/3545/3267 1608/3546/3268 3295/3547/3269
f 3151/3543/3265 4522/3542/3264 3295/3547/3269 1544/3548/3270
f 1400/3549/3271 3150/3550/3272 4523/3551/3273 2959/3552/3274
f 1544/3548/3270 3295/3547/3269 4523/3551/3273 3150/3550/3272
f 1608/3546/3268 3296/3553/3275 4523/3551/3273 3295/3547/3269
f 1747/3554/3276 3652/3555/3277 4523/3551/3273 3296/3553/3275
f 1746/3556/3278 2959/3552/3274 4523/3551/3273 3652/3555/3277
f 1342/3557/3279 3141/3558/3230 4524/3559/3280 2926/3560/2977
f 3141/3558/3230 1539/3561/3231 3300/3562/3281 4524/3559/3280
f 4524/3559/3280 3300/3562/3281 1609/3563/3282 3298/3564/3283
f 2926/3560/2977 4524/3559/3280 3298/3564/3283 1428/3565/2975
f 1348/3242/2970 2925/3245/2973 4525/3566/3284 3233/3567/3285
f 2925/3245/2973 1428/3250/2975 3298/3568/3283 4525/3566/3284
f 4525/3566/3284 3298/3568/3283 1609/3569/3282 3299/3570/3286
f 3233/3567/3285 4525/3566/3284 3299/3570/3286 1586/3571/3287
f 1375/3417/3143 3232/3572/3288 4526/3573/3289 3140/3503/3232
f 3232/3572/3288 1586/3571/3287 3299/3570/3286 4526/3573/3289
f 4526/3573/3289 3299/3570/3286 1609/3569/3282 3300/3574/3281
f 3140/3503/3232 4526/3573/3289 3300/3574/3281 1539/3505/3231
f 1352/3523/3248 3137/3526/3251 4527/3575/3290 3164/3576/3291
f 3137/3526/3251 1537/3531/3256 3303/3577/3292 4527/3575/3290
f 4527/3575/3290 3303/3577/3292 1610/3578/3293 3301/3579/3294
f 3164/3576/3291 4527/3575/3290 3301/3579/3294 1551/3580/3295
f 1350/3581/3296 3163/3582/3297 4528/3583/3298 2902/3584/3299
f 3163/3582/3297 1551/3580/3295 3301/3579/3294 4528/3583/3298
f 4528/3583/3298 3301/3579/3294 1610/3578/3293 3302/3585/3300
f 2902/3584/3299 4528/3583/3298 3302/3585/3300 1416/3586/3301
f 1341/3532/3213 2903/3587/3302 4529/3588/3303 3136/3533/3257
f 2903/3587/3302 1416/3586/3301 3302/3585/3300 4529/3588/3303
f 4529/3588/3303 3302/3585/3300 1610/3578/3293 3303/3577/3292
f 3136/3533/3257 4529/3588/3303 3303/3577/3292 1537/3531/3256
f 1349/3589/3304 3035/3590/3305 4530/3591/3306 2880/3592/3307
f 3035/3590/3305 1486/3593/3308 3306/3594/3309 4530/3591/3306
f 4530/3591/3306 3306/3594/3309 1611/3595/3310 3304/3596/3311
f 2880/3592/3307 4530/3591/3306 3304/3596/3311 1403/3597/3312
f 1345/3385/3111 2881/3598/3313 4531/3599/3314 3030/3386/3112
f 2881/3598/3313 1403/3597/3312 3304/3596/3311 4531/3599/3314
f 4531/3599/3314 3304/3596/3311 1611/3595/3310 3305/3600/3315
f 3030/3386/3112 4531/3599/3314 3305/3600/3315 1483/3389/3115
f 1361/3343/3069 2963/3601/3316 4532/3602/3317 3827/3603/3318
f 1839/3604/3319 3804/3605/3320 4532/3602/3321 2963/3601/3322
f 1838/3606/3323 3827/3603/3318 4532/3602/3321 3804/3605/3320
f 1354/3434/2961 3154/3607/3324 4533/3608/3325 2879/3435/3160
f 1837/3609/3326 3803/3610/3327 4533/3608/3325 3154/3607/3324
f 1836/3438/3163 2879/3435/3160 4533/3608/3325 3803/3610/3327
f 1381/3611/3328 2943/3612/3329 4534/3613/3330 2927/3614/3331
f 2943/3612/3329 1436/3615/3332 3309/3616/3333 4534/3613/3330
f 4534/3613/3330 3309/3616/3333 1612/3617/3334 3307/3618/3335
f 2927/3614/3331 4534/3613/3330 3307/3618/3335 1429/3619/3336
f 1343/3620/3337 2928/3621/3338 4535/3622/3339 2908/3623/3340
f 2928/3621/3338 1429/3619/3336 3307/3618/3335 4535/3622/3339
f 4535/3622/3339 3307/3618/3335 1612/3617/3334 3308/3624/3341
f 2908/3623/3340 4535/3622/3339 3308/3624/3341 1419/3625/3342
f 1371/3362/3088 2907/3626/3343 4536/3627/3344 2942/3628/3345
f 2907/3626/3343 1419/3625/3342 3308/3624/3341 4536/3627/3344
f 4536/3627/3344 3308/3624/3341 1612/3617/3334 3309/3616/3333
f 2942/3628/3345 4536/3627/3344 3309/3616/3333 1436/3615/3332
f 1376/3540/3262 3149/3629/3346 4537/3630/3347 3168/3631/3348
f 3149/3629/3346 1543/3632/3349 3312/3633/3350 4537/3630/3347
f 4537/3630/3347 3312/3633/3350 1613/3634/3351 3310/3635/3352
f 3168/3631/3348 4537/3630/3347 3310/3635/3352 1553/3636/3353
f 1396/3637/3354 3167/3638/3355 4538/3639/3356 2912/3640/3357
f 3167/3638/3355 1553/3636/3353 3310/3635/3352 4538/3639/3356
f 4538/3639/3356 3310/3635/3352 1613/3634/3351 3311/3641/3358
f 2912/3640/3357 4538/3639/3356 3311/3641/3358 1422/3642/3359
f 1364/3643/3360 2913/3644/3361 4539/3645/3362 3148/3646/3363
f 2913/3644/3361 1422/3642/3359 3311/3641/3358 4539/3645/3362
f 4539/3645/3362 3311/3641/3358 1613/3634/3351 3312/3633/3350
f 3148/3646/3363 4539/3645/3362 3312/3633/3350 1543/3632/3349
f 1364/3643/3360 2874/3647/3364 4540/3648/3365 2921/3649/3366
f 2874/3647/3364 1401/3650/3367 3315/3651/3368 4540/3648/3365
f 4540/3648/3365 3315/3651/3368 1614/3652/3369 3313/3653/3370
f 2921/3649/3366 4540/3648/3365 3313/3653/3370 1426/3654/3371
f 1398/3655/3372 2922/3656/3373 4541/3657/3374 3036/3658/3375
f 2922/3656/3373 1426/3654/3371 3313/3653/3370 4541/3657/3374
f 4541/3657/3374 3313/3653/3370 1614/3652/3369 3314/3659/3376
f 3036/3658/3375 4541/3657/3374 3314/3659/3376 1487/3660/3377
f 1353/3661/3378 3037/3662/3379 4542/3663/3380 2875/3664/3381
f 3037/3662/3379 1487/3660/3377 3314/3659/3376 4542/3663/3380
f 4542/3663/3380 3314/3659/3376 1614/3652/3369 3315/3651/3368
f 2875/3664/3381 4542/3663/3380 3315/3651/3368 1401/3650/3367
f 1369/3665/3382 3039/3666/3383 4543/3667/3384 2940/3668/3385
f 3039/3666/3383 1488/3669/3386 3318/3670/3387 4543/3667/3384
f 4543/3667/3384 3318/3670/3387 1615/3671/3388 3316/3672/3389
f 2940/3668/3385 4543/3667/3384 3316/3672/3389 1435/3673/3390
f 1345/3674/3111 2941/3675/3391 4544/3676/3392 2881/3677/3313
f 2941/3675/3391 1435/3673/3390 3316/3672/3389 4544/3676/3392
f 4544/3676/3392 3316/3672/3389 1615/3671/3388 3317/3678/3393
f 2881/3677/3313 4544/3676/3392 3317/3678/3393 1403/3679/3312
f 1349/3680/3304 2880/3681/3307 4545/3682/3394 3038/3683/3395
f 2880/3681/3307 1403/3679/3312 3317/3678/3393 4545/3682/3394
f 4545/3682/3394 3317/3678/3393 1615/3671/3388 3318/3670/3387
f 3038/3683/3395 4545/3682/3394 3318/3670/3387 1488/3669/3386
f 1380/3684/3396 2968/3685/3397 4546/3686/3398 3121/3687/3399
f 2968/3685/3397 1451/3688/3400 3321/3689/3401 4546/3686/3398
f 4546/3686/3398 3321/3689/3401 1616/3690/3402 3319/3691/3403
f 3121/3687/3399 4546/3686/3398 3319/3691/3403 1528/3692/3404
f 1362/3375/3101 3120/3693/3405 4547/3694/3406 2906/3376/3102
f 3120/3693/3405 1528/3692/3404 3319/3691/3403 4547/3694/3406
f 4547/3694/3406 3319/3691/3403 1616/3690/3402 3320/3695/3407
f 2906/3376/3102 4547/3694/3406 3320/3695/3407 1418/3374/3100
f 1346/3366/3092 2905/3369/3095 4548/3696/3408 2969/3697/3409
f 2905/3369/3095 1418/3374/3100 3320/3695/3407 4548/3696/3408
f 4548/3696/3408 3320/3695/3407 1616/3690/3402 3321/3689/3401
f 2969/3697/3409 4548/3696/3408 3321/3689/3401 1451/3688/3400
f 1397/3698/3120 3040/3699/3410 4549/3700/3411 3025/3701/3412
f 3040/3699/3410 1489/3702/3413 3324/3703/3414 4549/3700/3411
f 4549/3700/3411 3324/3703/3414 1617/3704/3415 3322/3705/3416
f 3025/3701/3412 4549/3700/3411 3322/3705/3416 1480/3706/3417
f 1380/3707/3396 3024/3708/3418 4550/3709/3419 2968/3710/3397
f 3024/3708/3418 1480/3711/3417 3322/3712/3416 4550/3709/3419
f 4550/3709/3419 3322/3712/3416 1617/3713/3415 3323/3714/3420
f 2968/3710/3397 4550/3709/3419 3323/3714/3420 1451/3715/3400
f 1346/3716/3092 2969/3717/3409 4551/3718/3421 3041/3719/3422
f 2969/3717/3409 1451/3715/3400 3323/3714/3420 4551/3718/3421
f 4551/3718/3421 3323/3714/3420 1617/3713/3415 3324/3720/3414
f 3041/3719/3422 4551/3718/3421 3324/3720/3414 1489/3721/3413
f 1362/3375/3101 3042/3722/3423 4552/3723/3424 2904/3724/3425
f 3042/3722/3423 1490/3725/3426 3327/3726/3427 4552/3723/3424
f 4552/3723/3424 3327/3726/3427 1618/3727/3428 3325/3728/3429
f 2904/3724/3425 4552/3723/3424 3325/3728/3429 1417/3729/3430
f 1374/3730/3431 3034/3731/3432 4553/3732/3433 3043/3733/3434
f 1859/3734/3435 3834/3735/3436 4553/3732/3433 3034/3731/3432
f 1860/3736/3437 3326/3737/3438 4553/3732/3433 3834/3735/3436
f 1618/3727/3428 3327/3726/3427 4553/3732/3433 3326/3737/3438
f 1490/3725/3426 3043/3733/3434 4553/3732/3433 3327/3726/3427
f 1369/3665/3382 2940/3668/3385 4554/3738/3439 3098/3739/3440
f 2940/3668/3385 1435/3673/3390 3330/3740/3441 4554/3738/3439
f 4554/3738/3439 3330/3740/3441 1619/3741/3442 3328/3742/3443
f 3098/3739/3440 4554/3738/3439 3328/3742/3443 1518/3743/3444
f 1397/3698/3120 3097/3744/3445 4555/3745/3446 3159/3746/3121
f 3097/3744/3445 1518/3743/3444 3328/3742/3443 4555/3745/3446
f 4555/3745/3446 3328/3742/3443 1619/3741/3442 3329/3747/3447
f 3159/3746/3121 4555/3745/3446 3329/3747/3447 1549/3748/3119
f 1345/3674/3111 3160/3749/3114 4556/3750/3448 2941/3675/3391
f 3160/3749/3114 1549/3748/3119 3329/3747/3447 4556/3750/3448
f 4556/3750/3448 3329/3747/3447 1619/3741/3442 3330/3740/3441
f 2941/3675/3391 4556/3750/3448 3330/3740/3441 1435/3673/3390
f 1360/3354/3080 3116/3751/3449 4557/3752/3450 3824/3753/3451
f 1843/3754/3452 3807/3755/3453 4557/3752/3454 3116/3751/3455
f 1842/3756/3456 3824/3753/3457 4557/3752/3454 3807/3755/3453
f 1395/3757/3458 2939/3758/3459 4558/3759/3460 3088/3760/3461
f 2939/3758/3459 1434/3761/3462 3331/3762/3463 4558/3759/3460
f 4558/3759/3460 3331/3762/3463 1620/3763/3464 3332/3764/3465
f 3088/3760/3461 4558/3759/3460 3332/3764/3465 1513/3765/3466
f 1360/3354/3080 3087/3766/3467 4559/3767/3468 3822/3768/3469
f 1513/3765/3466 3332/3764/3465 4559/3767/3468 3087/3766/3467
f 1620/3763/3464 3333/3769/3470 4559/3767/3468 3332/3764/3465
f 1852/3770/3471 3818/3771/3472 4559/3767/3468 3333/3769/3470
f 1844/3772/3473 3822/3768/3469 4559/3767/3468 3818/3771/3472
f 1365/3773/3474 2982/3774/3475 4560/3775/3476 3081/3776/3477
f 2982/3774/3475 1458/3777/3478 3336/3778/3479 4560/3775/3476
f 4560/3775/3476 3336/3778/3479 1621/3779/3480 3334/3780/3481
f 3081/3776/3477 4560/3775/3476 3334/3780/3481 1510/3781/3482
f 1369/3665/3382 3082/3782/3483 4561/3783/3484 3169/3784/3485
f 3082/3782/3483 1510/3781/3482 3334/3780/3481 4561/3783/3484
f 4561/3783/3484 3334/3780/3481 1621/3779/3480 3335/3785/3486
f 3169/3784/3485 4561/3783/3484 3335/3785/3486 1554/3786/3487
f 1398/3655/3372 3170/3787/3488 4562/3788/3489 2983/3789/3490
f 3170/3787/3488 1554/3786/3487 3335/3785/3486 4562/3788/3489
f 4562/3788/3489 3335/3785/3486 1621/3779/3480 3336/3778/3479
f 2983/3789/3490 4562/3788/3489 3336/3778/3479 1458/3777/3478
f 1364/3643/3360 2921/3649/3366 4563/3790/3491 2981/3791/3492
f 2921/3649/3366 1426/3654/3371 3339/3792/3493 4563/3790/3491
f 4563/3790/3491 3339/3792/3493 1622/3793/3494 3337/3794/3495
f 2981/3791/3492 4563/3790/3491 3337/3794/3495 1457/3795/3496
f 1365/3773/3474 2980/3796/3497 4564/3797/3498 2982/3774/3475
f 2980/3796/3497 1457/3795/3496 3337/3794/3495 4564/3797/3498
f 4564/3797/3498 3337/3794/3495 1622/3793/3494 3338/3798/3499
f 2982/3774/3475 4564/3797/3498 3338/3798/3499 1458/3777/3478
f 1398/3655/3372 2983/3789/3490 4565/3799/3500 2922/3656/3373
f 2983/3789/3490 1458/3777/3478 3338/3798/3499 4565/3799/3500
f 4565/3799/3500 3338/3798/3499 1622/3793/3494 3339/3792/3493
f 2922/3656/3373 4565/3799/3500 3339/3792/3493 1426/3654/3371
f 1369/3665/3382 2934/3800/3501 4566/3801/3502 2985/3802/3503
f 2934/3800/3501 1432/3803/3504 3342/3804/3505 4566/3801/3502
f 4566/3801/3502 3342/3804/3505 1623/3805/3506 3340/3806/3507
f 2985/3802/3503 4566/3801/3502 3340/3806/3507 1459/3807/3508
f 1383/3339/3065 2984/3808/3509 4567/3809/3510 3113/3810/3511
f 2984/3808/3509 1459/3807/3508 3340/3806/3507 4567/3809/3510
f 4567/3809/3510 3340/3806/3507 1623/3805/3506 3341/3811/3512
f 3113/3810/3511 4567/3809/3510 3341/3811/3512 1525/3812/3513
f 1380/3684/3396 3112/3813/3514 4568/3814/3515 2935/3815/3516
f 3112/3813/3514 1525/3812/3513 3341/3811/3512 4568/3814/3515
f 4568/3814/3515 3341/3811/3512 1623/3805/3506 3342/3804/3505
f 2935/3815/3516 4568/3814/3515 3342/3804/3505 1432/3803/3504
f 1380/3684/3396 3046/3816/3517 4569/3817/3518 3171/3818/3519
f 3046/3816/3517 1492/3819/3520 3345/3820/3521 4569/3817/3518
f 4569/3817/3518 3345/3820/3521 1624/3821/3522 3343/3822/3523
f 3171/3818/3519 4569/3817/3518 3343/3822/3523 1555/3823/3524
f 1358/3309/3038 3172/3824/3525 4570/3825/3526 3048/3826/3527
f 3172/3824/3525 1555/3823/3524 3343/3822/3523 4570/3825/3526
f 4570/3825/3526 3343/3822/3523 1624/3821/3522 3344/3827/3528
f 3048/3826/3527 4570/3825/3526 3344/3827/3528 1493/3828/3529
f 1359/3829/3530 3049/3830/3531 4571/3831/3532 3047/3832/3533
f 3049/3830/3531 1493/3833/3529 3344/3834/3528 4571/3831/3532
f 4571/3831/3532 3344/3834/3528 1624/3835/3522 3345/3836/3521
f 3047/3832/3533 4571/3831/3532 3345/3836/3521 1492/3837/3520
f 1395/3757/3458 3115/3838/3534 4572/3839/3535 3180/3840/3536
f 3115/3838/3534 1526/3841/3537 3348/3842/3538 4572/3839/3535
f 4572/3839/3535 3348/3842/3538 1625/3843/3539 3346/3844/3540
f 3180/3840/3536 4572/3839/3535 3346/3844/3540 1559/3845/3541
f 1357/3846/3542 3179/3847/3543 4573/3848/3544 3051/3849/3545
f 3179/3847/3543 1559/3845/3541 3346/3844/3540 4573/3848/3544
f 4573/3848/3544 3346/3844/3540 1625/3843/3539 3347/3850/3546
f 3051/3849/3545 4573/3848/3544 3347/3850/3546 1494/3851/3547
f 1381/3611/3328 3050/3852/3548 4574/3853/3549 3114/3854/3550
f 3050/3852/3548 1494/3851/3547 3347/3850/3546 4574/3853/3549
f 4574/3853/3549 3347/3850/3546 1625/3843/3539 3348/3842/3538
f 3114/3854/3550 4574/3853/3549 3348/3842/3538 1526/3841/3537
f 1381/3611/3328 2977/3855/3551 4575/3856/3552 3050/3852/3548
f 2977/3855/3551 1455/3857/3553 3351/3858/3554 4575/3856/3552
f 4575/3856/3552 3351/3858/3554 1626/3859/3555 3349/3860/3556
f 3050/3852/3548 4575/3856/3552 3349/3860/3556 1494/3851/3547
f 1357/3846/3542 3051/3849/3545 4576/3861/3557 3182/3862/3558
f 3051/3849/3545 1494/3851/3547 3349/3860/3556 4576/3861/3557
f 4576/3861/3557 3349/3860/3556 1626/3859/3555 3350/3863/3559
f 3182/3862/3558 4576/3861/3557 3350/3863/3559 1560/3864/3560
f 1350/3581/3296 3181/3865/3561 4577/3866/3562 2976/3867/3563
f 3181/3865/3561 1560/3864/3560 3350/3863/3559 4577/3866/3562
f 4577/3866/3562 3350/3863/3559 1626/3859/3555 3351/3858/3554
f 2976/3867/3563 4577/3866/3562 3351/3858/3554 1455/3857/3553
f 1379/3868/3564 2978/3869/3565 4578/3870/3566 3111/3871/3567
f 2978/3869/3565 1456/3872/3568 3354/3873/3569 4578/3870/3566
f 4578/3870/3566 3354/3873/3569 1627/3874/3570 3352/3875/3571
f 3111/3871/3567 4578/3870/3566 3352/3875/3571 1524/3876/3572
f 1396/3637/3354 3110/3877/3573 4579/3878/3574 2901/3879/3575
f 3110/3877/3573 1524/3876/3572 3352/3875/3571 4579/3878/3574
f 4579/3878/3574 3352/3875/3571 1627/3874/3570 3353/3880/3576
f 2901/3879/3575 4579/3878/3574 3353/3880/3576 1415/3881/3577
f 1378/3257/2980 2900/3882/3578 4580/3883/3579 2979/3884/3580
f 2900/3882/3578 1415/3881/3577 3353/3880/3576 4580/3883/3579
f 4580/3883/3579 3353/3880/3576 1627/3874/3570 3354/3873/3569
f 2979/3884/3580 4580/3883/3579 3354/3873/3569 1456/3872/3568
f 1344/3885/3581 3008/3886/3582 4581/3887/3583 2987/3888/3584
f 3008/3886/3582 1470/3889/3585 3355/3890/3586 4581/3887/3583
f 4581/3887/3583 3355/3890/3586 1628/3891/3587 3356/3892/3588
f 2987/3888/3584 4581/3887/3583 3356/3892/3588 1460/3893/3589
f 1350/3581/3296 2986/3894/3590 4582/3895/3591 2895/3896/3592
f 2986/3894/3590 1460/3893/3589 3356/3892/3588 4582/3895/3591
f 4582/3895/3591 3356/3892/3588 1628/3891/3587 3357/3897/3593
f 2895/3896/3592 4582/3895/3591 3357/3897/3593 1412/3898/3594
f 1366/3899/3595 2890/3900/3596 4583/3901/3597 3078/3902/3598
f 1409/3903/3599 3823/3904/3600 4583/3901/3597 2890/3900/3596
f 1854/3905/3601 3821/3906/3602 4583/3901/3597 3823/3904/3600
f 1849/3907/3603 3825/3908/3604 4583/3901/3597 3821/3906/3602
f 1508/3909/3605 3078/3902/3598 4583/3901/3597 3825/3908/3606
f 1388/3910/3607 3075/3911/3608 4584/3912/3609 2919/3913/3610
f 3075/3911/3608 1506/3914/3611 3358/3915/3612 4584/3912/3609
f 4584/3912/3609 3358/3915/3612 1629/3916/3613 3359/3917/3614
f 2919/3913/3610 4584/3912/3609 3359/3917/3614 1425/3918/3615
f 1340/3333/3059 2918/3919/3616 4585/3920/3617 2884/3921/3618
f 2918/3919/3616 1425/3918/3615 3359/3917/3614 4585/3920/3617
f 4585/3920/3617 3359/3917/3614 1629/3916/3613 3360/3922/3619
f 2884/3921/3618 4585/3920/3617 3360/3922/3619 1405/3923/3620
f 1390/3924/3621 3202/3925/3622 4586/3926/3623 3220/3927/3624
f 3202/3925/3622 1570/3928/3625 3363/3929/3626 4586/3926/3623
f 4586/3926/3623 3363/3929/3626 1630/3930/3627 3361/3931/3628
f 3220/3927/3624 4586/3926/3623 3361/3931/3628 1579/3932/3629
f 1355/3933/3630 3219/3934/3631 4587/3935/3632 3222/3936/3633
f 3219/3934/3631 1579/3932/3629 3361/3931/3628 4587/3935/3632
f 4587/3935/3632 3361/3931/3628 1630/3930/3627 3362/3937/3634
f 3222/3936/3633 4587/3935/3632 3362/3937/3634 1580/3938/3635
f 1391/3939/3190 3221/3940/3636 4588/3941/3637 3201/3942/3638
f 3221/3940/3636 1580/3938/3635 3362/3937/3634 4588/3941/3637
f 4588/3941/3637 3362/3937/3634 1630/3930/3627 3363/3929/3626
f 3201/3942/3638 4588/3941/3637 3363/3929/3626 1570/3928/3625
f 1390/3943/3621 2992/3944/3639 4589/3945/3640 3202/3946/3622
f 2992/3944/3639 1463/3947/3641 3366/3948/3642 4589/3945/3640
f 4589/3945/3640 3366/3948/3642 1631/3949/3643 3364/3950/3644
f 3202/3946/3622 4589/3945/3640 3364/3950/3644 1570/3951/3625
f 1391/3465/3190 3201/3952/3638 4590/3953/3645 2991/3954/3646
f 3201/3952/3638 1570/3951/3625 3364/3950/3644 4590/3953/3645
f 4590/3953/3645 3364/3950/3644 1631/3949/3643 3365/3955/3647
f 2991/3954/3646 4590/3953/3645 3365/3955/3647 1462/3956/3648
f 1358/3309/3038 2990/3957/3649 4591/3958/3650 2993/3959/3651
f 2990/3957/3649 1462/3956/3648 3365/3955/3647 4591/3958/3650
f 4591/3958/3650 3365/3955/3647 1631/3949/3643 3366/3948/3642
f 2993/3959/3651 4591/3958/3650 3366/3948/3642 1463/3947/3641
f 1386/3960/3652 2923/3961/3653 4592/3962/3654 3207/3963/3655
f 1427/3964/3656 3369/3965/3657 4592/3962/3654 2923/3961/3653
f 1632/3966/3658 3367/3967/3659 4592/3962/3654 3369/3965/3657
f 1785/3968/3660 3719/3969/3661 4592/3962/3654 3367/3967/3659
f 1781/3970/3662 3207/3963/3655 4592/3962/3654 3719/3969/3661
f 1389/3971/3663 3784/3972/3664 4593/3973/3665 2924/3974/3666
f 1787/3975/3667 3724/3976/3668 4593/3973/3665 3784/3972/3664
f 1786/3977/3669 3368/3978/3670 4593/3973/3665 3724/3976/3668
f 1632/3979/3658 3369/3980/3657 4593/3973/3665 3368/3978/3670
f 1427/3981/3656 2924/3974/3666 4593/3973/3665 3369/3980/3657
f 1337/3982/3671 3055/3983/3672 4594/3984/3673 3101/3985/3674
f 1496/3986/3675 3372/3987/3676 4594/3984/3673 3055/3983/3672
f 1633/3988/3677 3370/3989/3678 4594/3984/3673 3372/3987/3676
f 1800/3990/3679 3738/3991/3680 4594/3984/3673 3370/3989/3678
f 1799/3992/3681 3101/3985/3674 4594/3984/3673 3738/3991/3680
f 1387/3292/3018 2998/3295/3021 4595/3993/3682 3054/3994/3683
f 2998/3295/3021 1466/3297/3023 3371/3995/3684 4595/3993/3682
f 4595/3993/3682 3371/3995/3684 1633/3988/3677 3372/3987/3676
f 3054/3994/3683 4595/3993/3682 3372/3987/3676 1496/3986/3675
f 1367/3996/3685 3774/3997/3686 4596/3998/3687 3786/3999/3688
f 1820/4000/3689 3757/4001/3690 4596/3998/3691 3774/3997/3692
f 1819/4002/3693 3786/3999/3694 4596/3998/3695 3757/4001/3690
f 1366/3899/3595 3058/4003/3696 4597/4004/3697 2890/3900/3596
f 1498/4005/3698 3775/4006/3699 4597/4004/3697 3058/4003/3696
f 1776/4007/3700 3714/4008/3701 4597/4004/3697 3775/4006/3699
f 1774/4009/3702 3773/4010/3703 4597/4004/3697 3714/4008/3701
f 1409/3903/3599 2890/3900/3596 4597/4004/3697 3773/4010/3703
f 1355/4011/3630 3068/4012/3704 4598/4013/3705 3066/4014/3706
f 3068/4012/3704 1503/4015/3707 3375/4016/3708 4598/4013/3705
f 4598/4013/3705 3375/4016/3708 1634/4017/3709 3373/4018/3710
f 3066/4014/3706 4598/4013/3705 3373/4018/3710 1502/4019/3711
f 1356/3473/3199 3069/4020/3712 4599/4021/3713 3067/4022/3714
f 1826/4023/3715 3765/4024/3716 4599/4021/3713 3069/4020/3712
f 1825/4025/3717 3374/4026/3718 4599/4021/3713 3765/4024/3716
f 1634/4017/3709 3375/4016/3708 4599/4021/3713 3374/4026/3719
f 1503/4015/3707 3067/4022/3714 4599/4021/3713 3375/4016/3708
f 1389/3971/3663 2994/4027/3720 4600/4028/3721 3784/3972/3664
f 2994/4027/3720 1464/4029/3722 3780/4030/3723 4600/4028/3721
f 4600/4028/3721 3780/4030/3723 1790/4031/3724 3725/4032/3725
f 3784/3972/3664 4600/4028/3721 3725/4032/3725 1787/3975/3667
f 1388/3910/3607 3079/4033/3726 4601/4034/3727 3200/4035/3728
f 3079/4033/3726 1509/4036/3729 3378/4037/3730 4601/4034/3727
f 4601/4034/3727 3378/4037/3730 1635/4038/3731 3376/4039/3732
f 3200/4035/3728 4601/4034/3727 3376/4039/3732 1569/4040/3733
f 1384/4041/3734 3199/4042/3735 4602/4043/3736 3187/4044/3737
f 3199/4042/3735 1569/4040/3733 3376/4039/3732 4602/4043/3736
f 4602/4043/3736 3376/4039/3732 1635/4038/3731 3377/4045/3738
f 3187/4044/3737 4602/4043/3736 3377/4045/3738 1563/4046/3739
f 1383/3339/3065 3188/4047/3740 4603/4048/3741 3080/4049/3742
f 3188/4047/3740 1563/4046/3739 3377/4045/3738 4603/4048/3741
f 4603/4048/3741 3377/4045/3738 1635/4038/3731 3378/4037/3730
f 3080/4049/3742 4603/4048/3741 3378/4037/3730 1509/4036/3729
f 1365/3773/3474 3081/3776/3477 4604/4050/3743 2899/4051/3744
f 3081/3776/3477 1510/3781/3482 3381/4052/3745 4604/4050/3743
f 4604/4050/3743 3381/4052/3745 1636/4053/3746 3379/4054/3747
f 2899/4051/3744 4604/4050/3743 3379/4054/3747 1414/4055/3748
f 1382/3324/3050 2898/4056/3749 4605/4057/3750 3176/4058/3751
f 2898/4056/3749 1414/4055/3748 3379/4054/3747 4605/4057/3750
f 4605/4057/3750 3379/4054/3747 1636/4053/3746 3380/4059/3752
f 3176/4058/3751 4605/4057/3750 3380/4059/3752 1557/4060/3753
f 1369/3665/3382 3175/4061/3754 4606/4062/3755 3082/3782/3483
f 3175/4061/3754 1557/4060/3753 3380/4059/3752 4606/4062/3755
f 4606/4062/3755 3380/4059/3752 1636/4053/3746 3381/4052/3745
f 3082/3782/3483 4606/4062/3755 3381/4052/3745 1510/3781/3482
f 1350/3581/3296 3083/4063/3756 4607/4064/3757 3230/4065/3758
f 3083/4063/3756 1511/4066/3759 3384/4067/3760 4607/4064/3757
f 4607/4064/3757 3384/4067/3760 1637/4068/3761 3382/4069/3762
f 3230/4065/3758 4607/4064/3757 3382/4069/3762 1584/4070/3763
f 1379/3868/3564 3229/4071/3764 4608/4072/3765 2978/3869/3565
f 3229/4071/3764 1584/4070/3763 3382/4069/3762 4608/4072/3765
f 4608/4072/3765 3382/4069/3762 1637/4068/3761 3383/4073/3766
f 2978/3869/3565 4608/4072/3765 3383/4073/3766 1456/3872/3568
f 1378/3257/2980 2979/3884/3580 4609/4074/3767 3084/4075/3768
f 2979/3884/3580 1456/3872/3568 3383/4073/3766 4609/4074/3767
f 4609/4074/3767 3383/4073/3766 1637/4068/3761 3384/4067/3760
f 3084/4075/3768 4609/4074/3767 3384/4067/3760 1511/4066/3759
f 1395/3757/3458 3088/3760/3461 4610/4076/3769 3115/3838/3534
f 3088/3760/3461 1513/3765/3466 3387/4077/3770 4610/4076/3769
f 4610/4076/3769 3387/4077/3770 1638/4078/3771 3385/4079/3772
f 3115/3838/3534 4610/4076/3769 3385/4079/3772 1526/3841/3537
f 1381/3611/3328 3114/3854/3550 4611/4080/3773 3086/4081/3774
f 3114/3854/3550 1526/3841/3537 3385/4079/3772 4611/4080/3773
f 4611/4080/3773 3385/4079/3772 1638/4078/3771 3386/4082/3775
f 3086/4081/3774 4611/4080/3773 3386/4082/3775 1512/4083/3776
f 1360/3354/3080 3085/4084/3777 4612/4085/3778 3087/3766/3467
f 3085/4084/3777 1512/4083/3776 3386/4082/3775 4612/4085/3778
f 4612/4085/3778 3386/4082/3775 1638/4078/3771 3387/4077/3770
f 3087/3766/3467 4612/4085/3778 3387/4077/3770 1513/3765/3466
f 1362/3375/3101 2904/3724/3425 4613/4086/3779 3015/4087/3780
f 2904/3724/3425 1417/3729/3430 3389/4088/3781 4613/4086/3779
f 4613/4086/3779 3389/4088/3781 1639/4089/3782 3390/4090/3783
f 3015/4087/3780 4613/4086/3779 3390/4090/3783 1474/4091/3784
f 1359/4092/3530 3029/4093/3785 4614/4094/3786 3045/4095/3787
f 3029/4093/3785 1482/4096/3788 3393/4097/3789 4614/4094/3786
f 4614/4094/3786 3393/4097/3789 1640/4098/3790 3391/4099/3791
f 3045/4095/3787 4614/4094/3786 3391/4099/3791 1491/4100/3792
f 1362/4101/3101 3015/4102/3780 4615/4103/3793 3028/4104/3794
f 3015/4102/3780 1474/4105/3784 3392/4106/3795 4615/4103/3793
f 4615/4103/3793 3392/4106/3795 1640/4107/3790 3393/4108/3789
f 3028/4104/3794 4615/4103/3793 3393/4108/3789 1482/4109/3788
f 1397/4110/3120 3091/4111/3796 4616/4112/3797 3040/4113/3410
f 3091/4111/3796 1515/4114/3798 3396/4115/3799 4616/4112/3797
f 4616/4112/3797 3396/4115/3799 1641/4116/3800 3394/4117/3801
f 3040/4113/3410 4616/4112/3797 3394/4117/3801 1489/4118/3413
f 1346/4119/3092 3041/4120/3422 4617/4121/3802 2885/4122/3126
f 3041/4120/3422 1489/4118/3413 3394/4117/3801 4617/4121/3802
f 4617/4121/3802 3394/4117/3801 1641/4116/3800 3395/4123/3803
f 2885/4122/3126 4617/4121/3802 3395/4123/3803 1406/4124/3129
f 1397/4110/3120 3234/4125/3804 4618/4126/3805 3091/4111/3796
f 3234/4125/3804 1587/4127/3806 3397/4128/3807 4618/4126/3805
f 4618/4126/3805 3397/4128/3807 1642/4129/3808 3398/4130/3809
f 3091/4111/3796 4618/4126/3805 3398/4130/3809 1515/4114/3798
f 1347/4131/3170 3020/4132/3810 4619/4133/3811 2949/4134/3171
f 3020/4132/3810 1477/4135/3812 3402/4136/3813 4619/4133/3811
f 4619/4133/3811 3402/4136/3813 1643/4137/3814 3400/4138/3815
f 2949/4134/3171 4619/4133/3811 3400/4138/3815 1439/4139/3169
f 1354/3233/2961 2948/4140/3162 4620/4141/3816 3018/3234/2962
f 2948/4140/3162 1439/4139/3169 3400/4138/3815 4620/4141/3816
f 4620/4141/3816 3400/4138/3815 1643/4137/3814 3401/4142/3817
f 3018/3234/2962 4620/4141/3816 3401/4142/3817 1476/3237/2965
f 1342/3494/2976 3019/4143/2979 4621/4144/3818 3021/4145/3819
f 3019/4143/2979 1476/4146/2965 3401/4147/3817 4621/4144/3818
f 4621/4144/3818 3401/4147/3817 1643/4148/3814 3402/4149/3813
f 3021/4145/3819 4621/4144/3818 3402/4149/3813 1477/4150/3812
f 1341/3487/3213 3683/4151/3820 4622/4152/3821 3147/4153/3822
f 3683/4151/3820 1739/4154/3823 3644/4155/3824 4622/4152/3821
f 4622/4152/3821 3644/4155/3824 1738/4156/3825 3690/4157/3826
f 3147/4153/3822 4622/4152/3821 3690/4157/3827 1542/4158/3828
f 1399/4159/2989 3146/4160/3829 4623/4161/3830 3693/4162/3831
f 3146/4160/3829 1542/4158/3828 3690/4157/3827 4623/4161/3830
f 4623/4161/3832 3690/4157/3826 1738/4156/3825 3648/4163/3833
f 3693/4162/3834 4623/4161/3832 3648/4163/3833 1741/4164/3835
f 1338/3426/3152 3699/3429/3155 4624/4165/3836 2953/4166/3235
f 3699/3429/3155 1724/3433/3159 3631/4167/3837 4624/4165/3838
f 4624/4165/3838 3631/4167/3837 1725/4168/3839 3696/4169/3840
f 2953/4166/3235 4624/4165/3836 3696/4169/3841 1442/4170/3238
f 1391/3465/3190 3130/4171/3842 4625/4172/3843 3240/3466/3191
f 1875/4173/3844 3849/4174/3845 4625/4172/3843 3130/4171/3842
f 1876/3469/3194 3240/3466/3191 4625/4172/3843 3849/4174/3845
f 1373/3381/3107 3125/4175/3846 4626/4176/3847 2950/4177/3848
f 3125/4175/3846 1531/4178/3849 3403/4179/3850 4626/4176/3847
f 4626/4176/3847 3403/4179/3850 1644/4180/3851 3404/4181/3852
f 2950/4177/3848 4626/4176/3847 3404/4181/3852 1440/4182/3853
f 1363/3408/3134 3022/3411/3137 4627/4183/3854 3145/4184/3855
f 3022/3411/3137 1478/3416/3142 3406/4185/3856 4627/4183/3854
f 4627/4183/3854 3406/4185/3856 1645/4186/3857 3407/4187/3858
f 3145/4184/3855 4627/4183/3854 3407/4187/3858 1541/4188/3859
f 1343/3620/3337 3144/4189/3860 4628/4190/3861 2958/4191/3862
f 3144/4189/3860 1541/4192/3859 3407/4193/3858 4628/4190/3861
f 4628/4190/3861 3407/4193/3858 1645/4194/3857 3408/4195/3863
f 2958/4191/3862 4628/4190/3861 3408/4195/3863 1446/4196/3864
f 1354/3233/2961 3095/3236/2964 4629/4197/3865 3154/4198/3324
f 1517/3241/2969 3411/4199/3866 4629/4197/3865 3095/3236/2964
f 1646/4200/3867 3409/4201/3868 4629/4197/3865 3411/4199/3866
f 1850/4202/3869 3814/4203/3870 4629/4197/3865 3409/4201/3871
f 1837/4204/3326 3154/4198/3324 4629/4197/3865 3814/4203/3870
f 1361/4205/3069 3827/4206/3318 4630/4207/3872 2964/4208/3873
f 1838/4209/3323 3815/4210/3874 4630/4207/3872 3827/4206/3318
f 1850/4202/3869 3409/4201/3871 4630/4207/3872 3815/4210/3874
f 1646/4200/3867 3410/4211/3875 4630/4207/3872 3409/4201/3868
f 1449/4212/3876 2964/4208/3873 4630/4207/3872 3410/4211/3875
f 1348/3242/2970 2965/4213/3877 4631/4214/3878 3094/3243/2971
f 2965/4213/3877 1449/4215/3876 3410/4216/3875 4631/4214/3878
f 4631/4214/3878 3410/4216/3875 1646/4217/3867 3411/4218/3866
f 3094/3243/2971 4631/4214/3878 3411/4218/3866 1517/3246/2969
f 1359/3829/3530 2929/4219/3879 4632/4220/3880 3174/4221/3881
f 2929/4219/3879 1866/4222/3882 3841/4223/3883 4632/4220/3880
f 4632/4220/3880 3841/4223/3883 1867/4224/3884 3860/4225/3885
f 3174/4221/3881 4632/4220/3880 3860/4225/3885 1556/4226/3886
f 1389/3971/3663 3196/4227/3887 4633/4228/3888 2994/4027/3720
f 3196/4227/3887 1567/4229/3889 3414/4230/3890 4633/4228/3888
f 4633/4228/3888 3414/4230/3890 1647/4231/3891 3412/4232/3892
f 2994/4027/3720 4633/4228/3888 3412/4232/3892 1464/4029/3722
f 1350/3581/3296 2996/4233/3893 4634/4234/3894 3195/4235/3895
f 2996/4233/3893 1465/4236/3896 3413/4237/3897 4634/4234/3894
f 4634/4234/3894 3413/4237/3897 1647/4231/3891 3414/4230/3890
f 3195/4235/3895 4634/4234/3894 3414/4230/3890 1567/4229/3889
f 1356/3473/3199 2887/3476/3202 4635/4238/3898 3004/4239/3899
f 2887/3476/3202 1407/3481/3207 3785/4240/3900 4635/4238/3898
f 4635/4238/3901 3785/4240/3902 1828/4241/3903 3766/4242/3904
f 3004/4239/3905 4635/4238/3901 3766/4242/3904 1827/4243/3906
f 1372/3274/2997 3783/3277/3000 4636/4244/3907 2886/3482/3208
f 3783/3277/3006 1829/3280/3005 3767/4245/3908 4636/4244/3909
f 4636/4244/3909 3767/4245/3908 1828/4241/3903 3785/4240/3902
f 2886/3482/3208 4636/4244/3907 3785/4240/3900 1407/3481/3207
f 1393/4246/3007 3002/4247/3910 4637/4248/3911 3225/4249/3912
f 3002/4247/3910 1468/4250/3913 3792/4251/3914 4637/4248/3911
f 4637/4248/3911 3792/4251/3914 1805/4252/3915 3754/4253/3916
f 3225/4249/3912 4637/4248/3911 3754/4253/3916 1816/4254/3917
f 1339/4255/3918 3790/4256/3919 4638/4257/3920 3003/4258/3921
f 3790/4256/3919 1806/4259/3922 3743/4260/3923 4638/4257/3920
f 4638/4257/3920 3743/4260/3923 1805/4252/3915 3792/4251/3914
f 3003/4258/3921 4638/4257/3920 3792/4251/3914 1468/4250/3913
f 1392/4261/3924 3796/4262/3925 4639/4263/3926 3777/4264/3927
f 1783/4265/3928 3721/4266/3929 4639/4263/3930 3796/4262/3931
f 1782/4267/3932 3777/4264/3933 4639/4263/3930 3721/4266/3929
f 1392/4268/3924 3777/4269/3927 4640/4270/3934 3001/4271/3935
f 1782/4272/3932 3720/4273/3936 4640/4270/3937 3777/4269/3933
f 1779/4274/3938 3001/4271/3939 4640/4270/3940 3720/4273/3940
f 1350/3581/3296 2895/3896/3592 4641/4275/3941 2996/4233/3893
f 2895/3896/3592 1412/3898/3594 3417/4276/3942 4641/4275/3941
f 4641/4275/3941 3417/4276/3942 1648/4277/3943 3415/4278/3944
f 2996/4233/3893 4641/4275/3941 3415/4278/3944 1465/4236/3896
f 1379/3868/3564 3103/4279/3945 4642/4280/3946 3183/4281/3947
f 3103/4279/3945 1520/4282/3948 3420/4283/3949 4642/4280/3946
f 4642/4280/3946 3420/4283/3949 1649/4284/3950 3418/4285/3951
f 3183/4281/3947 4642/4280/3946 3418/4285/3951 1561/4286/3952
f 1344/3885/3581 3184/4287/3953 4643/4288/3954 3071/4289/3955
f 3184/4287/3953 1561/4286/3952 3418/4285/3951 4643/4288/3954
f 4643/4288/3954 3418/4285/3951 1649/4284/3950 3419/4290/3956
f 3071/4289/3955 4643/4288/3954 3419/4290/3956 1504/4291/3957
f 1337/3982/3671 3070/4292/3958 4644/4293/3959 3102/4294/3960
f 3070/4292/3958 1504/4291/3957 3419/4290/3956 4644/4293/3959
f 4644/4293/3959 3419/4290/3956 1649/4284/3950 3420/4283/3949
f 3102/4294/3960 4644/4293/3959 3420/4283/3949 1520/4282/3948
f 1366/3899/3595 3078/3902/3598 4645/4295/3961 3192/4296/3962
f 3078/3902/3598 1508/3909/3605 3421/4297/3963 4645/4295/3961
f 4645/4295/3961 3421/4297/3963 1650/4298/3964 3422/4299/3965
f 3192/4296/3962 4645/4295/3961 3422/4299/3965 1565/4300/3966
f 1385/4301/3967 3191/4302/3968 4646/4303/3969 2931/4304/3970
f 3191/4302/3968 1565/4300/3966 3422/4299/3965 4646/4303/3969
f 4646/4303/3969 3422/4299/3965 1650/4298/3964 3423/4305/3971
f 2931/4304/3970 4646/4303/3969 3423/4305/3971 1430/4306/3972
f 1384/4041/3734 3187/4044/3737 4647/4307/3973 3107/4308/3974
f 3187/4044/3737 1563/4046/3739 3426/4309/3975 4647/4307/3973
f 4647/4307/3973 3426/4309/3975 1651/4310/3976 3424/4311/3977
f 3107/4308/3974 4647/4307/3973 3424/4311/3977 1522/4312/3978
f 1390/3943/3621 3106/4313/3979 4648/4314/3980 2914/4315/3981
f 3106/4313/3979 1522/4312/3978 3424/4311/3977 4648/4314/3980
f 4648/4314/3980 3424/4311/3977 1651/4310/3976 3425/4316/3982
f 2914/4315/3981 4648/4314/3980 3425/4316/3982 1423/4317/3983
f 1383/3339/3065 2915/4318/3984 4649/4319/3985 3188/4047/3740
f 2915/4318/3984 1423/4317/3983 3425/4316/3982 4649/4319/3985
f 4649/4319/3985 3425/4316/3982 1651/4310/3976 3426/4309/3975
f 3188/4047/3740 4649/4319/3985 3426/4309/3975 1563/4046/3739
f 1369/3665/3382 2985/3802/3503 4650/4320/3986 3175/4061/3754
f 2985/3802/3503 1459/3807/3508 3429/4321/3987 4650/4320/3986
f 4650/4320/3986 3429/4321/3987 1652/4322/3988 3427/4323/3989
f 3175/4061/3754 4650/4320/3986 3427/4323/3989 1557/4060/3753
f 1382/3324/3050 3176/4058/3751 4651/4324/3990 2882/3325/3051
f 3176/4058/3751 1557/4060/3753 3427/4323/3989 4651/4324/3990
f 4651/4324/3990 3427/4323/3989 1652/4322/3988 3428/4325/3991
f 2882/3325/3051 4651/4324/3990 3428/4325/3991 1404/3328/3054
f 1383/3339/3065 2883/3342/3068 4652/4326/3992 2984/3808/3509
f 2883/3342/3068 1404/3328/3054 3428/4325/3991 4652/4326/3992
f 4652/4326/3992 3428/4325/3991 1652/4322/3988 3429/4321/3987
f 2984/3808/3509 4652/4326/3992 3429/4321/3987 1459/3807/3508
f 1379/3868/3564 3111/3871/3567 4653/4327/3993 2989/4328/3994
f 3111/3871/3567 1524/3876/3572 3432/4329/3995 4653/4327/3993
f 4653/4327/3993 3432/4329/3995 1653/4330/3996 3430/4331/3997
f 2989/4328/3994 4653/4327/3993 3430/4331/3997 1461/4332/3998
f 1387/3292/3018 2988/4333/3999 4654/4334/4000 3053/4335/4001
f 2988/4333/3999 1461/4332/3998 3430/4331/3997 4654/4334/4000
f 4654/4334/4000 3430/4331/3997 1653/4330/3996 3431/4336/4002
f 3053/4335/4001 4654/4334/4000 3431/4336/4002 1495/4337/4003
f 1396/3637/3354 3052/4338/4004 4655/4339/4005 3110/3877/3573
f 3052/4338/4004 1495/4337/4003 3431/4336/4002 4655/4339/4005
f 4655/4339/4005 3431/4336/4002 1653/4330/3996 3432/4329/3995
f 3110/3877/3573 4655/4339/4005 3432/4329/3995 1524/3876/3572
f 1395/3757/3458 2933/4340/4006 4656/4341/4007 2939/3758/3459
f 2933/4340/4006 1431/4342/4008 3435/4343/4009 4656/4341/4007
f 4656/4341/4007 3435/4343/4009 1654/4344/4010 3433/4345/4011
f 2939/3758/3459 4656/4341/4007 3433/4345/4011 1434/3761/3462
f 1370/4346/4012 2897/4347/4013 4657/4348/4014 2932/4349/4015
f 2897/4347/4013 1413/4350/4016 3434/4351/4017 4657/4348/4014
f 4657/4348/4014 3434/4351/4017 1654/4344/4010 3435/4343/4009
f 2932/4349/4015 4657/4348/4014 3435/4343/4009 1431/4342/4008
f 1380/3684/3396 3121/3687/3399 4658/4352/4018 3046/3816/3517
f 3121/3687/3399 1528/3692/3404 3438/4353/4019 4658/4352/4018
f 4658/4352/4018 3438/4353/4019 1655/4354/4020 3436/4355/4021
f 3046/3816/3517 4658/4352/4018 3436/4355/4021 1492/3819/3520
f 1359/3829/3530 3047/3832/3533 4659/4356/4022 3029/4357/3785
f 3047/3832/3533 1492/3837/3520 3436/4358/4021 4659/4356/4022
f 4659/4356/4022 3436/4358/4021 1655/4359/4020 3437/4360/4023
f 3029/4357/3785 4659/4356/4022 3437/4360/4023 1482/4109/3788
f 1362/3375/3101 3028/4361/3794 4660/4362/4024 3120/3693/3405
f 3028/4361/3794 1482/4363/3788 3437/4364/4023 4660/4362/4024
f 4660/4362/4024 3437/4364/4023 1655/4354/4020 3438/4353/4019
f 3120/3693/3405 4660/4362/4024 3438/4353/4019 1528/3692/3404
f 1376/3540/3262 3168/3631/3348 4661/4365/4025 2973/4366/4026
f 3168/3631/3348 1553/3636/3353 3441/4367/4027 4661/4365/4025
f 4661/4365/4025 3441/4367/4027 1656/4368/4028 3439/4369/4029
f 2973/4366/4026 4661/4365/4025 3439/4369/4029 1453/4370/4030
f 1378/3257/2980 2972/4371/4031 4662/4372/4032 2900/3882/3578
f 2972/4371/4031 1453/4370/4030 3439/4369/4029 4662/4372/4032
f 4662/4372/4032 3439/4369/4029 1656/4368/4028 3440/4373/4033
f 2900/3882/3578 4662/4372/4032 3440/4373/4033 1415/3881/3577
f 1396/3637/3354 2901/3879/3575 4663/4374/4034 3167/3638/3355
f 2901/3879/3575 1415/3881/3577 3440/4373/4033 4663/4374/4034
f 4663/4374/4034 3440/4373/4033 1656/4368/4028 3441/4367/4027
f 3167/3638/3355 4663/4374/4034 3441/4367/4027 1553/3636/3353
f 1343/3620/3337 3158/4375/4035 4664/4376/4036 3162/4377/4037
f 3158/4375/4035 1548/4378/4038 3444/4379/4039 4664/4376/4036
f 4664/4376/4036 3444/4379/4039 1657/4380/4040 3442/4381/4041
f 3162/4377/4037 4664/4376/4036 3442/4381/4041 1550/4382/4042
f 1350/3581/3296 3161/4383/4043 4665/4384/4044 3163/3582/3297
f 3161/4383/4043 1550/4382/4042 3442/4381/4041 4665/4384/4044
f 4665/4384/4044 3442/4381/4041 1657/4380/4040 3443/4385/4045
f 3163/3582/3297 4665/4384/4044 3443/4385/4045 1551/3580/3295
f 1352/3523/3248 3164/3576/3291 4666/4386/4046 3157/4387/4047
f 3164/3576/3291 1551/3580/3295 3443/4385/4045 4666/4386/4046
f 4666/4386/4046 3443/4385/4045 1657/4380/4040 3444/4379/4039
f 3157/4387/4047 4666/4386/4046 3444/4379/4039 1548/4378/4038
f 1375/3417/3143 3127/4388/4048 4667/4389/4049 3090/4390/4050
f 3127/4388/4048 1532/4391/4051 3447/4392/4052 4667/4389/4049
f 4667/4389/4049 3447/4392/4052 1658/4393/4053 3445/4394/4054
f 3090/4390/4050 4667/4389/4049 3445/4394/4054 1514/4395/4055
f 1371/3362/3088 3089/4396/4056 4668/4397/4057 3143/4398/4058
f 3089/4396/4056 1514/4395/4055 3445/4394/4054 4668/4397/4057
f 4668/4397/4057 3445/4394/4054 1658/4393/4053 3446/4399/4059
f 3143/4398/4058 4668/4397/4057 3446/4399/4059 1540/4400/4060
f 1363/3408/3134 3142/4401/4061 4669/4402/4062 3126/4403/4063
f 3142/4401/4061 1540/4404/4060 3446/4405/4059 4669/4402/4062
f 4669/4402/4062 3446/4405/4059 1658/4406/4053 3447/4407/4052
f 3126/4403/4063 4669/4402/4062 3447/4407/4052 1532/4408/4051
f 1343/4409/3337 2958/4410/3862 4670/4411/4064 3124/4412/4065
f 2958/4410/3862 1446/4413/3864 3448/4414/4066 4670/4411/4064
f 4670/4411/4064 3448/4414/4066 1659/4415/4067 3449/4416/4068
f 3124/4412/4065 4670/4411/4064 3449/4416/4068 1530/4417/4069
f 1373/3381/3107 2950/4177/3848 4671/4418/4070 3032/4419/4071
f 2950/4177/3848 1440/4182/3853 3453/4420/4072 4671/4418/4070
f 4671/4418/4070 3453/4420/4072 1660/4421/4073 3451/4422/4074
f 3032/4419/4071 4671/4418/4070 3451/4422/4074 1485/4423/4075
f 1374/3730/3431 3033/4424/4076 4672/4425/4077 3129/4426/4078
f 3033/4424/4076 1485/4423/4075 3451/4422/4074 4672/4425/4077
f 4672/4425/4077 3451/4422/4074 1660/4421/4073 3452/4427/4079
f 3129/4426/4078 4672/4425/4077 3452/4427/4079 1533/4428/4080
f 1374/3730/3431 3129/4426/4078 4673/4429/4081 3034/3731/3432
f 3129/4426/4078 1533/4428/4080 3861/4430/4082 4673/4429/4081
f 4673/4429/4083 3861/4430/4084 1858/4431/4085 3833/4432/4086
f 3034/3731/3432 4673/4429/4083 3833/4432/4086 1859/3734/3435
f 1359/3829/3530 3045/4433/3787 4674/4434/4087 2929/4219/3879
f 3045/4433/3787 1491/4435/3792 3862/4436/4088 4674/4434/4087
f 4674/4434/4087 3862/4436/4088 1865/4437/4089 3840/4438/4090
f 2929/4219/3879 4674/4434/4087 3840/4438/4090 1866/4222/3882
f 1400/4439/3271 2959/4440/3274 4675/4441/4091 3680/4442/4092
f 1746/4443/4093 3654/4444/4094 4675/4441/4095 2959/4440/4093
f 1748/4445/4096 3680/4442/4097 4675/4441/4095 3654/4444/4094
f 1353/4446/3378 3689/4447/4098 4676/4448/4099 3235/4449/4100
f 1750/4450/4101 3657/4451/4102 4676/4448/4099 3689/4447/4098
f 1751/4452/4103 3235/4449/4100 4676/4448/4099 3657/4451/4102
f 1349/3680/3304 3038/3683/3395 4677/4453/4104 2967/4454/4105
f 3038/3683/3395 1488/3669/3386 3460/4455/4106 4677/4453/4104
f 4677/4453/4104 3460/4455/4106 1662/4456/4107 3457/4457/4108
f 2967/4454/4105 4677/4453/4104 3457/4457/4108 1450/4458/4109
f 1450/4458/4109 3457/4457/4108 4678/4459/4110 2966/4460/4111
f 3457/4457/4108 1662/4456/4107 3458/4461/4112 4678/4459/4110
f 4678/4459/4110 3458/4461/4112 1454/4462/4113 2975/4463/4114
f 2966/4460/4111 4678/4459/4110 2975/4463/4114 1377/4464/2952
f 1662/4456/4107 3459/4465/4115 4679/4466/4116 3458/4461/4112
f 3459/4465/4115 1554/3786/3487 3170/3787/3488 4679/4466/4116
f 4679/4466/4116 3170/3787/3488 1398/3655/3372 2974/4467/4117
f 3458/4461/4112 4679/4466/4116 2974/4467/4117 1454/4462/4113
f 1488/3669/3386 3039/3666/3383 4680/4468/4118 3460/4455/4106
f 3039/3666/3383 1369/3665/3382 3169/3784/3485 4680/4468/4118
f 4680/4468/4118 3169/3784/3485 1554/3786/3487 3459/4465/4115
f 3460/4455/4106 4680/4468/4118 3459/4465/4115 1662/4456/4107
f 1347/4469/3170 3133/4470/3177 4681/4471/4119 3020/4472/3810
f 3133/4470/3177 1535/4473/3181 3463/4474/4120 4681/4471/4119
f 4681/4471/4119 3463/4474/4120 1663/4475/4121 3461/4476/4122
f 3020/4472/3810 4681/4471/4119 3461/4476/4122 1477/4477/3812
f 1342/3494/3220 3021/4145/4123 4682/4478/4124 2956/3495/3221
f 3021/4145/3819 1477/4150/3812 3461/4479/4122 4682/4478/4125
f 4682/4478/4125 3461/4479/4122 1663/4480/4121 3462/4481/4126
f 2956/3495/3221 4682/4478/4124 3462/4481/4127 1444/3498/3224
f 1338/3509/3152 3135/3512/3237 4683/4482/4128 2910/4483/3153
f 3135/3512/3237 1536/3517/3242 3466/4484/4129 4683/4482/4128
f 4683/4482/4128 3466/4484/4129 1664/4485/4130 3464/4486/4131
f 2910/4483/3153 4683/4482/4128 3464/4486/4131 1421/4487/3151
f 1375/4488/3143 2911/4489/3146 4684/4490/4132 3127/4491/4048
f 2911/4489/3146 1421/4487/3151 3464/4486/4131 4684/4490/4132
f 4684/4490/4132 3464/4486/4131 1664/4485/4130 3465/4492/4133
f 3127/4491/4048 4684/4490/4132 3465/4492/4133 1532/4408/4051
f 1363/3408/3134 3126/4403/4063 4685/4493/4134 3134/3518/3243
f 3126/4403/4063 1532/4408/4051 3465/4492/4133 4685/4493/4134
f 4685/4493/4134 3465/4492/4133 1664/4485/4130 3466/4484/4129
f 3134/3518/3243 4685/4493/4134 3466/4484/4129 1536/3517/3242
f 1363/3408/3134 2909/3520/3245 4686/4494/4135 3708/3409/3135
f 2909/3520/3245 1420/3522/3247 3704/4495/4136 4686/4494/4135
f 4686/4494/4135 3704/4495/4137 1728/4496/4138 3635/4497/4139
f 3708/3409/3135 4686/4494/4135 3635/4497/4139 1729/3412/3138
f 1377/4464/2952 3152/4498/2955 4687/4499/4140 2966/4460/4111
f 3152/4498/2955 1545/4500/2960 3467/4501/4141 4687/4499/4140
f 4687/4499/4140 3467/4501/4141 1665/4502/4142 3468/4503/4143
f 2966/4460/4111 4687/4499/4140 3468/4503/4143 1450/4458/4109
f 1349/3589/3304 2967/4504/4105 4688/4505/4144 2960/4506/4145
f 2967/4504/4105 1450/4507/4109 3468/4508/4143 4688/4505/4144
f 4688/4505/4144 3468/4508/4143 1665/4509/4142 3469/4510/4146
f 2960/4506/4145 4688/4505/4144 3469/4510/4146 1447/4511/4147
f 1349/3589/3304 2960/4506/4145 4689/4512/4148 3035/3590/3305
f 1447/4511/4147 3711/4513/4149 4689/4512/4148 2960/4506/4145
f 1760/4514/4150 3666/4515/4151 4689/4512/4148 3711/4513/4149
f 1755/4516/4152 3712/4517/4153 4689/4512/4148 3666/4515/4151
f 1486/3593/3308 3035/3590/3305 4689/4512/4148 3712/4517/4153
f 1397/4518/3120 3153/4519/3123 4690/4520/4154 3234/4521/3804
f 3153/4519/3123 1546/4522/3125 3470/4523/4155 4690/4520/4154
f 4690/4520/4154 3470/4523/4155 1666/4524/4156 3471/4525/4157
f 3234/4521/3804 4690/4520/4154 3471/4525/4157 1587/4526/3806
f 1346/3366/3092 3139/3402/3128 4691/4527/4158 2961/3367/3093
f 3139/3402/3128 1538/3407/3133 3475/4528/4159 4691/4527/4158
f 4691/4527/4158 3475/4528/4159 1667/4529/4160 3473/4530/4161
f 2961/3367/3093 4691/4527/4158 3473/4530/4161 1448/3370/3096
f 1373/3381/3107 2962/3384/3110 4692/4531/4162 3125/4175/3846
f 2962/3384/3110 1448/3370/3096 3473/4530/4161 4692/4531/4162
f 4692/4531/4162 3473/4530/4161 1667/4529/4160 3474/4532/4163
f 3125/4175/3846 4692/4531/4162 3474/4532/4163 1531/4178/3849
f 1371/3362/3088 3143/4398/4058 4693/4533/4164 2907/3626/3343
f 3143/4398/4058 1540/4400/4060 3478/4534/4165 4693/4533/4164
f 4693/4533/4164 3478/4534/4165 1668/4535/4166 3476/4536/4167
f 2907/3626/3343 4693/4533/4164 3476/4536/4167 1419/3625/3342
f 1343/3620/3337 2908/3623/3340 4694/4537/4168 3144/4189/3860
f 2908/3623/3340 1419/3625/3342 3476/4536/4167 4694/4537/4168
f 4694/4537/4168 3476/4536/4167 1668/4535/4166 3477/4538/4169
f 3144/4189/3860 4694/4537/4168 3477/4538/4169 1541/4192/3859
f 1363/3408/3134 3145/4184/3855 4695/4539/4170 3142/4401/4061
f 3145/4184/3855 1541/4188/3859 3477/4540/4169 4695/4539/4170
f 4695/4539/4170 3477/4540/4169 1668/4541/4166 3478/4542/4165
f 3142/4401/4061 4695/4539/4170 3478/4542/4165 1540/4404/4060
f 1341/3532/3213 3147/4543/3822 4696/4544/4171 3166/4545/4172
f 3147/4543/3822 1542/4546/3828 3481/4547/4173 4696/4544/4171
f 4696/4544/4171 3481/4547/4173 1669/4548/4174 3479/4549/4175
f 3166/4545/4172 4696/4544/4171 3479/4549/4175 1552/4550/4176
f 1378/3257/2980 3165/4551/4177 4697/4552/4178 3016/3258/2981
f 3165/4551/4177 1552/4550/4176 3479/4549/4175 4697/4552/4178
f 4697/4552/4178 3479/4549/4175 1669/4548/4174 3480/4553/4179
f 3016/3258/2981 4697/4552/4178 3480/4553/4179 1475/3261/2984
f 1399/3266/2989 3017/3269/2992 4698/4554/4180 3146/4555/3829
f 3017/3269/2992 1475/3261/2984 3480/4553/4179 4698/4554/4180
f 4698/4554/4180 3480/4553/4179 1669/4548/4174 3481/4547/4173
f 3146/4555/3829 4698/4554/4180 3481/4547/4173 1542/4546/3828
f 1378/3257/2980 3023/3260/2983 4699/4556/4181 2972/4371/4031
f 3023/3260/2983 1479/3265/2988 3482/4557/4182 4699/4556/4181
f 4699/4556/4181 3482/4557/4182 1670/4558/4183 3483/4559/4184
f 2972/4371/4031 4699/4556/4181 3483/4559/4184 1453/4370/4030
f 1376/3540/3262 2973/4366/4026 4700/4560/4185 2947/3541/3263
f 2973/4366/4026 1453/4370/4030 3483/4559/4184 4700/4560/4185
f 4700/4560/4185 3483/4559/4184 1670/4558/4183 3484/4561/4186
f 2947/3541/3263 4700/4560/4185 3484/4561/4186 1438/3544/3266
f 1376/3540/3262 3151/3543/3265 4701/4562/4187 3149/3629/3346
f 3151/3543/3265 1544/3548/3270 3487/4563/4188 4701/4562/4187
f 4701/4562/4187 3487/4563/4188 1671/4564/4189 3485/4565/4190
f 3149/3629/3346 4701/4562/4187 3485/4565/4190 1543/3632/3349
f 1364/3643/3360 3148/3646/3363 4702/4566/4191 3093/4567/4192
f 3148/3646/3363 1543/3632/3349 3485/4565/4190 4702/4566/4191
f 4702/4566/4191 3485/4565/4190 1671/4564/4189 3486/4568/4193
f 3093/4567/4192 4702/4566/4191 3486/4568/4193 1516/4569/4194
f 1400/3549/3271 3092/4570/4195 4703/4571/4196 3150/3550/3272
f 3092/4570/4195 1516/4569/4194 3486/4568/4193 4703/4571/4196
f 4703/4571/4196 3486/4568/4193 1671/4564/4189 3487/4563/4188
f 3150/3550/3272 4703/4571/4196 3487/4563/4188 1544/3548/3270
f 1373/3381/3107 3032/4419/4071 4704/4572/4197 2945/3382/3108
f 3032/4419/4071 1485/4423/4075 3490/4573/4198 4704/4572/4197
f 4704/4572/4197 3490/4573/4198 1672/4574/4199 3488/4575/4200
f 2945/3382/3108 4704/4572/4197 3488/4575/4200 1437/3380/3106
f 1362/3375/3101 2944/3378/3104 4705/4576/4201 3042/3722/3423
f 2944/3378/3104 1437/3380/3106 3488/4575/4200 4705/4576/4201
f 4705/4576/4201 3488/4575/4200 1672/4574/4199 3489/4577/4202
f 3042/3722/3423 4705/4576/4201 3489/4577/4202 1490/3725/3426
f 1374/3730/3431 3043/3733/3434 4706/4578/4203 3033/4424/4076
f 3043/3733/3434 1490/3725/3426 3489/4577/4202 4706/4578/4203
f 4706/4578/4203 3489/4577/4202 1672/4574/4199 3490/4573/4198
f 3033/4424/4076 4706/4578/4203 3490/4573/4198 1485/4423/4075
f 1360/4579/3080 3824/4580/3451 4707/4581/4204 3826/4582/3081
f 1842/4583/3456 3806/4584/4205 4707/4581/4206 3824/4580/3457
f 1841/4585/3084 3826/4582/3081 4707/4581/4204 3806/4584/4207
f 1361/3343/3069 3119/3346/3072 4708/4586/4208 2963/3601/3316
f 1840/3353/3079 3805/4587/4209 4708/4586/4210 3119/3346/3072
f 1839/3604/3319 2963/3601/3322 4708/4586/4210 3805/4587/4209
f 1348/3242/2970 3156/4588/4211 4709/4589/4212 2965/4213/3877
f 3156/4588/4211 1547/4590/4213 3493/4591/4214 4709/4589/4212
f 4709/4589/4212 3493/4591/4214 1673/4592/4215 3491/4593/4216
f 2965/4213/3877 4709/4589/4212 3491/4593/4216 1449/4215/3876
f 1361/3343/3069 2964/4594/3873 4710/4595/4217 2970/3344/3070
f 2964/4594/3873 1449/4215/3876 3491/4593/4216 4710/4595/4217
f 4710/4595/4217 3491/4593/4216 1673/4592/4215 3492/4596/4218
f 2970/3344/3070 4710/4595/4217 3492/4596/4218 1452/3347/3073
f 1371/3362/3088 2971/3365/3091 4711/4597/4219 3155/4598/4220
f 2971/3365/3091 1452/3347/3073 3492/4596/4218 4711/4597/4219
f 4711/4597/4219 3492/4596/4218 1673/4592/4215 3493/4591/4214
f 3155/4598/4220 4711/4597/4219 3493/4591/4214 1547/4590/4213
f 1353/3661/3378 3123/4599/4221 4712/4600/4222 3037/3662/3379
f 3123/4599/4221 1529/4601/4223 3496/4602/4224 4712/4600/4222
f 4712/4600/4222 3496/4602/4224 1674/4603/4225 3494/4604/4226
f 3037/3662/3379 4712/4600/4222 3494/4604/4226 1487/3660/3377
f 1398/3655/3372 3036/3658/3375 4713/4605/4227 2974/4467/4117
f 3036/3658/3375 1487/3660/3377 3494/4604/4226 4713/4605/4227
f 4713/4605/4227 3494/4604/4226 1674/4603/4225 3495/4606/4228
f 2974/4467/4117 4713/4605/4227 3495/4606/4228 1454/4462/4113
f 1377/4464/2952 2975/4463/4114 4714/4607/4229 3122/4608/4230
f 2975/4463/4114 1454/4462/4113 3495/4606/4228 4714/4607/4229
f 4714/4607/4229 3495/4606/4228 1674/4603/4225 3496/4602/4224
f 3122/4608/4230 4714/4607/4229 3496/4602/4224 1529/4601/4223
f 1343/3620/3337 3162/4377/4037 4715/4609/4231 2928/3621/3338
f 3162/4377/4037 1550/4382/4042 3499/4610/4232 4715/4609/4231
f 4715/4609/4231 3499/4610/4232 1675/4611/4233 3497/4612/4234
f 2928/3621/3338 4715/4609/4231 3497/4612/4234 1429/3619/3336
f 1381/3611/3328 2927/3614/3331 4716/4613/4235 2977/3855/3551
f 2927/3614/3331 1429/3619/3336 3497/4612/4234 4716/4613/4235
f 4716/4613/4235 3497/4612/4234 1675/4611/4233 3498/4614/4236
f 2977/3855/3551 4716/4613/4235 3498/4614/4236 1455/3857/3553
f 1350/3581/3296 2976/3867/3563 4717/4615/4237 3161/4383/4043
f 2976/3867/3563 1455/3857/3553 3498/4614/4236 4717/4615/4237
f 4717/4615/4237 3498/4614/4236 1675/4611/4233 3499/4610/4232
f 3161/4383/4043 4717/4615/4237 3499/4610/4232 1550/4382/4042
f 1341/3532/3213 3166/4545/4172 4718/4616/4238 2903/3587/3302
f 3166/4545/4172 1552/4550/4176 3502/4617/4239 4718/4616/4238
f 4718/4616/4238 3502/4617/4239 1676/4618/4240 3500/4619/4241
f 2903/3587/3302 4718/4616/4238 3500/4619/4241 1416/3586/3301
f 1350/3581/3296 2902/3584/3299 4719/4620/4242 3083/4063/3756
f 2902/3584/3299 1416/3586/3301 3500/4619/4241 4719/4620/4242
f 4719/4620/4242 3500/4619/4241 1676/4618/4240 3501/4621/4243
f 3083/4063/3756 4719/4620/4242 3501/4621/4243 1511/4066/3759
f 1378/3257/2980 3084/4075/3768 4720/4622/4244 3165/4551/4177
f 3084/4075/3768 1511/4066/3759 3501/4621/4243 4720/4622/4244
f 4720/4622/4244 3501/4621/4243 1676/4618/4240 3502/4617/4239
f 3165/4551/4177 4720/4622/4244 3502/4617/4239 1552/4550/4176
f 1370/4346/4012 3177/4623/4245 4721/4624/4246 2897/4347/4013
f 3177/4623/4245 1558/4625/4247 3506/4626/4248 4721/4624/4246
f 4721/4624/4246 3506/4626/4248 1677/4627/4249 3503/4628/4250
f 2897/4347/4013 4721/4624/4246 3503/4628/4250 1413/4350/4016
f 1413/4629/4016 3503/4630/4250 4722/4631/4251 2896/4632/4252
f 3503/4630/4250 1677/4633/4249 3504/4634/4253 4722/4631/4251
f 4722/4631/4251 3504/4634/4253 1846/4635/4254 3809/4636/4255
f 2896/4632/4252 4722/4631/4251 3809/4636/4255 1845/4637/4256
f 1677/4627/4249 3505/4638/4257 4723/4639/4258 3504/4640/4253
f 3505/4638/4257 1430/4306/3972 2930/4641/4259 4723/4639/4258
f 4723/4639/4258 2930/4641/4259 1847/4642/4260 3810/4643/4261
f 3504/4640/4253 4723/4639/4258 3810/4643/4261 1846/4644/4254
f 1558/4625/4247 3178/4645/4262 4724/4646/4263 3506/4626/4248
f 3178/4645/4262 1385/4301/3967 2931/4304/3970 4724/4646/4263
f 4724/4646/4263 2931/4304/3970 1430/4306/3972 3505/4638/4257
f 3506/4626/4248 4724/4646/4263 3505/4638/4257 1677/4627/4249
f 1397/3698/3120 3025/3701/3412 4725/4647/4264 3097/3744/3445
f 3025/3701/3412 1480/3706/3417 3509/4648/4265 4725/4647/4264
f 4725/4647/4264 3509/4648/4265 1678/4649/4266 3507/4650/4267
f 3097/3744/3445 4725/4647/4264 3507/4650/4267 1518/3743/3444
f 1369/3665/3382 3098/3739/3440 4726/4651/4268 2934/3800/3501
f 3098/3739/3440 1518/3743/3444 3507/4650/4267 4726/4651/4268
f 4726/4651/4268 3507/4650/4267 1678/4649/4266 3508/4652/4269
f 2934/3800/3501 4726/4651/4268 3508/4652/4269 1432/3803/3504
f 1380/3684/3396 2935/3815/3516 4727/4653/4270 3024/4654/3418
f 2935/3815/3516 1432/3803/3504 3508/4652/4269 4727/4653/4270
f 4727/4653/4270 3508/4652/4269 1678/4649/4266 3509/4648/4265
f 3024/4654/3418 4727/4653/4270 3509/4648/4265 1480/3706/3417
f 1360/3354/3080 3822/3768/3469 4728/4655/4271 3116/3751/3449
f 1844/3772/3473 3808/4656/4272 4728/4655/4271 3822/3768/3469
f 1843/3754/3452 3116/3751/3455 4728/4655/4271 3808/4656/4272
f 1396/3637/3354 2912/3640/3357 4729/4657/4273 2936/4658/4274
f 2912/3640/3357 1422/3642/3359 3512/4659/4275 4729/4657/4273
f 4729/4657/4273 3512/4659/4275 1679/4660/4276 3510/4661/4277
f 2936/4658/4274 4729/4657/4273 3510/4661/4277 1433/4662/4278
f 1365/3773/3474 2937/4663/4279 4730/4664/4280 2980/3796/3497
f 2937/4663/4279 1433/4662/4278 3510/4661/4277 4730/4664/4280
f 4730/4664/4280 3510/4661/4277 1679/4660/4276 3511/4665/4281
f 2980/3796/3497 4730/4664/4280 3511/4665/4281 1457/3795/3496
f 1364/3643/3360 2981/3791/3492 4731/4666/4282 2913/3644/3361
f 2981/3791/3492 1457/3795/3496 3511/4665/4281 4731/4666/4282
f 4731/4666/4282 3511/4665/4281 1679/4660/4276 3512/4659/4275
f 2913/3644/3361 4731/4666/4282 3512/4659/4275 1422/3642/3359
f 1359/3829/3530 3174/4221/3881 4732/4667/4283 3049/3830/3531
f 3174/4221/3881 1556/4226/3886 3515/4668/4284 4732/4667/4283
f 4732/4667/4283 3515/4668/4284 1680/4669/4285 3513/4670/4286
f 3049/3830/3531 4732/4667/4283 3513/4670/4286 1493/3833/3529
f 1358/3309/3038 3048/3826/3527 4733/4671/4287 2892/3310/3039
f 3048/3826/3527 1493/3828/3529 3513/4672/4286 4733/4671/4287
f 4733/4671/4287 3513/4672/4286 1680/4673/4285 3514/4674/4288
f 2892/3310/3039 4733/4671/4287 3514/4674/4288 1410/3313/3042
f 1396/3637/3354 2936/4658/4274 4734/4675/4289 3052/4338/4004
f 2936/4658/4274 1433/4662/4278 3518/4676/4290 4734/4675/4289
f 4734/4675/4289 3518/4676/4290 1681/4677/4291 3516/4678/4292
f 3052/4338/4004 4734/4675/4289 3516/4678/4292 1495/4337/4003
f 1387/3292/3018 3053/4335/4001 4735/4679/4293 3198/4680/4294
f 3053/4335/4001 1495/4337/4003 3516/4678/4292 4735/4679/4293
f 4735/4679/4293 3516/4678/4292 1681/4677/4291 3517/4681/4295
f 3198/4680/4294 4735/4679/4293 3517/4681/4295 1568/4682/4296
f 1365/3773/3474 3197/4683/4297 4736/4684/4298 2937/4663/4279
f 3197/4683/4297 1568/4682/4296 3517/4681/4295 4736/4684/4298
f 4736/4684/4298 3517/4681/4295 1681/4677/4291 3518/4676/4290
f 2937/4663/4279 4736/4684/4298 3518/4676/4290 1433/4662/4278
f 1395/3757/3458 3180/3840/3536 4737/4685/4299 2933/4340/4006
f 3180/3840/3536 1559/3845/3541 3521/4686/4300 4737/4685/4299
f 4737/4685/4299 3521/4686/4300 1682/4687/4301 3519/4688/4302
f 2933/4340/4006 4737/4685/4299 3519/4688/4302 1431/4342/4008
f 1370/4346/4012 2932/4349/4015 4738/4689/4303 3012/4690/4304
f 2932/4349/4015 1431/4342/4008 3519/4688/4302 4738/4689/4303
f 4738/4689/4303 3519/4688/4302 1682/4687/4301 3520/4691/4305
f 3012/4690/4304 4738/4689/4303 3520/4691/4305 1472/4692/4306
f 1357/3846/3542 3011/4693/4307 4739/4694/4308 3179/3847/3543
f 3011/4693/4307 1472/4692/4306 3520/4691/4305 4739/4694/4308
f 4739/4694/4308 3520/4691/4305 1682/4687/4301 3521/4686/4300
f 3179/3847/3543 4739/4694/4308 3521/4686/4300 1559/3845/3541
f 1357/3846/3542 3182/3862/3558 4740/4695/4309 3105/4696/4310
f 3182/3862/3558 1560/3864/3560 3524/4697/4311 4740/4695/4309
f 4740/4695/4309 3524/4697/4311 1683/4698/4312 3522/4699/4313
f 3105/4696/4310 4740/4695/4309 3522/4699/4313 1521/4700/4314
f 1389/3971/3663 3104/4701/4315 4741/4702/4316 3196/4227/3887
f 3104/4701/4315 1521/4700/4314 3522/4699/4313 4741/4702/4316
f 4741/4702/4316 3522/4699/4313 1683/4698/4312 3523/4703/4317
f 3196/4227/3887 4741/4702/4316 3523/4703/4317 1567/4229/3889
f 1350/3581/3296 3195/4235/3895 4742/4704/4318 3181/3865/3561
f 3195/4235/3895 1567/4229/3889 3523/4703/4317 4742/4704/4318
f 4742/4704/4318 3523/4703/4317 1683/4698/4312 3524/4697/4311
f 3181/3865/3561 4742/4704/4318 3524/4697/4311 1560/3864/3560
f 1350/3581/3296 3230/4065/3758 4743/4705/4319 2986/3894/3590
f 3230/4065/3758 1584/4070/3763 3527/4706/4320 4743/4705/4319
f 4743/4705/4319 3527/4706/4320 1684/4707/4321 3525/4708/4322
f 2986/3894/3590 4743/4705/4319 3525/4708/4322 1460/3893/3589
f 1344/3885/3581 2987/3888/3584 4744/4709/4323 3184/4287/3953
f 2987/3888/3584 1460/3893/3589 3525/4708/4322 4744/4709/4323
f 4744/4709/4323 3525/4708/4322 1684/4707/4321 3526/4710/4324
f 3184/4287/3953 4744/4709/4323 3526/4710/4324 1561/4286/3952
f 1379/3868/3564 3183/4281/3947 4745/4711/4325 3229/4071/3764
f 3183/4281/3947 1561/4286/3952 3526/4710/4324 4745/4711/4325
f 4745/4711/4325 3526/4710/4324 1684/4707/4321 3527/4706/4320
f 3229/4071/3764 4745/4711/4325 3527/4706/4320 1584/4070/3763
f 1365/3773/3474 2899/4051/3744 4746/4712/4326 3210/4713/4327
f 2899/4051/3744 1414/4055/3748 3530/4714/4328 4746/4712/4326
f 4746/4712/4326 3530/4714/4328 1685/4715/4329 3528/4716/4330
f 3210/4713/4327 4746/4712/4326 3528/4716/4330 1574/4717/4331
f 1339/4718/3918 3209/4719/4332 4747/4720/4333 3109/4721/4334
f 3209/4719/4332 1574/4717/4331 3528/4716/4330 4747/4720/4333
f 4747/4720/4333 3528/4716/4330 1685/4715/4329 3529/4722/4335
f 3109/4721/4334 4747/4720/4333 3529/4722/4335 1523/4723/4336
f 1382/3324/3050 3108/4724/4337 4748/4725/4338 2898/4056/3749
f 3108/4724/4337 1523/4723/4336 3529/4722/4335 4748/4725/4338
f 4748/4725/4338 3529/4722/4335 1685/4715/4329 3530/4714/4328
f 2898/4056/3749 4748/4725/4338 3530/4714/4328 1414/4055/3748
f 1383/3339/3065 3013/4726/4339 4749/4727/4340 2915/4318/3984
f 3013/4726/4339 1473/4728/4341 3533/4729/4342 4749/4727/4340
f 4749/4727/4340 3533/4729/4342 1686/4730/4343 3531/4731/4344
f 2915/4318/3984 4749/4727/4340 3531/4731/4344 1423/4317/3983
f 1390/3943/3621 2914/4315/3981 4750/4732/4345 2992/3944/3639
f 2914/4315/3981 1423/4317/3983 3531/4731/4344 4750/4732/4345
f 4750/4732/4345 3531/4731/4344 1686/4730/4343 3532/4733/4346
f 2992/3944/3639 4750/4732/4345 3532/4733/4346 1463/3947/3641
f 1358/3309/3038 2993/3959/3651 4751/4734/4347 3014/4735/4348
f 2993/3959/3651 1463/3947/3641 3532/4733/4346 4751/4734/4347
f 4751/4734/4347 3532/4733/4346 1686/4730/4343 3533/4729/4342
f 3014/4735/4348 4751/4734/4347 3533/4729/4342 1473/4728/4341
f 1366/3899/3595 3192/4296/3962 4752/4736/4349 3060/4737/4350
f 3192/4296/3962 1565/4300/3966 3536/4738/4351 4752/4736/4349
f 4752/4736/4349 3536/4738/4351 1687/4739/4352 3534/4740/4353
f 3060/4737/4350 4752/4736/4349 3534/4740/4353 1499/4741/4354
f 1368/4742/4355 3059/4743/4356 4753/4744/4357 3189/4745/4358
f 3059/4743/4356 1499/4741/4354 3534/4740/4353 4753/4744/4357
f 4753/4744/4357 3534/4740/4353 1687/4739/4352 3535/4746/4359
f 3189/4745/4358 4753/4744/4357 3535/4746/4359 1564/4747/4360
f 1385/4301/3967 3190/4748/4361 4754/4749/4362 3191/4302/3968
f 3190/4748/4361 1564/4747/4360 3535/4746/4359 4754/4749/4362
f 4754/4749/4362 3535/4746/4359 1687/4739/4352 3536/4738/4351
f 3191/4302/3968 4754/4749/4362 3536/4738/4351 1565/4300/3966
f 1385/4301/3967 3194/4750/4363 4755/4751/4364 3190/4748/4361
f 3194/4750/4363 1566/4752/4365 3539/4753/4366 4755/4751/4364
f 4755/4751/4364 3539/4753/4366 1688/4754/4367 3537/4755/4368
f 3190/4748/4361 4755/4751/4364 3537/4755/4368 1564/4747/4360
f 1368/4742/4355 3189/4745/4358 4756/4756/4369 3228/4757/4370
f 3189/4745/4358 1564/4747/4360 3537/4755/4368 4756/4756/4369
f 4756/4756/4369 3537/4755/4368 1688/4754/4367 3538/4758/4371
f 3228/4757/4370 4756/4756/4369 3538/4758/4371 1583/4759/4372
f 1357/3846/3542 3227/4760/4373 4757/4761/4374 3193/4762/4375
f 3227/4760/4373 1583/4759/4372 3538/4758/4371 4757/4761/4374
f 4757/4761/4374 3538/4758/4371 1688/4754/4367 3539/4753/4366
f 3193/4762/4375 4757/4761/4374 3539/4753/4366 1566/4752/4365
f 1386/4763/3652 3076/4764/4376 4758/4765/4377 2923/4766/3653
f 3076/4764/4376 1507/4767/4378 3542/4768/4379 4758/4765/4377
f 4758/4765/4377 3542/4768/4379 1689/4769/4380 3540/4770/4381
f 2923/4766/3653 4758/4765/4377 3540/4770/4381 1427/3981/3656
f 1389/3971/3663 2924/3974/3666 4759/4771/4382 3104/4701/4315
f 2924/3974/3666 1427/3981/3656 3540/4770/4381 4759/4771/4382
f 4759/4771/4382 3540/4770/4381 1689/4769/4380 3541/4772/4383
f 3104/4701/4315 4759/4771/4382 3541/4772/4383 1521/4700/4314
f 1357/3846/3542 3105/4696/4310 4760/4773/4384 3077/4774/4385
f 3105/4696/4310 1521/4700/4314 3541/4772/4383 4760/4773/4384
f 4760/4773/4384 3541/4772/4383 1689/4769/4380 3542/4768/4379
f 3077/4774/4385 4760/4773/4384 3542/4768/4379 1507/4767/4378
f 1379/3868/3564 2989/4328/3994 4761/4775/4386 3103/4279/3945
f 2989/4328/3994 1461/4332/3998 3545/4776/4387 4761/4775/4386
f 4761/4775/4386 3545/4776/4387 1690/4777/4388 3543/4778/4389
f 3103/4279/3945 4761/4775/4386 3543/4778/4389 1520/4282/3948
f 1337/3982/3671 3102/4294/3960 4762/4779/4390 3055/3983/3672
f 3102/4294/3960 1520/4282/3948 3543/4778/4389 4762/4779/4390
f 4762/4779/4390 3543/4778/4389 1690/4777/4388 3544/4780/4391
f 3055/3983/3672 4762/4779/4390 3544/4780/4391 1496/3986/3675
f 1387/3292/3018 3054/3994/3683 4763/4781/4392 2988/4333/3999
f 3054/3994/3683 1496/3986/3675 3544/4780/4391 4763/4781/4392
f 4763/4781/4392 3544/4780/4391 1690/4777/4388 3545/4776/4387
f 2988/4333/3999 4763/4781/4392 3545/4776/4387 1461/4332/3998
f 1387/3292/3018 3198/4680/4294 4764/4782/4393 3056/3293/3019
f 3198/4680/4294 1568/4682/4296 3548/4783/4394 4764/4782/4393
f 4764/4782/4393 3548/4783/4394 1691/4784/4395 3546/4785/4396
f 3056/3293/3019 4764/4782/4393 3546/4785/4396 1497/3291/3017
f 1393/3281/3007 3057/3284/3010 4765/4786/4397 3061/4787/4398
f 3057/3284/3010 1497/3291/3017 3546/4785/4396 4765/4786/4397
f 4765/4786/4397 3546/4785/4396 1691/4784/4395 3547/4788/4399
f 3061/4787/4398 4765/4786/4397 3547/4788/4399 1500/4789/4400
f 1365/3773/3474 3062/4790/4401 4766/4791/4402 3197/4683/4297
f 3062/4790/4401 1500/4789/4400 3547/4788/4399 4766/4791/4402
f 4766/4791/4402 3547/4788/4399 1691/4784/4395 3548/4783/4394
f 3197/4683/4297 4766/4791/4402 3548/4783/4394 1568/4682/4296
f 1339/4718/3918 2916/4792/4403 4767/4793/4404 2888/4794/4405
f 2916/4792/4403 1424/4795/4406 3551/4796/4407 4767/4793/4404
f 4767/4793/4404 3551/4796/4407 1692/4797/4408 3549/4798/4409
f 2888/4794/4405 4767/4793/4404 3549/4798/4409 1408/4799/4410
f 1394/4800/4411 2889/4801/4412 4768/4802/4413 3212/4803/4414
f 2889/4801/4412 1408/4804/4410 3549/4805/4409 4768/4802/4413
f 4768/4802/4413 3549/4805/4409 1692/4806/4408 3550/4807/4415
f 3212/4803/4414 4768/4802/4413 3550/4807/4415 1575/4808/4416
f 1340/3333/3059 3211/4809/4417 4769/4810/4418 2917/4811/4419
f 3211/4809/4417 1575/4812/4416 3550/4813/4415 4769/4810/4418
f 4769/4810/4418 3550/4813/4415 1692/4797/4408 3551/4796/4407
f 2917/4811/4419 4769/4810/4418 3551/4796/4407 1424/4795/4406
f 1351/3298/3024 3100/3301/3027 4770/4814/4420 3010/4815/4421
f 3100/3301/3027 1519/3308/3036 3554/4816/4422 4770/4814/4420
f 4770/4814/4420 3554/4816/4422 1693/4817/4423 3552/4818/4424
f 3010/4815/4421 4770/4814/4420 3552/4818/4424 1471/4819/4425
f 1391/3465/3190 3009/4820/4426 4771/4821/4427 3130/4171/3842
f 1471/4822/4425 3552/4823/4424 4771/4821/4427 3009/4820/4426
f 1693/4824/4423 3553/4825/4428 4771/4821/4427 3552/4823/4424
f 1873/4826/4429 3848/4827/4430 4771/4821/4427 3553/4825/4428
f 1875/4173/3844 3130/4171/3842 4771/4821/4427 3848/4827/4430
f 1358/3309/3038 3204/3312/3041 4772/4828/4431 2990/3957/3649
f 3204/3312/3041 1571/3317/3046 3557/4829/4432 4772/4828/4431
f 4772/4828/4431 3557/4829/4432 1694/4830/4433 3555/4831/4434
f 2990/3957/3649 4772/4828/4431 3555/4831/4434 1462/3956/3648
f 1391/3465/3190 2991/3954/3646 4773/4832/4435 3009/4820/4426
f 2991/3954/3646 1462/3956/3648 3555/4831/4434 4773/4832/4435
f 4773/4832/4435 3555/4831/4434 1694/4830/4433 3556/4833/4436
f 3009/4820/4426 4773/4832/4435 3556/4833/4436 1471/4822/4425
f 1351/3298/3024 3010/4815/4421 4774/4834/4437 3203/3318/3047
f 3010/4815/4421 1471/4819/4425 3556/4835/4436 4774/4834/4437
f 4774/4834/4437 3556/4835/4436 1694/4836/4433 3557/4837/4432
f 3203/3318/3047 4774/4834/4437 3557/4837/4432 1571/3320/3046
f 1366/3899/3595 3060/4737/4350 4775/4838/4438 3058/4003/3696
f 3060/4737/4350 1499/4741/4354 3560/4839/4439 4775/4838/4438
f 4775/4838/4438 3560/4839/4439 1695/4840/4440 3558/4841/4441
f 3058/4003/3696 4775/4838/4438 3558/4841/4441 1498/4005/3698
f 1368/4742/4355 3226/4842/4442 4776/4843/4443 3059/4743/4356
f 3226/4842/4442 1582/4844/4444 3559/4845/4445 4776/4843/4443
f 4776/4843/4443 3559/4845/4445 1695/4840/4440 3560/4839/4439
f 3059/4743/4356 4776/4843/4443 3560/4839/4439 1499/4741/4354
f 1368/4846/4355 3206/4847/4446 4777/4848/4447 3073/4849/4448
f 3206/4847/4446 1572/4850/4449 3563/4851/4450 4777/4848/4447
f 4777/4848/4447 3563/4851/4450 1696/4852/4451 3561/4853/4452
f 3073/4849/4448 4777/4848/4447 3561/4853/4452 1505/4854/4453
f 1392/4855/3924 3072/4856/4454 4778/4857/4455 2876/4858/4456
f 3072/4856/4454 1505/4854/4453 3561/4853/4452 4778/4857/4455
f 4778/4857/4455 3561/4853/4452 1696/4852/4451 3562/4859/4457
f 2876/4858/4456 4778/4857/4455 3562/4859/4457 1402/4860/4458
f 1386/3960/3652 2877/4861/4459 4779/4862/4460 3205/4863/4461
f 2877/4861/4459 1402/4860/4458 3562/4859/4457 4779/4862/4460
f 4779/4862/4460 3562/4859/4457 1696/4852/4451 3563/4851/4450
f 3205/4863/4461 4779/4862/4460 3563/4851/4450 1572/4850/4449
f 1365/3773/3474 3210/4713/4327 4780/4864/4462 3062/4790/4401
f 3210/4713/4327 1574/4717/4331 3566/4865/4463 4780/4864/4462
f 4780/4864/4462 3566/4865/4463 1697/4866/4464 3564/4867/4465
f 3062/4790/4401 4780/4864/4462 3564/4867/4465 1500/4789/4400
f 1393/3281/3007 3061/4787/4398 4781/4868/4466 3002/4869/3910
f 3061/4787/4398 1500/4789/4400 3564/4867/4465 4781/4868/4466
f 4781/4868/4466 3564/4867/4465 1697/4866/4464 3565/4870/4467
f 3002/4869/3910 4781/4868/4466 3565/4870/4467 1468/4871/3913
f 1339/4718/3918 3003/4872/3921 4782/4873/4468 3209/4719/4332
f 3003/4872/3921 1468/4871/3913 3565/4870/4467 4782/4873/4468
f 4782/4873/4468 3565/4870/4467 1697/4866/4464 3566/4865/4463
f 3209/4719/4332 4782/4873/4468 3566/4865/4463 1574/4717/4331
f 1340/3333/3059 2884/3921/3618 4783/4874/4469 3214/4875/4470
f 2884/3921/3618 1405/3923/3620 3569/4876/4471 4783/4874/4469
f 4783/4874/4469 3569/4876/4471 1698/4877/4472 3567/4878/4473
f 3214/4875/4470 4783/4874/4469 3567/4878/4473 1576/4879/4474
f 1340/3333/3059 3214/4875/4470 4784/4880/4475 3211/4809/4417
f 3214/4875/4470 1576/4879/4474 3572/4881/4476 4784/4880/4475
f 4784/4880/4475 3572/4881/4476 1699/4882/4477 3570/4883/4478
f 3211/4809/4417 4784/4880/4475 3570/4883/4478 1575/4812/4416
f 1394/4800/4411 3212/4803/4414 4785/4884/4479 3776/4885/4480
f 1575/4808/4416 3570/4886/4478 4785/4884/4479 3212/4803/4414
f 1699/4887/4477 3571/4888/4481 4785/4884/4479 3570/4886/4478
f 1808/4889/4482 3745/4890/4483 4785/4884/4479 3571/4888/4481
f 1807/4891/4484 3776/4885/4480 4785/4884/4479 3745/4890/4483
f 1384/4041/3734 3216/4892/4485 4786/4893/4486 3000/4894/4487
f 3216/4892/4485 1577/4895/4488 3575/4896/4489 4786/4893/4486
f 4786/4893/4486 3575/4896/4489 1700/4897/4490 3573/4898/4491
f 3000/4894/4487 4786/4893/4486 3573/4898/4491 1467/4899/4492
f 1367/3996/3685 2999/4900/4493 4787/4901/4494 3774/3997/3686
f 1467/4899/4492 3573/4898/4491 4787/4901/4494 2999/4900/4493
f 1700/4897/4490 3574/4902/4495 4787/4901/4494 3573/4898/4491
f 1821/4903/4496 3758/4904/4497 4787/4901/4494 3574/4902/4495
f 1820/4000/3689 3774/3997/3692 4787/4901/4494 3758/4904/4497
f 1388/3910/3607 3200/4035/3728 4788/4905/4498 3217/4906/4499
f 3200/4035/3728 1569/4040/3733 3578/4907/4500 4788/4905/4498
f 4788/4905/4498 3578/4907/4500 1701/4908/4501 3576/4909/4502
f 3217/4906/4499 4788/4905/4498 3576/4909/4502 1578/4910/4503
f 1367/3996/3685 3218/4911/4504 4789/4912/4505 2999/4900/4493
f 3218/4911/4504 1578/4910/4503 3576/4909/4502 4789/4912/4505
f 4789/4912/4505 3576/4909/4502 1701/4908/4501 3577/4913/4506
f 2999/4900/4493 4789/4912/4505 3577/4913/4506 1467/4899/4492
f 1384/4041/3734 3000/4894/4487 4790/4914/4507 3199/4042/3735
f 3000/4894/4487 1467/4899/4492 3577/4913/4506 4790/4914/4507
f 4790/4914/4507 3577/4913/4506 1701/4908/4501 3578/4907/4500
f 3199/4042/3735 4790/4914/4507 3578/4907/4500 1569/4040/3733
f 1384/4041/3734 3107/4308/3974 4791/4915/4508 3216/4892/4485
f 3107/4308/3974 1522/4312/3978 3581/4916/4509 4791/4915/4508
f 4791/4915/4508 3581/4916/4509 1702/4917/4510 3579/4918/4511
f 3216/4892/4485 4791/4915/4508 3579/4918/4511 1577/4895/4488
f 1390/3943/3621 3064/4919/4512 4792/4920/4513 3106/4313/3979
f 3064/4919/4512 1501/4921/4514 3580/4922/4515 4792/4920/4513
f 4792/4920/4513 3580/4922/4515 1702/4917/4510 3581/4916/4509
f 3106/4313/3979 4792/4920/4513 3581/4916/4509 1522/4312/3978
f 1390/3924/3621 3220/3927/3624 4793/4923/4516 3064/4924/4512
f 3220/3927/3624 1579/3932/3629 3584/4925/4517 4793/4923/4516
f 4793/4923/4516 3584/4925/4517 1703/4926/4518 3582/4927/4519
f 3064/4924/4512 4793/4923/4516 3582/4927/4519 1501/4928/4514
f 1355/3933/3630 3006/4929/4520 4794/4930/4521 3219/3934/3631
f 3006/4929/4520 1469/4931/4522 3583/4932/4523 4794/4930/4521
f 4794/4930/4521 3583/4932/4523 1703/4926/4518 3584/4925/4517
f 3219/3934/3631 4794/4930/4521 3584/4925/4517 1579/3932/3629
f 1355/3933/3630 3066/4933/3706 4795/4934/4524 3006/4929/4520
f 1502/4935/3711 3781/4936/4525 4795/4934/4524 3066/4933/3706
f 1823/4937/4526 3761/4938/4527 4795/4934/4524 3781/4936/4525
f 1822/4939/4528 3779/4940/4529 4795/4934/4524 3761/4938/4527
f 1469/4931/4522 3006/4929/4520 4795/4934/4524 3779/4940/4529
f 1391/3465/3190 3224/3486/3212 4796/4941/4530 3221/4942/3636
f 3224/3486/3212 1581/3477/3203 3587/4943/4531 4796/4941/4530
f 4796/4941/4530 3587/4943/4531 1704/4944/4532 3585/4945/4533
f 3221/4942/3636 4796/4941/4530 3585/4945/4533 1580/4946/3635
f 1355/4011/3630 3222/4947/3633 4797/4948/4534 3068/4012/3704
f 3222/4947/3633 1580/4946/3635 3585/4945/4533 4797/4948/4534
f 4797/4948/4534 3585/4945/4533 1704/4944/4532 3586/4949/4535
f 3068/4012/3704 4797/4948/4534 3586/4949/4535 1503/4015/3707
f 1356/3473/3199 3067/4022/3714 4798/4950/4536 3223/3474/3200
f 3067/4022/3714 1503/4015/3707 3586/4949/4535 4798/4950/4536
f 4798/4950/4536 3586/4949/4535 1704/4944/4532 3587/4943/4531
f 3223/3474/3200 4798/4950/4536 3587/4943/4531 1581/3477/3203
f 1392/4855/3924 2876/4858/4456 4799/4951/4537 3796/4952/3925
f 2876/4858/4456 1402/4860/4458 3788/4953/4538 4799/4951/4537
f 4799/4951/4537 3788/4953/4538 1784/4954/4539 3722/4955/4540
f 3796/4952/3931 4799/4951/4537 3722/4955/4540 1783/4956/3928
f 1386/3960/3652 3207/3963/3655 4800/4957/4541 2877/4861/4459
f 3207/3963/3655 1781/3970/3662 3723/4958/4542 4800/4957/4541
f 4800/4957/4541 3723/4958/4542 1784/4954/4539 3788/4953/4538
f 2877/4861/4459 4800/4957/4541 3788/4953/4538 1402/4860/4458
f 1337/3982/3671 3101/3985/3674 4801/4959/4543 2878/4960/4544
f 1799/3992/3681 3737/4961/4545 4801/4959/4546 3101/3985/3674
f 1798/4962/4547 2878/4960/4544 4801/4959/4546 3737/4961/4545
f 1393/4963/3007 3794/4964/4548 4802/4965/4549 3782/4966/3008
f 1804/4967/4550 3742/4968/4551 4802/4965/4549 3794/4964/4548
f 1803/4969/3011 3782/4966/3008 4802/4965/4549 3742/4968/4551
f 1393/4970/3007 3225/4971/3912 4803/4972/4552 3794/4973/4548
f 1816/4974/3917 3753/4975/4553 4803/4972/4552 3225/4971/3912
f 1804/4976/4550 3794/4973/4548 4803/4972/4552 3753/4975/4553
f 1339/4255/3918 2888/4977/4405 4804/4978/4554 3790/4256/3919
f 2888/4977/4405 1408/4804/4410 3771/4979/4555 4804/4978/4554
f 4804/4978/4554 3771/4979/4555 1817/4980/4556 3744/4981/4557
f 3790/4256/3919 4804/4978/4554 3744/4981/4557 1806/4259/3922
f 1394/4800/4411 3776/4885/4480 4805/4982/4558 2889/4801/4412
f 3776/4885/4480 1807/4891/4484 3755/4983/4559 4805/4982/4558
f 4805/4982/4558 3755/4983/4559 1817/4980/4556 3771/4979/4555
f 2889/4801/4412 4805/4982/4558 3771/4979/4555 1408/4804/4410
f 1356/3473/3199 3004/4239/3899 4806/4984/4560 3069/4020/3712
f 1827/4243/3906 3764/4985/4561 4806/4984/4560 3004/4239/3905
f 1826/4023/3715 3069/4020/3712 4806/4984/4560 3764/4985/4561
f 1367/3996/3685 3786/3999/3688 4807/4986/4562 3218/4911/4504
f 1819/4002/3693 3756/4987/4563 4807/4986/4562 3786/3999/3694
f 1818/4988/4564 3588/4989/4565 4807/4986/4562 3756/4987/4563
f 1705/4990/4566 3589/4991/4567 4807/4986/4562 3588/4989/4565
f 1578/4910/4503 3218/4911/4504 4807/4986/4562 3589/4991/4567
f 1388/3910/3607 3217/4906/4499 4808/4992/4568 3075/3911/3608
f 3217/4906/4499 1578/4910/4503 3589/4991/4567 4808/4992/4568
f 4808/4992/4568 3589/4991/4567 1705/4990/4566 3590/4993/4569
f 3075/3911/3608 4808/4992/4568 3590/4993/4569 1506/3914/3611
f 1337/3982/3671 2878/4960/4544 4809/4994/4570 3070/4292/3958
f 2878/4960/4544 1798/4962/4547 3736/4995/4571 4809/4994/4570
f 4809/4994/4570 3736/4995/4571 1797/4996/4572 3789/4997/4573
f 3070/4292/3958 4809/4994/4570 3789/4997/4573 1504/4291/3957
f 1344/3885/3581 3071/4289/3955 4810/4998/4574 3008/3886/3582
f 1504/4291/3957 3789/4997/4573 4810/4998/4574 3071/4289/3955
f 1797/4996/4572 3735/4999/4575 4810/4998/4574 3789/4997/4573
f 1796/5000/4576 3791/5001/4577 4810/4998/4574 3735/4999/4575
f 1470/3889/3585 3008/3886/3582 4810/4998/4574 3791/5001/4577
f 1392/4268/3924 3001/4271/3935 4811/5002/4578 3072/5003/4454
f 1779/4274/3938 3717/5004/4579 4811/5002/4578 3001/4271/3939
f 1780/5005/4580 3591/5006/4581 4811/5002/4578 3717/5004/4579
f 1706/5007/4582 3592/5008/4583 4811/5002/4578 3591/5006/4581
f 1505/5009/4453 3072/5003/4454 4811/5002/4578 3592/5008/4583
f 1368/4742/4355 3073/5010/4448 4812/5011/4584 3226/4842/4442
f 3073/5010/4448 1505/5009/4453 3592/5008/4583 4812/5011/4584
f 4812/5011/4584 3592/5008/4583 1706/5007/4582 3593/5012/4585
f 3226/4842/4442 4812/5011/4584 3593/5012/4585 1582/4844/4444
f 1368/4742/4355 3228/4757/4370 4813/5013/4586 3206/5014/4446
f 3228/4757/4370 1583/4759/4372 3596/5015/4587 4813/5013/4586
f 4813/5013/4586 3596/5015/4587 1707/5016/4588 3594/5017/4589
f 3206/5014/4446 4813/5013/4586 3594/5017/4589 1572/5018/4449
f 1386/3960/3652 3205/4863/4461 4814/5019/4590 3076/5020/4376
f 3205/4863/4461 1572/4850/4449 3594/5021/4589 4814/5019/4590
f 4814/5019/4590 3594/5021/4589 1707/5022/4588 3595/5023/4591
f 3076/5020/4376 4814/5019/4590 3595/5023/4591 1507/5024/4378
f 1357/3846/3542 3077/4774/4385 4815/5025/4592 3227/4760/4373
f 3077/4774/4385 1507/4767/4378 3595/5026/4591 4815/5025/4592
f 4815/5025/4592 3595/5026/4591 1707/5016/4588 3596/5015/4587
f 3227/4760/4373 4815/5025/4592 3596/5015/4587 1583/4759/4372
f 1383/3339/3065 3080/4049/3742 4816/5027/4593 2894/3340/3066
f 3080/4049/3742 1509/4036/3729 3599/5028/4594 4816/5027/4593
f 4816/5027/4593 3599/5028/4594 1708/5029/4595 3597/5030/4596
f 2894/3340/3066 4816/5027/4593 3597/5030/4596 1411/3338/3064
f 1340/3333/3059 2893/3336/3062 4817/5031/4597 2918/3919/3616
f 2893/3336/3062 1411/3338/3064 3597/5030/4596 4817/5031/4597
f 4817/5031/4597 3597/5030/4596 1708/5029/4595 3598/5032/4598
f 2918/3919/3616 4817/5031/4597 3598/5032/4598 1425/3918/3615
f 1388/3910/3607 2919/3913/3610 4818/5033/4599 3079/4033/3726
f 2919/3913/3610 1425/3918/3615 3598/5032/4598 4818/5033/4599
f 4818/5033/4599 3598/5032/4598 1708/5029/4595 3599/5028/4594
f 3079/4033/3726 4818/5033/4599 3599/5028/4594 1509/4036/3729
f 1382/3324/3050 3185/3327/3053 4819/5034/4600 3108/4724/4337
f 3185/3327/3053 1562/3332/3058 3602/5035/4601 4819/5034/4600
f 4819/5034/4600 3602/5035/4601 1709/5036/4602 3600/5037/4603
f 3108/4724/4337 4819/5034/4600 3600/5037/4603 1523/4723/4336
f 1339/4718/3918 3109/4721/4334 4820/5038/4604 2916/4792/4403
f 3109/4721/4334 1523/4723/4336 3600/5037/4603 4820/5038/4604
f 4820/5038/4604 3600/5037/4603 1709/5036/4602 3601/5039/4605
f 2916/4792/4403 4820/5038/4604 3601/5039/4605 1424/4795/4406
f 1340/3333/3059 2917/4811/4419 4821/5040/4606 3186/3334/3060
f 2917/4811/4419 1424/4795/4406 3601/5039/4605 4821/5040/4606
f 4821/5040/4606 3601/5039/4605 1709/5036/4602 3602/5035/4601
f 3186/3334/3060 4821/5040/4606 3602/5035/4601 1562/3332/3058
f 1385/4301/3967 3178/4645/4262 4822/5041/4607 3194/4750/4363
f 3178/4645/4262 1558/4625/4247 3605/5042/4608 4822/5041/4607
f 4822/5041/4607 3605/5042/4608 1710/5043/4609 3603/5044/4610
f 3194/4750/4363 4822/5041/4607 3603/5044/4610 1566/4752/4365
f 1357/3846/3542 3193/4762/4375 4823/5045/4611 3011/4693/4307
f 3193/4762/4375 1566/4752/4365 3603/5044/4610 4823/5045/4611
f 4823/5045/4611 3603/5044/4610 1710/5043/4609 3604/5046/4612
f 3011/4693/4307 4823/5045/4611 3604/5046/4612 1472/4692/4306
f 1370/4346/4012 3012/4690/4304 4824/5047/4613 3177/4623/4245
f 3012/4690/4304 1472/4692/4306 3604/5046/4612 4824/5047/4613
f 4824/5047/4613 3604/5046/4612 1710/5043/4609 3605/5042/4608
f 3177/4623/4245 4824/5047/4613 3605/5042/4608 1558/4625/4247
f 1383/3339/3065 3113/3810/3511 4825/5048/4614 3013/4726/4339
f 3113/3810/3511 1525/3812/3513 3608/5049/4615 4825/5048/4614
f 4825/5048/4614 3608/5049/4615 1711/5050/4616 3606/5051/4617
f 3013/4726/4339 4825/5048/4614 3606/5051/4617 1473/4728/4341
f 1358/3309/3038 3014/4735/4348 4826/5052/4618 3172/3824/3525
f 3014/4735/4348 1473/4728/4341 3606/5051/4617 4826/5052/4618
f 4826/5052/4618 3606/5051/4617 1711/5050/4616 3607/5053/4619
f 3172/3824/3525 4826/5052/4618 3607/5053/4619 1555/3823/3524
f 1380/3684/3396 3171/3818/3519 4827/5054/4620 3112/3813/3514
f 3171/3818/3519 1555/3823/3524 3607/5053/4619 4827/5054/4620
f 4827/5054/4620 3607/5053/4619 1711/5050/4616 3608/5049/4615
f 3112/3813/3514 4827/5054/4620 3608/5049/4615 1525/3812/3513
f 1360/3354/3080 3118/3357/3083 4828/5055/4621 3085/4084/3777
f 3118/3357/3083 1527/3361/3087 3611/5056/4622 4828/5055/4621
f 4828/5055/4621 3611/5056/4622 1712/5057/4623 3609/5058/4624
f 3085/4084/3777 4828/5055/4621 3609/5058/4624 1512/4083/3776
f 1381/3611/3328 3086/4081/3774 4829/5059/4625 2943/3612/3329
f 3086/4081/3774 1512/4083/3776 3609/5058/4624 4829/5059/4625
f 4829/5059/4625 3609/5058/4624 1712/5057/4623 3610/5060/4626
f 2943/3612/3329 4829/5059/4625 3610/5060/4626 1436/3615/3332
f 1371/3362/3088 2942/3628/3345 4830/5061/4627 3117/3363/3089
f 2942/3628/3345 1436/3615/3332 3610/5060/4626 4830/5061/4627
f 4830/5061/4627 3610/5060/4626 1712/5057/4623 3611/5056/4622
f 3117/3363/3089 4830/5061/4627 3611/5056/4622 1527/3361/3087
f 1343/3620/3337 3124/5062/4065 4831/5063/4628 3158/4375/4035
f 3124/5062/4065 1530/5064/4069 3612/5065/4629 4831/5063/4628
f 4831/5063/4628 3612/5065/4629 1713/5066/4630 3613/5067/4631
f 3158/4375/4035 4831/5063/4628 3613/5067/4631 1548/4378/4038
f 1352/3523/3248 3157/4387/4047 4832/5068/4632 3231/3524/3249
f 3157/4387/4047 1548/4378/4038 3613/5067/4631 4832/5068/4632
f 4832/5068/4632 3613/5067/4631 1713/5066/4630 3614/5069/4633
f 3231/3524/3249 4832/5068/4632 3614/5069/4633 1585/3527/3252
f 1348/3242/2970 3233/3567/3285 4833/5070/4634 3156/4588/4211
f 3233/3567/3285 1586/3571/3287 3617/5071/4635 4833/5070/4634
f 4833/5070/4634 3617/5071/4635 1714/5072/4636 3615/5073/4637
f 3156/4588/4211 4833/5070/4634 3615/5073/4637 1547/4590/4213
f 1371/3362/3088 3155/4598/4220 4834/5074/4638 3089/4396/4056
f 3155/4598/4220 1547/4590/4213 3615/5073/4637 4834/5074/4638
f 4834/5074/4638 3615/5073/4637 1714/5072/4636 3616/5075/4639
f 3089/4396/4056 4834/5074/4638 3616/5075/4639 1514/4395/4055
f 1375/3417/3143 3090/4390/4050 4835/5076/4640 3232/3572/3288
f 3090/4390/4050 1514/4395/4055 3616/5075/4639 4835/5076/4640
f 4835/5076/4640 3616/5075/4639 1714/5072/4636 3617/5071/4635
f 3232/3572/3288 4835/5076/4640 3617/5071/4635 1586/3571/3287
f 1353/4446/3378 3235/4449/4100 4836/5077/4641 3123/5078/4221
f 1751/4452/4103 3658/5079/4642 4836/5077/4641 3235/4449/4100
f 1752/5080/4643 3620/5081/4644 4836/5077/4641 3658/5079/4642
f 1715/5082/4645 3618/5083/4646 4836/5077/4641 3620/5081/4644
f 1529/5084/4223 3123/5078/4221 4836/5077/4641 3618/5083/4646
f 1377/3224/2952 3122/5085/4230 4837/5086/4647 3237/3225/2953
f 3122/5085/4230 1529/5084/4223 3618/5083/4646 4837/5086/4647
f 4837/5086/4647 3618/5083/4646 1715/5082/4645 3619/5087/4648
f 3237/3225/2953 4837/5086/4647 3619/5087/4648 1588/3228/2956
f 1400/3549/3271 3239/5088/4649 4838/5089/4650 3092/4570/4195
f 3239/5088/4649 1589/5090/4651 3623/5091/4652 4838/5089/4650
f 4838/5089/4650 3623/5091/4652 1716/5092/4653 3621/5093/4654
f 3092/4570/4195 4838/5089/4650 3621/5093/4654 1516/4569/4194
f 1364/3643/3360 3093/4567/4192 4839/5094/4655 2874/3647/3364
f 3093/4567/4192 1516/4569/4194 3621/5093/4654 4839/5094/4655
f 4839/5094/4655 3621/5093/4654 1716/5092/4653 3622/5095/4656
f 2874/3647/3364 4839/5094/4655 3622/5095/4656 1401/3650/3367
f 1353/3661/3378 2875/3664/3381 4840/5096/4657 3238/5097/4658
f 2875/3664/3381 1401/3650/3367 3622/5095/4656 4840/5096/4657
f 4840/5096/4657 3622/5095/4656 1716/5092/4653 3623/5091/4652
f 3238/5097/4658 4840/5096/4657 3623/5091/4652 1589/5090/4651
f 1400/4439/3271 3680/4442/4092 4841/5098/4659 3239/5099/4649
f 3680/4442/4097 1748/4445/4096 3655/5100/4660 4841/5098/4661
f 4841/5098/4661 3655/5100/4660 1749/5101/4662 3710/5102/4663
f 3239/5099/4649 4841/5098/4659 3710/5102/4663 1589/5103/4651
f 1353/4446/3378 3238/5104/4658 4842/5105/4664 3689/4447/4098
f 3238/5104/4658 1589/5103/4651 3710/5102/4663 4842/5105/4664
f 4842/5105/4664 3710/5102/4663 1749/5101/4662 3656/5106/4665
f 3689/4447/4098 4842/5105/4664 3656/5106/4665 1750/4450/4101
f 1399/5107/2989 3693/5108/3831 4843/5109/4666 3096/5110/2990
f 1741/5111/3835 3647/5112/4667 4843/5109/4668 3693/5108/3834
f 1742/5113/2993 3096/5110/2990 4843/5109/4669 3647/5112/4669
f 1341/3487/3213 3701/3490/3216 4844/5114/4670 3683/4151/3820
f 1740/3493/3219 3645/5115/4671 4844/5114/4670 3701/3490/3216
f 1739/4154/3823 3683/4151/3820 4844/5114/4670 3645/5115/4671
f 1372/3274/2997 3031/3459/3184 4845/5116/4672 3770/3275/2998
f 1484/3464/3189 3865/5117/4673 4845/5116/4672 3031/3459/3184
f 1880/5118/4674 3852/5119/4675 4845/5116/4676 3865/5117/4677
f 1879/5120/4678 3769/5121/4679 4845/5116/4676 3852/5119/4675
f 1830/3278/3001 3770/3275/3004 4845/5116/4676 3769/5121/4679
f 1721/5122/4680 3703/5123/4681 4846/5124/4681 3627/5125/4682
f 1444/3498/4683 3462/4481/4684 4846/5124/4684 3703/5123/4685
f 1663/4480/4121 3463/5126/4120 4846/5124/4686 3462/4481/4126
f 1535/5127/3181 3132/5128/4687 4846/5124/4686 3463/5126/4120
f 1720/5129/4688 3627/5125/4689 4846/5124/4686 3132/5128/4687
f 1763/5130/4690 3694/5131/4691 4847/5132/4692 3669/5133/4693
f 3694/5131/4691 1587/4526/3806 3471/4525/4157 4847/5132/4692
f 4847/5132/4692 3471/4525/4157 1666/4524/4156 3472/5134/4694
f 3669/5133/4693 4847/5132/4692 3472/5134/4694 1762/5135/4695
f 1769/5136/4696 3691/5137/4697 4848/5138/4698 3675/5139/4699
f 1531/4178/3849 3474/4532/4163 4848/5138/4698 3691/5137/4697
f 1667/4529/4160 3475/4528/4159 4848/5138/4698 3474/4532/4163
f 1538/3407/3133 3138/5140/4700 4848/5138/4698 3475/4528/4159
f 1768/5141/4701 3675/5139/4699 4848/5138/4698 3138/5140/4700
f 1753/5142/4702 3236/5143/4703 4849/5144/4704 3659/5145/4705
f 3236/5143/4703 1588/3228/2956 3619/5087/4648 4849/5144/4704
f 4849/5144/4704 3619/5087/4648 1715/5082/4645 3620/5081/4644
f 3659/5145/4705 4849/5144/4704 3620/5081/4644 1752/5080/4643
f 1728/5146/4138 3704/5147/4137 4850/5148/4706 3633/5149/4707
f 1420/5150/3247 3692/5151/4708 4850/5148/4709 3704/5147/4136
f 1727/5152/4710 3633/5149/4707 4850/5148/4706 3692/5151/4711
f 1726/5153/4712 3681/5154/4713 4851/5155/4714 3632/5156/4715
f 1442/4170/3238 3696/4169/3841 4851/5155/4716 3681/5154/4717
f 1725/4168/3839 3632/5156/4715 4851/5155/4714 3696/4169/3840
f 1727/5157/4710 3692/5158/4711 4852/5159/4718 3634/5160/4719
f 1420/3522/3247 3290/3521/3246 4852/5159/4720 3692/5158/4708
f 1606/3515/3240 3291/3514/3239 4852/5159/4720 3290/3521/3246
f 1442/3513/3238 3681/5161/4717 4852/5159/4720 3291/3514/3239
f 1726/5162/4712 3634/5160/4719 4852/5159/4718 3681/5161/4713
f 1765/5163/4721 3686/5164/4722 4853/5165/4723 3671/5166/4724
f 3686/5164/4722 1515/4114/3798 3398/4130/3809 4853/5165/4723
f 4853/5165/4723 3398/4130/3809 1642/4129/3808 3399/5167/4725
f 3671/5166/4724 4853/5165/4723 3399/5167/4725 1764/5168/4726
f 1744/5169/4727 3700/5170/4728 4854/5171/4729 3650/5172/4730
f 3700/5170/4728 1479/3265/2988 3247/3264/2987 4854/5171/4729
f 4854/5171/4729 3247/3264/2987 1592/3263/2986 3248/3273/2996
f 3650/5172/4730 4854/5171/4729 3248/3273/2996 1743/3272/2995
f 1722/5173/4731 3705/5174/4732 4855/5175/4733 3628/5176/4734
f 1445/3421/3147 3287/3508/3234 4855/5175/4735 3705/5174/4736
f 1605/3507/3228 3288/5177/3227 4855/5175/4735 3287/3508/3234
f 1444/5178/4683 3703/5179/4685 4855/5175/4733 3288/5177/4737
f 1721/5180/4738 3628/5176/4734 4855/5175/4733 3703/5179/4685
f 1770/5181/4739 3405/5182/4740 4856/5183/4741 3676/5184/4742
f 3405/5182/4743 1644/4180/3851 3403/4179/3850 4856/5183/4741
f 4856/5183/4741 3403/4179/3850 1531/4178/3849 3691/5137/4697
f 3676/5184/4742 4856/5183/4741 3691/5137/4697 1769/5136/4696
f 1768/5141/4701 3138/5140/4700 4857/5185/4744 3674/5186/4745
f 3138/5140/4700 1538/3407/3133 3268/3406/3132 4857/5185/4746
f 4857/5185/4746 3268/3406/3132 1599/3405/3131 3269/5187/4747
f 3674/5186/4745 4857/5185/4744 3269/5187/4748 1767/5188/4749
f 1773/5189/4750 3859/5190/4751 4858/5191/4752 3679/5192/4752
f 1857/5193/4753 3832/5194/4754 4858/5191/4755 3859/5190/4756
f 1858/5195/4085 3861/5196/4084 4858/5191/4755 3832/5194/4754
f 1533/5197/4757 3128/5198/4758 4858/5191/4759 3861/5196/4760
f 1772/5199/4761 3679/5192/4762 4858/5191/4759 3128/5198/4758
f 1735/5200/4763 3687/5201/4764 4859/5202/4765 3640/5203/4766
f 1585/5204/3252 3614/5205/4633 4859/5202/4765 3687/5201/4764
f 1713/5206/4630 3612/5207/4629 4859/5202/4765 3614/5205/4633
f 1530/4417/4069 3688/5208/4767 4859/5202/4765 3612/5207/4629
f 1734/5209/4768 3640/5203/4766 4859/5202/4765 3688/5208/4767
f 1723/3431/3157 3273/3430/3156 4860/5210/4769 3629/5211/4770
f 3273/3430/3156 1600/3423/3149 3271/3422/3148 4860/5210/4769
f 4860/5210/4769 3271/3422/3148 1445/3421/3147 3705/5174/4736
f 3629/5211/4770 4860/5210/4769 3705/5174/4732 1722/5173/4731
f 1733/5212/4771 3709/5213/4772 4861/5214/4773 3638/5215/4774
f 1446/4413/3864 3408/5216/3863 4861/5214/4773 3709/5213/4772
f 1645/4186/3857 3406/4185/3856 4861/5214/4773 3408/5216/3863
f 1478/3416/3142 3698/5217/4775 4861/5214/4773 3406/4185/3856
f 1731/5218/4776 3638/5215/4774 4861/5214/4773 3698/5217/4775
f 1760/4514/4150 3711/4513/4149 4862/5219/4777 3665/5220/4778
f 1447/4511/4147 3684/5221/4779 4862/5219/4777 3711/4513/4149
f 1759/5222/4780 3665/5220/4778 4862/5219/4777 3684/5221/4779
f 1771/5223/4781 3707/5224/4782 4863/5225/4783 3677/5226/4784
f 3707/5224/4785 1440/4182/3853 3404/4181/3852 4863/5225/4786
f 4863/5225/4786 3404/4181/3852 1644/4180/3851 3405/5182/4743
f 3677/5226/4784 4863/5225/4783 3405/5182/4740 1770/5181/4739
f 1737/5227/3260 3293/5228/3259 4864/5229/4787 3643/5230/4788
f 3293/5228/3259 1607/5231/3254 3294/5232/3253 4864/5229/4787
f 4864/5229/4787 3294/5232/3253 1585/5204/3252 3687/5201/4764
f 3643/5230/4788 4864/5229/4787 3687/5201/4764 1735/5200/4763
f 1747/3554/3276 3296/3553/3275 4865/5233/4789 3653/5234/4790
f 3296/3553/3275 1608/3546/3268 3297/3545/3267 4865/5233/4789
f 4865/5233/4789 3297/3545/3267 1438/3544/3266 2946/5235/4791
f 3653/5234/4790 4865/5233/4789 2946/5235/4791 1745/5236/4792
f 1731/5218/4776 3698/5217/4775 4866/5237/4793 3637/5238/4794
f 1478/3416/3142 3702/3415/3141 4866/5237/4793 3698/5217/4775
f 1730/3414/3140 3637/5238/4794 4866/5237/4793 3702/3415/3141
f 1720/5239/4688 3132/5240/4687 4867/5241/4795 3626/5242/4796
f 1535/3456/3181 3278/3455/3180 4867/5241/4795 3132/5240/4687
f 1602/3454/3179 3279/5243/4797 4867/5241/4795 3278/3455/3180
f 1534/5244/4798 3131/5245/4799 4867/5241/4795 3279/5243/4797
f 1719/5246/4800 3626/5242/4796 4867/5241/4795 3131/5245/4799
f 1745/5236/4792 2946/5235/4791 4868/5247/4801 3651/5248/4802
f 1438/3544/3266 3484/4561/4186 4868/5247/4801 2946/5235/4791
f 1670/4558/4183 3482/4557/4182 4868/5247/4801 3484/4561/4186
f 1479/3265/2988 3700/5170/4728 4868/5247/4801 3482/4557/4182
f 1744/5169/4727 3651/5248/4802 4868/5247/4801 3700/5170/4728
f 1757/5249/4803 3685/5250/4804 4869/5251/4805 3662/5252/4806
f 1483/3389/3115 3305/3600/3315 4869/5251/4805 3685/5250/4804
f 1611/3595/3310 3306/3594/3309 4869/5251/4805 3305/3600/3315
f 1486/3593/3308 3706/5253/4807 4869/5251/4805 3306/3594/3309
f 1756/5254/4808 3662/5252/4806 4869/5251/4805 3706/5253/4807
f 1758/5255/4809 3695/5256/4810 4870/5257/4811 3663/5258/4812
f 3695/5256/4810 1545/3232/2960 3241/3231/2959 4870/5257/4811
f 4870/5257/4811 3241/3231/2959 1590/3230/2958 3242/5259/4813
f 3663/5258/4812 4870/5257/4811 3242/5259/4814 1754/5260/4815
f 1754/5260/4815 3242/5259/4814 4871/5261/4816 3660/5262/4817
f 3242/5259/4813 1590/3230/2958 3243/3229/2957 4871/5261/4816
f 4871/5261/4816 3243/3229/2957 1588/3228/2956 3236/5143/4703
f 3660/5262/4817 4871/5261/4816 3236/5143/4703 1753/5142/4702
f 1767/5188/4749 3269/5187/4748 4872/5263/4818 3673/5264/4819
f 3269/5187/4747 1599/3405/3131 3270/3404/3130 4872/5263/4818
f 4872/5263/4818 3270/3404/3130 1406/3403/3129 3682/5265/4820
f 3673/5264/4819 4872/5263/4818 3682/5265/4820 1766/5266/4821
f 1759/5222/4780 3684/5221/4779 4873/5267/4822 3664/5268/4823
f 1447/4511/4147 3469/4510/4146 4873/5267/4822 3684/5221/4779
f 1665/4509/4142 3467/5269/4141 4873/5267/4822 3469/4510/4146
f 1545/3232/2960 3695/5256/4810 4873/5267/4822 3467/5269/4141
f 1758/5255/4809 3664/5268/4823 4873/5267/4822 3695/5256/4810
f 1761/5270/4824 3697/5271/4825 4874/5272/4826 3667/5273/4827
f 1546/3399/3125 3266/3398/3124 4874/5272/4826 3697/5271/4825
f 1598/3391/3117 3267/3390/3116 4874/5272/4826 3266/3398/3124
f 1483/3389/3115 3685/5250/4804 4874/5272/4826 3267/3390/3116
f 1757/5249/4803 3667/5273/4827 4874/5272/4826 3685/5250/4804
f 1772/5274/4761 3128/5275/4758 4875/5276/4828 3678/5277/4829
f 1533/5278/4757 3452/5279/4830 4875/5276/4828 3128/5275/4758
f 1660/5280/4073 3453/5281/4072 4875/5276/4831 3452/5279/4079
f 1440/5282/3853 3707/5283/4785 4875/5276/4831 3453/5281/4072
f 1771/5284/4781 3678/5277/4832 4875/5276/4832 3707/5283/4782
f 1734/5209/4768 3688/5208/4767 4876/5285/4833 3639/5286/4834
f 3688/5208/4767 1530/4417/4069 3449/4416/4068 4876/5285/4833
f 4876/5285/4833 3449/4416/4068 1659/4415/4067 3450/5287/4835
f 3639/5286/4834 4876/5285/4833 3450/5287/4835 1732/5288/4836
f 1764/5168/4726 3399/5167/4725 4877/5289/4837 3670/5290/4838
f 3399/5167/4725 1642/4129/3808 3397/4128/3807 4877/5289/4837
f 4877/5289/4837 3397/4128/3807 1587/4127/3806 3694/5291/4691
f 3670/5290/4838 4877/5289/4837 3694/5291/4691 1763/5292/4690
f 1756/5254/4808 3706/5253/4807 4878/5293/4839 3661/5294/4840
f 1486/3593/3308 3712/4517/4153 4878/5293/4839 3706/5253/4807
f 1755/4516/4152 3661/5294/4840 4878/5293/4839 3712/4517/4153
f 1732/5288/4836 3450/5287/4835 4879/5295/4841 3641/5296/4842
f 3450/5287/4835 1659/4415/4067 3448/4414/4066 4879/5295/4841
f 4879/5295/4841 3448/4414/4066 1446/4413/3864 3709/5213/4772
f 3641/5296/4842 4879/5295/4841 3709/5213/4772 1733/5212/4771
f 1719/5297/4843 3131/5298/4844 4880/5299/4845 3625/5300/4846
f 3131/5298/4844 1534/5301/4798 3455/5302/4847 4880/5299/4845
f 4880/5299/4845 3455/5302/4847 1661/5303/4848 3456/5304/4849
f 3625/5300/4846 4880/5299/4845 3456/5304/4849 1717/5305/4850
f 1762/5135/4695 3472/5134/4694 4881/5306/4851 3668/5307/4852
f 3472/5134/4694 1666/4524/4156 3470/4523/4155 4881/5306/4851
f 4881/5306/4851 3470/4523/4155 1546/4522/3125 3697/5308/4825
f 3668/5307/4852 4881/5306/4851 3697/5308/4825 1761/5309/4824
f 1766/5310/4821 3682/5311/4820 4882/5312/4853 3672/5313/4854
f 1406/4124/3129 3395/4123/3803 4882/5312/4853 3682/5311/4820
f 1641/4116/3800 3396/4115/3799 4882/5312/4853 3395/4123/3803
f 1515/4114/3798 3686/5164/4722 4882/5312/4853 3396/4115/3799
f 1765/5163/4721 3672/5313/4854 4882/5312/4853 3686/5164/4722
f 1776/4007/3700 3775/4006/3699 4883/5314/4855 3715/5315/4856
f 1498/4005/3698 3772/5316/4857 4883/5314/4858 3775/4006/3699
f 1778/5317/4859 3715/5315/4856 4883/5314/4855 3772/5316/4857
f 1824/5318/4860 3065/5319/4861 4884/5320/4862 3763/5321/4863
f 3065/5319/4864 1502/4019/3711 3373/4018/3710 4884/5320/4865
f 4884/5320/4865 3373/4018/3710 1634/4017/3709 3374/4026/3719
f 3763/5321/4863 4884/5320/4862 3374/4026/3718 1825/4025/3717
f 1778/5317/4859 3772/5316/4857 4885/5322/4866 3716/5323/4867
f 1498/4005/3698 3558/4841/4441 4885/5322/4866 3772/5316/4857
f 1695/4840/4440 3559/4845/4445 4885/5322/4866 3558/4841/4441
f 1582/4844/4444 3797/5324/4868 4885/5322/4866 3559/4845/4445
f 1777/5325/4869 3716/5323/4867 4885/5322/4866 3797/5324/4868
f 1823/5326/4526 3781/5327/4525 4886/5328/4870 3762/5329/4871
f 1502/4019/3711 3065/5319/4864 4886/5328/4872 3781/5327/4525
f 1824/5318/4860 3762/5329/4871 4886/5328/4870 3065/5319/4861
f 1808/4889/4482 3571/4888/4481 4887/5330/4873 3747/5331/4874
f 3571/4888/4481 1699/4887/4477 3572/5332/4476 4887/5330/4873
f 4887/5330/4873 3572/5332/4476 1576/5333/4474 3213/5334/4875
f 3747/5331/4874 4887/5330/4873 3213/5334/4875 1809/5335/4876
f 1811/5336/4877 3778/5337/4878 4888/5338/4879 3749/5339/4880
f 1405/3923/3620 3360/3922/3619 4888/5338/4879 3778/5337/4878
f 1629/3916/3613 3358/3915/3612 4888/5338/4879 3360/3922/3619
f 1506/3914/3611 3074/5340/4881 4888/5338/4879 3358/3915/3612
f 1812/5341/4882 3749/5339/4880 4888/5338/4879 3074/5340/4881
f 1777/5325/4869 3797/5324/4868 4889/5342/4883 3718/5343/4884
f 3797/5324/4868 1582/4844/4444 3593/5012/4585 4889/5342/4885
f 4889/5342/4885 3593/5012/4585 1706/5007/4582 3591/5006/4581
f 3718/5343/4884 4889/5342/4883 3591/5006/4581 1780/5005/4580
f 1788/5344/4886 2995/5345/4887 4890/5346/4888 3729/5347/4889
f 1465/4236/3896 3415/4278/3944 4890/5346/4888 2995/5345/4887
f 1648/4277/3943 3416/5348/4890 4890/5346/4888 3415/4278/3944
f 1573/5349/4891 3793/5350/4892 4890/5346/4888 3416/5348/4890
f 1793/5351/4893 3729/5347/4889 4890/5346/4888 3793/5350/4892
f 1792/5352/4894 3007/5353/4895 4891/5354/4896 3734/5355/4897
f 1470/3889/3585 3791/5001/4577 4891/5354/4896 3007/5353/4895
f 1796/5000/4576 3734/5355/4897 4891/5354/4896 3791/5001/4577
f 1809/5356/4876 3213/5357/4875 4892/5358/4898 3746/5359/4899
f 3213/5357/4875 1576/4879/4474 3567/4878/4473 4892/5358/4898
f 4892/5358/4898 3567/4878/4473 1698/4877/4472 3568/5360/4900
f 3746/5359/4899 4892/5358/4898 3568/5360/4900 1810/5361/4901
f 1794/5362/4902 3795/5363/4903 4893/5364/4904 3732/5365/4904
f 1573/5349/4891 3208/5366/4905 4893/5364/4906 3795/5363/4907
f 1795/5367/4908 3732/5365/4909 4893/5364/4906 3208/5366/4905
f 1813/5368/4910 3215/5369/4911 4894/5370/4912 3751/5371/4913
f 1577/5372/4488 3579/5373/4511 4894/5370/4912 3215/5369/4911
f 1702/5374/4510 3580/5375/4515 4894/5370/4912 3579/5373/4511
f 1501/4928/4514 3063/5376/4914 4894/5370/4912 3580/5375/4515
f 1814/5377/4915 3751/5371/4913 4894/5370/4912 3063/5376/4914
f 1810/5378/4901 3568/5379/4900 4895/5380/4916 3748/5381/4917
f 3568/5379/4900 1698/5382/4472 3569/5383/4471 4895/5380/4916
f 4895/5380/4916 3569/5383/4471 1405/5384/3620 3778/5385/4878
f 3748/5381/4917 4895/5380/4916 3778/5385/4878 1811/5386/4877
f 1793/5351/4893 3793/5350/4892 4896/5387/4918 3731/5388/4919
f 1573/5349/4891 3795/5363/4907 4896/5387/4918 3793/5350/4892
f 1794/5362/4902 3731/5388/4920 4896/5387/4920 3795/5363/4903
f 1801/5389/4921 2997/5390/4922 4897/5391/4923 3740/5392/4924
f 2997/5390/4922 1466/3297/3023 3252/3296/3022 4897/5391/4923
f 4897/5391/4923 3252/3296/3022 1593/3289/3015 3250/3288/3014
f 3740/5392/4924 4897/5391/4923 3250/3288/3014 1802/3287/3013
f 1815/5393/4925 3005/5394/4926 4898/5395/4927 3760/5396/4928
f 1469/4931/4522 3779/4940/4529 4898/5395/4927 3005/5394/4926
f 1822/4939/4528 3760/5396/4928 4898/5395/4927 3779/4940/4529
f 1791/5397/4929 3798/5398/4930 4899/5399/4931 3730/5400/4932
f 1412/3898/3594 3357/3897/3593 4899/5399/4931 3798/5398/4930
f 1628/3891/3587 3355/3890/3586 4899/5399/4931 3357/3897/3593
f 1470/3889/3585 3007/5353/4895 4899/5399/4931 3355/3890/3586
f 1792/5352/4894 3730/5400/4932 4899/5399/4931 3007/5353/4895
f 1800/3990/3679 3370/3989/3678 4900/5401/4933 3739/5402/4934
f 3370/3989/3678 1633/3988/3677 3371/3995/3684 4900/5401/4933
f 4900/5401/4933 3371/3995/3684 1466/3297/3023 2997/5390/4922
f 3739/5402/4934 4900/5401/4933 2997/5390/4922 1801/5389/4921
f 1821/5403/4496 3574/5404/4495 4901/5405/4935 3759/5406/4936
f 3574/5404/4495 1700/5407/4490 3575/5408/4489 4901/5405/4935
f 4901/5405/4935 3575/5408/4489 1577/5372/4488 3215/5369/4911
f 3759/5406/4936 4901/5405/4935 3215/5369/4911 1813/5368/4910
f 1789/5409/4937 3787/5410/4938 4902/5411/4939 3726/5412/4940
f 1464/4029/3722 3412/4232/3892 4902/5411/4939 3787/5410/4938
f 1647/4231/3891 3413/4237/3897 4902/5411/4939 3412/4232/3892
f 1465/4236/3896 2995/5345/4887 4902/5411/4939 3413/4237/3897
f 1788/5344/4886 3726/5412/4940 4902/5411/4939 2995/5345/4887
f 1795/5367/4908 3208/5366/4905 4903/5413/4941 3733/5414/4942
f 1573/5349/4891 3416/5348/4890 4903/5413/4941 3208/5366/4905
f 1648/4277/3943 3417/4276/3942 4903/5413/4941 3416/5348/4890
f 1412/3898/3594 3798/5398/4930 4903/5413/4941 3417/4276/3942
f 1791/5397/4929 3733/5414/4942 4903/5413/4941 3798/5398/4930
f 1790/4031/3724 3780/4030/3723 4904/5415/4943 3728/5416/4944
f 1464/4029/3722 3787/5410/4938 4904/5415/4943 3780/4030/3723
f 1789/5409/4937 3728/5416/4944 4904/5415/4943 3787/5410/4938
f 1814/5377/4915 3063/5376/4914 4905/5417/4945 3752/5418/4946
f 1501/4928/4514 3582/4927/4519 4905/5417/4945 3063/5376/4914
f 1703/4926/4518 3583/4932/4523 4905/5417/4945 3582/4927/4519
f 1469/4931/4522 3005/5394/4926 4905/5417/4945 3583/4932/4523
f 1815/5393/4925 3752/5418/4946 4905/5417/4945 3005/5394/4926
f 1812/5341/4882 3074/5340/4881 4906/5419/4947 3750/5420/4948
f 3074/5340/4881 1506/3914/3611 3590/4993/4569 4906/5419/4947
f 4906/5419/4947 3590/4993/4569 1705/4990/4566 3588/4989/4565
f 3750/5420/4948 4906/5419/4947 3588/4989/4565 1818/4988/4564
f 1785/3968/3660 3367/3967/3659 4907/5421/4949 3727/5422/4950
f 1632/3966/3658 3368/5423/3670 4907/5421/4949 3367/3967/3659
f 1786/5424/3669 3727/5422/4950 4907/5421/4949 3368/5423/3670
f 1848/5425/4951 3828/5426/4952 4908/5427/4953 3812/5428/4954
f 1508/3909/3605 3825/3908/3606 4908/5427/4955 3828/5426/4952
f 1849/3907/3603 3812/5428/4954 4908/5427/4953 3825/3908/3604
f 1852/5429/3471 3333/5430/3470 4909/5431/4956 3819/5432/4957
f 3333/5430/3470 1620/5433/3464 3331/5434/3463 4909/5431/4956
f 4909/5431/4956 3331/5434/3463 1434/5435/3462 2938/5436/4958
f 3819/5432/4957 4909/5431/4956 2938/5436/4958 1853/5437/4959
f 1833/5438/4960 3829/5439/4961 4910/5440/4962 3801/5441/4963
f 1534/5244/4798 3279/5243/4797 4910/5440/4962 3829/5439/4961
f 1602/3454/3179 3277/3453/3178 4910/5440/4962 3279/5243/4797
f 1443/3450/3175 2954/5442/4964 4910/5440/4962 3277/3453/3178
f 1834/5443/4965 3801/5441/4963 4910/5440/4962 2954/5442/4964
f 1831/5444/4966 3830/5445/4967 4911/5446/4968 3799/5447/4969
f 1718/5448/4970 3624/5449/4971 4911/5446/4968 3830/5445/4967
f 1717/5450/4850 3456/5451/4849 4911/5446/4968 3624/5449/4971
f 1661/5452/4848 3454/5453/4972 4911/5446/4968 3456/5451/4849
f 1832/5454/4973 3799/5447/4969 4911/5446/4968 3454/5453/4972
f 1853/5437/4959 2938/5436/4958 4912/5455/4974 3820/5456/4975
f 1434/5435/3462 3433/5457/4011 4912/5455/4974 2938/5436/4958
f 1654/5458/4010 3434/5459/4017 4912/5455/4974 3433/5457/4011
f 1413/4629/4016 2896/4632/4252 4912/5455/4974 3434/5459/4017
f 1845/4637/4256 3820/5456/4975 4912/5455/4974 2896/4632/4252
f 1832/5454/4973 3454/5453/4972 4913/5460/4976 3800/5461/4977
f 3454/5453/4972 1661/5452/4848 3455/5462/4847 4913/5460/4976
f 4913/5460/4976 3455/5462/4847 1534/5463/4798 3829/5464/4961
f 3800/5461/4977 4913/5460/4976 3829/5464/4961 1833/5465/4960
f 1834/5443/4965 2954/5442/4964 4914/5466/4978 3802/5467/4979
f 2954/5442/4964 1443/3450/3175 3276/3449/3174 4914/5466/4978
f 4914/5466/4978 3276/3449/3174 1601/3442/3167 3274/3441/3166
f 3802/5467/4979 4914/5466/4978 3274/3441/3166 1835/3440/3165
f 1847/4642/4260 2930/4641/4259 4915/5468/4980 3811/5469/4981
f 1430/4306/3972 3423/4305/3971 4915/5468/4980 2930/4641/4259
f 1650/4298/3964 3421/4297/3963 4915/5468/4980 3423/4305/3971
f 1508/3909/3605 3828/5426/4952 4915/5468/4980 3421/4297/3963
f 1848/5425/4951 3811/5469/4981 4915/5468/4980 3828/5426/4952
f 1857/5470/4753 3859/5471/4756 4916/5472/4982 3831/5473/4983
f 1773/5474/4750 3857/5475/4984 4916/5472/4984 3859/5471/4751
f 1856/5476/4985 3831/5473/4983 4916/5472/4982 3857/5475/4985
f 1873/5477/4429 3553/5478/4428 4917/5479/4986 3847/5480/4987
f 3553/5478/4428 1693/4817/4423 3554/4816/4422 4917/5479/4988
f 4917/5479/4988 3554/4816/4422 1519/3308/3036 3099/5481/4989
f 3847/5480/4987 4917/5479/4986 3099/5481/4990 1872/5482/4991
f 1868/5483/4992 3173/5484/4993 4918/5485/4994 3842/5486/4995
f 1556/4226/3886 3860/4225/3885 4918/5485/4994 3173/5484/4993
f 1867/4224/3884 3842/5486/4995 4918/5485/4994 3860/4225/3885
f 1861/5487/4996 3856/5488/4997 4919/5489/4998 3835/5490/4999
f 3856/5488/4997 1417/3729/3430 3325/3728/3429 4919/5489/4998
f 4919/5489/4998 3325/3728/3429 1618/3727/3428 3326/3737/3438
f 3835/5490/4999 4919/5489/4998 3326/3737/3438 1860/3736/3437
f 1871/3304/3030 3864/3303/3033 4920/5491/5000 3845/5492/5001
f 1481/3302/3028 3026/5493/5002 4920/5491/5000 3864/3303/3029
f 1870/5494/5003 3845/5492/5001 4920/5491/5000 3026/5493/5002
f 1869/5495/5004 2891/5496/5005 4921/5497/5006 3843/5498/5007
f 1410/5499/3042 3514/5500/4288 4921/5497/5006 2891/5496/5005
f 1680/4669/4285 3515/4668/4284 4921/5497/5006 3514/5500/4288
f 1556/4226/3886 3173/5484/4993 4921/5497/5006 3515/4668/4284
f 1868/5483/4992 3843/5498/5007 4921/5497/5006 3173/5484/4993
f 1880/5118/4674 3865/5117/4677 4922/5501/5008 3854/5502/5009
f 1484/3464/3189 3858/5503/5010 4922/5501/5011 3865/5117/4673
f 1878/5504/5012 3854/5502/5009 4922/5501/5013 3858/5503/5014
f 1865/4437/4089 3862/4436/4088 4923/5505/5015 3839/5506/5016
f 1491/4435/3792 3044/5507/5017 4923/5505/5018 3862/4436/4088
f 1864/5508/5019 3839/5506/5016 4923/5505/5015 3044/5507/5017
f 1863/5509/5020 3855/5510/5021 4924/5511/5022 3837/5512/5023
f 3855/5510/5021 1474/4091/3784 3390/4090/3783 4924/5511/5022
f 4924/5511/5022 3390/4090/3783 1639/4089/3782 3388/5513/5024
f 3837/5512/5023 4924/5511/5022 3388/5513/5024 1862/5514/5025
f 1862/5514/5025 3388/5513/5024 4925/5515/5026 3836/5516/5027
f 3388/5513/5024 1639/4089/3782 3389/4088/3781 4925/5515/5026
f 4925/5515/5026 3389/4088/3781 1417/3729/3430 3856/5488/4997
f 3836/5516/5027 4925/5515/5026 3856/5488/4997 1861/5487/4996
f 1870/5494/5003 3026/5493/5002 4926/5517/5028 3844/5518/5029
f 1481/3302/3028 3254/3323/3049 4926/5517/5028 3026/5493/5002
f 1594/3322/3044 3255/5519/3043 4926/5517/5028 3254/3323/3049
f 1410/5499/3042 2891/5496/5005 4926/5517/5028 3255/5519/3043
f 1869/5495/5004 3844/5518/5029 4926/5517/5028 2891/5496/5005
f 1878/5504/5012 3858/5503/5014 4927/5520/5030 3851/5521/5031
f 3858/5503/5010 1484/3464/3189 3280/3463/3188 4927/5520/5032
f 4927/5520/5032 3280/3463/3188 1603/3462/3187 3281/3472/3197
f 3851/5521/5031 4927/5520/5030 3281/3472/3197 1877/3471/3196
f 1872/5522/4991 3099/5523/4990 4928/5524/5033 3853/5525/5034
f 1519/5526/3036 3863/5527/3037 4928/5524/5035 3099/5523/4989
f 1874/5528/3034 3853/5525/5034 4928/5524/5033 3863/5527/3035
f 1864/5508/5019 3044/5507/5017 4929/5529/5036 3838/5530/5037
f 1491/4435/3792 3391/5531/3791 4929/5529/5036 3044/5507/5017
f 1640/4107/3790 3392/4106/3795 4929/5529/5036 3391/5531/3791
f 1474/4105/3784 3855/5532/5021 4929/5529/5036 3392/4106/3795
f 1863/5533/5020 3838/5530/5037 4929/5529/5036 3855/5532/5021
f 1174/5534/2883 2631/5535/2884 4930/5536/5038 3869/5537/5039
f 2631/5535/2884 1173/5538/5040 3868/5539/5040 4930/5536/5038
f 4930/5536/5041 3868/5539/5042 1717/5540/5042 3624/5541/5043
f 3869/5537/5044 4930/5536/5041 3624/5541/5043 1718/5542/5044
f 1173/5543/5045 2632/5544/5045 4931/5545/5046 3868/5546/5047
f 2632/5544/5048 1175/5547/5049 3870/5548/5050 4931/5545/5048
f 4931/5545/5051 3870/5548/5052 1719/5297/4843 3625/5300/4846
f 3868/5546/5047 4931/5545/5046 3625/5300/4846 1717/5305/4850
f 1175/5549/5049 2633/5550/5053 4932/5551/5054 3870/5552/5050
f 2633/5550/5053 1176/5553/5055 3871/5554/5056 4932/5551/5054
f 4932/5551/5057 3871/5554/5058 1720/5555/5058 3626/5556/5059
f 3870/5552/5052 4932/5551/5057 3626/5556/5059 1719/5557/4843
f 1176/2889/5055 2634/2886/5060 4933/5558/5061 3871/5559/5056
f 2634/2886/5060 1177/2885/5062 3872/5560/5063 4933/5558/5061
f 4933/5558/5061 3872/5560/5063 1721/5561/4680 3627/5562/4682
f 3871/5559/5056 4933/5558/5061 3627/5562/4682 1720/5563/5064
f 1177/2885/5062 2635/5564/5065 4934/5565/5066 3872/5560/5063
f 2635/5564/5065 1178/5566/5067 3873/5567/5068 4934/5565/5066
f 4934/5565/5066 3873/5567/5068 1722/5568/5069 3628/5569/5070
f 3872/5560/5063 4934/5565/5066 3628/5569/5070 1721/5561/4680
f 1178/5566/5067 2636/5570/5071 4935/5571/5072 3873/5567/5068
f 2636/5570/5071 1179/5572/5073 3874/5573/5074 4935/5571/5072
f 4935/5571/5075 3874/5573/5076 1723/5574/5077 3629/5575/5078
f 3873/5567/5068 4935/5571/5075 3629/5575/5078 1722/5568/5069
f 1179/5572/5073 2637/5576/5079 4936/5577/5080 3874/5573/5074
f 2637/5576/5079 1180/5578/5081 3875/5579/5082 4936/5577/5080
f 4936/5577/5083 3875/5579/5082 1724/5580/5084 3630/5581/5085
f 3874/5573/5076 4936/5577/5083 3630/5581/5085 1723/5574/5077
f 1180/5578/5081 2638/5582/1764 4937/5583/5086 3875/5579/5082
f 2638/5582/1764 1181/5584/1763 3876/5585/5087 4937/5583/5086
f 4937/5583/5086 3876/5585/5087 1725/5586/3839 3631/5587/5088
f 3875/5579/5082 4937/5583/5086 3631/5587/5088 1724/5580/5084
f 1181/5584/1763 2639/5588/2629 4938/5589/5089 3876/5585/5087
f 2639/5588/2629 1182/5590/2628 3877/5591/5090 4938/5589/5089
f 4938/5589/5089 3877/5591/5090 1726/5592/4712 3632/5593/4715
f 3876/5585/5087 4938/5589/5089 3632/5593/4715 1725/5586/3839
f 1183/5594/2624 2640/5595/2622 4939/5596/5091 3878/5597/5092
f 2640/5595/2622 1184/5598/2056 3879/5599/5093 4939/5596/5091
f 4939/5596/5091 3879/5599/5093 1728/5600/4138 3633/5601/4707
f 3878/5597/5092 4939/5596/5091 3633/5601/4707 1727/5602/4710
f 1182/5590/2628 2641/5603/2634 4940/5604/5094 3877/5591/5090
f 2641/5603/2634 1183/5605/2624 3878/5606/5092 4940/5604/5094
f 4940/5604/5094 3878/5606/5092 1727/5607/4710 3634/5608/4719
f 3877/5591/5090 4940/5604/5094 3634/5608/4719 1726/5592/4712
f 1184/2337/2056 2642/2336/5095 4941/5609/5096 3879/5610/5093
f 2642/2336/5095 1185/2335/5097 3880/5611/5098 4941/5609/5096
f 4941/5609/5096 3880/5611/5099 1729/5612/5100 3635/5613/5101
f 3879/5610/5093 4941/5609/5096 3635/5613/5101 1728/5614/4138
f 1185/2335/5097 2643/5615/5102 4942/5616/5103 3880/5611/5098
f 2643/5615/5102 1186/5617/5104 3881/5618/5105 4942/5616/5103
f 4942/5616/5103 3881/5618/5105 1730/5619/5106 3636/5620/5107
f 3880/5611/5099 4942/5616/5103 3636/5620/5107 1729/5612/5100
f 1186/5617/5104 2644/5621/5108 4943/5622/5109 3881/5618/5105
f 2644/5621/5108 1187/5623/5110 3882/5624/5111 4943/5622/5109
f 4943/5622/5109 3882/5624/5112 1731/5625/5113 3637/5626/5114
f 3881/5618/5105 4943/5622/5109 3637/5626/5114 1730/5619/5106
f 1187/5623/5110 2645/5627/5115 4944/5628/5116 3882/5624/5111
f 2645/5627/5115 1189/5629/5117 3884/5630/5118 4944/5628/5116
f 4944/5628/5119 3884/5630/5120 1733/5631/5121 3638/5632/5122
f 3882/5624/5112 4944/5628/5119 3638/5632/5122 1731/5625/5113
f 1188/5633/5123 2646/5634/5124 4945/5635/5125 3883/5636/5126
f 2646/5634/5124 1190/5637/5127 3885/5638/5128 4945/5635/5125
f 4945/5635/5129 3885/5638/5130 1734/5639/5131 3639/5640/5132
f 3883/5636/5133 4945/5635/5129 3639/5640/5132 1732/5641/5134
f 1190/5637/5127 2647/5642/5135 4946/5643/5136 3885/5638/5128
f 2647/5642/5135 1191/5644/5137 3886/5645/5138 4946/5643/5136
f 4946/5643/5139 3886/5645/5140 1735/5646/5141 3640/5647/5142
f 3885/5638/5130 4946/5643/5139 3640/5647/5142 1734/5639/5131
f 1189/5629/5117 2648/5648/5143 4947/5649/5144 3884/5630/5118
f 2648/5648/5143 1188/5633/5123 3883/5636/5126 4947/5649/5144
f 4947/5649/5145 3883/5636/5133 1732/5641/5134 3641/5650/5146
f 3884/5630/5120 4947/5649/5145 3641/5650/5146 1733/5631/5121
f 1193/5651/5147 2649/5652/5148 4948/5653/5149 3888/5654/5150
f 2649/5652/5148 1192/1440/5151 3887/5655/5152 4948/5653/5149
f 4948/5653/5153 3887/5655/5154 1736/5656/5155 3642/5657/5156
f 3888/5654/5157 4948/5653/5153 3642/5657/5156 1737/5658/5158
f 1191/5644/5137 2650/5659/5159 4949/5660/5160 3886/5645/5138
f 2650/5659/5159 1193/5651/5147 3888/5654/5150 4949/5660/5160
f 4949/5660/5161 3888/5654/5157 1737/5658/5158 3643/5661/5162
f 3886/5645/5140 4949/5660/5161 3643/5661/5162 1735/5646/5141
f 1195/5662/5163 2651/5663/5164 4950/5664/5165 3890/5665/5166
f 2651/5663/5164 1194/5666/5167 3889/5667/5168 4950/5664/5165
f 4950/5664/5165 3889/5667/5168 1738/5668/3825 3644/5669/5169
f 3890/5665/5166 4950/5664/5165 3644/5669/5169 1739/5670/5170
f 1196/1438/5171 2652/5671/5172 4951/5672/5173 3891/5673/5174
f 2652/5671/5172 1195/5662/5163 3890/5665/5166 4951/5672/5173
f 4951/5672/5173 3890/5665/5166 1739/5670/5170 3645/5674/5175
f 3891/5673/5174 4951/5672/5173 3645/5674/5175 1740/5675/5176
f 1192/1440/5151 2653/1439/5177 4952/5676/5178 3887/5655/5152
f 2653/1439/5177 1196/1438/5171 3891/5673/5174 4952/5676/5178
f 4952/5676/5178 3891/5673/5174 1740/5675/5176 3646/5677/5179
f 3887/5655/5154 4952/5676/5178 3646/5677/5179 1736/5656/5155
f 1197/5678/5180 2654/5679/5181 4953/5680/5182 3892/5681/5183
f 2654/5679/5181 1198/5682/5184 3893/5683/5185 4953/5680/5182
f 4953/5680/5182 3893/5683/5185 1742/5684/5186 3647/5685/4667
f 3892/5681/5183 4953/5680/5182 3647/5685/4667 1741/5686/3835
f 1194/5666/5167 2655/5687/5187 4954/5688/5188 3889/5667/5168
f 2655/5687/5187 1197/5678/5180 3892/5681/5183 4954/5688/5188
f 4954/5688/5188 3892/5681/5183 1741/5686/3835 3648/5689/3833
f 3889/5667/5168 4954/5688/5188 3648/5689/3833 1738/5668/3825
f 1198/5682/5189 2656/5690/5189 4955/5691/5189 3893/5683/5189
f 2656/5690/5190 1199/5692/5191 3894/5693/5192 4955/5691/5190
f 4955/5691/5193 3894/5693/5194 1743/5694/5195 3649/5695/5193
f 3893/5683/5196 4955/5691/5196 3649/5695/5196 1742/5684/5196
f 1199/5692/5191 2657/5696/2644 4956/5697/5197 3894/5693/5192
f 2657/5696/2644 1200/5698/2643 3895/5699/5198 4956/5697/5197
f 4956/5697/5199 3895/5699/5200 1744/5700/4727 3650/5701/4730
f 3894/5693/5194 4956/5697/5199 3650/5701/4730 1743/5694/5195
f 1200/5698/2643 2658/5702/2711 4957/5703/5201 3895/5699/5198
f 2658/5702/2711 1201/5704/5202 3896/5705/5203 4957/5703/5201
f 4957/5703/5204 3896/5705/5205 1745/5706/5206 3651/5707/4802
f 3895/5699/5200 4957/5703/5204 3651/5707/4802 1744/5700/4727
f 1203/5708/5207 2659/5709/5208 4958/5710/5209 3898/5711/5210
f 2659/5709/5208 1202/5712/5211 3897/5713/5212 4958/5710/5209
f 4958/5710/5209 3897/5713/5212 1746/5714/5213 3652/5715/5214
f 3898/5711/5215 4958/5710/5209 3652/5715/5214 1747/5716/5216
f 1201/5704/5202 2660/5717/5217 4959/5718/5218 3896/5705/5203
f 2660/5717/5217 1203/5708/5207 3898/5711/5210 4959/5718/5218
f 4959/5718/5219 3898/5711/5215 1747/5716/5216 3653/5719/5220
f 3896/5705/5205 4959/5718/5219 3653/5719/5220 1745/5706/5206
f 1202/5720/5211 2661/5721/2016 4960/5722/5221 3897/5723/5212
f 2661/5721/2016 1204/5724/2015 3899/5725/5222 4960/5722/5221
f 4960/5722/5221 3899/5725/5222 1748/4445/4096 3654/4444/4094
f 3897/5723/5212 4960/5722/5221 3654/4444/4094 1746/4443/5213
f 1204/5726/2015 2662/5727/5223 4961/5728/5224 3899/5729/5222
f 2662/5727/5223 1205/5730/5225 3900/5731/5226 4961/5728/5224
f 4961/5728/5224 3900/5731/5226 1749/5732/5227 3655/5733/4660
f 3899/5729/5222 4961/5728/5224 3655/5733/4660 1748/5734/4096
f 1205/5730/5225 2663/5735/5228 4962/5736/5229 3900/5731/5226
f 2663/5735/5228 1206/5737/5230 3901/5738/5231 4962/5736/5229
f 4962/5736/5229 3901/5738/5232 1750/5739/5233 3656/5740/5234
f 3900/5731/5226 4962/5736/5229 3656/5740/5234 1749/5732/5227
f 1206/5737/5230 2664/5741/5235 4963/5742/5236 3901/5738/5231
f 2664/5741/5235 1207/5743/5237 3902/5744/5238 4963/5742/5236
f 4963/5742/5239 3902/5744/5240 1751/5745/5241 3657/5746/5242
f 3901/5738/5232 4963/5742/5239 3657/5746/5242 1750/5739/5233
f 1207/5743/5237 2665/5747/5243 4964/5748/5244 3902/5744/5238
f 2665/5747/5243 1208/5749/5245 3903/5750/5246 4964/5748/5244
f 4964/5748/5247 3903/5750/5248 1752/5751/5249 3658/5752/5250
f 3902/5744/5240 4964/5748/5247 3658/5752/5250 1751/5745/5241
f 1208/5749/5245 2666/5753/5251 4965/5754/5252 3903/5750/5246
f 2666/5753/5251 1209/5755/5253 3904/5756/5254 4965/5754/5252
f 4965/5754/5255 3904/5756/5254 1753/5757/5256 3659/5758/5257
f 3903/5750/5248 4965/5754/5255 3659/5758/5257 1752/5751/5249
f 1209/5755/5253 2667/5759/5258 4966/5760/5259 3904/5756/5254
f 2667/5759/5258 1210/5761/5260 3905/5762/5261 4966/5760/5259
f 4966/5760/5259 3905/5762/5261 1754/5763/5262 3660/5764/5263
f 3904/5756/5254 4966/5760/5259 3660/5764/5263 1753/5757/5256
f 1211/5765/5264 2668/5766/5265 4967/5767/5266 3906/5768/5267
f 2668/5766/5265 1212/5769/5268 3907/5770/5269 4967/5767/5266
f 4967/5767/5270 3907/5770/5271 1756/5771/5272 3661/5772/5273
f 3906/5768/5274 4967/5767/5270 3661/5772/5273 1755/5773/5275
f 1212/5769/5268 2669/5774/5276 4968/5775/5277 3907/5770/5269
f 2669/5774/5276 1213/5776/5278 3908/5777/5279 4968/5775/5277
f 4968/5775/5280 3908/5777/5281 1757/5778/5282 3662/5779/5283
f 3907/5770/5271 4968/5775/5280 3662/5779/5283 1756/5771/5272
f 1210/5761/5260 2670/5780/5284 4969/5781/5285 3905/5762/5261
f 2670/5780/5284 1214/5782/5286 3909/5783/5287 4969/5781/5285
f 4969/5781/5285 3909/5783/5288 1758/5784/5289 3663/5785/5290
f 3905/5762/5261 4969/5781/5285 3663/5785/5290 1754/5763/5262
f 1214/5782/5286 2671/5786/5291 4970/5787/5292 3909/5783/5287
f 2671/5786/5291 1215/5788/5293 3910/5789/5294 4970/5787/5292
f 4970/5787/5295 3910/5789/5294 1759/5790/5296 3664/5791/5297
f 3909/5783/5288 4970/5787/5295 3664/5791/5297 1758/5784/5289
f 1215/5788/5293 2672/5792/5298 4971/5793/5299 3910/5789/5294
f 2672/5792/5298 1216/5794/5300 3911/5795/5301 4971/5793/5299
f 4971/5793/5299 3911/5795/5302 1760/5796/5303 3665/5797/5304
f 3910/5789/5294 4971/5793/5299 3665/5797/5304 1759/5790/5296
f 1216/5794/5300 2673/5798/5305 4972/5799/5306 3911/5795/5301
f 2673/5798/5305 1211/5765/5264 3906/5768/5267 4972/5799/5306
f 4972/5799/5307 3906/5768/5274 1755/5773/5275 3666/5800/5308
f 3911/5795/5302 4972/5799/5307 3666/5800/5308 1760/5796/5303
f 1213/5776/5278 2674/5801/5309 4973/5802/5310 3908/5777/5279
f 2674/5801/5309 1217/5803/5311 3912/5804/5312 4973/5802/5310
f 4973/5802/5313 3912/5804/5314 1761/5805/5315 3667/5806/5316
f 3908/5777/5281 4973/5802/5313 3667/5806/5316 1757/5778/5282
f 1217/5803/5311 2675/5807/5317 4974/5808/5318 3912/5804/5312
f 2675/5807/5317 1218/5809/5319 3913/5810/5320 4974/5808/5318
f 4974/5808/5321 3913/5810/5322 1762/5811/5323 3668/5812/5324
f 3912/5804/5314 4974/5808/5321 3668/5812/5324 1761/5805/5315
f 1218/5809/5319 2676/5813/5325 4975/5814/5326 3913/5810/5320
f 2676/5813/5325 1219/5815/5327 3914/5816/5328 4975/5814/5326
f 4975/5814/5329 3914/5816/5330 1763/5817/5331 3669/5818/5332
f 3913/5810/5322 4975/5814/5329 3669/5818/5332 1762/5811/5323
f 1219/5815/5327 2677/5819/5333 4976/5820/5334 3914/5816/5328
f 2677/5819/5333 1220/5821/5335 3915/5822/5336 4976/5820/5334
f 4976/5820/5337 3915/5822/5338 1764/5823/5339 3670/5824/5340
f 3914/5816/5330 4976/5820/5337 3670/5824/5340 1763/5817/5331
f 1220/5821/5335 2678/5825/5341 4977/5826/5342 3915/5822/5336
f 2678/5825/5341 1221/5827/5343 3916/5828/5344 4977/5826/5342
f 4977/5826/5345 3916/5828/5346 1765/5829/5347 3671/5830/5348
f 3915/5822/5338 4977/5826/5345 3671/5830/5348 1764/5823/5339
f 1221/5827/5343 2679/5831/5349 4978/5832/5350 3916/5828/5344
f 2679/5831/5349 1222/5833/5351 3917/5834/5352 4978/5832/5350
f 4978/5832/5353 3917/5834/5352 1766/5835/5354 3672/5836/5355
f 3916/5828/5346 4978/5832/5353 3672/5836/5355 1765/5829/5347
f 1222/5833/5351 2680/5837/5356 4979/5838/5357 3917/5834/5352
f 2680/5837/5356 1223/5839/5358 3918/5840/5359 4979/5838/5357
f 4979/5838/5357 3918/5840/5359 1767/5841/5360 3673/5842/5361
f 3917/5834/5352 4979/5838/5357 3673/5842/5361 1766/5835/5354
f 1223/5839/5358 2681/5843/5362 4980/5844/5363 3918/5840/5359
f 2681/5843/5362 1224/5845/5364 3919/5846/5365 4980/5844/5363
f 4980/5844/5363 3919/5846/5365 1768/5847/5366 3674/5848/5367
f 3918/5840/5359 4980/5844/5363 3674/5848/5367 1767/5841/5360
f 1224/5845/5364 2682/5849/5368 4981/5850/5369 3919/5846/5365
f 2682/5849/5368 1225/5851/5370 3920/5852/5371 4981/5850/5369
f 4981/5850/5372 3920/5852/5371 1769/5853/5373 3675/5854/5374
f 3919/5846/5365 4981/5850/5372 3675/5854/5374 1768/5847/5366
f 1225/5851/5370 2683/5855/5375 4982/5856/5376 3920/5852/5371
f 2683/5855/5375 1226/5857/5377 3921/5858/5378 4982/5856/5376
f 4982/5856/5376 3921/5858/5378 1770/5859/5379 3676/5860/5380
f 3920/5852/5371 4982/5856/5376 3676/5860/5380 1769/5853/5373
f 1226/5857/5377 2684/5861/5381 4983/5862/5382 3921/5858/5378
f 2684/5861/5381 1227/5863/5383 3922/5864/5384 4983/5862/5382
f 4983/5862/5382 3922/5864/5384 1771/5865/5385 3677/5866/5386
f 3921/5858/5378 4983/5862/5382 3677/5866/5386 1770/5859/5379
f 1227/5863/5383 2685/5867/5387 4984/5868/5388 3922/5864/5384
f 2685/5867/5387 1228/5869/5389 3923/5870/5390 4984/5868/5388
f 4984/5868/5391 3923/5870/5392 1772/5871/4761 3678/5872/4829
f 3922/5864/5384 4984/5868/5391 3678/5872/4829 1771/5865/5385
f 1228/5873/5389 2686/5874/5393 4985/5875/5393 3923/5876/5390
f 2686/5874/5394 1229/5877/5395 3924/5878/5396 4985/5875/5394
f 4985/5875/5397 3924/5878/5398 1773/5879/5399 3679/5880/5397
f 3923/5876/5392 4985/5875/5400 3679/5880/4762 1772/5881/4761
f 1232/5882/5401 2721/5883/5402 4986/5884/5403 3926/5885/5404
f 2721/5883/5402 1230/5886/5405 3925/5887/5406 4986/5884/5403
f 4986/5884/5403 3925/5887/5406 1774/5888/5407 3714/5889/5408
f 3926/5885/5404 4986/5884/5403 3714/5889/5408 1776/5890/5409
f 1234/5891/5410 2722/5892/5411 4987/5893/5412 3928/5894/5413
f 2722/5892/5411 1232/5882/5401 3926/5885/5404 4987/5893/5412
f 4987/5893/5412 3926/5885/5404 1776/5890/5409 3715/5895/5414
f 3928/5894/5413 4987/5893/5412 3715/5895/5414 1778/5896/5415
f 1233/5897/5416 2723/5898/5417 4988/5899/5418 3927/5900/5419
f 2723/5898/5417 1234/5891/5410 3928/5894/5413 4988/5899/5418
f 4988/5899/5418 3928/5894/5413 1778/5896/5415 3716/5901/5420
f 3927/5900/5419 4988/5899/5418 3716/5901/5420 1777/5902/5421
f 1235/5903/1859 2724/5904/5422 4989/5905/5423 3929/5906/5424
f 2724/5904/5422 1236/5907/5425 3930/5908/5426 4989/5905/5423
f 4989/5905/5423 3930/5908/5426 1780/5909/5427 3717/5910/5428
f 3929/5906/5424 4989/5905/5423 3717/5910/5428 1779/5911/5429
f 1236/5907/5425 2725/5912/5430 4990/5913/5431 3930/5908/5426
f 2725/5912/5430 1233/5897/5416 3927/5900/5419 4990/5913/5431
f 4990/5913/5431 3927/5900/5419 1777/5902/5421 3718/5914/5432
f 3930/5908/5426 4990/5913/5431 3718/5914/5432 1780/5909/5427
f 1241/3129/5433 2726/5915/5434 4991/5916/5435 3935/5917/5436
f 2726/5915/5434 1237/2745/5437 3931/5918/5438 4991/5916/5435
f 4991/5916/5439 3931/5918/5440 1781/5919/5441 3719/5920/5442
f 3935/5917/5436 4991/5916/5439 3719/5920/5442 1785/5921/5443
f 1238/5922/1851 2727/5923/1860 4992/5924/5444 3932/5925/5445
f 2727/5923/1860 1235/5926/1859 3929/5927/5424 4992/5924/5444
f 4992/5924/5444 3929/5927/5424 1779/5928/5429 3720/5929/5446
f 3932/5925/5445 4992/5924/5444 3720/5929/3936 1782/4267/3932
f 1239/5930/1855 2728/5931/1852 4993/5932/5447 3933/5933/5448
f 2728/5931/1852 1238/5922/1851 3932/5925/5445 4993/5932/5447
f 4993/5932/5447 3932/5925/5445 1782/4267/3932 3721/4266/3929
f 3933/5933/5448 4993/5932/5447 3721/4266/3929 1783/4265/3928
f 1240/5934/5449 2729/5935/5450 4994/5936/5451 3934/5937/5452
f 2729/5935/5450 1239/5938/1855 3933/5939/5448 4994/5936/5451
f 4994/5936/5451 3933/5939/5448 1783/5940/3928 3722/5941/5453
f 3934/5937/5452 4994/5936/5451 3722/5941/5453 1784/5942/5454
f 1237/2745/5437 2730/2744/5455 4995/5943/5456 3931/5918/5438
f 2730/2744/5455 1240/2740/5449 3934/5944/5452 4995/5943/5456
f 4995/5943/5457 3934/5944/5452 1784/5945/5454 3723/5946/5458
f 3931/5918/5440 4995/5943/5457 3723/5946/5458 1781/5919/5441
f 1243/5947/5459 2731/5948/5460 4996/5949/5461 3937/5950/5462
f 2731/5948/5460 1242/3133/5463 3936/5951/5464 4996/5949/5461
f 4996/5949/5465 3936/5951/5464 1786/5952/5466 3724/5953/5467
f 3937/5950/5468 4996/5949/5465 3724/5953/5467 1787/5954/5469
f 1246/5955/5470 2732/5956/5471 4997/5957/5472 3940/5958/5473
f 2732/5956/5471 1243/5947/5459 3937/5950/5462 4997/5957/5472
f 4997/5957/5474 3937/5950/5468 1787/5954/5469 3725/5959/5475
f 3940/5958/5476 4997/5957/5474 3725/5959/5475 1790/5960/5477
f 1244/5961/2791 2733/5962/2844 4998/5963/5478 3938/5964/5479
f 2733/5962/2844 1245/5965/5480 3939/5966/5481 4998/5963/5478
f 4998/5963/5482 3939/5966/5483 1789/5967/5484 3726/5968/4940
f 3938/5964/5485 4998/5963/5482 3726/5968/4940 1788/5969/4886
f 1242/3133/5463 2734/3130/5486 4999/5970/5487 3936/5951/5464
f 2734/3130/5486 1241/3129/5433 3935/5917/5436 4999/5970/5487
f 4999/5970/5487 3935/5917/5436 1785/5921/5443 3727/5971/5488
f 3936/5951/5464 4999/5970/5487 3727/5971/5488 1786/5952/5466
f 1245/5965/5480 2735/5972/5489 5000/5973/5490 3939/5966/5481
f 2735/5972/5489 1246/5955/5470 3940/5958/5473 5000/5973/5490
f 5000/5973/5491 3940/5958/5476 1790/5960/5477 3728/5974/5492
f 3939/5966/5483 5000/5973/5491 3728/5974/5492 1789/5967/5484
f 1249/5975/5493 2736/5976/5494 5001/5977/5495 3943/5978/5496
f 2736/5976/5494 1244/5961/2791 3938/5964/5479 5001/5977/5495
f 5001/5977/5497 3938/5964/5485 1788/5969/4886 3729/5979/5498
f 3943/5978/5499 5001/5977/5497 3729/5979/5498 1793/5980/5500
f 1248/5981/2799 2737/5982/2838 5002/5983/5501 3942/5984/5502
f 2737/5982/2835 1247/5985/2834 3941/5986/5503 5002/5983/5504
f 5002/5983/5505 3941/5986/5506 1791/5987/4929 3730/5988/4932
f 3942/5984/5507 5002/5983/5505 3730/5988/4932 1792/5989/5508
f 1250/5990/5509 2738/5991/5510 5003/5992/5511 3944/5993/5512
f 2738/5991/5510 1249/5975/5493 3943/5978/5496 5003/5992/5511
f 5003/5992/5511 3943/5978/5499 1793/5980/5500 3731/5994/5513
f 3944/5993/5512 5003/5992/5511 3731/5994/5513 1794/5995/5514
f 1251/5996/5515 2739/5997/5516 5004/5998/5517 3945/5999/5518
f 2739/5997/5516 1250/5990/5509 3944/5993/5512 5004/5998/5517
f 5004/5998/5517 3944/5993/5512 1794/5995/5514 3732/6000/5519
f 3945/5999/5520 5004/5998/5517 3732/6000/5519 1795/6001/5521
f 1247/5985/2834 2740/6002/2847 5005/6003/5522 3941/5986/5503
f 2740/6002/2847 1251/5996/5515 3945/5999/5518 5005/6003/5522
f 5005/6003/5523 3945/5999/5520 1795/6001/5521 3733/6004/4942
f 3941/5986/5506 5005/6003/5523 3733/6004/4942 1791/5987/4929
f 1252/6005/5524 2741/6006/5525 5006/6007/5526 3946/6008/5527
f 2741/6006/5525 1248/5981/2799 3942/5984/5502 5006/6007/5526
f 5006/6007/5528 3942/5984/5507 1792/5989/5508 3734/6009/5529
f 3946/6008/5530 5006/6007/5528 3734/6009/5529 1796/6010/5531
f 1253/6011/5532 2742/6012/5533 5007/6013/5534 3947/6014/5535
f 2742/6012/5533 1252/6005/5524 3946/6008/5527 5007/6013/5534
f 5007/6013/5536 3946/6008/5530 1796/6010/5531 3735/6015/5536
f 3947/6014/5537 5007/6013/5538 3735/6015/5538 1797/6016/5539
f 1254/6017/5540 2743/6018/5541 5008/6019/5542 3948/6020/5543
f 2743/6018/5541 1253/6011/5532 3947/6014/5535 5008/6019/5542
f 5008/6019/5542 3947/6014/5537 1797/6016/5539 3736/6021/5544
f 3948/6020/5543 5008/6019/5542 3736/6021/5544 1798/6022/5545
f 1255/6023/5546 2744/6024/5547 5009/6025/5548 3949/6026/5549
f 2744/6024/5547 1254/6017/5540 3948/6020/5543 5009/6025/5548
f 5009/6025/5548 3948/6020/5543 1798/6022/5545 3737/6027/5550
f 3949/6026/5549 5009/6025/5548 3737/6027/5550 1799/6028/5551
f 1256/6029/5552 2745/6030/5553 5010/6031/5554 3950/6032/5555
f 2745/6030/5553 1255/6023/5546 3949/6026/5549 5010/6031/5554
f 5010/6031/5556 3949/6026/5549 1799/6028/5551 3738/6033/5557
f 3950/6032/5558 5010/6031/5556 3738/6033/5557 1800/6034/5559
f 1257/6035/5560 2746/6036/5561 5011/6037/5562 3951/6038/5563
f 2746/6036/5561 1256/6029/5552 3950/6032/5555 5011/6037/5562
f 5011/6037/5564 3950/6032/5558 1800/6034/5559 3739/6039/5565
f 3951/6038/5566 5011/6037/5564 3739/6039/5565 1801/6040/5567
f 1258/6041/5568 2747/6042/5569 5012/6043/5570 3952/6044/5571
f 2747/6042/5569 1257/6035/5560 3951/6038/5563 5012/6043/5570
f 5012/6043/5572 3951/6038/5566 1801/6040/5567 3740/6045/5573
f 3952/6044/5574 5012/6043/5572 3740/6045/5573 1802/6046/5575
f 1259/6047/5576 2748/6048/5577 5013/6049/5578 3953/6050/5579
f 2748/6048/5577 1258/6041/5568 3952/6044/5571 5013/6049/5578
f 5013/6049/5580 3952/6044/5574 1802/6046/5575 3741/6051/5581
f 3953/6050/5582 5013/6049/5580 3741/6051/5581 1803/6052/5583
f 1260/6053/5584 2749/6054/5585 5014/6055/5586 3954/6056/5587
f 2749/6054/5585 1259/6047/5576 3953/6050/5579 5014/6055/5586
f 5014/6055/5586 3953/6050/5582 1803/6052/5583 3742/6057/5588
f 3954/6056/5587 5014/6055/5586 3742/6057/5588 1804/6058/5589
f 1262/6059/5590 2750/6060/5591 5015/6061/5592 3956/6062/5593
f 2750/6060/5591 1261/6063/5594 3955/6064/5595 5015/6061/5592
f 5015/6061/5596 3955/6064/5597 1805/6065/5598 3743/6066/5599
f 3956/6062/5600 5015/6061/5596 3743/6066/5599 1806/6067/5601
f 1273/6068/5602 2751/6069/5603 5016/6070/5604 3967/6071/5605
f 2751/6069/5603 1262/6059/5590 3956/6062/5593 5016/6070/5604
f 5016/6070/5606 3956/6062/5600 1806/6067/5601 3744/6072/5607
f 3967/6071/5608 5016/6070/5606 3744/6072/5607 1817/6073/5609
f 1264/6074/5610 2752/6075/5611 5017/6076/5612 3958/6077/5613
f 2752/6075/5611 1263/6078/5614 3957/6079/5615 5017/6076/5612
f 5017/6076/5616 3957/6079/5617 1807/6080/5618 3745/6081/5619
f 3958/6077/5620 5017/6076/5616 3745/6081/5619 1808/6082/5621
f 1266/6083/5622 2753/6084/5623 5018/6085/5624 3960/6086/5625
f 2753/6084/5623 1265/6087/5626 3959/6088/5627 5018/6085/5624
f 5018/6085/5628 3959/6088/5629 1809/6089/5630 3746/6090/5631
f 3960/6086/5632 5018/6085/5628 3746/6090/5631 1810/6091/5633
f 1265/6087/5626 2754/6092/5634 5019/6093/5635 3959/6088/5627
f 2754/6092/5634 1264/6094/5610 3958/6095/5613 5019/6093/5635
f 5019/6093/5636 3958/6095/5620 1808/6096/5621 3747/6097/5637
f 3959/6088/5629 5019/6093/5636 3747/6097/5637 1809/6089/5630
f 1267/6098/5638 2755/6099/5639 5020/6100/5640 3961/6101/5641
f 2755/6099/5639 1266/6083/5622 3960/6086/5625 5020/6100/5640
f 5020/6100/5642 3960/6086/5632 1810/6091/5633 3748/6102/5643
f 3961/6101/5644 5020/6100/5642 3748/6102/5643 1811/6103/5645
f 1268/6104/5646 2756/6105/5647 5021/6106/5648 3962/6107/5649
f 2756/6105/5647 1267/6108/5638 3961/6109/5641 5021/6106/5648
f 5021/6106/5650 3961/6109/5644 1811/6110/5645 3749/6111/5650
f 3962/6107/5651 5021/6106/5652 3749/6111/5652 1812/6112/5653
f 1274/6113/5654 2757/6114/5655 5022/6115/5656 3968/6116/5657
f 2757/6114/5655 1268/6117/5646 3962/6118/5649 5022/6115/5656
f 5022/6115/5658 3962/6118/5651 1812/6119/5653 3750/6120/5659
f 3968/6116/5657 5022/6115/5658 3750/6120/5659 1818/6121/5660
f 1270/6122/5661 2758/6123/5662 5023/6124/5663 3964/6125/5664
f 2758/6123/5662 1269/6126/5665 3963/6127/5666 5023/6124/5663
f 5023/6124/5667 3963/6127/5668 1813/6128/5669 3751/6129/5670
f 3964/6125/5671 5023/6124/5667 3751/6129/5670 1814/6130/5672
f 1271/6131/5673 2759/6132/5674 5024/6133/5675 3965/6134/5676
f 2759/6132/5674 1270/6122/5661 3964/6125/5664 5024/6133/5675
f 5024/6133/5677 3964/6125/5671 1814/6130/5672 3752/6135/5678
f 3965/6134/5676 5024/6133/5677 3752/6135/5678 1815/6136/5679
f 1272/6137/5680 2760/6138/5681 5025/6139/5682 3966/6140/5683
f 2760/6138/5681 1260/6053/5584 3954/6056/5587 5025/6139/5682
f 5025/6139/5682 3954/6056/5587 1804/6058/5589 3753/6141/5684
f 3966/6140/5685 5025/6139/5682 3753/6141/5684 1816/6142/5686
f 1261/6063/5594 2761/6143/5687 5026/6144/5688 3955/6064/5595
f 2761/6143/5687 1272/6137/5680 3966/6140/5683 5026/6144/5688
f 5026/6144/5689 3966/6140/5685 1816/6142/5686 3754/6145/5690
f 3955/6064/5597 5026/6144/5689 3754/6145/5690 1805/6065/5598
f 1263/6146/5614 2762/6147/5691 5027/6148/5692 3957/6149/5615
f 2762/6147/5691 1273/6068/5602 3967/6071/5605 5027/6148/5692
f 5027/6148/5693 3967/6071/5608 1817/6073/5609 3755/6150/5694
f 3957/6149/5617 5027/6148/5693 3755/6150/5694 1807/6151/5618
f 1275/6152/1612 2763/6153/5695 5028/6154/5696 3969/6155/5697
f 2763/6153/5695 1274/6113/5654 3968/6116/5657 5028/6154/5696
f 5028/6154/5696 3968/6116/5657 1818/6121/5660 3756/6156/5698
f 3969/6155/5697 5028/6154/5696 3756/6156/5698 1819/6157/3693
f 1276/6158/1616 2764/6159/1613 5029/6160/5699 3970/6161/5700
f 2764/6159/1613 1275/6152/1612 3969/6155/5697 5029/6160/5699
f 5029/6160/5699 3969/6155/5697 1819/6157/3693 3757/6162/3690
f 3970/6161/5700 5029/6160/5699 3757/6162/3690 1820/6163/3689
f 1277/6164/5701 2765/6165/5702 5030/6166/5703 3971/6167/5704
f 2765/6165/5702 1276/6158/1616 3970/6161/5700 5030/6166/5703
f 5030/6166/5703 3970/6161/5700 1820/6163/3689 3758/6168/5705
f 3971/6167/5706 5030/6166/5703 3758/6168/5705 1821/6169/5707
f 1269/6126/5665 2766/6170/5708 5031/6171/5709 3963/6127/5666
f 2766/6170/5708 1277/6164/5701 3971/6167/5704 5031/6171/5709
f 5031/6171/5710 3971/6167/5706 1821/6169/5707 3759/6172/5711
f 3963/6127/5668 5031/6171/5710 3759/6172/5711 1813/6128/5669
f 1278/6173/5712 2767/6174/5713 5032/6175/5714 3972/6176/5715
f 2767/6174/5713 1271/6131/5673 3965/6134/5676 5032/6175/5714
f 5032/6175/5714 3965/6134/5676 1815/6136/5679 3760/6177/5716
f 3972/6176/5715 5032/6175/5714 3760/6177/5716 1822/6178/5717
f 1279/6179/5718 2768/6180/5719 5033/6181/5720 3973/6182/5721
f 2768/6180/5719 1278/6173/5712 3972/6176/5715 5033/6181/5720
f 5033/6181/5720 3972/6176/5715 1822/6178/5717 3761/6183/5722
f 3973/6182/5721 5033/6181/5720 3761/6183/5722 1823/6184/5723
f 1280/6185/2766 2769/6186/2776 5034/6187/5724 3974/6188/5725
f 2769/6186/2776 1279/6179/5718 3973/6182/5721 5034/6187/5724
f 5034/6187/5724 3973/6182/5721 1823/6184/5723 3762/6189/5726
f 3974/6188/5725 5034/6187/5724 3762/6189/5726 1824/6190/5727
f 1281/6191/5728 2770/6192/5729 5035/6193/5730 3975/6194/5731
f 2770/6192/5729 1280/6185/2766 3974/6188/5725 5035/6193/5730
f 5035/6193/5730 3974/6188/5725 1824/6190/5727 3763/6195/5732
f 3975/6194/5731 5035/6193/5730 3763/6195/5732 1825/6196/5733
f 1283/6197/1824 2771/6198/2480 5036/6199/5734 3977/6200/5735
f 2771/6198/2480 1282/6201/5736 3976/6202/5737 5036/6199/5734
f 5036/6199/5734 3976/6202/5737 1826/6203/5738 3764/6204/5739
f 3977/6200/5735 5036/6199/5734 3764/6204/5739 1827/6205/5740
f 1282/6201/5736 2772/6206/5741 5037/6207/5742 3976/6202/5737
f 2772/6206/5741 1281/6191/5728 3975/6194/5731 5037/6207/5742
f 5037/6207/5742 3975/6194/5731 1825/6196/5733 3765/6208/5743
f 3976/6202/5737 5037/6207/5742 3765/6208/5743 1826/6203/5738
f 1284/6209/1827 2773/6210/1825 5038/6211/5744 3978/6212/5745
f 2773/6210/1825 1283/6197/1824 3977/6200/5735 5038/6211/5744
f 5038/6211/5744 3977/6200/5735 1827/6205/5740 3766/6213/5746
f 3978/6212/5745 5038/6211/5744 3766/6213/5746 1828/6214/5747
f 1285/6215/924 2774/6216/5748 5039/6217/5749 3979/6218/5750
f 2774/6216/5748 1284/6209/1827 3978/6212/5745 5039/6217/5749
f 5039/6217/5749 3978/6212/5745 1828/6214/5747 3767/6219/5751
f 3979/6218/5750 5039/6217/5749 3767/6219/5751 1829/6220/3005
f 1286/6221/928 2775/6222/925 5040/6223/5752 3980/6224/5753
f 2775/6222/925 1285/6215/924 3979/6218/5750 5040/6223/5752
f 5040/6223/5752 3979/6218/5750 1829/6220/3005 3768/6225/3002
f 3980/6224/5753 5040/6223/5752 3768/6225/3002 1830/6226/3001
f 1335/6227/5754 2776/6228/5755 5041/6229/5756 4028/6230/5757
f 2776/6228/5755 1286/6221/928 3980/6224/5753 5041/6229/5756
f 5041/6229/5756 3980/6224/5753 1830/6226/3001 3769/6231/5758
f 4028/6230/5757 5041/6229/5756 3769/6231/5758 1879/6232/5759
f 1230/5886/5760 2780/6233/5761 5042/6234/5762 3925/5887/5763
f 2780/6233/5761 865/6235/5764 3867/6236/5765 5042/6234/5762
f 5042/6234/5762 3867/6236/5766 1409/6237/5767 3773/6238/5768
f 3925/5887/5763 5042/6234/5762 3773/6238/5768 1774/5888/5769
f 1288/6239/5770 2806/6240/2876 5043/6241/5771 3982/6242/5770
f 2806/6240/2876 1287/6243/2875 3981/6244/5772 5043/6241/5771
f 5043/6241/5773 3981/6244/5774 1831/6245/5774 3799/6246/5775
f 3982/6242/5776 5043/6241/5773 3799/6246/5775 1832/6247/4973
f 1289/6248/5777 2807/6249/5778 5044/6250/5778 3983/6251/5779
f 2807/6249/2888 1288/6252/2887 3982/6253/5780 5044/6250/5780
f 5044/6250/5781 3982/6253/5776 1832/5454/4973 3800/5461/4977
f 3983/6251/5782 5044/6250/5781 3800/5461/4977 1833/5465/4960
f 1290/6254/5783 2808/6255/5784 5045/6256/5785 3984/6257/5786
f 2808/6255/5784 1289/6248/5777 3983/6251/5779 5045/6256/5785
f 5045/6256/5787 3983/6251/5782 1833/5465/4960 3801/6258/4963
f 3984/6257/5788 5045/6256/5787 3801/6258/4963 1834/6259/5789
f 1291/6260/5790 2809/6261/5791 5046/6262/5792 3985/6263/5793
f 2809/6261/5791 1290/6254/5783 3984/6257/5786 5046/6262/5792
f 5046/6262/5794 3984/6257/5788 1834/6259/5789 3802/6264/5795
f 3985/6263/5796 5046/6262/5794 3802/6264/5795 1835/6265/5797
f 1293/6266/5798 2810/6267/5799 5047/6268/5800 3987/6269/5801
f 2810/6267/5799 1292/6270/5802 3986/6271/5803 5047/6268/5800
f 5047/6268/5800 3986/6271/5803 1836/6272/5804 3803/6273/5805
f 3987/6269/5801 5047/6268/5800 3803/6273/5805 1837/6274/5806
f 1295/6275/1242 2811/6276/1240 5048/6277/5807 3989/6278/5808
f 2811/6276/1240 1294/6279/5809 3988/6280/5810 5048/6277/5807
f 5048/6277/5807 3988/6280/5810 1838/6281/5811 3804/6282/3320
f 3989/6278/5808 5048/6277/5807 3804/6282/3320 1839/6283/3319
f 1296/6284/5812 2812/6285/2127 5049/6286/5813 3990/6287/5814
f 2812/6285/2127 1295/6275/1242 3989/6278/5808 5049/6286/5813
f 5049/6286/5813 3989/6278/5808 1839/6283/3319 3805/6288/4209
f 3990/6287/5814 5049/6286/5813 3805/6288/4209 1840/6289/5815
f 1298/6290/5816 2813/6291/5817 5050/6292/5818 3992/6293/5819
f 2813/6291/5817 1297/6294/5820 3991/6295/5821 5050/6292/5818
f 5050/6292/5818 3991/6295/5821 1841/6296/5822 3806/6297/4205
f 3992/6293/5819 5050/6292/5818 3806/6297/4205 1842/6298/3456
f 1299/6299/1378 2814/6300/1375 5051/6301/5823 3993/6302/5824
f 2814/6300/1375 1298/6290/5816 3992/6293/5819 5051/6301/5823
f 5051/6301/5823 3992/6293/5819 1842/6298/3456 3807/6303/3453
f 3993/6302/5824 5051/6301/5823 3807/6303/3453 1843/6304/3452
f 1300/6305/5825 2815/6306/5826 5052/6307/5827 3994/6308/5828
f 2815/6306/5826 1299/6299/1378 3993/6302/5824 5052/6307/5827
f 5052/6307/5827 3993/6302/5824 1843/6304/3452 3808/6309/4272
f 3994/6308/5828 5052/6307/5827 3808/6309/4272 1844/6310/5829
f 1302/6311/5830 2816/6312/5831 5053/6313/5832 3996/6314/5833
f 2816/6312/5831 1301/6315/5834 3995/6316/5835 5053/6313/5832
f 5053/6313/5836 3995/6316/5837 1845/6317/5838 3809/6318/5839
f 3996/6314/5833 5053/6313/5836 3809/6318/5839 1846/6319/5840
f 1303/6320/5841 2817/6321/5842 5054/6322/5843 3997/6323/5844
f 2817/6321/5842 1302/6311/5830 3996/6314/5833 5054/6322/5843
f 5054/6322/5843 3996/6314/5833 1846/6319/5840 3810/6324/5845
f 3997/6323/5844 5054/6322/5843 3810/6324/5845 1847/6325/5846
f 1304/6326/5847 2818/6327/5848 5055/6328/5849 3998/6329/5850
f 2818/6327/5848 1303/6320/5841 3997/6323/5844 5055/6328/5849
f 5055/6328/5849 3997/6323/5844 1847/6325/5846 3811/6330/5851
f 3998/6329/5850 5055/6328/5849 3811/6330/5851 1848/6331/5852
f 1305/6332/1523 2819/6333/2858 5056/6334/5853 3999/6335/5854
f 2819/6333/2858 1304/6326/5847 3998/6329/5850 5056/6334/5853
f 5056/6334/5853 3998/6329/5850 1848/6331/5852 3812/6336/4954
f 3999/6335/5854 5056/6334/5853 3812/6336/4954 1849/6337/3603
f 1292/6270/5802 2820/6338/5855 5057/6339/5856 3986/6271/5803
f 2820/6338/5855 1291/6260/5790 3985/6263/5793 5057/6339/5856
f 5057/6339/5857 3985/6263/5796 1835/6265/5797 3813/6340/5858
f 3986/6271/5803 5057/6339/5857 3813/6340/5858 1836/6272/5804
f 1306/6341/5859 2821/6342/5860 5058/6343/5861 4000/6344/5862
f 2821/6342/5860 1293/6266/5798 3987/6269/5801 5058/6343/5861
f 5058/6343/5861 3987/6269/5801 1837/6274/5806 3814/6345/5863
f 4000/6344/5862 5058/6343/5861 3814/6345/5863 1850/6346/5864
f 1294/6279/5809 2822/6347/5865 5059/6348/5866 3988/6280/5810
f 2822/6347/5865 1306/6341/5859 4000/6344/5862 5059/6348/5866
f 5059/6348/5866 4000/6344/5862 1850/6346/5864 3815/6349/5867
f 3988/6280/5810 5059/6348/5866 3815/6349/5867 1838/6281/5811
f 1307/6350/5868 2823/6351/5869 5060/6352/5870 4001/6353/5871
f 2823/6351/5869 1296/6284/5812 3990/6287/5814 5060/6352/5870
f 5060/6352/5872 3990/6287/5814 1840/6289/5815 3816/6354/5873
f 4001/6353/5874 5060/6352/5872 3816/6354/5873 1851/6355/5875
f 1297/6294/5820 2824/6356/5876 5061/6357/5877 3991/6295/5821
f 2824/6356/5876 1307/6350/5868 4001/6353/5871 5061/6357/5877
f 5061/6357/5878 4001/6353/5874 1851/6355/5875 3817/6358/5879
f 3991/6295/5821 5061/6357/5878 3817/6358/5879 1841/6296/5822
f 1308/6359/5880 2825/6360/5881 5062/6361/5882 4002/6362/5883
f 2825/6360/5881 1300/6305/5825 3994/6308/5828 5062/6361/5882
f 5062/6361/5884 3994/6308/5828 1844/6310/5829 3818/6363/5885
f 4002/6362/5886 5062/6361/5884 3818/6363/5885 1852/6364/5887
f 1309/6365/5888 2826/6366/5889 5063/6367/5890 4003/6368/5891
f 2826/6366/5889 1308/6359/5880 4002/6362/5883 5063/6367/5890
f 5063/6367/5892 4002/6362/5886 1852/6364/5887 3819/6369/5893
f 4003/6368/5894 5063/6367/5892 3819/6369/5893 1853/6370/5895
f 1301/6315/5834 2827/6371/5896 5064/6372/5897 3995/6316/5835
f 2827/6371/5896 1309/6365/5888 4003/6368/5891 5064/6372/5897
f 5064/6372/5898 4003/6368/5894 1853/6370/5895 3820/6373/5899
f 3995/6316/5837 5064/6372/5898 3820/6373/5899 1845/6317/5838
f 1310/6374/5900 2828/6375/5901 5065/6376/5902 4004/6377/5903
f 2828/6375/5901 1305/6332/1523 3999/6335/5854 5065/6376/5902
f 5065/6376/5902 3999/6335/5854 1849/6337/3603 3821/6378/5904
f 4004/6377/5903 5065/6376/5902 3821/6378/5904 1854/6379/5905
f 865/6380/5764 2830/6381/5906 5066/6382/5907 3867/6383/5765
f 2830/6381/5906 1310/6374/5900 4004/6377/5903 5066/6382/5907
f 5066/6382/5908 4004/6377/5903 1854/6379/5905 3823/6384/5909
f 3867/6383/5766 5066/6382/5908 3823/6384/5909 1409/6385/5767
f 1287/6386/2875 2837/6387/2878 5067/6388/5910 3981/6389/5772
f 2837/6387/2878 1174/6390/2883 3869/6391/5039 5067/6388/5910
f 5067/6388/5910 3869/6391/5039 1718/6392/5911 3830/6393/5912
f 3981/6389/5772 5067/6388/5910 3830/6393/5912 1831/6394/5913
f 1312/6395/5914 2838/6396/5915 5068/6397/5916 4005/6398/5917
f 2838/6396/5915 1313/6399/5918 4006/6400/5919 5068/6397/5916
f 5068/6397/5916 4006/6400/5919 1857/6401/5920 3831/6402/5921
f 4005/6398/5917 5068/6397/5916 3831/6402/5921 1856/6403/5922
f 1313/6399/5918 2839/6404/5923 5069/6405/5924 4006/6400/5919
f 2839/6404/5923 1314/6406/2005 4007/6407/5925 5069/6405/5924
f 5069/6405/5924 4007/6407/5925 1858/6408/4085 3832/6409/4754
f 4006/6400/5919 5069/6405/5924 3832/6409/4754 1857/6401/5920
f 1314/6406/2005 2840/6410/2003 5070/6411/5926 4007/6407/5925
f 2840/6410/2003 1315/6412/5927 4008/6413/5928 5070/6411/5926
f 5070/6411/5926 4008/6413/5928 1859/6414/3435 3833/6415/4086
f 4007/6407/5925 5070/6411/5926 3833/6415/4086 1858/6408/4085
f 1315/6412/5927 2841/6416/5929 5071/6417/5930 4008/6413/5928
f 2841/6416/5929 1316/6418/5931 4009/6419/5932 5071/6417/5930
f 5071/6417/5930 4009/6419/5933 1860/6420/5934 3834/6421/5935
f 4008/6413/5928 5071/6417/5930 3834/6421/5935 1859/6414/3435
f 1316/6418/5931 2842/6422/5936 5072/6423/5937 4009/6419/5932
f 2842/6422/5936 1317/6424/5938 4010/6425/5939 5072/6423/5937
f 5072/6423/5940 4010/6425/5941 1861/6426/5942 3835/6427/5943
f 4009/6419/5933 5072/6423/5940 3835/6427/5943 1860/6420/5934
f 1317/6424/5938 2843/6428/5944 5073/6429/5945 4010/6425/5939
f 2843/6428/5944 1318/6430/5946 4011/6431/5947 5073/6429/5945
f 5073/6429/5948 4011/6431/5949 1862/6432/5950 3836/6433/5951
f 4010/6425/5941 5073/6429/5948 3836/6433/5951 1861/6426/5942
f 1318/6430/5946 2844/6434/5952 5074/6435/5953 4011/6431/5947
f 2844/6434/5952 1319/6436/5954 4012/6437/5955 5074/6435/5953
f 5074/6435/5956 4012/6437/5957 1863/6438/5958 3837/6439/5959
f 4011/6431/5949 5074/6435/5956 3837/6439/5959 1862/6432/5950
f 1319/6436/5954 2845/6440/5960 5075/6441/5961 4012/6437/5955
f 2845/6440/5960 1320/6442/5962 4013/6443/5963 5075/6441/5961
f 5075/6441/5964 4013/6443/5963 1864/6444/5965 3838/6445/5966
f 4012/6437/5957 5075/6441/5964 3838/6445/5966 1863/6438/5958
f 1320/6442/5962 2846/6446/5967 5076/6447/5968 4013/6443/5963
f 2846/6446/5967 1321/6448/5969 4014/6449/5970 5076/6447/5968
f 5076/6447/5968 4014/6449/5970 1865/6450/5971 3839/6451/5972
f 4013/6443/5963 5076/6447/5968 3839/6451/5972 1864/6444/5965
f 1321/6448/5969 2847/6452/5973 5077/6453/5974 4014/6449/5970
f 2847/6452/5973 1322/6454/5975 4015/6455/5976 5077/6453/5974
f 5077/6453/5974 4015/6455/5977 1866/6456/5978 3840/6457/5979
f 4014/6449/5970 5077/6453/5974 3840/6457/5979 1865/6450/5971
f 1322/6454/5975 2848/6458/5980 5078/6459/5981 4015/6455/5976
f 2848/6458/5980 1323/6460/5982 4016/6461/5983 5078/6459/5981
f 5078/6459/5981 4016/6461/5983 1867/6462/5984 3841/6463/5985
f 4015/6455/5977 5078/6459/5981 3841/6463/5985 1866/6456/5978
f 1323/6460/5982 2849/6464/5986 5079/6465/5987 4016/6461/5983
f 2849/6464/5986 1324/6466/5988 4017/6467/5989 5079/6465/5987
f 5079/6465/5987 4017/6467/5989 1868/6468/5990 3842/6469/5991
f 4016/6461/5983 5079/6465/5987 3842/6469/5991 1867/6462/5984
f 1324/6466/5988 2850/6470/5992 5080/6471/5993 4017/6467/5989
f 2850/6470/5992 1325/6472/5994 4018/6473/5995 5080/6471/5993
f 5080/6471/5996 4018/6473/5997 1869/6474/5998 3843/6475/5999
f 4017/6467/5989 5080/6471/5996 3843/6475/5999 1868/6468/5990
f 1325/6472/5994 2851/6476/6000 5081/6477/6001 4018/6473/5995
f 2851/6476/6000 1326/6478/6002 4019/6479/6003 5081/6477/6001
f 5081/6477/6004 4019/6479/6003 1870/6480/6005 3844/6481/6006
f 4018/6473/5997 5081/6477/6004 3844/6481/6006 1869/6474/5998
f 1326/6478/6002 2852/6482/6007 5082/6483/6008 4019/6479/6003
f 2852/6482/6007 1327/6484/6009 4020/6485/6010 5082/6483/6008
f 5082/6483/6008 4020/6485/6010 1871/6486/6011 3845/6487/6012
f 4019/6479/6003 5082/6483/6008 3845/6487/6012 1870/6480/6005
f 1327/6484/6009 2853/6488/6013 5083/6489/6014 4020/6485/6010
f 2853/6488/6013 1330/3219/6015 4023/6490/6016 5083/6489/6014
f 5083/6489/6014 4023/6490/6016 1874/6491/3034 3846/6492/6017
f 4020/6485/6010 5083/6489/6014 3846/6492/6017 1871/6486/6011
f 1328/3215/2901 2854/6493/2899 5084/6494/6018 4021/6495/6019
f 2854/6493/2899 1329/6496/6020 4022/6497/6021 5084/6494/6018
f 5084/6494/6018 4022/6497/6021 1873/6498/6022 3847/6499/4987
f 4021/6495/6019 5084/6494/6018 3847/6499/4987 1872/6500/4991
f 1329/6496/6020 2855/6501/6023 5085/6502/6024 4022/6497/6021
f 2855/6501/6023 1331/6503/6025 4024/6504/6026 5085/6502/6024
f 5085/6502/6024 4024/6504/6027 1875/6505/6028 3848/6506/6029
f 4022/6497/6021 5085/6502/6024 3848/6506/6029 1873/6498/6022
f 1331/6503/6025 2856/6507/6030 5086/6508/6031 4024/6504/6026
f 2856/6507/6030 1332/6509/6032 4025/6510/6033 5086/6508/6031
f 5086/6508/6031 4025/6510/6033 1876/6511/6034 3849/6512/6035
f 4024/6504/6027 5086/6508/6031 3849/6512/6035 1875/6505/6028
f 1332/6509/6032 2857/6513/6036 5087/6514/6037 4025/6510/6033
f 2857/6513/6036 1333/6515/1119 4026/6516/6038 5087/6514/6037
f 5087/6514/6037 4026/6516/6038 1877/6517/6039 3850/6518/6040
f 4025/6510/6033 5087/6514/6037 3850/6518/6040 1876/6511/6034
f 1333/6515/1119 2858/6519/2944 5088/6520/6041 4026/6516/6038
f 2858/6519/2944 1334/6521/2924 4027/6522/6042 5088/6520/6041
f 5088/6520/6041 4027/6522/6042 1878/6523/5012 3851/6524/5031
f 4026/6516/6038 5088/6520/6041 3851/6524/5031 1877/6517/6039
f 1336/6525/2597 2859/6526/6043 5089/6527/6044 4029/6528/6045
f 2859/6526/6043 1335/6529/6046 4028/6530/6047 5089/6527/6044
f 5089/6527/6044 4028/6530/6047 1879/6531/6048 3852/6532/6049
f 4029/6528/6045 5089/6527/6044 3852/6532/6049 1880/6533/4674
f 1330/3219/6015 2860/3216/2947 5090/6534/6050 4023/6490/6016
f 2860/3216/2947 1328/3215/2901 4021/6495/6019 5090/6534/6050
f 5090/6534/6050 4021/6495/6019 1872/6500/4991 3853/6535/5034
f 4023/6490/6016 5090/6534/6050 3853/6535/5034 1874/6491/3034
f 1334/6521/2924 2861/6536/2922 5091/6537/6051 4027/6522/6042
f 2861/6536/2922 1336/6525/2597 4029/6528/6045 5091/6537/6051
f 5091/6537/6051 4029/6528/6045 1880/6533/4674 3854/6538/5009
f 4027/6522/6042 5091/6537/6051 3854/6538/5009 1878/6523/5012
f 1229/6539/5395 2864/6540/6052 5092/6541/6052 3924/6542/5396
f 2864/6540/6053 1312/6543/6053 4005/6544/6054 5092/6541/6055
f 5092/6541/6055 4005/6544/6054 1856/6545/6056 3857/6546/6056
f 3924/6542/5398 5092/6541/6057 3857/6546/6057 1773/6547/5399
usemtl Hoja_derecha
f 5135/6548/6058 5131/6549/6059 5116/6550/6060 5120/6551/6061
f 5224/6552/6062 5228/6553/6063 5175/6554/6064 5171/6555/6065
f 5212/6556/6066 5259/6557/6067 5208/6558/6068 5159/6559/6069
f 5101/6560/6070 5100/6561/6070 5307/6562/6071 5311/6563/6071
f 5128/6564/6072 5139/6565/6073 5124/6566/6074 5111/6567/6075
f 5106/6568/6076 5119/6569/6076 5115/6570/6076 5112/6571/6076 5283/6572/6076 5290/6572/6076 5285/6573/6076 5264/6574/6077 5275/6575/6078 5271/6576/6079
f 5228/6553/6063 5232/6577/6080 5179/6578/6081 5175/6554/6064
f 5259/6557/6067 5216/6579/6082 5163/6580/6083 5208/6558/6068
f 5109/6581/6084 5110/6582/6084 5155/6583/6085 5151/6584/6086
f 5292/6585/6087 5296/6586/6088 5286/6587/6089 5289/6588/6090 5284/6589/6091
f 5283/6590/6092 5284/6591/6093 5289/6592/6094 5290/6590/6094
f 5106/6568/6076 5271/6576/6079 5267/6593/6095 5264/6574/6077 5285/6573/6076 5288/6594/6076 5188/6595/6076 5192/6596/6076 5196/6597/6076 5200/6598/6076 5160/6599/6076 5207/6600/6076 5164/6601/6076 5168/6602/6076 5105/6603/6076
f 5107/6604/6096 5110/6605/6096 5276/6606/6097 5263/6607/6098
f 5240/6608/6099 5244/6609/6100 5191/6610/6101 5187/6611/6102
f 5232/6577/6080 5236/6612/6103 5183/6613/6104 5179/6578/6081
f 5095/6614/6105 5096/6615/6105 5104/6616/6105 5103/6617/6105
f 5216/6618/6106 5220/6619/6107 5167/6620/6108 5163/6621/6109
f 5236/6622/6110 5255/6623/6111 5204/6624/6112 5183/6625/6113
f 5098/6626/6114 5093/6626/6114 5279/6626/6114 5280/6626/6114 5106/6626/6114
f 5096/6627/6115 5097/6628/6115 5105/6629/6115 5104/6630/6115
f 5255/6623/6111 5240/6631/6116 5187/6632/6117 5204/6624/6112
f 5097/6633/6114 5098/6634/6114 5106/6635/6114 5105/6636/6114
f 5244/6609/6100 5248/6637/6118 5195/6638/6119 5191/6610/6101
f 5094/6639/6120 5093/6640/6120 5098/6640/6120 5136/6641/6120 5140/6642/6120 5127/6643/6120 5291/6644/6120 5293/6645/6120
f 5282/6646/6076 5283/6572/6076 5112/6571/6076 5123/6647/6076 5119/6569/6076 5106/6568/6076 5280/6568/6076
f 5248/6637/6118 5252/6648/6121 5199/6649/6122 5195/6638/6119
f 5139/6650/6123 5135/6651/6124 5120/6652/6125 5124/6653/6126
f 5220/6619/6107 5224/6552/6062 5171/6555/6065 5167/6620/6108
f 5100/6654/6127 5101/6655/6127 5326/6656/6128 5322/6657/6128
f 5105/6603/6076 5168/6602/6076 5172/6658/6076 5176/6659/6076 5180/6660/6076 5184/6661/6076 5203/6662/6076 5188/6595/6076 5288/6594/6076 5287/6663/6076 5103/6664/6076 5104/6665/6076
f 5110/6605/6129 5109/6666/6129 5272/6667/6130 5276/6606/6131
f 5109/6666/6132 5108/6668/6132 5268/6669/6133 5272/6667/6134
f 5110/6670/6135 5107/6671/6135 5144/6672/6136 5155/6673/6137
f 5148/6674/6138 5152/6675/6139 5156/6676/6140 5143/6677/6141
f 5108/6678/6142 5109/6679/6142 5151/6680/6143 5147/6681/6144
f 5098/6640/6120 5327/6682/6145 5331/6683/6146 5318/6684/6147 5297/6685/6120 5291/6644/6120 5127/6643/6120 5132/6686/6120 5136/6641/6120
f 5101/6655/6148 5102/6687/6148 5330/6688/6149 5326/6656/6150
f 5099/6689/6151 5100/6654/6151 5322/6657/6152 5319/6690/6153
f 5099/6691/6154 5102/6692/6154 5315/6693/6155 5302/6694/6156
f 5102/6695/6157 5101/6696/6157 5311/6697/6158 5315/6698/6159
f 5306/6699/6160 5303/6700/6161 5314/6701/6162 5310/6702/6163
f 5112/6571/6164 5115/6570/6164 5117/6703/6164 5114/6704/6164
f 5114/6705/6165 5117/6706/6165 5118/6707/6166 5113/6708/6167
f 5113/6708/6167 5118/6707/6166 5116/6709/6168 5111/6710/6169
f 5115/6570/6170 5119/6569/6170 5121/6711/6170 5117/6703/6170
f 5117/6712/6171 5121/6713/6171 5122/6714/6172 5118/6715/6173
f 5118/6715/6173 5122/6714/6172 5120/6551/6061 5116/6550/6060
f 5119/6569/6174 5123/6647/6174 5125/6716/6174 5121/6711/6174
f 5121/6711/6175 5125/6716/6175 5126/6717/6176 5122/6718/6177
f 5122/6719/6177 5126/6720/6176 5124/6653/6126 5120/6652/6125
f 5123/6647/6178 5112/6571/6178 5114/6704/6178 5125/6716/6178
f 5125/6721/6179 5114/6722/6179 5113/6723/6180 5126/6724/6181
f 5126/6724/6181 5113/6723/6180 5111/6567/6075 5124/6566/6074
f 5296/6725/6115 5299/6726/6115 5095/6727/6115 5103/6728/6115 5287/6729/6115 5286/6730/6115
f 5128/6731/6182 5131/6732/6183 5133/6733/6184 5130/6734/6185
f 5130/6735/6185 5133/6736/6184 5134/6737/6186 5129/6738/6186
f 5129/6738/6187 5134/6737/6187 5132/6686/6187 5127/6643/6187
f 5131/6549/6059 5135/6548/6058 5137/6739/6188 5133/6740/6189
f 5133/6740/6189 5137/6739/6188 5138/6741/6190 5134/6742/6190
f 5134/6737/6191 5138/6743/6191 5136/6641/6191 5132/6686/6191
f 5135/6651/6124 5139/6650/6123 5141/6744/6192 5137/6745/6193
f 5137/6746/6193 5141/6747/6192 5142/6748/6194 5138/6743/6194
f 5138/6743/6195 5142/6748/6195 5140/6642/6195 5136/6641/6195
f 5139/6565/6073 5128/6564/6072 5130/6749/6196 5141/6750/6197
f 5141/6750/6197 5130/6749/6196 5129/6751/6198 5142/6752/6198
f 5142/6748/6199 5129/6738/6199 5127/6643/6199 5140/6642/6199
f 5131/6732/6183 5128/6731/6182 5111/6710/6169 5116/6709/6168
f 5144/6753/6200 5147/6754/6201 5149/6755/6202 5146/6756/6203
f 5146/6756/6203 5149/6755/6202 5150/6757/6204 5145/6758/6205
f 5145/6758/6205 5150/6757/6204 5148/6674/6138 5143/6677/6141
f 5147/6754/6144 5151/6759/6143 5153/6760/6206 5149/6755/6207
f 5149/6755/6207 5153/6760/6206 5154/6761/6208 5150/6757/6209
f 5150/6757/6209 5154/6761/6208 5152/6675/6139 5148/6674/6138
f 5151/6759/6086 5155/6762/6085 5157/6763/6210 5153/6760/6211
f 5153/6760/6211 5157/6763/6210 5158/6764/6212 5154/6761/6213
f 5154/6761/6213 5158/6764/6212 5156/6676/6140 5152/6675/6139
f 5155/6762/6137 5144/6753/6136 5146/6756/6214 5157/6763/6215
f 5157/6763/6215 5146/6756/6214 5145/6758/6216 5158/6764/6217
f 5158/6764/6217 5145/6758/6216 5143/6677/6141 5156/6676/6140
f 5107/6765/6218 5108/6766/6218 5147/6767/6201 5144/6768/6200
f 5208/6558/6068 5163/6580/6083 5165/6769/6219 5210/6770/6220
f 5210/6770/6220 5165/6769/6219 5166/6771/6221 5209/6772/6221
f 5209/6773/6222 5166/6774/6222 5164/6601/6222 5207/6600/6222
f 5163/6621/6109 5167/6620/6108 5169/6775/6223 5165/6776/6224
f 5165/6776/6224 5169/6775/6223 5170/6777/6225 5166/6778/6226
f 5166/6774/6227 5170/6779/6228 5168/6602/6229 5164/6601/6227
f 5167/6620/6108 5171/6555/6065 5173/6780/6230 5169/6775/6223
f 5169/6781/6223 5173/6782/6230 5174/6783/6231 5170/6779/6225
f 5170/6779/6228 5174/6783/6232 5172/6658/6233 5168/6602/6229
f 5171/6555/6065 5175/6554/6064 5177/6784/6234 5173/6780/6230
f 5173/6780/6230 5177/6784/6234 5178/6785/6235 5174/6786/6231
f 5174/6783/6232 5178/6787/6236 5176/6659/6236 5172/6658/6233
f 5175/6554/6064 5179/6578/6081 5181/6788/6237 5177/6784/6234
f 5177/6784/6234 5181/6788/6237 5182/6789/6238 5178/6785/6235
f 5178/6787/6236 5182/6790/6239 5180/6660/6239 5176/6659/6236
f 5179/6578/6081 5183/6613/6104 5185/6791/6240 5181/6788/6237
f 5181/6788/6237 5185/6791/6240 5186/6792/6241 5182/6789/6238
f 5182/6790/6239 5186/6793/6242 5184/6661/6242 5180/6660/6239
f 5204/6624/6112 5187/6632/6117 5189/6794/6243 5206/6795/6244
f 5206/6795/6244 5189/6794/6243 5190/6796/6245 5205/6797/6246
f 5205/6798/6247 5190/6799/6248 5188/6595/6248 5203/6662/6247
f 5187/6611/6102 5191/6610/6101 5193/6800/6249 5189/6801/6250
f 5189/6802/6250 5193/6803/6249 5194/6804/6251 5190/6799/6252
f 5190/6799/6253 5194/6804/6254 5192/6596/6255 5188/6595/6253
f 5191/6610/6101 5195/6638/6119 5197/6805/6256 5193/6800/6249
f 5193/6800/6249 5197/6805/6256 5198/6806/6257 5194/6807/6251
f 5194/6804/6254 5198/6808/6258 5196/6597/6258 5192/6596/6255
f 5195/6638/6119 5199/6649/6122 5201/6809/6259 5197/6805/6256
f 5197/6805/6256 5201/6809/6259 5202/6810/6260 5198/6806/6257
f 5198/6808/6258 5202/6811/6261 5200/6598/6261 5196/6597/6258
f 5199/6649/6122 5159/6812/6262 5161/6813/6263 5201/6809/6259
f 5201/6809/6259 5161/6813/6263 5162/6814/6264 5202/6810/6260
f 5202/6811/6261 5162/6815/6265 5160/6599/6265 5200/6598/6261
f 5183/6625/6113 5204/6624/6112 5206/6795/6244 5185/6816/6266
f 5185/6816/6266 5206/6795/6244 5205/6797/6246 5186/6817/6267
f 5186/6793/6268 5205/6798/6247 5203/6662/6247 5184/6661/6268
f 5159/6559/6069 5208/6558/6068 5210/6770/6220 5161/6818/6269
f 5161/6818/6269 5210/6770/6220 5209/6772/6221 5162/6819/6221
f 5162/6815/6222 5209/6773/6222 5207/6600/6222 5160/6599/6222
f 5097/6820/6120 5096/6821/6120 5095/6822/6120 5299/6823/6120 5298/6824/6120 5239/6825/6120 5256/6826/6120 5235/6827/6120 5231/6828/6120 5227/6829/6120 5223/6830/6120 5219/6831/6120
f 5260/6832/6270 5215/6833/6270 5217/6834/6270 5262/6835/6270
f 5262/6835/6271 5217/6834/6271 5218/6836/6272 5261/6837/6273
f 5261/6838/6273 5218/6839/6272 5216/6579/6082 5259/6557/6067
f 5215/6833/6274 5219/6831/6275 5221/6840/6276 5217/6834/6274
f 5217/6841/6277 5221/6842/6278 5222/6843/6279 5218/6844/6280
f 5218/6844/6280 5222/6843/6279 5220/6619/6107 5216/6618/6106
f 5219/6831/6275 5223/6830/6281 5225/6845/6282 5221/6840/6276
f 5221/6840/6278 5225/6845/6283 5226/6846/6284 5222/6847/6279
f 5222/6843/6279 5226/6848/6284 5224/6552/6062 5220/6619/6107
f 5223/6830/6281 5227/6829/6285 5229/6849/6285 5225/6845/6282
f 5225/6845/6283 5229/6849/6286 5230/6850/6287 5226/6846/6284
f 5226/6848/6284 5230/6851/6287 5228/6553/6063 5224/6552/6062
f 5227/6829/6285 5231/6828/6288 5233/6852/6288 5229/6849/6285
f 5229/6849/6286 5233/6852/6289 5234/6853/6290 5230/6850/6287
f 5230/6851/6287 5234/6854/6290 5232/6577/6080 5228/6553/6063
f 5231/6828/6288 5235/6827/6291 5237/6855/6291 5233/6852/6288
f 5233/6852/6289 5237/6855/6292 5238/6856/6293 5234/6853/6290
f 5234/6854/6290 5238/6857/6293 5236/6612/6103 5232/6577/6080
f 5256/6826/6294 5239/6825/6295 5241/6858/6295 5258/6859/6294
f 5258/6860/6296 5241/6861/6297 5242/6862/6298 5257/6863/6299
f 5257/6863/6299 5242/6862/6298 5240/6631/6116 5255/6623/6111
f 5239/6825/6300 5243/6864/6301 5245/6865/6302 5241/6858/6300
f 5241/6858/6303 5245/6865/6304 5246/6866/6305 5242/6867/6306
f 5242/6868/6306 5246/6869/6305 5244/6609/6100 5240/6608/6099
f 5243/6864/6301 5247/6870/6307 5249/6871/6307 5245/6865/6302
f 5245/6872/6304 5249/6873/6308 5250/6874/6309 5246/6869/6305
f 5246/6869/6305 5250/6874/6309 5248/6637/6118 5244/6609/6100
f 5247/6870/6307 5251/6875/6310 5253/6876/6310 5249/6871/6307
f 5249/6873/6308 5253/6877/6311 5254/6878/6312 5250/6874/6309
f 5250/6874/6309 5254/6878/6312 5252/6648/6121 5248/6637/6118
f 5251/6875/6310 5211/6879/6313 5213/6880/6313 5253/6876/6310
f 5253/6877/6311 5213/6881/6314 5214/6882/6315 5254/6878/6312
f 5254/6878/6312 5214/6882/6315 5212/6883/6316 5252/6648/6121
f 5235/6827/6317 5256/6826/6294 5258/6859/6294 5237/6855/6317
f 5237/6855/6318 5258/6859/6296 5257/6884/6299 5238/6856/6319
f 5238/6885/6319 5257/6863/6299 5255/6623/6111 5236/6622/6110
f 5211/6879/6270 5260/6832/6270 5262/6835/6270 5213/6880/6270
f 5213/6880/6271 5262/6835/6271 5261/6837/6273 5214/6886/6320
f 5214/6887/6320 5261/6838/6273 5259/6557/6067 5212/6556/6066
f 5252/6648/6121 5212/6883/6316 5159/6812/6262 5199/6649/6122
f 5264/6574/6077 5267/6593/6095 5269/6888/6321 5266/6889/6322
f 5266/6889/6322 5269/6888/6321 5270/6890/6323 5265/6891/6324
f 5265/6891/6324 5270/6890/6323 5268/6669/6325 5263/6607/6326
f 5267/6593/6327 5271/6576/6327 5273/6892/6328 5269/6888/6329
f 5269/6888/6329 5273/6892/6328 5274/6893/6330 5270/6890/6331
f 5270/6890/6331 5274/6893/6330 5272/6667/6134 5268/6669/6133
f 5271/6576/6079 5275/6575/6078 5277/6894/6332 5273/6892/6333
f 5273/6892/6333 5277/6894/6332 5278/6895/6334 5274/6893/6335
f 5274/6893/6335 5278/6895/6334 5276/6606/6131 5272/6667/6130
f 5275/6575/6336 5264/6574/6336 5266/6889/6337 5277/6894/6338
f 5277/6894/6338 5266/6889/6337 5265/6891/6339 5278/6895/6340
f 5278/6895/6340 5265/6891/6339 5263/6607/6098 5276/6606/6097
f 5108/6668/6341 5107/6604/6341 5263/6607/6326 5268/6669/6325
f 5279/6896/6342 5281/6897/6343 5282/6898/6344 5280/6899/6345
f 5281/6897/6343 5284/6591/6093 5283/6590/6092 5282/6898/6344
f 5093/6900/6346 5094/6901/6347 5281/6897/6343 5279/6896/6342
f 5285/6902/6348 5286/6587/6089 5287/6903/6349 5288/6904/6349
f 5289/6588/6090 5286/6587/6089 5285/6902/6348 5290/6905/6350
f 5102/6687/6351 5099/6689/6351 5319/6690/6352 5330/6688/6352
f 5291/6644/6353 5294/6906/6354 5293/6645/6355
f 5294/6906/6354 5295/6907/6356 5293/6645/6355
f 5295/6907/6356 5292/6908/6087 5293/6645/6355
f 5296/6909/6088 5300/6910/6357 5301/6911/6358 5297/6685/6359 5298/6824/6360 5299/6823/6360
f 5291/6644/6353 5297/6685/6359 5301/6911/6358 5294/6906/6354
f 5294/6906/6354 5301/6911/6358 5300/6910/6357 5295/6907/6356
f 5295/6912/6356 5300/6913/6357 5296/6586/6088 5292/6585/6087
f 5094/6901/6347 5293/6914/6361 5292/6915/6361 5284/6591/6093 5281/6897/6343
f 5303/6700/6161 5306/6699/6160 5308/6916/6362 5305/6917/6363
f 5305/6917/6363 5308/6916/6362 5309/6918/6364 5304/6919/6365
f 5304/6919/6365 5309/6918/6364 5307/6920/6366 5302/6921/6367
f 5306/6699/6160 5310/6702/6163 5312/6922/6368 5308/6916/6369
f 5308/6916/6369 5312/6922/6368 5313/6923/6370 5309/6918/6371
f 5309/6918/6371 5313/6923/6370 5311/6924/6071 5307/6920/6071
f 5310/6702/6163 5314/6701/6162 5316/6925/6372 5312/6922/6373
f 5312/6922/6373 5316/6925/6372 5317/6926/6374 5313/6923/6375
f 5313/6923/6375 5317/6926/6374 5315/6927/6159 5311/6924/6158
f 5314/6701/6162 5303/6700/6161 5305/6917/6376 5316/6925/6377
f 5316/6925/6377 5305/6917/6376 5304/6919/6378 5317/6926/6379
f 5317/6926/6379 5304/6919/6378 5302/6921/6156 5315/6927/6155
f 5100/6928/6380 5099/6929/6380 5302/6930/6367 5307/6931/6366
f 5319/6690/6153 5322/6657/6152 5324/6932/6381 5321/6933/6382
f 5321/6933/6382 5324/6932/6381 5325/6934/6383 5320/6935/6384
f 5320/6935/6384 5325/6934/6383 5323/6936/6385 5318/6684/6147
f 5322/6657/6128 5326/6656/6128 5328/6937/6386 5324/6932/6387
f 5324/6932/6387 5328/6937/6386 5329/6938/6388 5325/6934/6389
f 5325/6934/6389 5329/6938/6388 5327/6682/6390 5323/6936/6390
f 5326/6656/6150 5330/6688/6149 5332/6939/6391 5328/6937/6392
f 5328/6937/6392 5332/6939/6391 5333/6940/6393 5329/6938/6394
f 5329/6938/6394 5333/6940/6393 5331/6683/6146 5327/6682/6145
f 5330/6688/6352 5319/6690/6352 5321/6933/6395 5332/6939/6396
f 5332/6939/6396 5321/6933/6395 5320/6935/6397 5333/6940/6398
f 5333/6940/6398 5320/6935/6397 5318/6684/6399 5331/6683/6399
f 5098/6640/6120 5097/6820/6120 5219/6831/6120 5215/6833/6120 5260/6832/6120 5211/6879/6120 5251/6875/6120 5247/6870/6120 5243/6864/6120 5239/6825/6120 5298/6824/6120 5297/6685/6120 5318/6684/6147 5323/6936/6385 5327/6682/6145
f 5354/6941/6400 5347/6942/6401 5356/6943/6402 5359/6944/6403
f 5339/6945/6120 5348/6946/6120 5353/6947/6120 5351/6948/6120 5349/6949/6120 5334/6950/6120 5335/6951/6120 5336/6952/6120 5337/6953/6120 5338/6954/6120
f 5337/6955/6404 5336/6956/6405 5343/6957/6405 5344/6958/6404
f 5350/6959/6406 5352/6960/6407 5357/6961/6408 5358/6962/6409 5340/6963/6410
f 5352/6960/6407 5354/6941/6400 5359/6944/6403 5357/6961/6408
f 5338/6964/6411 5337/6955/6404 5344/6958/6404 5345/6965/6411
f 5335/6966/6412 5334/6967/6413 5341/6968/6413 5342/6969/6412
f 5346/6970/6076 5345/6971/6076 5344/6972/6076 5343/6973/6076 5342/6974/6076 5341/6975/6076 5340/6976/6076 5358/6977/6076 5360/6978/6076 5355/6979/6076
f 5339/6980/6414 5338/6964/6411 5345/6965/6411 5346/6981/6414
f 5336/6956/6405 5335/6966/6412 5342/6969/6412 5343/6957/6405
f 5334/6982/6415 5349/6983/6415 5350/6984/6415 5340/6985/6415 5341/6986/6415
f 5349/6949/6416 5351/6948/6417 5352/6987/6407 5350/6988/6406
f 5351/6948/6417 5353/6947/6418 5354/6989/6400 5352/6987/6407
f 5353/6947/6418 5348/6946/6419 5347/6990/6401 5354/6989/6400
f 5357/6961/6408 5359/6944/6403 5360/6991/6420 5358/6962/6409
f 5359/6992/6403 5356/6993/6402 5355/6979/6421 5360/6978/6420
f 5347/6994/6422 5348/6995/6422 5339/6996/6422 5346/6997/6422 5355/6998/6422 5356/6999/6422
usemtl Hoja_izquierda
f 5362/7000/6423 5371/7001/6424 5727/7002/6425 5690/7003/6426
f 5368/7004/6427 5367/7005/6427 5711/7006/6428 5715/7007/6429
f 5382/7008/6430 5383/7009/6430 5646/7010/6431 5643/7011/6432
f 5375/7012/6433 5374/7013/6434 5739/7014/6435 5743/7015/6436
f 5383/7016/6437 5384/7017/6438 5650/7018/6439 5646/7019/6440
f 6020/7020/6076 5973/7021/6076 5847/7022/6441 5851/7023/6442 5855/7024/6443 5859/7025/6444 5863/7026/6445 5867/7027/6446 5871/7028/6447 5396/7029/6076 5882/7030/6448 5887/7031/6449 5891/7032/6450 5895/7033/6451 5899/7034/6452 5903/7035/6453 6013/7036/6454 6016/7037/6455 5980/7038/6456 5985/7039/6076 5989/7040/6076 5993/7041/6076 5997/7042/6076 6001/7043/6076 6004/7044/6076
f 5367/7005/6457 5368/7004/6457 5586/7045/6458 5582/7046/6459
f 5411/7047/6460 5402/7048/6461 5931/7049/6462 5966/7050/6463
f 5421/7051/6464 5412/7052/6465 5843/7053/6466 5878/7054/6467
f 5411/7055/6468 5410/7056/6469 5467/7057/6470 5471/7058/6471
f 5424/7059/6472 5423/7060/6473 5519/7061/6474 5523/7062/6475
f 5826/7063/6476 5829/7064/6477 5820/7065/6478 5819/7066/6479
f 5410/7056/6469 5409/7067/6480 5463/7068/6481 5467/7057/6470
f 5837/7069/6482 5839/7070/6483 5400/7071/6484 5399/7072/6485
f 5825/7073/6486 6081/7074/6487 6083/7075/6488 6084/7076/6489 6082/7077/6490 5831/7077/6490 5827/7078/6491
f 6050/7079/6492 6054/7080/6493 5996/7081/6494 5992/7082/6495
f 5839/7070/6483 5840/7083/6496 5401/7084/6497 5400/7071/6484
f 6054/7080/6493 6058/7085/6498 6000/7086/6499 5996/7081/6494
f 5819/7066/6479 5820/7065/6478 6017/7087/6500 6012/7088/6501
f 6046/7089/6502 6050/7079/6492 5992/7082/6495 5988/7090/6503
f 6058/7085/6498 6062/7091/6504 6005/7092/6505 6000/7086/6499
f 5423/7060/6506 5424/7059/6507 5890/7093/6508 5886/7094/6509
f 6077/7095/6120 6073/7096/6120 6069/7097/6120 6065/7098/6120 5734/7099/6510 5731/7100/6511 5766/7101/6512 5762/7102/6513 5758/7103/6514 5361/7104/6120 6034/7105/6120 6033/7106/6120 5714/7107/6515 5710/7108/6516 5706/7109/6517
f 6062/7091/6504 6066/7110/6518 5972/7111/6519 6021/7112/6520 6005/7092/6505
f 5829/7064/6477 5830/7113/6521 5831/7114/6522 6082/7114/6523 6037/7115/6524 5981/7116/6525 6017/7087/6500 5820/7065/6478
f 6037/7115/6524 6042/7117/6526 5984/7118/6527 5981/7116/6525
f 6066/7110/6518 6070/7119/6528 5974/7120/6529 5972/7111/6519
f 5414/7121/6530 5415/7122/6531 5854/7123/6532 5850/7124/6533
f 5835/7125/6534 5837/7126/6535 5399/7127/6114 5398/7128/6114
f 5979/7129/6076 5947/7130/6536 5951/7131/6537 5955/7132/6538 5395/7133/6076 5396/7029/6076 5871/7028/6447 5875/7134/6539 5879/7135/6540 5842/7136/6541 5847/7022/6441 5973/7021/6076 5975/7137/6076 5977/7138/6076
f 5361/7139/6542 5832/7140/6542 5833/7141/6542 5397/7142/6542 5396/7143/6542
f 6074/7144/6543 6078/7145/6544 5978/7146/6545 5976/7147/6546
f 6042/7117/6526 6046/7089/6502 5988/7090/6503 5984/7118/6527
f 6078/7148/6547 6024/7149/6548 5971/7150/6549 5978/7151/6550
f 5365/7152/6551 5364/7153/6552 5699/7154/6553 5703/7155/6554
f 5366/7156/6555 5365/7152/6551 5703/7155/6554 5707/7157/6556
f 5367/7005/6557 5366/7156/6557 5707/7157/6558 5711/7006/6559
f 5372/7158/6560 5381/7159/6561 5767/7160/6562 5730/7161/6563
f 5369/7162/6564 5368/7004/6565 5715/7007/6566 5719/7163/6567
f 5370/7164/6568 5369/7162/6564 5719/7163/6567 5723/7165/6569
f 5371/7001/6424 5370/7164/6568 5723/7165/6569 5727/7002/6425
f 5364/7153/6552 5363/7166/6570 5695/7167/6571 5699/7154/6553
f 6032/7168/6572 6034/7169/6573 5361/7170/6574 5396/7171/6574 5395/7172/6574
f 5382/7008/6575 5393/7173/6576 5815/7174/6577 5770/7175/6578
f 5376/7176/6579 5375/7012/6433 5743/7015/6436 5747/7177/6580
f 5377/7178/6581 5376/7176/6579 5747/7177/6580 5751/7179/6582
f 5378/7180/6583 5377/7178/6583 5751/7179/6584 5755/7181/6585
f 5379/7182/6586 5378/7180/6587 5755/7181/6588 5759/7183/6589
f 5380/7184/6590 5379/7182/6586 5759/7183/6589 5763/7185/6591
f 5381/7159/6561 5380/7184/6590 5763/7185/6591 5767/7160/6562
f 5374/7013/6434 5373/7186/6592 5735/7187/6593 5739/7014/6435
f 5822/7188/6594 5826/7063/6476 5819/7066/6479 5818/7189/6595
f 5385/7190/6596 5384/7191/6597 5779/7192/6598 5783/7193/6599
f 5386/7194/6600 5385/7190/6596 5783/7193/6599 5787/7195/6601
f 5387/7196/6602 5386/7194/6600 5787/7195/6601 5791/7197/6603
f 5388/7198/6604 5387/7196/6605 5791/7197/6606 5795/7199/6607
f 5389/7200/6608 5388/7198/6604 5795/7199/6607 5799/7201/6609
f 5390/7202/6610 5389/7200/6608 5799/7201/6609 5803/7203/6611
f 5391/7204/6612 5390/7202/6613 5803/7203/6614 5807/7205/6615
f 5392/7206/6616 5391/7204/6612 5807/7205/6615 5811/7207/6425
f 5393/7173/6576 5392/7206/6616 5811/7207/6425 5815/7174/6577
f 5384/7191/6597 5383/7009/6617 5775/7208/6618 5779/7192/6598
f 6029/7209/6619 6032/7210/6620 5395/7211/6621 5394/7212/6622
f 5404/7213/6623 5405/7214/6624 5942/7215/6625 5938/7216/6626
f 5405/7214/6624 5406/7217/6627 5946/7218/6628 5942/7215/6625
f 6070/7119/6528 6074/7144/6543 5976/7147/6546 5974/7120/6529
f 5407/7219/6629 5408/7220/6629 5954/7221/6630 5950/7222/6631
f 5408/7220/6632 5409/7223/6633 5958/7224/6634 5954/7221/6635
f 5409/7223/6633 5410/7225/6636 5962/7226/6637 5958/7224/6634
f 5410/7225/6636 5411/7047/6460 5966/7050/6463 5962/7226/6637
f 5403/7227/6638 5404/7213/6623 5938/7216/6626 5934/7228/6639
f 5406/7217/6640 5407/7219/6640 5950/7222/6641 5946/7218/6642
f 5433/7229/6643 5422/7230/6644 5883/7231/6645 5926/7232/6646
f 5415/7122/6531 5416/7233/6647 5858/7234/6648 5854/7123/6532
f 5416/7233/6647 5417/7235/6649 5862/7236/6650 5858/7234/6648
f 5417/7235/6651 5418/7237/6651 5866/7238/6652 5862/7236/6653
f 5418/7237/6654 5419/7239/6655 5870/7240/6656 5866/7238/6657
f 5419/7239/6655 5420/7241/6658 5874/7242/6659 5870/7240/6656
f 5420/7241/6658 5421/7051/6464 5878/7054/6467 5874/7242/6659
f 5413/7243/6660 5414/7121/6530 5850/7124/6533 5846/7244/6661
f 5818/7189/6595 5819/7066/6479 6012/7088/6501 6008/7245/6662
f 5424/7059/6507 5425/7246/6663 5894/7247/6664 5890/7093/6508
f 5425/7246/6663 5426/7248/6665 5898/7249/6666 5894/7247/6664
f 5426/7248/6665 5427/7250/6667 5902/7251/6668 5898/7249/6666
f 5427/7250/6669 5428/7252/6670 5906/7253/6671 5902/7251/6672
f 5428/7252/6670 5429/7254/6673 5910/7255/6674 5906/7253/6671
f 5429/7254/6673 5430/7256/6675 5914/7257/6676 5910/7255/6674
f 5430/7256/6677 5431/7258/6678 5918/7259/6679 5914/7257/6680
f 5431/7258/6678 5432/7260/6681 5922/7261/6463 5918/7259/6679
f 5432/7260/6681 5433/7229/6643 5926/7232/6646 5922/7261/6463
f 5840/7083/6496 5841/7262/6682 5821/7262/6115 5823/7263/6115 5824/7264/6115 5822/7265/6115 5818/7266/6115 6008/7267/6115 6010/7268/6115 6011/7269/6115 6009/7084/6115 5401/7084/6497
f 5402/7270/6683 5411/7055/6468 5471/7058/6471 5434/7271/6684
f 5412/7272/6685 5421/7273/6686 5511/7274/6687 5474/7275/6688
f 5422/7276/6689 5433/7277/6690 5559/7278/6691 5514/7279/6692
f 5425/7246/6693 5424/7059/6472 5523/7062/6475 5527/7280/6694
f 5413/7243/6695 5412/7052/6695 5474/7281/6696 5479/7282/6697
f 5426/7248/6698 5425/7246/6693 5527/7280/6694 5531/7283/6699
f 5404/7213/6700 5403/7227/6701 5439/7284/6702 5443/7285/6703
f 5427/7250/6704 5426/7248/6698 5531/7283/6699 5535/7286/6705
f 5498/7287/6706 5494/7288/6707 5490/7289/6708 5486/7290/6709 5482/7291/6710 5478/7292/6711 5475/7293/6712 5510/7294/6713 5506/7295/6714 5502/7296/6715
f 5428/7297/6716 5427/7298/6717 5535/7299/6718 5539/7300/6719
f 5415/7301/6720 5414/7302/6721 5483/7303/6722 5487/7304/6723
f 5429/7305/6724 5428/7297/6716 5539/7300/6719 5543/7306/6725
f 5416/7307/6726 5415/7301/6720 5487/7304/6723 5491/7308/6727
f 5430/7309/6728 5429/7305/6724 5543/7306/6725 5547/7310/6729
f 5417/7311/6730 5416/7307/6726 5491/7308/6727 5495/7312/6731
f 5454/7313/6732 5450/7314/6733 5446/7315/6734 5442/7316/6735 5438/7317/6736 5435/7318/6737 5470/7319/6738 5466/7320/6739 5462/7321/6740 5458/7322/6741
f 5431/7323/6742 5430/7324/6743 5547/7325/6744 5551/7326/6745
f 5418/7237/6746 5417/7235/6746 5495/7327/6747 5499/7328/6748
f 5405/7214/6749 5404/7213/6700 5443/7285/6703 5447/7329/6750
f 5432/7330/6751 5431/7323/6742 5551/7326/6745 5555/7331/6752
f 5419/7332/6753 5418/7333/6754 5499/7334/6755 5503/7335/6756
f 5406/7217/6757 5405/7214/6749 5447/7329/6750 5451/7336/6758
f 5433/7277/6690 5432/7330/6751 5555/7331/6752 5559/7278/6691
f 5420/7337/6759 5419/7332/6753 5503/7335/6756 5507/7338/6760
f 5407/7219/6761 5406/7217/6761 5451/7336/6762 5455/7339/6763
f 5421/7273/6686 5420/7337/6759 5507/7338/6760 5511/7274/6687
f 5408/7220/6764 5407/7219/6764 5455/7339/6765 5459/7340/6766
f 5423/7060/6767 5422/7230/6767 5514/7341/6768 5519/7061/6769
f 5558/7342/6770 5554/7343/6771 5550/7344/6772 5546/7345/6773 5542/7346/6774 5538/7347/6775 5534/7348/6776 5530/7349/6777 5526/7350/6778 5522/7351/6779 5518/7352/6780 5515/7353/6781
f 5409/7067/6480 5408/7354/6782 5459/7355/6783 5463/7068/6481
f 5414/7302/6721 5413/7356/6784 5479/7357/6785 5483/7303/6722
f 5371/7358/6786 5362/7359/6787 5563/7360/6788 5598/7361/6789
f 5381/7362/6790 5372/7363/6791 5603/7364/6792 5638/7365/6793
f 5393/7173/6794 5382/7008/6795 5643/7011/6796 5686/7366/6797
f 5368/7367/6798 5369/7368/6799 5590/7369/6800 5586/7370/6801
f 5373/7371/6802 5374/7372/6803 5610/7373/6804 5606/7374/6805
f 5369/7368/6799 5370/7375/6806 5594/7376/6807 5590/7369/6800
f 5687/7377/6808 5642/7378/6809 5647/7379/6810 5651/7380/6811 5655/7381/6812 5659/7382/6813 5663/7383/6814 5667/7384/6815 5671/7385/6816 5675/7386/6817 5679/7387/6818 5683/7388/6819
f 5370/7375/6806 5371/7358/6786 5598/7361/6789 5594/7376/6807
f 5384/7191/6438 5385/7190/6820 5654/7389/6821 5650/7390/6439
f 5372/7158/6822 5373/7186/6822 5606/7391/6823 5603/7392/6824
f 5385/7190/6820 5386/7194/6825 5658/7393/6826 5654/7389/6821
f 5363/7166/6827 5364/7153/6828 5570/7394/6829 5566/7395/6830
f 5386/7194/6825 5387/7196/6831 5662/7396/6832 5658/7393/6826
f 5627/7397/6833 5631/7398/6834 5635/7399/6835 5639/7400/6836 5602/7401/6837 5607/7402/6838 5611/7403/6839 5615/7404/6840 5619/7405/6841 5623/7406/6842
f 5387/7196/6843 5388/7198/6844 5666/7407/6845 5662/7396/6846
f 5374/7372/6803 5375/7408/6847 5614/7409/6848 5610/7373/6804
f 5388/7198/6844 5389/7200/6849 5670/7410/6850 5666/7407/6845
f 5375/7408/6847 5376/7411/6851 5618/7412/6852 5614/7409/6848
f 5389/7200/6849 5390/7202/6853 5674/7413/6854 5670/7410/6850
f 5376/7411/6851 5377/7414/6855 5622/7415/6856 5618/7412/6852
f 5583/7416/6857 5587/7417/6858 5591/7418/6859 5595/7419/6860 5599/7420/6861 5562/7421/6862 5567/7422/6863 5571/7423/6864 5575/7424/6865 5579/7425/6866
f 5390/7202/6867 5391/7204/6868 5678/7426/6869 5674/7413/6870
f 5377/7178/6871 5378/7180/6871 5626/7427/6872 5622/7428/6873
f 5364/7153/6828 5365/7152/6874 5574/7429/6875 5570/7394/6829
f 5391/7204/6868 5392/7206/6876 5682/7430/6877 5678/7426/6869
f 5378/7180/6878 5379/7182/6879 5630/7431/6880 5626/7427/6881
f 5365/7152/6874 5366/7156/6882 5578/7432/6883 5574/7429/6875
f 5392/7206/6876 5393/7173/6794 5686/7366/6797 5682/7430/6877
f 5379/7433/6879 5380/7434/6884 5634/7435/6885 5630/7436/6880
f 5366/7437/6886 5367/7438/6886 5582/7439/6887 5578/7440/6888
f 5380/7434/6884 5381/7362/6790 5638/7365/6793 5634/7435/6885
f 5435/7318/6737 5438/7317/6736 5440/7441/6889 5437/7442/6890
f 5437/7442/6890 5440/7441/6889 5441/7443/6891 5436/7444/6892
f 5436/7444/6892 5441/7443/6891 5439/7284/6702 5434/7445/6893
f 5438/7317/6736 5442/7316/6735 5444/7446/6894 5440/7441/6889
f 5440/7441/6889 5444/7446/6894 5445/7447/6895 5441/7443/6891
f 5441/7443/6891 5445/7447/6895 5443/7285/6703 5439/7284/6702
f 5442/7316/6735 5446/7315/6734 5448/7448/6896 5444/7446/6894
f 5444/7446/6894 5448/7448/6896 5449/7449/6897 5445/7447/6895
f 5445/7447/6895 5449/7449/6897 5447/7329/6750 5443/7285/6703
f 5446/7315/6734 5450/7314/6733 5452/7450/6898 5448/7448/6896
f 5448/7448/6896 5452/7450/6898 5453/7451/6899 5449/7449/6897
f 5449/7449/6897 5453/7451/6899 5451/7336/6758 5447/7329/6750
f 5450/7314/6733 5454/7313/6732 5456/7452/6900 5452/7450/6898
f 5452/7450/6898 5456/7452/6900 5457/7453/6901 5453/7451/6902
f 5453/7451/6902 5457/7453/6901 5455/7339/6763 5451/7336/6762
f 5454/7313/6732 5458/7322/6741 5460/7454/6903 5456/7452/6904
f 5456/7452/6904 5460/7454/6903 5461/7455/6905 5457/7453/6906
f 5457/7453/6906 5461/7455/6905 5459/7340/6766 5455/7339/6765
f 5458/7322/6741 5462/7321/6740 5464/7456/6907 5460/7454/6908
f 5460/7454/6908 5464/7456/6907 5465/7457/6909 5461/7455/6910
f 5461/7458/6910 5465/7459/6909 5463/7068/6481 5459/7355/6783
f 5462/7321/6740 5466/7320/6739 5468/7460/6911 5464/7456/6907
f 5464/7456/6907 5468/7460/6911 5469/7461/6912 5465/7457/6909
f 5465/7459/6909 5469/7462/6912 5467/7057/6470 5463/7068/6481
f 5466/7320/6739 5470/7319/6738 5472/7463/6913 5468/7460/6911
f 5468/7460/6911 5472/7463/6913 5473/7464/6914 5469/7461/6912
f 5469/7462/6912 5473/7465/6914 5471/7058/6471 5467/7057/6470
f 5470/7319/6738 5435/7318/6737 5437/7442/6915 5472/7463/6913
f 5472/7463/6913 5437/7442/6915 5436/7444/6916 5473/7464/6914
f 5473/7465/6914 5436/7466/6916 5434/7271/6684 5471/7058/6471
f 5475/7293/6712 5478/7292/6711 5480/7467/6917 5477/7468/6918
f 5477/7468/6918 5480/7467/6917 5481/7469/6919 5476/7470/6920
f 5476/7470/6920 5481/7469/6919 5479/7282/6697 5474/7281/6696
f 5478/7292/6711 5482/7291/6710 5484/7471/6921 5480/7467/6922
f 5480/7467/6922 5484/7471/6921 5485/7472/6923 5481/7469/6924
f 5481/7469/6924 5485/7472/6923 5483/7473/6722 5479/7282/6785
f 5482/7291/6710 5486/7290/6709 5488/7474/6925 5484/7471/6921
f 5484/7471/6921 5488/7474/6925 5489/7475/6926 5485/7472/6923
f 5485/7472/6923 5489/7475/6926 5487/7476/6723 5483/7473/6722
f 5486/7290/6709 5490/7289/6708 5492/7477/6927 5488/7474/6925
f 5488/7474/6925 5492/7477/6927 5493/7478/6928 5489/7475/6926
f 5489/7475/6926 5493/7478/6928 5491/7479/6727 5487/7476/6723
f 5490/7289/6708 5494/7288/6707 5496/7480/6929 5492/7477/6927
f 5492/7477/6927 5496/7480/6929 5497/7481/6930 5493/7478/6928
f 5493/7478/6928 5497/7481/6930 5495/7327/6731 5491/7479/6727
f 5494/7288/6707 5498/7287/6706 5500/7482/6931 5496/7480/6932
f 5496/7480/6932 5500/7482/6931 5501/7483/6933 5497/7481/6934
f 5497/7481/6934 5501/7483/6933 5499/7328/6748 5495/7327/6747
f 5498/7287/6706 5502/7296/6715 5504/7484/6935 5500/7482/6936
f 5500/7482/6936 5504/7484/6935 5505/7485/6937 5501/7483/6938
f 5501/7483/6938 5505/7485/6937 5503/7486/6756 5499/7328/6755
f 5502/7296/6715 5506/7295/6714 5508/7487/6939 5504/7484/6935
f 5504/7484/6935 5508/7487/6939 5509/7488/6940 5505/7485/6937
f 5505/7485/6937 5509/7488/6940 5507/7489/6760 5503/7486/6756
f 5506/7295/6714 5510/7294/6713 5512/7490/6941 5508/7487/6939
f 5508/7487/6939 5512/7490/6941 5513/7491/6942 5509/7488/6940
f 5509/7488/6940 5513/7491/6942 5511/7492/6687 5507/7489/6760
f 5510/7294/6713 5475/7293/6712 5477/7468/6943 5512/7490/6941
f 5512/7490/6941 5477/7468/6943 5476/7470/6944 5513/7491/6942
f 5513/7491/6942 5476/7470/6944 5474/7281/6688 5511/7492/6687
f 5515/7353/6781 5518/7352/6780 5520/7493/6945 5517/7494/6946
f 5517/7494/6946 5520/7493/6945 5521/7495/6947 5516/7496/6948
f 5516/7496/6948 5521/7495/6947 5519/7061/6769 5514/7341/6768
f 5518/7352/6780 5522/7351/6779 5524/7497/6949 5520/7493/6950
f 5520/7493/6950 5524/7497/6949 5525/7498/6951 5521/7495/6952
f 5521/7495/6952 5525/7498/6951 5523/7062/6475 5519/7061/6474
f 5522/7351/6779 5526/7350/6778 5528/7499/6953 5524/7497/6949
f 5524/7497/6949 5528/7499/6953 5529/7500/6954 5525/7498/6951
f 5525/7498/6951 5529/7500/6954 5527/7280/6694 5523/7062/6475
f 5526/7350/6778 5530/7349/6777 5532/7501/6955 5528/7499/6953
f 5528/7499/6953 5532/7501/6955 5533/7502/6956 5529/7500/6954
f 5529/7500/6954 5533/7502/6956 5531/7283/6699 5527/7280/6694
f 5530/7349/6777 5534/7348/6776 5536/7503/6957 5532/7501/6955
f 5532/7501/6955 5536/7503/6957 5537/7504/6958 5533/7502/6956
f 5533/7502/6956 5537/7504/6958 5535/7286/6705 5531/7283/6699
f 5534/7348/6776 5538/7347/6775 5540/7505/6959 5536/7503/6960
f 5536/7503/6960 5540/7505/6959 5541/7506/6961 5537/7504/6962
f 5537/7504/6962 5541/7506/6961 5539/7507/6719 5535/7286/6718
f 5538/7347/6775 5542/7346/6774 5544/7508/6963 5540/7505/6959
f 5540/7505/6959 5544/7508/6963 5545/7509/6964 5541/7506/6961
f 5541/7506/6961 5545/7509/6964 5543/7510/6725 5539/7507/6719
f 5542/7346/6774 5546/7345/6773 5548/7511/6965 5544/7508/6963
f 5544/7508/6963 5548/7511/6965 5549/7512/6966 5545/7509/6964
f 5545/7509/6964 5549/7512/6966 5547/7513/6729 5543/7510/6725
f 5546/7345/6773 5550/7344/6772 5552/7514/6967 5548/7511/6968
f 5548/7511/6968 5552/7514/6967 5553/7515/6969 5549/7512/6970
f 5549/7512/6970 5553/7515/6969 5551/7516/6745 5547/7513/6744
f 5550/7344/6772 5554/7343/6771 5556/7517/6971 5552/7514/6967
f 5552/7514/6967 5556/7517/6971 5557/7518/6972 5553/7515/6969
f 5553/7515/6969 5557/7518/6972 5555/7519/6752 5551/7516/6745
f 5554/7343/6771 5558/7342/6770 5560/7520/6973 5556/7517/6971
f 5556/7517/6971 5560/7520/6973 5561/7521/6974 5557/7518/6972
f 5557/7518/6972 5561/7521/6974 5559/7522/6691 5555/7519/6752
f 5558/7342/6770 5515/7353/6781 5517/7494/6975 5560/7520/6973
f 5560/7520/6973 5517/7494/6975 5516/7496/6976 5561/7521/6974
f 5561/7521/6974 5516/7496/6976 5514/7341/6692 5559/7522/6691
f 5403/7227/6701 5402/7048/6977 5434/7445/6893 5439/7284/6702
f 5563/7523/6978 5566/7395/6830 5568/7524/6979 5565/7525/6980
f 5565/7525/6980 5568/7524/6979 5569/7526/6981 5564/7527/6982
f 5564/7527/6982 5569/7526/6981 5567/7422/6863 5562/7421/6862
f 5566/7395/6830 5570/7394/6829 5572/7528/6983 5568/7524/6979
f 5568/7524/6979 5572/7528/6983 5573/7529/6984 5569/7526/6981
f 5569/7526/6981 5573/7529/6984 5571/7423/6864 5567/7422/6863
f 5570/7394/6829 5574/7429/6875 5576/7530/6985 5572/7528/6983
f 5572/7528/6983 5576/7530/6985 5577/7531/6986 5573/7529/6984
f 5573/7529/6984 5577/7531/6986 5575/7424/6865 5571/7423/6864
f 5574/7429/6875 5578/7432/6883 5580/7532/6987 5576/7530/6985
f 5576/7530/6985 5580/7532/6987 5581/7533/6988 5577/7531/6986
f 5577/7531/6986 5581/7533/6988 5579/7425/6866 5575/7424/6865
f 5578/7432/6888 5582/7046/6887 5584/7534/6989 5580/7532/6990
f 5580/7532/6990 5584/7534/6989 5585/7535/6991 5581/7533/6988
f 5581/7533/6988 5585/7535/6991 5583/7416/6857 5579/7425/6866
f 5582/7046/6459 5586/7045/6458 5588/7536/6992 5584/7534/6993
f 5584/7534/6993 5588/7536/6992 5589/7537/6994 5585/7535/6991
f 5585/7535/6991 5589/7537/6994 5587/7417/6858 5583/7416/6857
f 5586/7045/6801 5590/7538/6800 5592/7539/6995 5588/7536/6996
f 5588/7536/6996 5592/7539/6995 5593/7540/6997 5589/7537/6994
f 5589/7537/6994 5593/7540/6997 5591/7418/6859 5587/7417/6858
f 5590/7538/6800 5594/7541/6807 5596/7542/6998 5592/7539/6995
f 5592/7539/6995 5596/7542/6998 5597/7543/6999 5593/7540/6997
f 5593/7540/6997 5597/7543/6999 5595/7419/6860 5591/7418/6859
f 5594/7541/6807 5598/7544/6789 5600/7545/7000 5596/7542/6998
f 5596/7542/6998 5600/7545/7000 5601/7546/7001 5597/7543/6999
f 5597/7543/6999 5601/7546/7001 5599/7420/6861 5595/7419/6860
f 5598/7544/6789 5563/7523/6788 5565/7525/7002 5600/7545/7000
f 5600/7545/7000 5565/7525/7002 5564/7527/7003 5601/7546/7001
f 5601/7546/7001 5564/7527/7003 5562/7421/6862 5599/7420/6861
f 5603/7392/6824 5606/7391/6823 5608/7547/7004 5605/7548/7005
f 5605/7548/7005 5608/7547/7004 5609/7549/7006 5604/7550/7007
f 5604/7550/7007 5609/7549/7006 5607/7402/6838 5602/7401/6837
f 5606/7391/6805 5610/7551/6804 5612/7552/7008 5608/7547/7009
f 5608/7547/7009 5612/7552/7008 5613/7553/7010 5609/7549/7011
f 5609/7549/7011 5613/7553/7010 5611/7403/6839 5607/7402/6838
f 5610/7551/6804 5614/7554/6848 5616/7555/7012 5612/7552/7008
f 5612/7552/7008 5616/7555/7012 5617/7556/7013 5613/7553/7010
f 5613/7553/7010 5617/7556/7013 5615/7404/6840 5611/7403/6839
f 5614/7554/6848 5618/7557/6852 5620/7558/7014 5616/7555/7012
f 5616/7555/7012 5620/7558/7014 5621/7559/7015 5617/7556/7013
f 5617/7556/7013 5621/7559/7015 5619/7405/6841 5615/7404/6840
f 5618/7557/6852 5622/7428/6856 5624/7560/7016 5620/7558/7014
f 5620/7558/7014 5624/7560/7016 5625/7561/7017 5621/7559/7015
f 5621/7559/7015 5625/7561/7017 5623/7406/6842 5619/7405/6841
f 5622/7428/6873 5626/7427/6872 5628/7562/7018 5624/7560/7019
f 5624/7560/7019 5628/7562/7018 5629/7563/7020 5625/7561/7021
f 5625/7561/7021 5629/7563/7020 5627/7397/6833 5623/7406/6842
f 5626/7427/6881 5630/7431/6880 5632/7564/7022 5628/7562/7023
f 5628/7562/7023 5632/7564/7022 5633/7565/7024 5629/7563/7025
f 5629/7563/7025 5633/7565/7024 5631/7398/6834 5627/7397/6833
f 5630/7431/6880 5634/7566/6885 5636/7567/7026 5632/7564/7022
f 5632/7564/7022 5636/7567/7026 5637/7568/7027 5633/7565/7024
f 5633/7565/7024 5637/7568/7027 5635/7399/6835 5631/7398/6834
f 5634/7566/6885 5638/7569/6793 5640/7570/7028 5636/7567/7026
f 5636/7567/7026 5640/7570/7028 5641/7571/7029 5637/7568/7027
f 5637/7568/7027 5641/7571/7029 5639/7400/6836 5635/7399/6835
f 5638/7569/6793 5603/7392/6792 5605/7548/7030 5640/7570/7028
f 5640/7570/7028 5605/7548/7030 5604/7550/7031 5641/7571/7029
f 5641/7571/7029 5604/7550/7031 5602/7401/6837 5639/7400/6836
f 5643/7011/6432 5646/7010/6431 5648/7572/7032 5645/7573/7033
f 5645/7573/7033 5648/7572/7032 5649/7574/7034 5644/7575/7035
f 5644/7575/7035 5649/7574/7034 5647/7379/6810 5642/7378/6809
f 5646/7010/6440 5650/7390/6439 5652/7576/7036 5648/7572/7037
f 5648/7572/7037 5652/7576/7036 5653/7577/7038 5649/7574/7034
f 5649/7574/7034 5653/7577/7038 5651/7380/6811 5647/7379/6810
f 5650/7390/6439 5654/7389/6821 5656/7578/7039 5652/7576/7036
f 5652/7576/7036 5656/7578/7039 5657/7579/7040 5653/7577/7038
f 5653/7577/7038 5657/7579/7040 5655/7381/6812 5651/7380/6811
f 5654/7389/6821 5658/7393/6826 5660/7580/7041 5656/7578/7039
f 5656/7578/7039 5660/7580/7041 5661/7581/7042 5657/7579/7040
f 5657/7579/7040 5661/7581/7042 5659/7382/6813 5655/7381/6812
f 5658/7393/6826 5662/7396/6832 5664/7582/7043 5660/7580/7041
f 5660/7580/7041 5664/7582/7043 5665/7583/7044 5661/7581/7042
f 5661/7581/7042 5665/7583/7044 5663/7383/6814 5659/7382/6813
f 5662/7396/6846 5666/7407/6845 5668/7584/7045 5664/7582/7046
f 5664/7582/7046 5668/7584/7045 5669/7585/7047 5665/7583/7048
f 5665/7583/7048 5669/7585/7047 5667/7384/6815 5663/7383/6814
f 5666/7407/6845 5670/7410/6850 5672/7586/7049 5668/7584/7045
f 5668/7584/7045 5672/7586/7049 5673/7587/7050 5669/7585/7047
f 5669/7585/7047 5673/7587/7050 5671/7385/6816 5667/7384/6815
f 5670/7410/6850 5674/7413/6854 5676/7588/7051 5672/7586/7049
f 5672/7586/7049 5676/7588/7051 5677/7589/7052 5673/7587/7050
f 5673/7587/7050 5677/7589/7052 5675/7386/6817 5671/7385/6816
f 5674/7413/6870 5678/7426/6869 5680/7590/7053 5676/7588/7054
f 5676/7588/7054 5680/7590/7053 5681/7591/7055 5677/7589/7052
f 5677/7589/7052 5681/7591/7055 5679/7387/6818 5675/7386/6817
f 5678/7426/6869 5682/7430/6877 5684/7592/7056 5680/7590/7053
f 5680/7590/7053 5684/7592/7056 5685/7593/7057 5681/7591/7055
f 5681/7591/7055 5685/7593/7057 5683/7388/6819 5679/7387/6818
f 5682/7430/6877 5686/7366/6797 5688/7594/7058 5684/7592/7056
f 5684/7592/7056 5688/7594/7058 5689/7595/7059 5685/7593/7057
f 5685/7593/7057 5689/7595/7059 5687/7377/6808 5683/7388/6819
f 5686/7366/6797 5643/7011/6796 5645/7573/7060 5688/7594/7058
f 5688/7594/7058 5645/7573/7060 5644/7575/7035 5689/7595/7059
f 5689/7595/7059 5644/7575/7035 5642/7378/6809 5687/7377/6808
f 5362/7000/7061 5363/7166/6827 5566/7395/6830 5563/7523/6978
f 5691/7596/7062 5694/7597/7063 5696/7598/7064 5693/7599/7065
f 5693/7599/7065 5696/7598/7064 5697/7600/7066 5692/7601/7067
f 5692/7601/7067 5697/7600/7066 5695/7167/6571 5690/7003/7068
f 5694/7597/7063 5698/7602/7069 5700/7603/7070 5696/7598/7064
f 5696/7598/7064 5700/7603/7070 5701/7604/7071 5697/7600/7066
f 5697/7600/7066 5701/7604/7071 5699/7154/6553 5695/7167/6571
f 5698/7602/7069 5702/7605/7072 5704/7606/7073 5700/7603/7070
f 5700/7603/7070 5704/7606/7073 5705/7607/7074 5701/7604/7071
f 5701/7604/7071 5705/7607/7074 5703/7155/6554 5699/7154/6553
f 5702/7605/7072 5706/7109/6517 5708/7608/7075 5704/7606/7073
f 5704/7606/7073 5708/7608/7075 5709/7609/7076 5705/7607/7074
f 5705/7607/7074 5709/7609/7076 5707/7157/6556 5703/7155/6554
f 5706/7109/6517 5710/7108/6516 5712/7610/7077 5708/7608/7075
f 5708/7608/7075 5712/7610/7077 5713/7611/7078 5709/7609/7079
f 5709/7609/7079 5713/7611/7078 5711/7006/6559 5707/7157/6558
f 5710/7108/6516 5714/7107/6515 5716/7612/7080 5712/7610/7077
f 5712/7610/7077 5716/7612/7080 5717/7613/7081 5713/7611/7082
f 5713/7611/7082 5717/7613/7081 5715/7007/6429 5711/7006/6428
f 5714/7107/6515 5718/7614/7083 5720/7615/7084 5716/7612/7080
f 5716/7612/7080 5720/7615/7084 5721/7616/7085 5717/7613/7086
f 5717/7613/7086 5721/7616/7085 5719/7163/6567 5715/7007/6566
f 5718/7614/7083 5722/7617/7087 5724/7618/7088 5720/7615/7084
f 5720/7615/7084 5724/7618/7088 5725/7619/7089 5721/7616/7085
f 5721/7616/7085 5725/7619/7089 5723/7165/6569 5719/7163/6567
f 5722/7617/7087 5726/7620/7090 5728/7621/7091 5724/7618/7088
f 5724/7618/7088 5728/7621/7091 5729/7622/7092 5725/7619/7089
f 5725/7619/7089 5729/7622/7092 5727/7002/6425 5723/7165/6569
f 5726/7620/7090 5691/7596/7062 5693/7599/7065 5728/7621/7091
f 5728/7621/7091 5693/7599/7065 5692/7601/7093 5729/7622/7092
f 5729/7622/7092 5692/7601/7093 5690/7003/6426 5727/7002/6425
f 5363/7166/6570 5362/7000/7094 5690/7003/7068 5695/7167/6571
f 5731/7100/6511 5734/7099/6510 5736/7623/7095 5733/7624/7096
f 5733/7624/7096 5736/7623/7095 5737/7625/7097 5732/7626/7098
f 5732/7626/7098 5737/7625/7097 5735/7187/7099 5730/7161/7100
f 5734/7099/6510 5738/7627/7101 5740/7628/7102 5736/7623/7095
f 5736/7623/7095 5740/7628/7102 5741/7629/7103 5737/7625/7104
f 5737/7625/7104 5741/7629/7103 5739/7014/6435 5735/7187/6593
f 5738/7627/7101 5742/7630/7105 5744/7631/7106 5740/7628/7102
f 5740/7628/7102 5744/7631/7106 5745/7632/7107 5741/7629/7103
f 5741/7629/7103 5745/7632/7107 5743/7015/6436 5739/7014/6435
f 5742/7630/7105 5746/7633/7108 5748/7634/7109 5744/7631/7106
f 5744/7631/7106 5748/7634/7109 5749/7635/7110 5745/7632/7107
f 5745/7632/7107 5749/7635/7110 5747/7177/6580 5743/7015/6436
f 5746/7633/7108 5750/7636/7111 5752/7637/7112 5748/7634/7109
f 5748/7634/7109 5752/7637/7112 5753/7638/7113 5749/7635/7110
f 5749/7635/7110 5753/7638/7113 5751/7179/6582 5747/7177/6580
f 5750/7636/7111 5754/7639/7114 5756/7640/7115 5752/7637/7112
f 5752/7637/7112 5756/7640/7115 5757/7641/7116 5753/7638/7116
f 5753/7638/7116 5757/7641/7116 5755/7181/6585 5751/7179/6584
f 5754/7639/7114 5758/7103/6514 5760/7642/7117 5756/7640/7115
f 5756/7640/7115 5760/7642/7117 5761/7643/7118 5757/7641/7119
f 5757/7641/7119 5761/7643/7118 5759/7183/6589 5755/7181/6588
f 5758/7103/6514 5762/7102/6513 5764/7644/7120 5760/7642/7117
f 5760/7642/7117 5764/7644/7120 5765/7645/7121 5761/7643/7118
f 5761/7643/7118 5765/7645/7121 5763/7185/6591 5759/7183/6589
f 5762/7102/6513 5766/7101/6512 5768/7646/7122 5764/7644/7120
f 5764/7644/7120 5768/7646/7122 5769/7647/7123 5765/7645/7121
f 5765/7645/7121 5769/7647/7123 5767/7160/6562 5763/7185/6591
f 5766/7101/6512 5731/7100/6511 5733/7624/7096 5768/7646/7122
f 5768/7646/7122 5733/7624/7096 5732/7626/7124 5769/7647/7123
f 5769/7647/7123 5732/7626/7124 5730/7161/6563 5767/7160/6562
f 5373/7186/7125 5372/7158/7125 5730/7161/7100 5735/7187/7099
f 5771/7648/7126 5774/7649/7127 5776/7650/7128 5773/7651/7129
f 5773/7651/7129 5776/7650/7128 5777/7652/7130 5772/7653/7131
f 5772/7653/7131 5777/7652/7130 5775/7208/7132 5770/7175/7133
f 5774/7649/7127 5778/7654/7134 5780/7655/7135 5776/7650/7128
f 5776/7650/7128 5780/7655/7135 5781/7656/7136 5777/7652/7137
f 5777/7652/7137 5781/7656/7136 5779/7192/6598 5775/7208/6618
f 5778/7654/7134 5782/7657/7138 5784/7658/7139 5780/7655/7135
f 5780/7655/7135 5784/7658/7139 5785/7659/7140 5781/7656/7136
f 5781/7656/7136 5785/7659/7140 5783/7193/6599 5779/7192/6598
f 5782/7657/7138 5786/7660/7141 5788/7661/7142 5784/7658/7139
f 5784/7658/7139 5788/7661/7142 5789/7662/7143 5785/7659/7140
f 5785/7659/7140 5789/7662/7143 5787/7195/6601 5783/7193/6599
f 5786/7660/7141 5790/7663/7144 5792/7664/7145 5788/7661/7142
f 5788/7661/7142 5792/7664/7145 5793/7665/7146 5789/7662/7143
f 5789/7662/7143 5793/7665/7146 5791/7197/6603 5787/7195/6601
f 5790/7663/7144 5794/7666/7147 5796/7667/7148 5792/7664/7145
f 5792/7664/7145 5796/7667/7148 5797/7668/7149 5793/7665/7150
f 5793/7665/7150 5797/7668/7149 5795/7199/6607 5791/7197/6606
f 5794/7666/7147 5798/7669/7151 5800/7670/7152 5796/7667/7148
f 5796/7667/7148 5800/7670/7152 5801/7671/7153 5797/7668/7149
f 5797/7668/7149 5801/7671/7153 5799/7201/6609 5795/7199/6607
f 5798/7669/7151 5802/7672/7154 5804/7673/7155 5800/7670/7152
f 5800/7670/7152 5804/7673/7155 5805/7674/7156 5801/7671/7153
f 5801/7671/7153 5805/7674/7156 5803/7203/6611 5799/7201/6609
f 5802/7672/7154 5806/7675/7157 5808/7676/7158 5804/7673/7155
f 5804/7673/7155 5808/7676/7158 5809/7677/7159 5805/7674/7160
f 5805/7674/7160 5809/7677/7159 5807/7205/6615 5803/7203/6614
f 5806/7675/7157 5810/7678/7090 5812/7679/7091 5808/7676/7158
f 5808/7676/7158 5812/7679/7091 5813/7680/7092 5809/7677/7159
f 5809/7677/7159 5813/7680/7092 5811/7207/6425 5807/7205/6615
f 5810/7678/7090 5814/7681/7161 5816/7682/7162 5812/7679/7091
f 5812/7679/7091 5816/7682/7162 5817/7683/7163 5813/7680/7092
f 5813/7680/7092 5817/7683/7163 5815/7174/6577 5811/7207/6425
f 5814/7681/7161 5771/7648/7126 5773/7651/7129 5816/7682/7162
f 5816/7682/7162 5773/7651/7129 5772/7653/7164 5817/7683/7163
f 5817/7683/7163 5772/7653/7164 5770/7175/6578 5815/7174/6577
f 5383/7009/7165 5382/7008/7165 5770/7175/7133 5775/7208/7132
f 6013/7036/6454 5903/7035/6453 5907/7684/7166 5911/7685/7167 5915/7686/7168 5919/7687/7169 5923/7688/7170 5927/7689/7171 5882/7030/6448 5396/7029/6076 5397/7690/6076 5398/7691/6076 5399/7692/6076 5400/7693/6076 5401/7694/6076 6009/7694/6076
f 5972/7111/6519 5973/7695/7172 6020/7696/7172 6022/7697/7173 6023/7698/7174 6021/7112/6520
f 5833/7141/7175 5835/7699/7176 5398/7700/6115 5397/7142/6115
f 5821/7701/7177 5825/7073/6486 5827/7078/6491 5823/7702/7177
f 5823/7702/7178 5827/7078/7179 5828/7703/7180 5824/7704/7181
f 5824/7705/7181 5828/7706/7180 5826/7063/6476 5822/7188/6594
f 5827/7707/7179 5831/7114/6522 5830/7113/6521 5828/7706/7180
f 5828/7706/7180 5830/7113/6521 5829/7064/6477 5826/7063/6476
f 5832/7708/7182 5834/7709/7182 5835/7710/7176 5833/7711/7175
f 5834/7712/7183 5836/7713/7183 5837/7126/6535 5835/7125/6534
f 5836/7714/7184 5838/7715/7185 5839/7070/6483 5837/7069/6482
f 5838/7715/7185 5841/7262/6682 5840/7083/6496 5839/7070/6483
f 5825/7073/6120 5821/7701/6120 5841/7701/6120 5838/7716/6120 5836/7717/6120 5834/7709/6120 5832/7708/6120 5361/7104/6120 5771/7648/7126 5814/7681/7161 5810/7678/7090 5806/7675/7157 5802/7672/7154 5798/7669/7151 5794/7666/7147 5790/7663/7144
f 5843/7053/7186 5846/7244/7187 5848/7718/7188 5845/7719/7189
f 5845/7719/7189 5848/7718/7188 5849/7720/7190 5844/7721/7191
f 5844/7721/7191 5849/7720/7190 5847/7022/6441 5842/7136/6541
f 5846/7244/6661 5850/7124/6533 5852/7722/7192 5848/7718/7193
f 5848/7718/7193 5852/7722/7192 5853/7723/7194 5849/7720/7190
f 5849/7720/7190 5853/7723/7194 5851/7023/6442 5847/7022/6441
f 5850/7124/6533 5854/7123/6532 5856/7724/7195 5852/7722/7192
f 5852/7722/7192 5856/7724/7195 5857/7725/7196 5853/7723/7194
f 5853/7723/7194 5857/7725/7196 5855/7024/6443 5851/7023/6442
f 5854/7123/6532 5858/7234/6648 5860/7726/7197 5856/7724/7195
f 5856/7724/7195 5860/7726/7197 5861/7727/7198 5857/7725/7196
f 5857/7725/7196 5861/7727/7198 5859/7025/6444 5855/7024/6443
f 5858/7234/6648 5862/7236/6650 5864/7728/7199 5860/7726/7197
f 5860/7726/7197 5864/7728/7199 5865/7729/7200 5861/7727/7198
f 5861/7727/7198 5865/7729/7200 5863/7026/6445 5859/7025/6444
f 5862/7236/6653 5866/7238/6652 5868/7730/7201 5864/7728/7201
f 5864/7728/7201 5868/7730/7201 5869/7731/7202 5865/7729/7200
f 5865/7729/7200 5869/7731/7202 5867/7027/6446 5863/7026/6445
f 5866/7238/6657 5870/7240/6656 5872/7732/7203 5868/7730/7204
f 5868/7730/7204 5872/7732/7203 5873/7733/7205 5869/7731/7202
f 5869/7731/7202 5873/7733/7205 5871/7028/6447 5867/7027/6446
f 5870/7240/6656 5874/7242/6659 5876/7734/7206 5872/7732/7203
f 5872/7732/7203 5876/7734/7206 5877/7735/7207 5873/7733/7205
f 5873/7733/7205 5877/7735/7207 5875/7134/6539 5871/7028/6447
f 5874/7242/6659 5878/7054/6467 5880/7736/7208 5876/7734/7206
f 5876/7734/7206 5880/7736/7208 5881/7737/7209 5877/7735/7207
f 5877/7735/7207 5881/7737/7209 5879/7135/6540 5875/7134/6539
f 5878/7054/6467 5843/7053/6466 5845/7719/7210 5880/7736/7208
f 5880/7736/7208 5845/7719/7210 5844/7721/7191 5881/7737/7209
f 5881/7737/7209 5844/7721/7191 5842/7136/6541 5879/7135/6540
f 5412/7052/7211 5413/7243/7211 5846/7244/7187 5843/7053/7186
f 5883/7231/7212 5886/7094/7213 5888/7738/7214 5885/7739/7215
f 5885/7739/7215 5888/7738/7214 5889/7740/7216 5884/7741/7217
f 5884/7741/7217 5889/7740/7216 5887/7031/6449 5882/7030/6448
f 5886/7094/6509 5890/7093/6508 5892/7742/7218 5888/7738/7219
f 5888/7738/7219 5892/7742/7218 5893/7743/7220 5889/7740/7216
f 5889/7740/7216 5893/7743/7220 5891/7032/6450 5887/7031/6449
f 5890/7093/6508 5894/7247/6664 5896/7744/7221 5892/7742/7218
f 5892/7742/7218 5896/7744/7221 5897/7745/7222 5893/7743/7220
f 5893/7743/7220 5897/7745/7222 5895/7033/6451 5891/7032/6450
f 5894/7247/6664 5898/7249/6666 5900/7746/7223 5896/7744/7221
f 5896/7744/7221 5900/7746/7223 5901/7747/7224 5897/7745/7222
f 5897/7745/7222 5901/7747/7224 5899/7034/6452 5895/7033/6451
f 5898/7249/6666 5902/7251/6668 5904/7748/7225 5900/7746/7223
f 5900/7746/7223 5904/7748/7225 5905/7749/7226 5901/7747/7224
f 5901/7747/7224 5905/7749/7226 5903/7035/6453 5899/7034/6452
f 5902/7251/6672 5906/7253/6671 5908/7750/7227 5904/7748/7228
f 5904/7748/7228 5908/7750/7227 5909/7751/7229 5905/7749/7226
f 5905/7749/7226 5909/7751/7229 5907/7684/7166 5903/7035/6453
f 5906/7253/6671 5910/7255/6674 5912/7752/7230 5908/7750/7227
f 5908/7750/7227 5912/7752/7230 5913/7753/7231 5909/7751/7229
f 5909/7751/7229 5913/7753/7231 5911/7685/7167 5907/7684/7166
f 5910/7255/6674 5914/7257/6676 5916/7754/7232 5912/7752/7230
f 5912/7752/7230 5916/7754/7232 5917/7755/7233 5913/7753/7231
f 5913/7753/7231 5917/7755/7233 5915/7686/7168 5911/7685/7167
f 5914/7257/6680 5918/7259/6679 5920/7756/7234 5916/7754/7235
f 5916/7754/7235 5920/7756/7234 5921/7757/7236 5917/7755/7233
f 5917/7755/7233 5921/7757/7236 5919/7687/7169 5915/7686/7168
f 5918/7259/6679 5922/7261/6463 5924/7758/7237 5920/7756/7234
f 5920/7756/7234 5924/7758/7237 5925/7759/7238 5921/7757/7236
f 5921/7757/7236 5925/7759/7238 5923/7688/7170 5919/7687/7169
f 5922/7261/6463 5926/7232/6646 5928/7760/7239 5924/7758/7237
f 5924/7758/7237 5928/7760/7239 5929/7761/7240 5925/7759/7238
f 5925/7759/7238 5929/7761/7240 5927/7689/7171 5923/7688/7170
f 5926/7232/6646 5883/7231/6645 5885/7739/7241 5928/7760/7239
f 5928/7760/7239 5885/7739/7241 5884/7741/7217 5929/7761/7240
f 5929/7761/7240 5884/7741/7217 5882/7030/6448 5927/7689/7171
f 5422/7230/7242 5423/7060/7242 5886/7094/7213 5883/7231/7212
f 5931/7049/7243 5934/7228/6639 5936/7762/7244 5933/7763/7245
f 5933/7763/7245 5936/7762/7244 5937/7764/7246 5932/7765/7247
f 5932/7765/7247 5937/7764/7246 5935/7766/7248 5930/7767/7249
f 5934/7228/6639 5938/7216/6626 5940/7768/7250 5936/7762/7244
f 5936/7762/7244 5940/7768/7250 5941/7769/7251 5937/7764/7246
f 5937/7764/7246 5941/7769/7251 5939/7770/7252 5935/7766/7248
f 5938/7216/6626 5942/7215/6625 5944/7771/7253 5940/7768/7250
f 5940/7768/7250 5944/7771/7253 5945/7772/7254 5941/7769/7251
f 5941/7769/7251 5945/7772/7254 5943/7773/7255 5939/7770/7252
f 5942/7215/6625 5946/7218/6628 5948/7774/7256 5944/7771/7253
f 5944/7771/7253 5948/7774/7256 5949/7775/7257 5945/7772/7254
f 5945/7772/7254 5949/7775/7257 5947/7130/6536 5943/7773/7255
f 5946/7218/6642 5950/7222/6641 5952/7776/7258 5948/7774/7258
f 5948/7774/7258 5952/7776/7258 5953/7777/7259 5949/7775/7257
f 5949/7775/7257 5953/7777/7259 5951/7131/6537 5947/7130/6536
f 5950/7222/6631 5954/7221/6630 5956/7778/7260 5952/7776/7261
f 5952/7776/7261 5956/7778/7260 5957/7779/7262 5953/7777/7259
f 5953/7777/7259 5957/7779/7262 5955/7132/6538 5951/7131/6537
f 5954/7221/6635 5958/7224/6634 5960/7780/7263 5956/7778/7264
f 5956/7778/7264 5960/7780/7263 5961/7781/7265 5957/7779/7262
f 5957/7779/7262 5961/7781/7265 5959/7782/7266 5955/7132/6538
f 5958/7224/6634 5962/7226/6637 5964/7783/7267 5960/7780/7263
f 5960/7780/7263 5964/7783/7267 5965/7784/7268 5961/7781/7265
f 5961/7781/7265 5965/7784/7268 5963/7785/7269 5959/7782/7266
f 5962/7226/6637 5966/7050/6463 5968/7786/7237 5964/7783/7267
f 5964/7783/7267 5968/7786/7237 5969/7787/7238 5965/7784/7268
f 5965/7784/7268 5969/7787/7238 5967/7788/7170 5963/7785/7269
f 5966/7050/6463 5931/7049/6462 5933/7763/7270 5968/7786/7237
f 5968/7786/7237 5933/7763/7270 5932/7765/7247 5969/7787/7238
f 5969/7787/7238 5932/7765/7247 5930/7767/7249 5967/7788/7170
f 5402/7048/7271 5403/7227/6638 5934/7228/6639 5931/7049/7243
f 6025/7789/6120 6077/7095/6120 5706/7109/6517 5702/7605/7072 5698/7602/7069 5694/7597/7063 5691/7596/7062 5726/7620/7090 5722/7617/7087 5718/7614/7083 5714/7107/6515 6033/7106/6120 6028/7790/6120
f 5972/7791/6519 5974/7792/6529 5975/7137/7272 5973/7021/7273
f 5974/7792/6529 5976/7793/6546 5977/7138/7274 5975/7137/7272
f 5976/7147/6546 5978/7146/6545 5979/7794/7275 5977/7795/7274
f 5970/7796/7276 5979/7129/7277 5978/7797/6550 5971/7798/6549
f 5970/7796/6076 5394/7799/6076 5395/7133/6076 5955/7132/6538 5959/7782/7266 5963/7785/7269 5967/7788/7170 5930/7767/7249 5935/7766/7248 5939/7770/7252 5943/7773/7255 5947/7130/6536 5979/7129/6076
f 5981/7116/6525 5984/7118/6527 5986/7800/7278 5983/7801/7279
f 5983/7802/7279 5986/7803/7278 5987/7804/7280 5982/7805/7281
f 5982/7805/7282 5987/7804/7283 5985/7039/7283 5980/7038/6456
f 5984/7118/6527 5988/7090/6503 5990/7806/7284 5986/7800/7278
f 5986/7803/7278 5990/7807/7284 5991/7808/7285 5987/7804/7280
f 5987/7804/7283 5991/7808/7286 5989/7040/7287 5985/7039/7283
f 5988/7090/6503 5992/7082/6495 5994/7809/7288 5990/7806/7284
f 5990/7807/7284 5994/7810/7288 5995/7811/7289 5991/7808/7285
f 5991/7808/7286 5995/7811/7290 5993/7041/7291 5989/7040/7287
f 5992/7082/6495 5996/7081/6494 5998/7812/7292 5994/7809/7288
f 5994/7810/7288 5998/7813/7292 5999/7814/7293 5995/7811/7289
f 5995/7811/7290 5999/7814/7294 5997/7042/7295 5993/7041/7291
f 5996/7081/6494 6000/7086/6499 6002/7815/7296 5998/7812/7292
f 5998/7813/7292 6002/7816/7296 6003/7817/7297 5999/7814/7293
f 5999/7814/7294 6003/7817/7298 6001/7043/7298 5997/7042/7295
f 6000/7086/6499 6005/7092/6505 6007/7818/7299 6002/7815/7296
f 6002/7816/7296 6007/7819/7299 6006/7820/7300 6003/7817/7297
f 6003/7817/7298 6006/7820/7301 6004/7044/7301 6001/7043/7298
f 6013/7036/6454 6009/7694/7302 6011/7821/7303 6015/7822/7304
f 6015/7822/7304 6011/7821/7303 6010/7823/7305 6014/7824/7306
f 6014/7824/7306 6010/7823/7305 6008/7825/6662 6012/7826/6501
f 6016/7037/6455 6013/7036/6454 6015/7822/7304 6018/7827/7307
f 6018/7827/7307 6015/7822/7304 6014/7824/7306 6019/7828/7308
f 6019/7828/7308 6014/7824/7306 6012/7826/6501 6017/7829/6500
f 6017/7087/6500 5981/7116/6525 5983/7801/7279 6019/7830/7308
f 6019/7828/7308 5983/7802/7279 5982/7805/7281 6018/7827/7307
f 6018/7827/7307 5982/7805/7282 5980/7038/6456 6016/7037/6455
f 6005/7092/6505 6021/7112/6520 6023/7698/7174 6007/7818/7299
f 6007/7819/7299 6023/7831/7174 6022/7832/7173 6006/7820/7300
f 6006/7820/7301 6022/7832/7309 6020/7020/7309 6004/7044/7301
f 6065/7098/6120 6061/7833/6120 6057/7834/6120 6053/7835/6120 6049/7836/6120 6045/7837/6120 6041/7838/6120 6038/7839/6120 6081/7074/6120 5825/7073/6120 5790/7663/7144 5786/7660/7141 5782/7657/7138 5778/7654/7134 5774/7649/7127 5771/7648/7126 5361/7104/6120 5758/7103/6514 5754/7639/7114 5750/7636/7111 5746/7633/7108 5742/7630/7105 5738/7627/7101 5734/7099/6510
f 6032/7168/6572 6035/7840/7310 6034/7169/6573
f 6035/7840/7310 6036/7841/7311 6034/7169/6573
f 6036/7842/7312 6033/7106/7313 6034/7105/7314
f 6025/7789/7315 6028/7790/7316 6030/7843/7317 6027/7844/7318
f 6027/7845/7319 6030/7846/7320 6031/7847/7321 6026/7848/7322
f 6026/7848/7322 6031/7847/7321 6029/7209/6619 6024/7149/6548
f 6028/7790/7316 6033/7106/7313 6036/7842/7312 6030/7843/7317
f 6030/7846/7320 6036/7849/7323 6035/7850/7324 6031/7847/7321
f 6031/7847/7321 6035/7850/7324 6032/7210/6620 6029/7209/6619
f 6038/7839/7325 6041/7838/7326 6043/7851/7326 6040/7852/7327
f 6040/7853/7327 6043/7854/7328 6044/7855/7329 6039/7856/7330
f 6039/7856/7330 6044/7855/7329 6042/7117/6526 6037/7115/6524
f 6041/7838/7326 6045/7837/7331 6047/7857/7332 6043/7851/7326
f 6043/7854/7328 6047/7858/7333 6048/7859/7334 6044/7855/7329
f 6044/7855/7329 6048/7859/7334 6046/7089/6502 6042/7117/6526
f 6045/7837/7331 6049/7836/7335 6051/7860/7336 6047/7857/7332
f 6047/7858/7333 6051/7861/7337 6052/7862/7338 6048/7859/7334
f 6048/7859/7334 6052/7862/7338 6050/7079/6492 6046/7089/6502
f 6049/7836/7335 6053/7835/7339 6055/7863/7340 6051/7860/7336
f 6051/7860/7337 6055/7863/7341 6056/7864/7342 6052/7865/7338
f 6052/7862/7338 6056/7866/7342 6054/7080/6493 6050/7079/6492
f 6053/7835/7339 6057/7834/7343 6059/7867/7343 6055/7863/7340
f 6055/7868/7341 6059/7869/7183 6060/7870/7344 6056/7866/7342
f 6056/7866/7342 6060/7870/7344 6058/7085/6498 6054/7080/6493
f 6057/7834/7343 6061/7833/7345 6063/7871/7345 6059/7867/7343
f 6059/7869/7183 6063/7872/7346 6064/7873/7347 6060/7870/7344
f 6060/7870/7344 6064/7873/7347 6062/7091/6504 6058/7085/6498
f 6061/7833/7345 6065/7098/7348 6067/7874/7349 6063/7871/7345
f 6063/7872/7346 6067/7875/7350 6068/7876/7351 6064/7873/7347
f 6064/7873/7347 6068/7876/7351 6066/7110/6518 6062/7091/6504
f 6065/7098/7348 6069/7097/7352 6071/7877/7353 6067/7874/7349
f 6067/7874/7350 6071/7877/7354 6072/7878/7355 6068/7879/7351
f 6068/7876/7351 6072/7880/7355 6070/7119/6528 6066/7110/6518
f 6069/7097/7352 6073/7096/7356 6075/7881/7357 6071/7877/7353
f 6071/7882/7354 6075/7883/7358 6076/7884/7359 6072/7880/7355
f 6072/7880/7355 6076/7884/7359 6074/7144/6543 6070/7119/6528
f 6073/7096/7356 6077/7095/7360 6079/7885/7360 6075/7881/7357
f 6075/7883/7358 6079/7886/7361 6080/7887/7362 6076/7884/7359
f 6076/7884/7359 6080/7887/7362 6078/7145/6544 6074/7144/6543
f 6024/7149/6548 6078/7148/6547 6080/7888/7363 6026/7848/7322
f 6026/7889/7322 6080/7890/7363 6079/7885/7364 6027/7844/7319
f 6027/7844/7318 6079/7885/7365 6077/7095/7365 6025/7789/7315
f 6037/7115/6524 6082/7114/6523 6084/7891/6489 6039/7856/7330
f 6039/7892/7330 6084/7076/6489 6083/7075/6488 6040/7852/7327
f 6040/7852/7327 6083/7075/6488 6081/7074/6487 6038/7839/7325
f 6024/7149/6548 6029/7209/6619 5394/7212/6622 5970/7893/7276 5971/7150/6549
l 1231 2720
l 2720 1230
l 1311 2873
l 2873 1332
l 1775 3713
l 3713 1774
l 1855 3866
l 3866 1876
