# split from Door_VAR01.obj (Door_Frame.obj)
v -0.531194 -0.006809 0.002500
v -0.465227 -0.006809 0.002500
v -0.465227 -0.006809 0.097500
v -0.531194 -0.006809 0.097500
v -0.522569 1.721117 0.002500
v -0.522569 1.472018 0.002500
v -0.522570 1.472018 0.097500
v -0.522570 1.721117 0.097500
v -0.442853 0.067091 0.002500
v -0.442853 2.072756 0.002500
v -0.442853 2.072756 0.097500
v -0.442853 0.067091 0.097500
v -0.524401 1.942741 0.002500
v -0.524401 1.942741 0.097500
v -0.462057 -0.004401 0.002500
v -0.443523 0.062182 0.002500
v -0.443524 0.062182 0.097500
v -0.462057 -0.004401 0.097500
v -0.517219 2.066627 0.002500
v -0.517220 2.066627 0.097500
v -0.527396 0.369151 0.000000
v -0.527396 0.581911 0.000000
v -0.534719 0.752163 0.000000
v -0.516403 1.014070 0.000000
v -0.523732 1.235763 0.000000
v -0.520069 1.471999 0.000000
v -0.520069 1.721127 0.000000
v -0.521900 1.942679 0.000000
v -0.514715 2.066622 0.000000
v -0.476637 2.066622 0.000000
v -0.476637 2.005896 0.000000
v -0.453234 2.005896 0.000000
v -0.453234 2.072756 0.000000
v -0.445353 2.072756 0.000000
v -0.445353 0.064932 0.000000
v -0.464626 -0.004309 0.000000
v -0.531169 -0.004309 0.000000
v -0.527396 0.369151 0.100000
v -0.531169 -0.004309 0.100000
v -0.464627 -0.004309 0.100000
v -0.445353 0.064932 0.100000
v -0.445353 2.072756 0.100000
v -0.453235 2.072756 0.100000
v -0.453235 2.005896 0.100000
v -0.476637 2.005896 0.100000
v -0.476637 2.066622 0.100000
v -0.514716 2.066622 0.100000
v -0.521901 1.942679 0.100000
v -0.520070 1.721127 0.100000
v -0.520070 1.471999 0.100000
v -0.523732 1.235763 0.100000
v -0.516404 1.014070 0.100000
v -0.534719 0.752163 0.100000
v -0.527396 0.581911 0.100000
v -0.476637 2.069122 0.002500
v -0.514575 2.069122 0.002500
v -0.514575 2.069122 0.097500
v -0.476637 2.069122 0.097500
v -0.537222 0.752196 0.002500
v -0.529896 0.581857 0.002500
v -0.529896 0.581857 0.097500
v -0.537222 0.752196 0.097500
v -0.529896 0.369168 0.002500
v -0.529896 0.369168 0.097500
v -0.474137 2.010896 0.002500
v -0.474137 2.066622 0.002500
v -0.474137 2.066622 0.097500
v -0.474137 2.010896 0.097500
v -0.518906 1.014116 0.002500
v -0.518906 1.014116 0.097500
v -0.458234 2.008396 0.002500
v -0.471637 2.008396 0.002500
v -0.471637 2.008396 0.097500
v -0.458235 2.008396 0.097500
v -0.526233 1.235741 0.002500
v -0.526233 1.235741 0.097500
v -0.455734 2.072756 0.002500
v -0.455734 2.010896 0.002500
v -0.455735 2.010896 0.097500
v -0.455735 2.072756 0.097500
v -0.445353 2.075256 0.002500
v -0.453234 2.075256 0.002500
v -0.453235 2.075256 0.097500
v -0.445353 2.075256 0.097500
v -0.533669 -0.004310 0.002500
v -0.533335 -0.004309 0.001252
v -0.533022 -0.005505 0.001304
v -0.533347 -0.005558 0.002500
v -0.532417 -0.004309 0.000334
v -0.532376 -0.005505 0.000658
v -0.531181 -0.005558 0.000334
v -0.531190 -0.006475 0.001252
v -0.532383 -0.006151 0.001304
v -0.532439 -0.006475 0.002500
v -0.516814 2.067873 0.002500
v -0.516491 2.067820 0.001305
v -0.516884 2.066625 0.001252
v -0.515843 2.068790 0.002500
v -0.515808 2.068465 0.001305
v -0.514593 2.068788 0.001252
v -0.514644 2.067870 0.000334
v -0.515844 2.067818 0.000659
v -0.515965 2.066624 0.000334
v -0.475388 2.068788 0.002500
v -0.475441 2.068464 0.001305
v -0.476637 2.068788 0.001252
v -0.474471 2.067871 0.002500
v -0.474795 2.067818 0.001305
v -0.474471 2.066622 0.001252
v -0.475388 2.066622 0.000334
v -0.475441 2.067818 0.000659
v -0.476637 2.067871 0.000334
v -0.473766 2.009669 0.002500
v -0.474134 2.008813 0.001316
v -0.474504 2.009307 0.001279
v -0.472864 2.008767 0.002500
v -0.473719 2.008398 0.001316
v -0.473226 2.008028 0.001279
v -0.475048 2.007117 0.000368
v -0.474556 2.007976 0.000645
v -0.475415 2.007485 0.000368
v -0.457007 2.008767 0.002500
v -0.456152 2.008398 0.001316
v -0.456645 2.008028 0.001279
v -0.456105 2.009669 0.002500
v -0.455737 2.008813 0.001316
v -0.455367 2.009307 0.001279
v -0.454456 2.007485 0.000368
v -0.455315 2.007976 0.000645
v -0.454823 2.007117 0.000368
v -0.455400 2.074005 0.002500
v -0.455076 2.073952 0.001305
v -0.455400 2.072756 0.001252
v -0.454483 2.074922 0.002500
v -0.454430 2.074598 0.001305
v -0.453234 2.074922 0.001252
v -0.453234 2.074005 0.000334
v -0.454430 2.073952 0.000659
v -0.454483 2.072756 0.000334
v -0.444105 2.074922 0.002500
v -0.444158 2.074598 0.001305
v -0.445353 2.074922 0.001252
v -0.443187 2.074005 0.002500
v -0.443511 2.073952 0.001305
v -0.443187 2.072756 0.001252
v -0.444105 2.072756 0.000334
v -0.444158 2.073952 0.000659
v -0.445353 2.074005 0.000334
v -0.442951 0.065519 0.002500
v -0.443233 0.065206 0.001313
v -0.443222 0.066402 0.001276
v -0.443196 0.063722 0.002500
v -0.443385 0.064099 0.001313
v -0.443695 0.062944 0.001275
v -0.444358 0.063941 0.000370
v -0.443688 0.064705 0.000647
v -0.444128 0.065620 0.000370
v -0.462713 -0.005620 0.002500
v -0.463045 -0.005541 0.001305
v -0.462413 -0.004372 0.001252
v -0.463877 -0.006504 0.002500
v -0.463864 -0.006163 0.001305
v -0.465160 -0.006459 0.001252
v -0.464939 -0.005541 0.000334
v -0.463709 -0.005517 0.000659
v -0.463356 -0.004338 0.000334
v -0.533669 -0.004310 0.097500
v -0.533347 -0.005558 0.097500
v -0.533022 -0.005505 0.098696
v -0.533335 -0.004309 0.098748
v -0.532439 -0.006475 0.097500
v -0.532383 -0.006151 0.098696
v -0.531191 -0.006475 0.098748
v -0.531181 -0.005558 0.099666
v -0.532376 -0.005505 0.099342
v -0.532417 -0.004309 0.099666
v -0.516884 2.066625 0.098749
v -0.516491 2.067819 0.098696
v -0.516814 2.067873 0.097500
v -0.515965 2.066624 0.099666
v -0.515844 2.067818 0.099342
v -0.514645 2.067870 0.099666
v -0.514593 2.068788 0.098749
v -0.515808 2.068464 0.098696
v -0.515843 2.068789 0.097500
v -0.476637 2.068788 0.098749
v -0.475441 2.068464 0.098696
v -0.475388 2.068788 0.097500
v -0.476637 2.067871 0.099666
v -0.475441 2.067818 0.099342
v -0.475388 2.066622 0.099666
v -0.474471 2.066622 0.098749
v -0.474795 2.067818 0.098696
v -0.474471 2.067871 0.097500
v -0.474504 2.009307 0.098722
v -0.474134 2.008813 0.098684
v -0.473766 2.009669 0.097500
v -0.475415 2.007485 0.099633
v -0.474556 2.007976 0.099356
v -0.475048 2.007117 0.099633
v -0.473226 2.008028 0.098722
v -0.473719 2.008398 0.098684
v -0.472864 2.008767 0.097500
v -0.456646 2.008028 0.098722
v -0.456152 2.008398 0.098684
v -0.457008 2.008767 0.097500
v -0.454824 2.007117 0.099633
v -0.455315 2.007976 0.099356
v -0.454456 2.007485 0.099633
v -0.455367 2.009307 0.098722
v -0.455737 2.008813 0.098684
v -0.456106 2.009669 0.097500
v -0.455401 2.072756 0.098749
v -0.455076 2.073952 0.098696
v -0.455401 2.074005 0.097500
v -0.454483 2.072756 0.099666
v -0.454430 2.073952 0.099342
v -0.453235 2.074005 0.099666
v -0.453235 2.074922 0.098749
v -0.454430 2.074598 0.098696
v -0.454483 2.074922 0.097500
v -0.445353 2.074922 0.098749
v -0.444158 2.074598 0.098696
v -0.444105 2.074922 0.097500
v -0.445353 2.074005 0.099666
v -0.444158 2.073952 0.099342
v -0.444105 2.072756 0.099666
v -0.443187 2.072756 0.098749
v -0.443512 2.073952 0.098696
v -0.443187 2.074005 0.097500
v -0.443223 0.066402 0.098725
v -0.443234 0.065206 0.098688
v -0.442951 0.065519 0.097500
v -0.444128 0.065620 0.099631
v -0.443688 0.064705 0.099353
v -0.444358 0.063941 0.099631
v -0.443695 0.062944 0.098725
v -0.443385 0.064099 0.098688
v -0.443197 0.063722 0.097500
v -0.462413 -0.004372 0.098749
v -0.463045 -0.005541 0.098696
v -0.462713 -0.005620 0.097500
v -0.463356 -0.004338 0.099666
v -0.463709 -0.005517 0.099342
v -0.464939 -0.005541 0.099666
v -0.465160 -0.006459 0.098749
v -0.463865 -0.006163 0.098696
v -0.463877 -0.006504 0.097500
v -0.529561 0.369166 0.001250
v -0.528646 0.369160 0.000335
v -0.529561 0.581864 0.001250
v -0.528646 0.581884 0.000335
v -0.536887 0.752192 0.001250
v -0.535970 0.752180 0.000335
v -0.518571 1.014110 0.001250
v -0.517655 1.014093 0.000335
v -0.525898 1.235744 0.001250
v -0.524982 1.235752 0.000335
v -0.522234 1.472016 0.001250
v -0.521319 1.472009 0.000335
v -0.522234 1.721118 0.001250
v -0.521319 1.721122 0.000335
v -0.524066 1.942733 0.001250
v -0.523151 1.942710 0.000335
v -0.528646 0.369160 0.099665
v -0.529561 0.369166 0.098750
v -0.528646 0.581884 0.099665
v -0.529561 0.581864 0.098750
v -0.535971 0.752180 0.099665
v -0.536887 0.752192 0.098750
v -0.517655 1.014093 0.099665
v -0.518571 1.014110 0.098750
v -0.524983 1.235752 0.099665
v -0.525898 1.235744 0.098750
v -0.521320 1.472009 0.099665
v -0.522235 1.472016 0.098750
v -0.521320 1.721122 0.099665
v -0.522235 1.721118 0.098750
v -0.523151 1.942710 0.099665
v -0.524066 1.942733 0.098750
v 0.452598 0.325941 0.002500
v 0.445533 -0.004310 0.002500
v 0.445533 -0.004310 0.097500
v 0.452598 0.325941 0.097500
v 0.474313 2.109367 0.002500
v 0.433894 2.057604 0.002500
v 0.433895 2.057604 0.097500
v 0.474313 2.109367 0.097500
v 0.527790 0.211577 0.002500
v 0.529316 0.480213 0.002500
v 0.529316 0.480213 0.097500
v 0.527790 0.211577 0.097500
v 0.432356 2.053133 0.002500
v 0.432356 0.346183 0.002500
v 0.432356 0.346183 0.097500
v 0.432356 2.053133 0.097500
v 0.529316 0.868514 0.002500
v 0.529316 0.868514 0.097500
v 0.437263 0.335142 0.002500
v 0.437263 0.335142 0.097500
v 0.534811 1.467450 0.002500
v 0.534811 1.467450 0.097500
v 0.534811 1.932678 0.002500
v 0.534811 1.932678 0.097500
v 0.528419 -0.004309 0.100000
v 0.525290 0.211569 0.100000
v 0.526816 0.480219 0.100000
v 0.526816 0.868528 0.100000
v 0.532311 1.467463 0.100000
v 0.532311 1.932687 0.100000
v 0.534690 2.162652 0.100000
v 0.497389 2.129642 0.100000
v 0.476202 2.107725 0.100000
v 0.434856 2.054773 0.100000
v 0.434856 0.346714 0.100000
v 0.439227 0.336879 0.100000
v 0.455129 0.327338 0.100000
v 0.448034 -0.004309 0.100000
v 0.537222 2.165754 0.002500
v 0.537222 2.165754 0.097500
v 0.530919 -0.004310 0.002500
v 0.530919 -0.004310 0.097500
v 0.535375 2.166597 0.002500
v 0.495659 2.131450 0.002500
v 0.495659 2.131450 0.097500
v 0.535375 2.166597 0.097500
v 0.528418 -0.004309 0.000000
v 0.448034 -0.004309 0.000000
v 0.455129 0.327338 0.000000
v 0.439227 0.336879 0.000000
v 0.434856 0.346714 0.000000
v 0.434856 2.054773 0.000000
v 0.476202 2.107725 0.000000
v 0.497389 2.129642 0.000000
v 0.534689 2.162652 0.000000
v 0.532311 1.932687 0.000000
v 0.532311 1.467463 0.000000
v 0.526816 0.868528 0.000000
v 0.526816 0.480219 0.000000
v 0.525290 0.211569 0.000000
v 0.447980 -0.006809 0.002500
v 0.446739 -0.006475 0.002500
v 0.446799 -0.006151 0.001304
v 0.447987 -0.006475 0.001252
v 0.445841 -0.005558 0.002500
v 0.446166 -0.005505 0.001304
v 0.445868 -0.004310 0.001252
v 0.446785 -0.004309 0.000334
v 0.446812 -0.005505 0.000658
v 0.448007 -0.005558 0.000334
v 0.528455 -0.006809 0.002500
v 0.528450 -0.006475 0.001252
v 0.529641 -0.006151 0.001304
v 0.529698 -0.006476 0.002500
v 0.528437 -0.005558 0.000334
v 0.529631 -0.005505 0.000658
v 0.529667 -0.004309 0.000334
v 0.530585 -0.004310 0.001252
v 0.530278 -0.005505 0.001304
v 0.530603 -0.005558 0.002500
v 0.536763 2.165075 0.001252
v 0.536654 2.166323 0.001305
v 0.537105 2.167045 0.002500
v 0.535833 2.163937 0.000334
v 0.536000 2.165521 0.000659
v 0.534911 2.164358 0.000334
v 0.535163 2.165806 0.001252
v 0.536177 2.166541 0.001305
v 0.536427 2.167355 0.002500
v 0.433864 2.056964 0.001275
v 0.433216 2.055926 0.001312
v 0.433144 2.056276 0.002500
v 0.434212 2.055940 0.000370
v 0.433373 2.055283 0.000648
v 0.433630 2.054250 0.000370
v 0.432726 2.053657 0.001275
v 0.432854 2.054873 0.001312
v 0.432581 2.054642 0.002500
v 0.447980 -0.006809 0.097500
v 0.447987 -0.006475 0.098748
v 0.446799 -0.006151 0.098696
v 0.446739 -0.006475 0.097500
v 0.448007 -0.005558 0.099666
v 0.446813 -0.005505 0.099342
v 0.446786 -0.004309 0.099666
v 0.445868 -0.004310 0.098748
v 0.446166 -0.005505 0.098696
v 0.445841 -0.005558 0.097500
v 0.528455 -0.006809 0.097500
v 0.529699 -0.006476 0.097500
v 0.529641 -0.006151 0.098696
v 0.528450 -0.006475 0.098748
v 0.530603 -0.005558 0.097500
v 0.530278 -0.005505 0.098696
v 0.530585 -0.004310 0.098748
v 0.529667 -0.004309 0.099666
v 0.529632 -0.005505 0.099342
v 0.528437 -0.005558 0.099666
v 0.537105 2.167045 0.097500
v 0.536654 2.166323 0.098696
v 0.536763 2.165075 0.098749
v 0.536428 2.167355 0.097500
v 0.536177 2.166541 0.098696
v 0.535163 2.165806 0.098749
v 0.534911 2.164358 0.099666
v 0.536000 2.165521 0.099342
v 0.535833 2.163937 0.099666
v 0.433144 2.056276 0.097500
v 0.433216 2.055926 0.098688
v 0.433864 2.056964 0.098726
v 0.432581 2.054642 0.097500
v 0.432854 2.054873 0.098688
v 0.432726 2.053657 0.098726
v 0.433630 2.054250 0.099630
v 0.433373 2.055283 0.099353
v 0.434212 2.055940 0.099630
v 0.526540 0.211573 0.000335
v 0.527455 0.211576 0.001250
v 0.528066 0.480216 0.000335
v 0.528981 0.480214 0.001250
v 0.528066 0.868521 0.000335
v 0.528981 0.868516 0.001250
v 0.533561 1.467456 0.000335
v 0.534476 1.467452 0.001250
v 0.533561 1.932683 0.000335
v 0.534476 1.932679 0.001250
v 0.496524 2.130546 0.000335
v 0.495891 2.131208 0.001250
v 0.475257 2.108546 0.000335
v 0.474566 2.109147 0.001250
v 0.433606 0.346448 0.000335
v 0.432691 0.346254 0.001250
v 0.438245 0.336011 0.000335
v 0.437526 0.335375 0.001250
v 0.453863 0.326639 0.000335
v 0.452937 0.326128 0.001250
v 0.527455 0.211576 0.098750
v 0.526540 0.211573 0.099665
v 0.528981 0.480214 0.098750
v 0.528066 0.480216 0.099665
v 0.528981 0.868516 0.098750
v 0.528066 0.868521 0.099665
v 0.534476 1.467452 0.098750
v 0.533561 1.467456 0.099665
v 0.534476 1.932679 0.098750
v 0.533561 1.932683 0.099665
v 0.495891 2.131208 0.098750
v 0.496524 2.130546 0.099665
v 0.474566 2.109147 0.098750
v 0.475257 2.108546 0.099665
v 0.432691 0.346254 0.098750
v 0.433606 0.346448 0.099665
v 0.437526 0.335375 0.098750
v 0.438245 0.336011 0.099665
v 0.452937 0.326128 0.098750
v 0.453863 0.326639 0.099665
v 0.432356 2.055633 0.002567
v 0.432356 2.055633 0.000000
v 0.432356 2.055633 0.100000
v 0.432356 2.055633 0.097434
v -0.062830 2.153301 0.002500
v -0.269669 2.155510 0.002500
v -0.269669 2.155510 0.097500
v -0.062830 2.153301 0.097500
v -0.339294 2.043974 0.002518
v -0.201500 2.042384 0.002523
v -0.201500 2.042384 0.097478
v -0.339294 2.043974 0.097482
v 0.043166 2.151093 0.002500
v 0.043166 2.151093 0.097500
v -0.442523 2.051924 0.002515
v -0.442523 2.051924 0.097486
v 0.160203 2.154037 0.002500
v 0.160203 2.154037 0.097500
v -0.442523 2.075256 0.002512
v -0.442523 2.075256 0.097488
v 0.288281 2.162134 0.002500
v 0.288281 2.162134 0.097500
v -0.456021 2.075256 0.002511
v -0.456021 2.075256 0.097489
v 0.416073 2.170228 0.002500
v 0.416073 2.170228 0.097500
v -0.456021 2.011133 0.002511
v -0.456021 2.011133 0.097490
v 0.513621 2.175340 0.002500
v 0.513621 2.175340 0.097500
v -0.471364 2.008633 0.002500
v -0.458521 2.008633 0.002500
v -0.458521 2.008633 0.097500
v -0.471364 2.008633 0.097500
v 0.517730 2.175169 0.002500
v 0.517730 2.175169 0.097500
v -0.473864 2.069122 0.002500
v -0.473864 2.011133 0.002500
v -0.473864 2.011133 0.097500
v -0.473864 2.069122 0.097500
v 0.521667 2.170889 0.002500
v 0.521667 2.170889 0.097500
v -0.499240 2.069122 0.002500
v -0.499240 2.069122 0.097500
v 0.520824 2.156126 0.002500
v 0.520824 2.156126 0.097500
v -0.501740 2.158633 0.002500
v -0.501740 2.071622 0.002500
v -0.501740 2.071622 0.097500
v -0.501740 2.158633 0.097500
v 0.495659 2.131450 0.002500
v 0.518810 2.151972 0.002500
v 0.518810 2.151972 0.097500
v 0.495659 2.131450 0.097500
v -0.439377 2.159599 0.002500
v -0.499240 2.161071 0.002500
v -0.499240 2.161071 0.097500
v -0.439377 2.159599 0.097500
v 0.474313 2.109367 0.002500
v 0.474313 2.109367 0.097500
v -0.403595 2.162155 0.002500
v -0.403595 2.162155 0.097500
v 0.231909 2.045942 0.000000
v 0.069788 2.041527 0.000000
v 0.003077 2.040291 0.000000
v -0.201455 2.044883 0.000000
v -0.339184 2.046473 0.000000
v -0.440023 2.054238 0.000000
v -0.440023 2.077756 0.000000
v -0.458521 2.077756 0.000000
v -0.458521 2.011133 0.000000
v -0.471364 2.011133 0.000000
v -0.471364 2.071622 0.000000
v -0.499240 2.071622 0.000000
v -0.499240 2.158570 0.000000
v -0.439319 2.157097 0.000000
v -0.403506 2.159655 0.000000
v -0.351047 2.159655 0.000000
v -0.269785 2.153011 0.000000
v -0.062865 2.150802 0.000000
v 0.043171 2.148592 0.000000
v 0.160313 2.151539 0.000000
v 0.288439 2.159639 0.000000
v 0.416220 2.167732 0.000000
v 0.513635 2.172837 0.000000
v 0.516591 2.172714 0.000000
v 0.519111 2.169975 0.000000
v 0.518245 2.154811 0.000000
v 0.493928 2.133256 0.000000
v 0.472423 2.111010 0.000000
v 0.432356 2.055633 0.000000
v 0.432356 2.055633 0.000000
v 0.433894 2.057604 0.002500
v 0.433894 2.057604 0.097500
v -0.350945 2.162155 0.002500
v -0.350945 2.162155 0.097500
v 0.003072 2.037791 0.002530
v 0.069850 2.039027 0.002539
v 0.069850 2.039027 0.097462
v 0.003072 2.037791 0.097471
v 0.231909 2.045942 0.100000
v 0.432356 2.055633 0.100000
v 0.432356 2.055633 0.100000
v 0.472423 2.111010 0.100000
v 0.493928 2.133256 0.100000
v 0.518245 2.154811 0.100000
v 0.519111 2.169975 0.100000
v 0.516591 2.172714 0.100000
v 0.513635 2.172837 0.100000
v 0.416220 2.167732 0.100000
v 0.288439 2.159639 0.100000
v 0.160313 2.151539 0.100000
v 0.043171 2.148592 0.100000
v -0.062865 2.150802 0.100000
v -0.269785 2.153011 0.100000
v -0.351047 2.159655 0.100000
v -0.403506 2.159655 0.100000
v -0.439319 2.157097 0.100000
v -0.499240 2.158570 0.100000
v -0.499240 2.071622 0.100000
v -0.471364 2.071622 0.100000
v -0.471364 2.011133 0.100000
v -0.458521 2.011133 0.100000
v -0.458521 2.077756 0.100000
v -0.440023 2.077756 0.100000
v -0.440023 2.054238 0.100000
v -0.339184 2.046473 0.100000
v -0.201455 2.044883 0.100000
v 0.003077 2.040291 0.100000
v 0.069788 2.041527 0.100000
v 0.232024 2.043444 0.002551
v 0.232024 2.043444 0.097450
v -0.456355 2.009885 0.002507
v -0.456679 2.009937 0.001309
v -0.456355 2.011133 0.001259
v -0.457272 2.008967 0.002504
v -0.457325 2.009291 0.001306
v -0.458521 2.008967 0.001250
v -0.458521 2.009885 0.000332
v -0.457325 2.009937 0.000660
v -0.457272 2.011133 0.000338
v -0.472613 2.008967 0.002500
v -0.472560 2.009291 0.001305
v -0.471364 2.008967 0.001252
v -0.473530 2.009885 0.002500
v -0.473206 2.009937 0.001305
v -0.473530 2.011133 0.001252
v -0.472613 2.011133 0.000334
v -0.472560 2.009937 0.000659
v -0.471364 2.009885 0.000334
v -0.500488 2.069456 0.002500
v -0.500435 2.069781 0.001305
v -0.499240 2.069456 0.001252
v -0.501406 2.070374 0.002500
v -0.501081 2.070427 0.001305
v -0.501406 2.071622 0.001252
v -0.500488 2.071622 0.000334
v -0.500435 2.070427 0.000659
v -0.499240 2.070374 0.000334
v -0.501406 2.159873 0.002500
v -0.501081 2.159812 0.001305
v -0.501406 2.158624 0.001252
v -0.500489 2.160768 0.002500
v -0.500435 2.160442 0.001305
v -0.499240 2.160737 0.001252
v -0.499240 2.159819 0.000334
v -0.500435 2.159796 0.000659
v -0.500488 2.158601 0.000334
v 0.520632 2.154596 0.002500
v 0.520170 2.154541 0.001305
v 0.520350 2.156013 0.001252
v 0.519893 2.153071 0.002500
v 0.519649 2.153468 0.001305
v 0.518605 2.152414 0.001252
v 0.518398 2.153456 0.000334
v 0.519503 2.154202 0.000659
v 0.519403 2.155531 0.000334
v 0.433382 2.056947 0.001667
v 0.432983 2.056436 0.001019
v 0.433382 2.056947 0.001667
v 0.432869 2.056290 0.000834
v 0.432775 2.056170 0.000682
v 0.432356 2.055633 0.000000
v 0.432356 2.055633 0.000000
v 0.432869 2.056290 0.000834
v 0.432869 2.056290 0.000834
v -0.456392 2.011133 0.098722
v -0.456669 2.009944 0.098685
v -0.456392 2.009906 0.097493
v -0.457294 2.011133 0.099628
v -0.457332 2.009944 0.099350
v -0.458521 2.009906 0.099629
v -0.458521 2.009004 0.098727
v -0.457332 2.009282 0.098687
v -0.457293 2.009004 0.097497
v -0.471364 2.008967 0.098749
v -0.472560 2.009291 0.098696
v -0.472613 2.008967 0.097500
v -0.471364 2.009885 0.099666
v -0.472560 2.009937 0.099342
v -0.472613 2.011133 0.099666
v -0.473530 2.011133 0.098749
v -0.473206 2.009937 0.098696
v -0.473530 2.009885 0.097500
v -0.499240 2.069456 0.098749
v -0.500435 2.069781 0.098696
v -0.500488 2.069456 0.097500
v -0.499240 2.070374 0.099666
v -0.500435 2.070427 0.099342
v -0.500488 2.071622 0.099666
v -0.501406 2.071622 0.098749
v -0.501081 2.070427 0.098696
v -0.501406 2.070374 0.097500
v -0.501406 2.158624 0.098749
v -0.501081 2.159812 0.098696
v -0.501406 2.159873 0.097500
v -0.500488 2.158601 0.099666
v -0.500435 2.159796 0.099342
v -0.499240 2.159819 0.099666
v -0.499240 2.160737 0.098749
v -0.500435 2.160442 0.098696
v -0.500489 2.160768 0.097500
v 0.520350 2.156013 0.098749
v 0.520170 2.154541 0.098696
v 0.520632 2.154596 0.097500
v 0.519403 2.155531 0.099666
v 0.519503 2.154202 0.099342
v 0.518398 2.153456 0.099666
v 0.518605 2.152414 0.098749
v 0.519649 2.153468 0.098696
v 0.519893 2.153071 0.097500
v 0.433382 2.056947 0.098334
v 0.432983 2.056436 0.098982
v 0.433382 2.056947 0.098334
v 0.432869 2.056290 0.099167
v 0.432775 2.056170 0.099319
v 0.432356 2.055633 0.100000
v 0.432356 2.055633 0.100000
v 0.432869 2.056290 0.099167
v 0.432869 2.056290 0.099167
v 0.232008 2.043778 0.001276
v 0.432356 2.055633 0.001711
v 0.231966 2.044693 0.000342
v 0.432356 2.055633 0.000856
v 0.069842 2.039362 0.001270
v 0.069819 2.040277 0.000340
v 0.003073 2.038126 0.001265
v 0.003075 2.039041 0.000339
v -0.201494 2.042719 0.001262
v -0.201477 2.043634 0.000338
v -0.339280 2.044308 0.001259
v -0.339239 2.045223 0.000338
v -0.442188 2.052234 0.001258
v -0.441273 2.053081 0.000337
v -0.442188 2.075591 0.001256
v -0.441273 2.076506 0.000337
v -0.456356 2.075591 0.001256
v -0.457271 2.076506 0.000337
v -0.473529 2.069457 0.001250
v -0.472614 2.070372 0.000335
v -0.439369 2.159264 0.001250
v -0.439348 2.158348 0.000335
v -0.403583 2.161820 0.001250
v -0.403551 2.160905 0.000335
v -0.350959 2.161820 0.001250
v -0.350996 2.160905 0.000335
v -0.269685 2.155175 0.001250
v -0.269727 2.154260 0.000335
v -0.062835 2.152966 0.001250
v -0.062848 2.152051 0.000335
v 0.043167 2.150758 0.001250
v 0.043169 2.149843 0.000335
v 0.160218 2.153703 0.001250
v 0.160258 2.152788 0.000335
v 0.288303 2.161800 0.001250
v 0.288360 2.160887 0.000335
v 0.416093 2.169894 0.001250
v 0.416147 2.168980 0.000335
v 0.513623 2.175004 0.001250
v 0.513628 2.174088 0.000335
v 0.517577 2.174839 0.001250
v 0.517161 2.173941 0.000335
v 0.521325 2.170766 0.001250
v 0.520389 2.170432 0.000335
v 0.495427 2.131692 0.001250
v 0.494794 2.132353 0.000335
v 0.474059 2.109587 0.001250
v 0.473368 2.110189 0.000335
v 0.231966 2.044693 0.099659
v 0.432356 2.055633 0.099145
v 0.232008 2.043778 0.098725
v 0.432356 2.055633 0.098289
v 0.069819 2.040277 0.099660
v 0.069842 2.039362 0.098731
v 0.003075 2.039041 0.099661
v 0.003073 2.038126 0.098736
v -0.201477 2.043634 0.099662
v -0.201494 2.042719 0.098739
v -0.339239 2.045223 0.099663
v -0.339280 2.044308 0.098741
v -0.441273 2.053081 0.099663
v -0.442188 2.052234 0.098743
v -0.441273 2.076506 0.099664
v -0.442188 2.075591 0.098744
v -0.457271 2.076506 0.099664
v -0.456356 2.075591 0.098745
v -0.472614 2.070372 0.099665
v -0.473529 2.069457 0.098750
v -0.439348 2.158348 0.099665
v -0.439369 2.159264 0.098750
v -0.403551 2.160905 0.099665
v -0.403583 2.161820 0.098750
v -0.350996 2.160905 0.099665
v -0.350959 2.161820 0.098750
v -0.269727 2.154260 0.099665
v -0.269685 2.155175 0.098750
v -0.062848 2.152051 0.099665
v -0.062835 2.152966 0.098750
v 0.043169 2.149843 0.099665
v 0.043167 2.150758 0.098750
v 0.160258 2.152788 0.099665
v 0.160218 2.153703 0.098750
v 0.288360 2.160887 0.099665
v 0.288303 2.161800 0.098750
v 0.416147 2.168980 0.099665
v 0.416093 2.169894 0.098750
v 0.513628 2.174088 0.099665
v 0.513623 2.175004 0.098750
v 0.517161 2.173941 0.099665
v 0.517577 2.174839 0.098750
v 0.520389 2.170432 0.099665
v 0.521325 2.170766 0.098750
v 0.494794 2.132353 0.099665
v 0.495427 2.131692 0.098750
v 0.473368 2.110189 0.099665
v 0.474059 2.109587 0.098750
vt 0.507079 0.529347
vt 0.536752 0.529399
vt 0.536678 0.572880
vt 0.507006 0.572828
vt 0.302015 0.161632
vt 0.302015 0.275637
vt 0.258535 0.275637
vt 0.258535 0.161632
vt 0.309665 0.917764
vt 0.309665 0.003949
vt 0.353145 0.003950
vt 0.353145 0.917765
vt 0.302015 0.060210
vt 0.258535 0.060210
vt 0.309667 0.949502
vt 0.309665 0.919972
vt 0.353146 0.919972
vt 0.353148 0.949503
vt 0.302015 0.003480
vt 0.258535 0.003480
vt 0.213573 0.783250
vt 0.213573 0.685924
vt 0.210222 0.608044
vt 0.218604 0.488230
vt 0.215250 0.386818
vt 0.216926 0.278751
vt 0.216926 0.164788
vt 0.216088 0.063439
vt 0.219376 0.006739
vt 0.236802 0.006731
vt 0.236802 0.034510
vt 0.247512 0.034504
vt 0.247512 0.003919
vt 0.251119 0.003917
vt 0.251119 0.922396
vt 0.242299 0.954075
vt 0.211847 0.954091
vt 0.199053 0.783255
vt 0.200779 0.954096
vt 0.170327 0.954081
vt 0.161507 0.922402
vt 0.161507 0.003917
vt 0.165114 0.003919
vt 0.165114 0.034505
vt 0.175824 0.034510
vt 0.175824 0.006730
vt 0.193250 0.006739
vt 0.196538 0.063439
vt 0.195700 0.164788
vt 0.195700 0.278752
vt 0.197376 0.386820
vt 0.194022 0.488232
vt 0.202404 0.608047
vt 0.199053 0.685928
vt 0.429596 0.626476
vt 0.412237 0.626473
vt 0.412237 0.582993
vt 0.429596 0.582997
vt 0.302015 0.605140
vt 0.302015 0.683068
vt 0.258535 0.683068
vt 0.258535 0.605140
vt 0.302015 0.780409
vt 0.258535 0.780409
vt 0.412698 0.531867
vt 0.438088 0.531867
vt 0.438087 0.575348
vt 0.412697 0.575348
vt 0.302015 0.485189
vt 0.258535 0.485189
vt 0.620096 0.620234
vt 0.613964 0.620233
vt 0.613964 0.576753
vt 0.620096 0.576755
vt 0.302015 0.383790
vt 0.258535 0.383790
vt 0.463913 0.580564
vt 0.492224 0.580564
vt 0.492224 0.624045
vt 0.463913 0.624045
vt 0.630421 0.446627
vt 0.626815 0.446626
vt 0.626815 0.403147
vt 0.630421 0.403147
vt 0.302015 0.951354
vt 0.302586 0.951353
vt 0.302562 0.951898
vt 0.302015 0.951924
vt 0.210846 0.954073
vt 0.211273 0.954086
vt 0.211289 0.954628
vt 0.210989 0.954619
vt 0.211839 0.954657
vt 0.211828 0.955063
vt 0.211282 0.954914
vt 0.506547 0.529346
vt 0.506601 0.528799
vt 0.507110 0.528776
vt 0.302015 0.952340
vt 0.302562 0.952191
vt 0.302858 0.951896
vt 0.302015 0.002908
vt 0.302562 0.002931
vt 0.302586 0.003480
vt 0.411199 0.626477
vt 0.411653 0.626474
vt 0.411666 0.627022
vt 0.411346 0.627024
vt 0.412225 0.627045
vt 0.219423 0.005730
vt 0.219406 0.006164
vt 0.218855 0.006183
vt 0.218867 0.005878
vt 0.218802 0.006734
vt 0.218375 0.006720
vt 0.218554 0.006173
vt 0.411642 0.627320
vt 0.430163 0.626477
vt 0.430136 0.627025
vt 0.429592 0.627048
vt 0.439130 0.531867
vt 0.438672 0.531867
vt 0.438662 0.531320
vt 0.438984 0.531320
vt 0.438103 0.531296
vt 0.438143 0.530876
vt 0.438690 0.531025
vt 0.236800 0.006155
vt 0.237345 0.006174
vt 0.237371 0.006725
vt 0.236793 0.005721
vt 0.237340 0.005869
vt 0.412123 0.531867
vt 0.411750 0.531325
vt 0.411990 0.531308
vt 0.411673 0.531867
vt 0.411542 0.531325
vt 0.613233 0.620793
vt 0.613011 0.620774
vt 0.613407 0.620231
vt 0.238354 0.033515
vt 0.237527 0.033945
vt 0.237750 0.033548
vt 0.238128 0.033345
vt 0.237359 0.033777
vt 0.237769 0.032930
vt 0.237938 0.033155
vt 0.620662 0.620233
vt 0.621049 0.620776
vt 0.620819 0.620794
vt 0.245767 0.033155
vt 0.246180 0.032742
vt 0.246357 0.033151
vt 0.246167 0.033341
vt 0.492950 0.580005
vt 0.493177 0.580022
vt 0.492787 0.580564
vt 0.246527 0.032926
vt 0.246950 0.033772
vt 0.246555 0.033544
vt 0.246782 0.033941
vt 0.245942 0.033511
vt 0.463340 0.580564
vt 0.463363 0.580017
vt 0.463911 0.579993
vt 0.625809 0.446630
vt 0.626240 0.446627
vt 0.626260 0.447175
vt 0.625957 0.447178
vt 0.626811 0.447199
vt 0.247503 0.002910
vt 0.247509 0.003343
vt 0.246960 0.003363
vt 0.246955 0.003058
vt 0.246938 0.003914
vt 0.246512 0.003901
vt 0.246660 0.003353
vt 0.630988 0.446628
vt 0.630960 0.447176
vt 0.630417 0.447199
vt 0.309665 0.002908
vt 0.309665 0.003366
vt 0.309118 0.003376
vt 0.309118 0.003053
vt 0.309094 0.003935
vt 0.308674 0.003895
vt 0.308822 0.003348
vt 0.251116 0.003341
vt 0.251661 0.003360
vt 0.251688 0.003912
vt 0.251110 0.002908
vt 0.251656 0.003055
vt 0.309665 0.918476
vt 0.309122 0.918606
vt 0.309104 0.918062
vt 0.309665 0.919284
vt 0.309122 0.919104
vt 0.309105 0.919617
vt 0.308690 0.919134
vt 0.308817 0.918815
vt 0.251676 0.922076
vt 0.251876 0.922491
vt 0.251572 0.922844
vt 0.308690 0.918379
vt 0.309667 0.950029
vt 0.309120 0.949978
vt 0.309096 0.949473
vt 0.537984 0.529401
vt 0.537385 0.529400
vt 0.537421 0.528853
vt 0.537842 0.528854
vt 0.536813 0.528828
vt 0.536991 0.528408
vt 0.537546 0.528558
vt 0.242877 0.954083
vt 0.242714 0.954618
vt 0.242153 0.954634
vt 0.243302 0.954085
vt 0.243013 0.954619
vt 0.258535 0.951354
vt 0.258535 0.951924
vt 0.257987 0.951898
vt 0.257963 0.951353
vt 0.258535 0.952340
vt 0.257987 0.952191
vt 0.507034 0.573399
vt 0.506526 0.573374
vt 0.506474 0.572827
vt 0.200798 0.955069
vt 0.200787 0.954663
vt 0.201337 0.954634
vt 0.201344 0.954920
vt 0.201353 0.954092
vt 0.201779 0.954079
vt 0.201637 0.954625
vt 0.257692 0.951896
vt 0.257963 0.003480
vt 0.257987 0.002931
vt 0.258535 0.002908
vt 0.194251 0.006720
vt 0.193824 0.006734
vt 0.193771 0.006183
vt 0.194072 0.006173
vt 0.193220 0.006164
vt 0.193203 0.005730
vt 0.193759 0.005878
vt 0.411653 0.582994
vt 0.411666 0.582448
vt 0.412225 0.582423
vt 0.411199 0.582998
vt 0.411346 0.582451
vt 0.411642 0.582155
vt 0.429592 0.582426
vt 0.430136 0.582452
vt 0.430163 0.582998
vt 0.175832 0.005721
vt 0.175826 0.006154
vt 0.175281 0.006173
vt 0.175286 0.005868
vt 0.175255 0.006725
vt 0.438142 0.576339
vt 0.438102 0.575919
vt 0.438661 0.575895
vt 0.438689 0.576191
vt 0.438671 0.575348
vt 0.439129 0.575348
vt 0.438983 0.575895
vt 0.411989 0.575907
vt 0.411748 0.575890
vt 0.412122 0.575348
vt 0.174857 0.032930
vt 0.175267 0.033777
vt 0.174876 0.033548
vt 0.174688 0.033155
vt 0.175099 0.033945
vt 0.174272 0.033515
vt 0.174498 0.033345
vt 0.613407 0.576752
vt 0.613011 0.576211
vt 0.613233 0.576195
vt 0.411672 0.575348
vt 0.411541 0.575890
vt 0.620819 0.576197
vt 0.621049 0.576213
vt 0.620662 0.576753
vt 0.166684 0.033511
vt 0.165844 0.033941
vt 0.166071 0.033544
vt 0.166459 0.033341
vt 0.165676 0.033773
vt 0.166099 0.032926
vt 0.166269 0.033151
vt 0.492788 0.624045
vt 0.493177 0.624587
vt 0.492950 0.624604
vt 0.166446 0.032743
vt 0.166859 0.033155
vt 0.463911 0.624616
vt 0.463363 0.624592
vt 0.463340 0.624045
vt 0.166114 0.003901
vt 0.165688 0.003914
vt 0.165666 0.003363
vt 0.165966 0.003353
vt 0.165116 0.003343
vt 0.165123 0.002910
vt 0.165670 0.003058
vt 0.626240 0.403148
vt 0.626260 0.402602
vt 0.626811 0.402577
vt 0.625809 0.403151
vt 0.625957 0.402604
vt 0.630417 0.402577
vt 0.630960 0.402603
vt 0.630988 0.403149
vt 0.161516 0.002908
vt 0.161510 0.003341
vt 0.160965 0.003360
vt 0.160969 0.003055
vt 0.160938 0.003912
vt 0.354137 0.003896
vt 0.353717 0.003936
vt 0.353693 0.003377
vt 0.353988 0.003349
vt 0.353145 0.003367
vt 0.353146 0.002909
vt 0.353693 0.003054
vt 0.353706 0.918063
vt 0.353689 0.918607
vt 0.353145 0.918477
vt 0.354121 0.918380
vt 0.353994 0.918816
vt 0.161054 0.922850
vt 0.160750 0.922496
vt 0.160949 0.922081
vt 0.354121 0.919135
vt 0.353706 0.919618
vt 0.353689 0.919105
vt 0.353145 0.919285
vt 0.353719 0.949474
vt 0.353695 0.949979
vt 0.353148 0.950030
vt 0.169323 0.954091
vt 0.169748 0.954089
vt 0.169912 0.954624
vt 0.169613 0.954625
vt 0.170473 0.954640
vt 0.536914 0.573871
vt 0.536738 0.573451
vt 0.537345 0.573428
vt 0.537469 0.573724
vt 0.537312 0.572881
vt 0.537910 0.572882
vt 0.537766 0.573429
vt 0.302587 0.780409
vt 0.212573 0.783226
vt 0.212999 0.783242
vt 0.302587 0.683063
vt 0.212573 0.685927
vt 0.212999 0.685931
vt 0.302587 0.605141
vt 0.209221 0.608012
vt 0.209647 0.608031
vt 0.302587 0.485190
vt 0.217603 0.488194
vt 0.218029 0.488215
vt 0.302587 0.383787
vt 0.214250 0.386809
vt 0.214675 0.386819
vt 0.302587 0.275637
vt 0.215926 0.278726
vt 0.216352 0.278742
vt 0.302587 0.161630
vt 0.215926 0.164774
vt 0.216352 0.164785
vt 0.302587 0.060212
vt 0.215088 0.063396
vt 0.215513 0.063420
vt 0.411200 0.530891
vt 0.251868 0.923286
vt 0.507192 0.528356
vt 0.199627 0.783247
vt 0.200052 0.783231
vt 0.257963 0.780409
vt 0.199627 0.685935
vt 0.200052 0.685931
vt 0.257963 0.683063
vt 0.202979 0.608035
vt 0.203405 0.608016
vt 0.257963 0.605141
vt 0.194597 0.488217
vt 0.195023 0.488196
vt 0.257962 0.485190
vt 0.197951 0.386821
vt 0.198376 0.386811
vt 0.257962 0.383787
vt 0.196274 0.278743
vt 0.196700 0.278727
vt 0.257962 0.275637
vt 0.196274 0.164786
vt 0.196700 0.164774
vt 0.257962 0.161630
vt 0.197112 0.063420
vt 0.197538 0.063396
vt 0.257962 0.060212
vt 0.411199 0.576324
vt 0.160757 0.923292
vt 0.507115 0.573819
vt 0.621085 0.576750
vt 0.621085 0.620230
vt 0.606353 0.475292
vt 0.606353 0.626468
vt 0.562872 0.626468
vt 0.562872 0.475292
vt 0.404408 0.013106
vt 0.404408 0.036970
vt 0.360928 0.036970
vt 0.360928 0.013106
vt 0.110462 0.893447
vt 0.110462 0.771118
vt 0.153943 0.771119
vt 0.153943 0.893448
vt 0.404408 0.039023
vt 0.404408 0.820241
vt 0.360928 0.820241
vt 0.360928 0.039023
vt 0.110462 0.594202
vt 0.153943 0.594203
vt 0.404408 0.825273
vt 0.360928 0.825273
vt 0.110462 0.321556
vt 0.153942 0.321557
vt 0.445019 0.582737
vt 0.451139 0.582749
vt 0.451066 0.626230
vt 0.444945 0.626217
vt 0.110462 0.109590
vt 0.153942 0.109591
vt 0.003890 0.995996
vt 0.005603 0.897248
vt 0.005255 0.774351
vt 0.005761 0.596719
vt 0.004027 0.322727
vt 0.004633 0.109910
vt 0.003845 0.004708
vt 0.020871 0.019866
vt 0.030539 0.029924
vt 0.049391 0.054211
vt 0.047165 0.835564
vt 0.045152 0.840056
vt 0.037862 0.844396
vt 0.040677 0.996120
vt 0.110461 0.003501
vt 0.153942 0.003502
vt 0.110462 0.991945
vt 0.153942 0.991946
vt 0.631580 0.519253
vt 0.613011 0.519372
vt 0.613011 0.475893
vt 0.631580 0.475774
vt 0.404408 0.002908
vt 0.360928 0.002908
vt 0.102672 0.995990
vt 0.065886 0.996114
vt 0.068700 0.844392
vt 0.061411 0.840051
vt 0.059398 0.835559
vt 0.057172 0.054211
vt 0.076024 0.029925
vt 0.085691 0.019866
vt 0.102718 0.004708
vt 0.101929 0.109909
vt 0.102535 0.322725
vt 0.100801 0.596715
vt 0.101307 0.774346
vt 0.100959 0.897242
vt 0.463387 0.478365
vt 0.462857 0.478364
vt 0.462912 0.477817
vt 0.463419 0.477794
vt 0.606353 0.627454
vt 0.606353 0.627038
vt 0.606900 0.627013
vt 0.606900 0.627306
vt 0.606924 0.626467
vt 0.064885 0.996099
vt 0.065312 0.996111
vt 0.065324 0.996653
vt 0.065023 0.996645
vt 0.065873 0.996680
vt 0.065858 0.997086
vt 0.065313 0.996939
vt 0.607196 0.627010
vt 0.499586 0.478429
vt 0.499613 0.477857
vt 0.500176 0.477882
vt 0.500174 0.478430
vt 0.499685 0.477437
vt 0.500227 0.477587
vt 0.103241 0.995984
vt 0.103224 0.996526
vt 0.102680 0.996557
vt 0.103654 0.995969
vt 0.103515 0.996515
vt 0.110462 0.992500
vt 0.109915 0.992461
vt 0.109891 0.991930
vt 0.500658 0.478430
vt 0.500517 0.477883
vt 0.109890 0.003791
vt 0.109914 0.003217
vt 0.110461 0.002908
vt 0.103654 0.003578
vt 0.103237 0.004114
vt 0.103309 0.003384
vt 0.103603 0.003007
vt 0.102815 0.003923
vt 0.102921 0.003246
vt 0.103384 0.002908
vt 0.632070 0.519251
vt 0.631946 0.519801
vt 0.631474 0.519827
vt 0.632376 0.519252
vt 0.632162 0.519801
vt 0.404969 0.037263
vt 0.404952 0.037741
vt 0.404408 0.037581
vt 0.056706 0.053191
vt 0.056873 0.053673
vt 0.056488 0.053970
vt 0.056410 0.053667
vt 0.056609 0.054447
vt 0.405383 0.038506
vt 0.404969 0.038782
vt 0.404952 0.038224
vt 0.405256 0.038034
vt 0.404408 0.038331
vt 0.463313 0.521846
vt 0.463344 0.522417
vt 0.462837 0.522392
vt 0.462783 0.521845
vt 0.040704 0.997092
vt 0.040690 0.996686
vt 0.041239 0.996659
vt 0.041249 0.996945
vt 0.041250 0.996117
vt 0.041677 0.996105
vt 0.041539 0.996650
vt 0.562872 0.627038
vt 0.562325 0.627013
vt 0.562301 0.626467
vt 0.562872 0.627454
vt 0.562325 0.627306
vt 0.562029 0.627010
vt 0.499513 0.521909
vt 0.500100 0.521910
vt 0.500101 0.522457
vt 0.499538 0.522480
vt 0.500585 0.521911
vt 0.500442 0.522458
vt 0.154514 0.991931
vt 0.154490 0.992462
vt 0.153942 0.992501
vt 0.002908 0.995975
vt 0.003321 0.995990
vt 0.003338 0.996532
vt 0.003047 0.996521
vt 0.003883 0.996562
vt 0.499608 0.522900
vt 0.500151 0.522753
vt 0.153942 0.002909
vt 0.154489 0.003218
vt 0.154513 0.003792
vt 0.632376 0.475773
vt 0.632070 0.475771
vt 0.631946 0.475227
vt 0.632162 0.475228
vt 0.631474 0.475205
vt 0.003641 0.003246
vt 0.003748 0.003923
vt 0.003254 0.003384
vt 0.003178 0.002908
vt 0.003325 0.004114
vt 0.002908 0.003578
vt 0.002960 0.003007
vt 0.360928 0.037581
vt 0.360384 0.037741
vt 0.360367 0.037263
vt 0.360928 0.038331
vt 0.360384 0.038224
vt 0.360367 0.038782
vt 0.359953 0.038506
vt 0.360080 0.038034
vt 0.049690 0.053673
vt 0.050075 0.053970
vt 0.049954 0.054447
vt 0.049857 0.053191
vt 0.050152 0.053666
vt 0.463507 0.477374
vt 0.101529 0.897233
vt 0.109471 0.991890
vt 0.109472 0.893394
vt 0.109890 0.893433
vt 0.101877 0.774341
vt 0.109471 0.771063
vt 0.109890 0.771103
vt 0.101371 0.596711
vt 0.109471 0.594144
vt 0.109890 0.594186
vt 0.103105 0.322721
vt 0.109471 0.321498
vt 0.109890 0.321540
vt 0.102499 0.109904
vt 0.109471 0.109533
vt 0.109890 0.109575
vt 0.109470 0.004269
vt 0.085292 0.019449
vt 0.084994 0.019134
vt 0.613115 0.519945
vt 0.075588 0.029545
vt 0.075264 0.029258
vt 0.404980 0.003018
vt 0.404980 0.013206
vt 0.058824 0.835678
vt 0.058398 0.835755
vt 0.056189 0.054706
vt 0.404980 0.820207
vt 0.060960 0.840445
vt 0.060625 0.840724
vt 0.404980 0.825165
vt 0.068120 0.844708
vt 0.067690 0.844930
vt 0.445158 0.582165
vt 0.451308 0.582177
vt 0.606925 0.475205
vt 0.463430 0.522837
vt 0.154515 0.893434
vt 0.154934 0.893396
vt 0.154934 0.991891
vt 0.005034 0.897239
vt 0.154515 0.771104
vt 0.154934 0.771064
vt 0.004685 0.774346
vt 0.154515 0.594187
vt 0.154934 0.594145
vt 0.005191 0.596715
vt 0.154514 0.321541
vt 0.154933 0.321499
vt 0.003457 0.322723
vt 0.154514 0.109576
vt 0.154933 0.109534
vt 0.004064 0.109905
vt 0.154933 0.004270
vt 0.613115 0.475321
vt 0.021568 0.019134
vt 0.021271 0.019449
vt 0.360356 0.013206
vt 0.360356 0.003018
vt 0.031298 0.029258
vt 0.030975 0.029545
vt 0.360355 0.820207
vt 0.050373 0.054706
vt 0.048164 0.835759
vt 0.047739 0.835682
vt 0.360355 0.825165
vt 0.045937 0.840729
vt 0.045602 0.840450
vt 0.451233 0.626802
vt 0.445082 0.626790
vt 0.038872 0.844935
vt 0.038443 0.844713
vt 0.562300 0.475205
vt 0.553666 0.496136
vt 0.606128 0.268790
vt 0.606110 0.363404
vt 0.562630 0.363408
vt 0.562648 0.268793
vt 0.613529 0.350999
vt 0.613530 0.289151
vt 0.656990 0.289147
vt 0.656993 0.350996
vt 0.606140 0.220316
vt 0.562661 0.220319
vt 0.613526 0.396761
vt 0.656994 0.396758
vt 0.606136 0.166733
vt 0.562657 0.166736
vt 0.613166 0.526335
vt 0.623845 0.526336
vt 0.623845 0.569804
vt 0.613166 0.569805
vt 0.606114 0.108039
vt 0.562635 0.108042
vt 0.445477 0.531872
vt 0.451549 0.531884
vt 0.451475 0.575353
vt 0.445404 0.575343
vt 0.606093 0.049477
vt 0.562613 0.049480
vt 0.463338 0.529711
vt 0.492553 0.529711
vt 0.492552 0.573182
vt 0.463337 0.573182
vt 0.606080 0.004786
vt 0.562600 0.004789
vt 0.613136 0.403568
vt 0.618914 0.403578
vt 0.618840 0.447058
vt 0.613063 0.447048
vt 0.606080 0.002908
vt 0.562601 0.002911
vt 0.506629 0.580530
vt 0.533168 0.580530
vt 0.533168 0.624010
vt 0.506629 0.624010
vt 0.551841 0.529347
vt 0.553963 0.529348
vt 0.553961 0.572828
vt 0.551840 0.572828
vt 0.540577 0.580678
vt 0.551991 0.580698
vt 0.551918 0.624179
vt 0.540504 0.624159
vt 0.545152 0.529347
vt 0.545151 0.572828
vt 0.507043 0.478217
vt 0.546865 0.478217
vt 0.546865 0.521697
vt 0.507043 0.521697
vt 0.412393 0.490102
vt 0.412411 0.477954
vt 0.455891 0.478027
vt 0.455873 0.490176
vt 0.606087 0.441008
vt 0.606079 0.468382
vt 0.562600 0.468385
vt 0.562608 0.441011
vt 0.412376 0.501571
vt 0.455856 0.501644
vt 0.606080 0.424607
vt 0.562601 0.424611
vt 0.543851 0.136165
vt 0.544826 0.210379
vt 0.544961 0.240913
vt 0.541543 0.334473
vt 0.539929 0.397486
vt 0.535727 0.443577
vt 0.524970 0.443420
vt 0.524851 0.451884
vt 0.555324 0.452329
vt 0.555242 0.458206
vt 0.527574 0.457802
vt 0.527394 0.470558
vt 0.487624 0.469977
vt 0.488684 0.442568
vt 0.487745 0.426164
vt 0.488083 0.402159
vt 0.491645 0.365019
vt 0.493989 0.270350
vt 0.495683 0.221844
vt 0.495089 0.168221
vt 0.492210 0.109539
vt 0.489332 0.051014
vt 0.487624 0.006404
vt 0.487700 0.005052
vt 0.488969 0.003917
vt 0.495899 0.004415
vt 0.505602 0.015686
vt 0.515639 0.025675
vt 0.540710 0.044379
vt 0.412344 0.524126
vt 0.455825 0.524200
vt 0.606082 0.400517
vt 0.562603 0.400520
vt 0.613533 0.197518
vt 0.613537 0.167376
vt 0.656982 0.167373
vt 0.656987 0.197515
vt 0.423561 0.136165
vt 0.426703 0.044378
vt 0.451774 0.025675
vt 0.461811 0.015686
vt 0.471514 0.004415
vt 0.478444 0.003917
vt 0.479713 0.005052
vt 0.479789 0.006404
vt 0.478081 0.051014
vt 0.475203 0.109539
vt 0.472324 0.168222
vt 0.471730 0.221844
vt 0.473424 0.270351
vt 0.475768 0.365020
vt 0.479330 0.402160
vt 0.479668 0.426165
vt 0.478729 0.442569
vt 0.479789 0.469978
vt 0.440019 0.470558
vt 0.439839 0.457803
vt 0.412171 0.458206
vt 0.412088 0.452329
vt 0.442562 0.451885
vt 0.442443 0.443421
vt 0.431686 0.443577
vt 0.427484 0.397487
vt 0.425870 0.334474
vt 0.422451 0.240913
vt 0.422586 0.210379
vt 0.613541 0.094054
vt 0.656975 0.094051
vt 0.462783 0.529710
vt 0.462822 0.529161
vt 0.463352 0.529138
vt 0.619994 0.403583
vt 0.619503 0.403581
vt 0.619508 0.403033
vt 0.619853 0.403034
vt 0.618943 0.403006
vt 0.619021 0.402586
vt 0.619563 0.402737
vt 0.555327 0.451760
vt 0.555869 0.451794
vt 0.555890 0.452339
vt 0.555320 0.451346
vt 0.555864 0.451503
vt 0.612603 0.403567
vt 0.612655 0.403020
vt 0.613165 0.402997
vt 0.534154 0.580530
vt 0.533738 0.580530
vt 0.533713 0.579983
vt 0.534006 0.579983
vt 0.533167 0.579959
vt 0.555209 0.459206
vt 0.555229 0.458779
vt 0.555771 0.458765
vt 0.555757 0.459066
vt 0.555808 0.458216
vt 0.556214 0.458229
vt 0.556057 0.458774
vt 0.533710 0.579687
vt 0.540044 0.580677
vt 0.540096 0.580130
vt 0.540606 0.580107
vt 0.547851 0.478217
vt 0.547435 0.478217
vt 0.547409 0.477670
vt 0.547702 0.477670
vt 0.546863 0.477645
vt 0.527361 0.471557
vt 0.527381 0.471131
vt 0.527923 0.471117
vt 0.527910 0.471417
vt 0.527960 0.470568
vt 0.528366 0.470581
vt 0.528209 0.471126
vt 0.547406 0.477374
vt 0.506474 0.478217
vt 0.506500 0.477670
vt 0.507045 0.477645
vt 0.606083 0.469386
vt 0.606080 0.468956
vt 0.606628 0.468936
vt 0.606630 0.469238
vt 0.606651 0.468386
vt 0.486614 0.469972
vt 0.487048 0.469971
vt 0.487046 0.470521
vt 0.486741 0.470521
vt 0.487597 0.470551
vt 0.487567 0.470977
vt 0.487025 0.470821
vt 0.544463 0.529347
vt 0.544458 0.528800
vt 0.545121 0.528776
vt 0.543800 0.529347
vt 0.543992 0.528800
vt 0.411839 0.478008
vt 0.411864 0.477449
vt 0.412412 0.477374
vt 0.496979 0.004275
vt 0.496515 0.004356
vt 0.496176 0.003848
vt 0.496503 0.003790
vt 0.495572 0.003883
vt 0.544942 0.528356
vt 0.544332 0.528504
vt 0.498993 0.535475
vt 0.498993 0.535962
vt 0.498993 0.536341
vt 0.498993 0.542156
vt 0.498993 0.542610
vt 0.498993 0.542693
vt 0.498993 0.542509
vt 0.498993 0.548995
vt 0.498993 0.548597
vt 0.498993 0.548508
vt 0.553691 0.477848
vt 0.553691 0.477460
vt 0.553691 0.477531
vt 0.553666 0.501952
vt 0.553666 0.484117
vt 0.553666 0.483663
vt 0.553666 0.484016
vt 0.553691 0.477374
vt 0.463353 0.573746
vt 0.462823 0.573729
vt 0.462794 0.573183
vt 0.412093 0.451364
vt 0.412086 0.451771
vt 0.411547 0.451798
vt 0.411552 0.451499
vt 0.411532 0.452340
vt 0.618946 0.448033
vt 0.618870 0.447620
vt 0.619429 0.447603
vt 0.619484 0.447906
vt 0.619423 0.447058
vt 0.619905 0.447057
vt 0.619783 0.447602
vt 0.613090 0.447620
vt 0.612580 0.447595
vt 0.612529 0.447047
vt 0.411199 0.458230
vt 0.411605 0.458217
vt 0.411642 0.458766
vt 0.411356 0.458775
vt 0.412184 0.458780
vt 0.412203 0.459206
vt 0.411655 0.459066
vt 0.533738 0.624010
vt 0.533713 0.624558
vt 0.533167 0.624582
vt 0.534154 0.624010
vt 0.534006 0.624558
vt 0.533710 0.624853
vt 0.540531 0.624730
vt 0.540020 0.624705
vt 0.539970 0.624158
vt 0.439047 0.470582
vt 0.439453 0.470569
vt 0.439489 0.471118
vt 0.439203 0.471127
vt 0.440032 0.471132
vt 0.440051 0.471558
vt 0.439503 0.471418
vt 0.547435 0.521697
vt 0.547409 0.522245
vt 0.546863 0.522269
vt 0.547851 0.521697
vt 0.547702 0.522245
vt 0.547406 0.522540
vt 0.507045 0.522269
vt 0.506500 0.522245
vt 0.506474 0.521697
vt 0.479846 0.470978
vt 0.479816 0.470552
vt 0.480367 0.470522
vt 0.480388 0.470822
vt 0.480365 0.469973
vt 0.480799 0.469973
vt 0.480672 0.470522
vt 0.562601 0.468960
vt 0.562055 0.468939
vt 0.562029 0.468389
vt 0.562604 0.469390
vt 0.562057 0.469242
vt 0.545120 0.573399
vt 0.544457 0.573375
vt 0.544462 0.572828
vt 0.544941 0.573819
vt 0.544331 0.573671
vt 0.470898 0.004356
vt 0.471237 0.003848
vt 0.471841 0.003883
vt 0.470434 0.004275
vt 0.470910 0.003790
vt 0.455892 0.477447
vt 0.456439 0.477525
vt 0.456463 0.478083
vt 0.543799 0.572828
vt 0.543991 0.573375
vt 0.456206 0.524486
vt 0.456502 0.524710
vt 0.498993 0.528716
vt 0.498993 0.529188
vt 0.498993 0.529273
vt 0.498993 0.529083
vt 0.498993 0.529659
vt 0.553666 0.490308
vt 0.553691 0.489933
vt 0.553687 0.490001
vt 0.456587 0.524773
vt 0.456656 0.524826
vt 0.613545 0.002911
vt 0.612957 0.094033
vt 0.613154 0.002911
vt 0.612530 0.093975
vt 0.612762 0.002911
vt 0.540697 0.044385
vt 0.544418 0.136150
vt 0.612956 0.167352
vt 0.612530 0.167285
vt 0.545393 0.210375
vt 0.612954 0.197490
vt 0.612530 0.197412
vt 0.545528 0.240925
vt 0.612953 0.289120
vt 0.612530 0.289035
vt 0.542110 0.334495
vt 0.612952 0.350964
vt 0.612530 0.350868
vt 0.540495 0.397522
vt 0.612951 0.396584
vt 0.612530 0.396101
vt 0.536243 0.444159
vt 0.613011 0.525761
vt 0.623702 0.525761
vt 0.536611 0.444590
vt 0.525928 0.444434
vt 0.525529 0.444002
vt 0.445356 0.531297
vt 0.451729 0.531309
vt 0.445022 0.530876
vt 0.452218 0.530889
vt 0.525425 0.451323
vt 0.492720 0.529137
vt 0.463392 0.528717
vt 0.493177 0.528716
vt 0.613244 0.402577
vt 0.506474 0.579958
vt 0.528531 0.458816
vt 0.528132 0.458385
vt 0.552171 0.580127
vt 0.540684 0.579687
vt 0.552661 0.579708
vt 0.606660 0.441008
vt 0.487674 0.442585
vt 0.488107 0.442575
vt 0.606653 0.424606
vt 0.486735 0.426193
vt 0.487168 0.426178
vt 0.606656 0.400527
vt 0.487074 0.402113
vt 0.487506 0.402130
vt 0.606683 0.363415
vt 0.490637 0.364967
vt 0.491069 0.364986
vt 0.606701 0.268796
vt 0.492980 0.270330
vt 0.493412 0.270336
vt 0.606714 0.220319
vt 0.494673 0.221840
vt 0.495106 0.221839
vt 0.606709 0.166729
vt 0.494081 0.168260
vt 0.494513 0.168241
vt 0.606688 0.108033
vt 0.491202 0.109596
vt 0.491634 0.109569
vt 0.606666 0.049471
vt 0.488324 0.051066
vt 0.488755 0.051042
vt 0.606653 0.004789
vt 0.486614 0.006404
vt 0.487047 0.006401
vt 0.606654 0.002981
vt 0.486715 0.004595
vt 0.487137 0.004786
vt 0.551800 0.528775
vt 0.553819 0.528775
vt 0.488602 0.002908
vt 0.488763 0.003332
vt 0.551689 0.528356
vt 0.411821 0.490185
vt 0.506308 0.015019
vt 0.506015 0.015298
vt 0.411804 0.501665
vt 0.516281 0.024944
vt 0.516015 0.025250
vt 0.411962 0.524412
vt 0.411581 0.524697
vt 0.411384 0.501924
vt 0.540400 0.044145
vt 0.553679 0.477841
vt 0.553666 0.477835
vt 0.422995 0.136149
vt 0.426716 0.044384
vt 0.657748 0.002908
vt 0.657986 0.093971
vt 0.657558 0.094030
vt 0.657356 0.002908
vt 0.656965 0.002908
vt 0.422020 0.210376
vt 0.657988 0.167281
vt 0.657563 0.167349
vt 0.421884 0.240925
vt 0.657989 0.197408
vt 0.657565 0.197487
vt 0.425303 0.334495
vt 0.657990 0.289032
vt 0.657567 0.289116
vt 0.426918 0.397523
vt 0.657990 0.350865
vt 0.657569 0.350961
vt 0.431169 0.444160
vt 0.657990 0.396098
vt 0.657569 0.396581
vt 0.441884 0.444003
vt 0.441485 0.444434
vt 0.430801 0.444590
vt 0.623702 0.570379
vt 0.613011 0.570380
vt 0.441987 0.451324
vt 0.452141 0.576349
vt 0.444945 0.576337
vt 0.445280 0.575917
vt 0.451653 0.575928
vt 0.493176 0.574177
vt 0.463392 0.574161
vt 0.492719 0.573756
vt 0.613167 0.448040
vt 0.439280 0.458386
vt 0.438881 0.458817
vt 0.506474 0.624583
vt 0.552584 0.625171
vt 0.540608 0.625150
vt 0.552096 0.624751
vt 0.479306 0.442576
vt 0.479739 0.442587
vt 0.562037 0.441012
vt 0.480245 0.426179
vt 0.480678 0.426194
vt 0.562030 0.424609
vt 0.479907 0.402131
vt 0.480339 0.402114
vt 0.562032 0.400531
vt 0.476344 0.364987
vt 0.476775 0.364968
vt 0.562059 0.363418
vt 0.474001 0.270337
vt 0.474433 0.270331
vt 0.562077 0.268799
vt 0.472307 0.221840
vt 0.472740 0.221841
vt 0.562090 0.220323
vt 0.472900 0.168241
vt 0.473332 0.168260
vt 0.562086 0.166733
vt 0.475779 0.109569
vt 0.476211 0.109596
vt 0.562064 0.108037
vt 0.478658 0.051042
vt 0.479089 0.051066
vt 0.562042 0.049475
vt 0.480366 0.006401
vt 0.480799 0.006404
vt 0.562029 0.004792
vt 0.480276 0.004786
vt 0.480698 0.004596
vt 0.562030 0.002985
vt 0.478650 0.003332
vt 0.478810 0.002908
vt 0.553818 0.573400
vt 0.551799 0.573400
vt 0.551688 0.573819
vt 0.461398 0.015298
vt 0.461105 0.015019
vt 0.456445 0.490261
vt 0.451397 0.025250
vt 0.451131 0.024944
vt 0.456428 0.501740
vt 0.427012 0.044145
vt 0.456847 0.502001
vt 0.553691 0.490321
vt 0.553679 0.490314
vt 0.553666 0.507768
vt 0.456968 0.525060
vt 0.411199 0.524983
vt 0.411581 0.524697
vn -0.130000 -0.982800 -0.131300
vn 0.108600 -0.985300 -0.131800
vn 0.108500 -0.985300 0.131800
vn -0.130000 -0.982800 0.131300
vn -0.991400 -0.004100 -0.130600
vn -0.991400 0.007700 -0.130600
vn -0.991400 0.007700 0.130600
vn -0.991400 -0.004100 0.130600
vn 0.990900 -0.022800 -0.132700
vn 0.982500 0.129700 -0.133500
vn 0.982500 0.129700 0.133600
vn 0.990900 -0.022800 0.132700
vn -0.991200 0.024600 -0.130300
vn -0.991200 0.024600 0.130300
vn 0.919600 -0.368600 -0.135800
vn 0.960500 -0.243600 -0.134800
vn 0.960500 -0.243600 0.134800
vn 0.919600 -0.368600 0.135800
vn -0.974500 0.183300 -0.129100
vn -0.974500 0.183400 0.129100
vn -0.130500 0.000700 -0.991500
vn -0.130500 -0.002800 -0.991400
vn -0.134900 0.001800 -0.990900
vn -0.130400 0.002400 -0.991500
vn -0.132500 -0.001200 -0.991200
vn -0.130500 0.001000 -0.991400
vn -0.130500 -0.000500 -0.991400
vn -0.133100 0.003300 -0.991100
vn -0.129000 0.136700 -0.982200
vn 0.133500 0.129600 -0.982500
vn 0.071300 0.074400 -0.994700
vn -0.071300 0.074400 -0.994700
vn -0.133500 0.129600 -0.982500
vn 0.133600 0.129700 -0.982500
vn 0.165400 -0.022600 -0.986000
vn 0.125500 -0.161700 -0.978800
vn -0.129700 -0.128800 -0.983200
vn -0.130500 0.000700 0.991500
vn -0.129700 -0.128800 0.983200
vn 0.125500 -0.161700 0.978800
vn 0.165400 -0.022600 0.986000
vn 0.133600 0.129700 0.982500
vn -0.133500 0.129600 0.982500
vn -0.071300 0.074400 0.994700
vn 0.071300 0.074400 0.994700
vn 0.133500 0.129600 0.982500
vn -0.129000 0.136700 0.982200
vn -0.133100 0.003300 0.991100
vn -0.130500 -0.000500 0.991400
vn -0.130500 0.001000 0.991400
vn -0.132500 -0.001200 0.991200
vn -0.130400 0.002400 0.991500
vn -0.134900 0.001800 0.990900
vn -0.130500 -0.002800 0.991400
vn 0.129600 0.983100 -0.129700
vn -0.126600 0.983500 -0.129000
vn -0.126600 0.983500 0.129000
vn 0.129600 0.983100 0.129700
vn -0.991400 0.013300 -0.130100
vn -0.991200 -0.021300 -0.130800
vn -0.991200 -0.021300 0.130800
vn -0.991400 0.013300 0.130100
vn -0.991400 0.005000 -0.130500
vn -0.991400 0.005000 0.130500
vn 0.976900 0.114300 -0.180600
vn 0.982600 0.129600 -0.133400
vn 0.982600 0.129600 0.133400
vn 0.976900 0.114300 0.180600
vn -0.991200 0.018200 -0.131200
vn -0.991200 0.018200 0.131200
vn -0.114500 0.975700 -0.186700
vn 0.114500 0.975700 -0.186700
vn 0.114500 0.975700 0.186700
vn -0.114500 0.975700 0.186700
vn -0.991400 -0.008700 -0.130300
vn -0.991400 -0.008700 0.130300
vn -0.982600 0.129600 -0.133400
vn -0.976900 0.114300 -0.180600
vn -0.976900 0.114300 0.180600
vn -0.982600 0.129600 0.133400
vn 0.129600 0.983100 -0.129600
vn -0.129600 0.983100 -0.129600
vn -0.129600 0.983100 0.129600
vn 0.129600 0.983100 0.129600
vn -0.984200 -0.120100 -0.129800
vn -0.863200 -0.113200 -0.492000
vn -0.777100 -0.441500 -0.448500
vn -0.865800 -0.485300 -0.122100
vn -0.491900 -0.116900 -0.862800
vn -0.448500 -0.444000 -0.775700
vn -0.121800 -0.491100 -0.862600
vn -0.121800 -0.861200 -0.493400
vn -0.449400 -0.772600 -0.448500
vn -0.494000 -0.860800 -0.122100
vn -0.841900 0.526300 -0.119600
vn -0.758000 0.479600 -0.442000
vn -0.855500 0.168600 -0.489700
vn -0.476700 0.870900 -0.119600
vn -0.435000 0.784500 -0.441900
vn -0.118800 0.863800 -0.489600
vn -0.119600 0.496300 -0.859900
vn -0.439600 0.465900 -0.767900
vn -0.488500 0.148100 -0.859900
vn 0.491500 0.862300 -0.121600
vn 0.447300 0.774400 -0.447400
vn 0.121500 0.862300 -0.491600
vn 0.862300 0.491500 -0.121600
vn 0.774500 0.447300 -0.447300
vn 0.860500 0.121200 -0.494800
vn 0.495100 0.121200 -0.860300
vn 0.447400 0.447300 -0.774400
vn 0.121600 0.491600 -0.862300
vn 0.698300 0.422700 -0.577600
vn 0.494800 0.456000 -0.739800
vn 0.783500 0.127600 -0.608100
vn 0.422800 0.698300 -0.577600
vn 0.456000 0.494700 -0.739800
vn 0.128000 0.782100 -0.609800
vn 0.411400 0.227000 -0.882700
vn 0.104000 0.270400 -0.957100
vn 0.317700 0.317700 -0.893400
vn 0.264700 0.103800 -0.958700
vn 0.227100 0.411500 -0.882700
vn -0.422700 0.698300 -0.577700
vn -0.456000 0.494700 -0.739800
vn -0.127900 0.782100 -0.609800
vn -0.698300 0.422700 -0.577600
vn -0.494800 0.455900 -0.739800
vn -0.783500 0.127700 -0.608100
vn -0.227100 0.411500 -0.882700
vn -0.264700 0.103800 -0.958700
vn -0.317700 0.317600 -0.893400
vn -0.104000 0.270400 -0.957100
vn -0.411500 0.227000 -0.882700
vn -0.862300 0.491500 -0.121600
vn -0.774400 0.447300 -0.447300
vn -0.860500 0.121200 -0.494800
vn -0.491500 0.862300 -0.121600
vn -0.447300 0.774400 -0.447400
vn -0.121600 0.862300 -0.491500
vn -0.121600 0.491500 -0.862300
vn -0.447300 0.447400 -0.774400
vn -0.495100 0.121200 -0.860300
vn 0.121600 0.862300 -0.491500
vn 0.774400 0.447300 -0.447300
vn 0.860300 0.121400 -0.495100
vn 0.495100 0.121400 -0.860300
vn 0.447300 0.447400 -0.774400
vn 0.121600 0.491500 -0.862300
vn 0.989600 -0.089700 -0.112800
vn 0.902700 -0.051100 -0.427300
vn 0.869600 -0.005600 -0.493800
vn 0.977400 -0.179000 -0.112800
vn 0.883300 -0.192800 -0.427300
vn 0.838800 -0.227500 -0.494700
vn 0.481200 -0.134100 -0.866300
vn 0.659800 -0.090100 -0.746000
vn 0.498900 0.000300 -0.866600
vn 0.758500 -0.640300 -0.121200
vn 0.685200 -0.583300 -0.436300
vn 0.805500 -0.329100 -0.492900
vn 0.413500 -0.902400 -0.121200
vn 0.378100 -0.816500 -0.436300
vn 0.101400 -0.866100 -0.489500
vn 0.106800 -0.510000 -0.853500
vn 0.399000 -0.525300 -0.751600
vn 0.466700 -0.240400 -0.851100
vn -0.984200 -0.120100 0.129800
vn -0.865800 -0.485300 0.122100
vn -0.777100 -0.441500 0.448500
vn -0.863200 -0.113200 0.492000
vn -0.494000 -0.860800 0.122100
vn -0.449400 -0.772600 0.448500
vn -0.121900 -0.861200 0.493400
vn -0.121800 -0.491100 0.862600
vn -0.448500 -0.444000 0.775700
vn -0.491900 -0.116900 0.862700
vn -0.855500 0.168600 0.489700
vn -0.758000 0.479600 0.442000
vn -0.841900 0.526300 0.119600
vn -0.488500 0.148100 0.859900
vn -0.439600 0.465900 0.767900
vn -0.119600 0.496300 0.859900
vn -0.118800 0.863800 0.489600
vn -0.435000 0.784500 0.442000
vn -0.476700 0.870900 0.119600
vn 0.121500 0.862300 0.491600
vn 0.447300 0.774400 0.447400
vn 0.491500 0.862300 0.121600
vn 0.121600 0.491600 0.862300
vn 0.447400 0.447300 0.774400
vn 0.495100 0.121200 0.860300
vn 0.860500 0.121200 0.494800
vn 0.774500 0.447300 0.447300
vn 0.862300 0.491500 0.121600
vn 0.783500 0.127600 0.608100
vn 0.494700 0.456000 0.739800
vn 0.698300 0.422700 0.577600
vn 0.227100 0.411500 0.882700
vn 0.264700 0.103800 0.958700
vn 0.317700 0.317700 0.893400
vn 0.104000 0.270400 0.957100
vn 0.411500 0.227000 0.882700
vn 0.456000 0.494700 0.739900
vn 0.422700 0.698300 0.577700
vn 0.128000 0.782100 0.609800
vn -0.128000 0.782100 0.609800
vn -0.456000 0.494700 0.739800
vn -0.422700 0.698300 0.577700
vn -0.411500 0.227000 0.882700
vn -0.104000 0.270400 0.957100
vn -0.317700 0.317600 0.893400
vn -0.264700 0.103800 0.958700
vn -0.227100 0.411400 0.882700
vn -0.494700 0.456000 0.739800
vn -0.698300 0.422700 0.577600
vn -0.783500 0.127700 0.608100
vn -0.860500 0.121200 0.494800
vn -0.774400 0.447300 0.447300
vn -0.862300 0.491500 0.121600
vn -0.495100 0.121200 0.860300
vn -0.447300 0.447400 0.774400
vn -0.121600 0.491500 0.862300
vn -0.121600 0.862300 0.491500
vn -0.447300 0.774400 0.447400
vn -0.491500 0.862300 0.121600
vn 0.121600 0.862300 0.491500
vn 0.121600 0.491500 0.862300
vn 0.447300 0.447400 0.774400
vn 0.495100 0.121400 0.860300
vn 0.860300 0.121400 0.495100
vn 0.774400 0.447300 0.447300
vn 0.869600 -0.005600 0.493800
vn 0.902700 -0.051100 0.427300
vn 0.989600 -0.089700 0.112800
vn 0.499000 0.000300 0.866600
vn 0.659800 -0.090100 0.746000
vn 0.481200 -0.134100 0.866300
vn 0.838800 -0.227500 0.494700
vn 0.883300 -0.192800 0.427300
vn 0.977400 -0.179000 0.112800
vn 0.805500 -0.329100 0.492900
vn 0.685200 -0.583300 0.436300
vn 0.758500 -0.640300 0.121200
vn 0.466700 -0.240400 0.851100
vn 0.399000 -0.525300 0.751600
vn 0.106800 -0.510000 0.853500
vn 0.101400 -0.866100 0.489500
vn 0.378100 -0.816500 0.436300
vn 0.413400 -0.902400 0.121200
vn -0.865800 0.004400 -0.500300
vn -0.707100 0.003600 -0.707100
vn -0.258700 0.001300 -0.966000
vn -0.864900 -0.018600 -0.501600
vn -0.706900 -0.015200 -0.707200
vn -0.258700 -0.005600 -0.965900
vn -0.867900 0.011600 -0.496500
vn -0.706500 0.009500 -0.707700
vn -0.258400 0.003500 -0.966000
vn -0.863500 0.015900 -0.504100
vn -0.706500 0.013000 -0.707600
vn -0.258500 0.004800 -0.966000
vn -0.866900 -0.007600 -0.498400
vn -0.707000 -0.006200 -0.707200
vn -0.258700 -0.002300 -0.965900
vn -0.865700 0.006700 -0.500600
vn -0.707100 0.005500 -0.707100
vn -0.258800 0.002000 -0.965900
vn -0.865800 -0.003600 -0.500300
vn -0.707100 -0.002900 -0.707100
vn -0.258800 -0.001100 -0.965900
vn -0.867000 0.021500 -0.497900
vn -0.706700 0.017500 -0.707300
vn -0.258600 0.006400 -0.966000
vn -0.258700 0.001300 0.966000
vn -0.707100 0.003600 0.707100
vn -0.865800 0.004400 0.500300
vn -0.497100 -0.010700 0.867600
vn -0.864900 -0.018600 0.501600
vn -0.506300 0.006800 0.862300
vn -0.706500 0.009500 0.707700
vn -0.965700 0.013000 0.259200
vn -0.258500 0.004800 0.966000
vn -0.706500 0.013000 0.707600
vn -0.863500 0.015900 0.504100
vn -0.258700 -0.002300 0.965900
vn -0.707000 -0.006200 0.707200
vn -0.866900 -0.007600 0.498400
vn -0.499000 0.003900 0.866600
vn -0.865700 0.006700 0.500600
vn -0.499500 -0.002100 0.866300
vn -0.865800 -0.003600 0.500300
vn -0.258600 0.006400 0.966000
vn -0.706700 0.017500 0.707300
vn -0.867000 0.021500 0.497900
vn 0.513700 0.858000 -0.000000
vn 0.858000 0.513700 -0.000000
vn -0.858000 0.513700 -0.000000
vn -0.513700 0.858000 -0.000000
vn -0.990400 0.021200 -0.136300
vn -0.985500 -0.109400 -0.130000
vn -0.985500 -0.109400 0.130000
vn -0.990400 0.021200 0.136300
vn -0.747800 0.650200 -0.134000
vn -0.818100 0.560800 -0.127100
vn -0.818100 0.560800 0.127100
vn -0.747800 0.650200 0.134000
vn 0.991400 0.004400 -0.130600
vn 0.991400 -0.002800 -0.130500
vn 0.991400 -0.002800 0.130500
vn 0.991400 0.004400 0.130600
vn -0.990000 0.061400 -0.127100
vn -0.969200 -0.205900 -0.134900
vn -0.969200 -0.205900 0.134900
vn -0.990000 0.061400 0.127100
vn 0.991400 -0.004500 -0.130600
vn 0.991400 -0.004500 0.130600
vn -0.906400 -0.402900 -0.127100
vn -0.906400 -0.402900 0.127000
vn 0.991400 -0.004500 -0.130500
vn 0.991400 -0.004500 0.130500
vn -0.510300 -0.850500 -0.127000
vn -0.509700 -0.849500 -0.136400
vn -0.509700 -0.849500 0.136400
vn -0.510300 -0.850500 0.127000
vn 0.989900 -0.005000 -0.141300
vn 0.989900 -0.005000 0.141300
vn 0.129700 -0.127800 0.983300
vn 0.130500 0.000600 0.991400
vn 0.130800 -0.000400 0.991400
vn 0.130500 -0.000600 0.991400
vn 0.130900 -0.000600 0.991400
vn 0.133500 -0.000700 0.991000
vn 0.044400 0.097100 0.994300
vn -0.094300 0.098900 0.990600
vn -0.104800 0.090800 0.990300
vn -0.176400 0.060700 0.982500
vn -0.145700 -0.030000 0.988900
vn -0.111200 -0.098400 0.988900
vn -0.099700 -0.055100 0.993500
vn -0.129700 -0.126900 0.983400
vn 0.982100 0.047900 -0.182300
vn 0.982100 0.047900 0.182300
vn 0.984700 -0.115900 -0.129900
vn 0.984700 -0.115900 0.129900
vn -0.606800 0.773600 -0.182300
vn -0.684400 0.715400 -0.141000
vn -0.684400 0.715400 0.141000
vn -0.606800 0.773600 0.182300
vn 0.129700 -0.127800 -0.983300
vn -0.129700 -0.126900 -0.983400
vn -0.099700 -0.055100 -0.993500
vn -0.111200 -0.098400 -0.988900
vn -0.145700 -0.030000 -0.988900
vn -0.176400 0.060700 -0.982500
vn -0.104800 0.090800 -0.990300
vn -0.094300 0.098900 -0.990600
vn 0.044400 0.097100 -0.994300
vn 0.133500 -0.000700 -0.991000
vn 0.130900 -0.000600 -0.991400
vn 0.130500 -0.000600 -0.991400
vn 0.130800 -0.000400 -0.991400
vn 0.130500 0.000600 -0.991500
vn -0.130500 -0.982900 -0.130000
vn -0.496800 -0.859200 -0.122600
vn -0.451600 -0.770600 -0.449800
vn -0.122400 -0.861700 -0.492500
vn -0.869600 -0.478300 -0.122600
vn -0.780100 -0.435000 -0.449800
vn -0.864100 -0.103900 -0.492500
vn -0.492300 -0.111600 -0.863300
vn -0.449800 -0.440200 -0.777100
vn -0.122200 -0.489700 -0.863300
vn 0.130200 -0.983000 -0.129800
vn 0.122100 -0.861900 -0.492200
vn 0.450200 -0.771800 -0.449000
vn 0.495100 -0.860200 -0.122200
vn 0.122000 -0.490300 -0.863000
vn 0.449000 -0.442500 -0.776200
vn 0.492100 -0.114800 -0.863000
vn 0.863600 -0.109600 -0.492200
vn 0.778300 -0.439000 -0.449000
vn 0.867300 -0.482600 -0.122300
vn 0.829400 0.044900 -0.556800
vn 0.853200 0.091000 -0.513500
vn 0.982200 0.091400 -0.163800
vn 0.418000 0.086900 -0.904300
vn 0.643000 0.088200 -0.760800
vn -0.207500 0.372800 -0.904400
vn 0.084900 0.185900 -0.978900
vn -0.508900 0.656400 -0.557000
vn -0.490100 0.704400 -0.513500
vn -0.354500 0.543700 -0.760700
vn -0.574200 0.802100 -0.163800
vn 0.339300 0.742900 -0.577000
vn 0.293200 0.641900 -0.708600
vn 0.225400 0.493300 -0.840100
vn -0.722100 0.499400 -0.478700
vn -0.824700 0.404100 -0.395700
vn -0.903100 0.418800 -0.095200
vn -0.436000 0.284400 -0.853800
vn -0.644700 0.221900 -0.731500
vn -0.518600 0.044000 -0.853900
vn -0.876500 0.050500 -0.478700
vn -0.898700 0.189000 -0.395800
vn -0.969500 0.225700 -0.095100
vn -0.130400 -0.982900 0.130000
vn -0.122300 -0.861700 0.492500
vn -0.451500 -0.770600 0.449800
vn -0.496800 -0.859200 0.122600
vn -0.122100 -0.489700 0.863300
vn -0.449800 -0.440200 0.777100
vn -0.492300 -0.111600 0.863300
vn -0.864100 -0.103900 0.492500
vn -0.780100 -0.435000 0.449800
vn -0.869600 -0.478300 0.122600
vn 0.130200 -0.983000 0.129900
vn 0.495100 -0.860200 0.122200
vn 0.450200 -0.771900 0.449000
vn 0.122100 -0.861900 0.492200
vn 0.867300 -0.482600 0.122200
vn 0.778300 -0.439000 0.448900
vn 0.863600 -0.109600 0.492200
vn 0.492100 -0.114800 0.862900
vn 0.449100 -0.442600 0.776200
vn 0.122000 -0.490300 0.863000
vn 0.982200 0.091400 0.163900
vn 0.853200 0.091000 0.513600
vn 0.829400 0.044900 0.556800
vn 0.339300 0.742900 0.577000
vn 0.293100 0.641800 0.708700
vn -0.508900 0.656400 0.557000
vn -0.490000 0.704400 0.513500
vn -0.574200 0.802100 0.163800
vn -0.207500 0.372800 0.904400
vn -0.354500 0.543700 0.760700
vn 0.418000 0.086900 0.904300
vn 0.084900 0.185800 0.978900
vn 0.643000 0.088200 0.760800
vn 0.225200 0.493200 0.840300
vn -0.903100 0.418800 0.095200
vn -0.824600 0.404200 0.395800
vn -0.722100 0.499400 0.478700
vn -0.969500 0.225700 0.095100
vn -0.898700 0.189000 0.395700
vn -0.876500 0.050500 0.478700
vn -0.518700 0.044000 0.853800
vn -0.644700 0.221900 0.731500
vn -0.436000 0.284400 0.853800
vn 0.498700 0.002200 -0.866800
vn 0.865600 0.003800 -0.500700
vn 0.500300 -0.001400 -0.865800
vn 0.866100 -0.002500 -0.499800
vn 0.499400 -0.002300 -0.866400
vn 0.707100 -0.003200 -0.707100
vn 0.965900 -0.004400 -0.258800
vn 0.500500 -0.002300 -0.865700
vn 0.866200 -0.004000 -0.499700
vn 0.502000 -0.002500 -0.864900
vn 0.860300 -0.004300 -0.509800
vn -0.350100 0.366800 -0.861900
vn -0.595500 0.623100 -0.507200
vn -0.384600 0.333800 -0.860600
vn -0.653600 0.568000 -0.500200
vn -0.509500 -0.107400 -0.853700
vn -0.849200 -0.180500 -0.496300
vn -0.389800 -0.344800 -0.853900
vn -0.687100 -0.451600 -0.569100
vn -0.241900 -0.226600 -0.943500
vn -0.363800 -0.606300 -0.707100
vn -0.497000 -0.828300 -0.258800
vn -0.965800 0.020700 -0.258600
vn -0.706900 0.015100 -0.707100
vn 0.865600 0.003800 0.500700
vn 0.498700 0.002200 0.866800
vn 0.866100 -0.002500 0.499800
vn 0.500300 -0.001400 0.865800
vn 0.865800 -0.004000 0.500400
vn 0.499400 -0.002300 0.866400
vn 0.866200 -0.004000 0.499700
vn 0.500600 -0.002300 0.865700
vn 0.860300 -0.004300 0.509800
vn 0.502000 -0.002500 0.864900
vn -0.595500 0.623100 0.507200
vn -0.350100 0.366800 0.861900
vn -0.653600 0.568000 0.500200
vn -0.384600 0.333800 0.860600
vn -0.849200 -0.180500 0.496300
vn -0.509500 -0.107400 0.853800
vn -0.882700 -0.392300 0.258800
vn -0.516800 -0.457200 0.723700
vn -0.389700 -0.344800 0.853900
vn -0.497000 -0.828300 0.258800
vn -0.363800 -0.606300 0.707100
vn -0.241900 -0.226600 0.943500
vn -0.706900 0.015100 0.707100
vn -0.965800 0.020700 0.258600
vn 0.415400 0.909600 -0.000000
vn -1.000000 -0.000000 -0.000000
vn 0.015600 0.991300 -0.130500
vn 0.045700 0.990300 -0.131000
vn 0.045700 0.990300 0.131000
vn 0.015600 0.991300 0.130500
vn -0.043800 -0.990600 -0.129300
vn -0.016800 -0.991400 -0.129400
vn -0.016800 -0.991400 0.129400
vn -0.043800 -0.990600 0.129300
vn -0.002100 0.991400 -0.130800
vn -0.002100 0.991400 0.130800
vn -0.076200 -0.989900 -0.119300
vn -0.076200 -0.989900 0.119300
vn -0.043700 0.990400 -0.130800
vn -0.043700 0.990400 0.130800
vn -0.990200 -0.000000 -0.139500
vn -0.992800 -0.000000 -0.119400
vn -0.992800 -0.000000 0.119400
vn -0.990200 -0.000000 0.139500
vn -0.062600 0.989500 -0.130500
vn -0.062600 0.989500 0.130500
vn -0.000000 -0.990200 -0.139600
vn -0.000000 -0.990200 0.139600
vn -0.057300 0.989800 -0.130500
vn -0.057300 0.989800 0.130500
vn 0.982600 -0.133500 -0.129200
vn 0.990200 -0.000000 -0.139700
vn 0.989000 -0.000200 0.148100
vn 0.982300 -0.132800 0.132400
vn -0.005300 0.991500 -0.130200
vn -0.005300 0.991500 0.130200
vn -0.129600 -0.983100 -0.129500
vn 0.133800 -0.982500 -0.129600
vn 0.133400 -0.982100 0.133000
vn -0.129200 -0.982600 0.133600
vn 0.041300 0.991200 -0.125900
vn 0.041300 0.991200 0.125900
vn -0.990100 -0.000000 -0.140200
vn -0.983100 -0.129600 -0.129600
vn -0.983100 -0.129600 0.129600
vn -0.990100 -0.000000 0.140200
vn 0.730100 0.671700 -0.125900
vn 0.730100 0.671700 -0.126000
vn 0.730100 0.671700 0.126000
vn 0.730100 0.671700 0.125900
vn -0.129600 -0.983100 -0.129600
vn -0.000000 -0.990100 -0.140100
vn -0.000000 -0.990100 0.140100
vn -0.129600 -0.983100 0.129600
vn 0.982300 -0.090400 -0.164200
vn 0.987100 -0.058500 -0.148900
vn 0.987100 -0.058500 0.148900
vn 0.982300 -0.090400 0.164200
vn -0.982900 0.130600 -0.130000
vn -0.982900 0.130600 0.130000
vn 0.685000 -0.714300 -0.143100
vn 0.679100 -0.715400 -0.164300
vn 0.679100 -0.715400 0.164300
vn 0.685000 -0.714300 0.143100
vn -0.023200 0.991100 -0.131200
vn -0.106300 0.985800 -0.130100
vn -0.106400 0.985800 0.130100
vn -0.023200 0.991100 0.131200
vn 0.750900 -0.651900 -0.105800
vn 0.750900 -0.651900 0.105800
vn -0.035300 0.990900 -0.130200
vn -0.035300 0.990900 0.130200
vn 0.011500 -0.251500 -0.967800
vn 0.003000 -0.132800 -0.991100
vn -0.000300 -0.133700 -0.991000
vn -0.002200 -0.131700 -0.991300
vn -0.005900 -0.133900 -0.991000
vn -0.104700 -0.097100 -0.989800
vn -0.066600 -0.066600 -0.995600
vn 0.066700 -0.066600 -0.995600
vn 0.130700 -0.129100 -0.983000
vn -0.129700 -0.129400 -0.983100
vn -0.066200 -0.066200 -0.995600
vn -0.129600 -0.129600 -0.983100
vn -0.126500 0.129700 -0.983400
vn -0.003000 0.130400 -0.991500
vn -0.004800 0.133300 -0.991100
vn 0.005500 0.133600 -0.991000
vn 0.006000 0.130400 -0.991400
vn 0.002100 0.130900 -0.991400
vn -0.000300 0.130500 -0.991400
vn -0.005800 0.130400 -0.991400
vn -0.008200 0.130300 -0.991400
vn -0.007600 0.130800 -0.991400
vn -0.000700 0.134200 -0.991000
vn 0.063400 0.136600 -0.988600
vn 0.146400 0.050100 -0.988000
vn 0.193100 -0.093600 -0.976700
vn 0.092700 -0.096700 -0.991000
vn 0.190200 -0.152400 -0.969800
vn -0.000000 -0.000000 -1.000000
vn 0.787200 -0.613700 -0.060000
vn 0.787200 -0.613700 0.060000
vn 0.040400 0.990700 -0.130200
vn 0.040400 0.990700 0.130200
vn -0.001900 -0.991700 -0.128900
vn 0.022700 -0.991400 -0.128600
vn 0.022700 -0.991400 0.128600
vn -0.001900 -0.991700 0.128900
vn 0.011500 -0.251500 0.967800
vn -0.000000 -0.000000 1.000000
vn 0.190200 -0.152400 0.969900
vn 0.092700 -0.096700 0.991000
vn 0.193100 -0.093600 0.976700
vn 0.146400 0.050100 0.988000
vn 0.063400 0.136600 0.988600
vn -0.000700 0.134200 0.991000
vn -0.007600 0.130700 0.991400
vn -0.008200 0.130300 0.991400
vn -0.005800 0.130400 0.991400
vn -0.000300 0.130500 0.991400
vn 0.002100 0.130900 0.991400
vn 0.006000 0.130400 0.991400
vn 0.005500 0.133600 0.991000
vn -0.004800 0.133300 0.991100
vn -0.003000 0.130400 0.991500
vn -0.126500 0.129700 0.983400
vn -0.129600 -0.129600 0.983100
vn -0.066200 -0.066200 0.995600
vn -0.129300 -0.133600 0.982600
vn 0.133800 -0.132900 0.982100
vn 0.070500 -0.066700 0.995300
vn -0.066600 -0.066600 0.995600
vn -0.104700 -0.097100 0.989800
vn -0.005900 -0.133900 0.991000
vn -0.002200 -0.131700 0.991300
vn -0.000300 -0.133700 0.991000
vn 0.003000 -0.132800 0.991100
vn 0.043700 -0.993700 -0.102900
vn 0.043700 -0.993700 0.102900
vn 0.860500 -0.494900 -0.121000
vn 0.775400 -0.446600 -0.446500
vn 0.863100 -0.121100 -0.490300
vn 0.495400 -0.860200 -0.121100
vn 0.448400 -0.774100 -0.446900
vn 0.122100 -0.862200 -0.491500
vn 0.122600 -0.490900 -0.862500
vn 0.449300 -0.446400 -0.773900
vn 0.493500 -0.120900 -0.861300
vn -0.491500 -0.862300 -0.121600
vn -0.447300 -0.774400 -0.447400
vn -0.121600 -0.862400 -0.491500
vn -0.862300 -0.491500 -0.121600
vn -0.774400 -0.447300 -0.447400
vn -0.862300 -0.121600 -0.491600
vn -0.491600 -0.121600 -0.862300
vn -0.447300 -0.447400 -0.774400
vn -0.121600 -0.491400 -0.862400
vn -0.121600 -0.862300 -0.491600
vn -0.774400 -0.447300 -0.447300
vn -0.121600 -0.491600 -0.862300
vn -0.858700 0.497600 -0.122800
vn -0.770000 0.452200 -0.450200
vn -0.861600 0.122500 -0.492600
vn -0.476300 0.870700 -0.122800
vn -0.433100 0.780900 -0.450200
vn -0.101200 0.864300 -0.492700
vn -0.110200 0.492300 -0.863400
vn -0.439200 0.450100 -0.777500
vn -0.489400 0.122200 -0.863400
vn 0.946800 -0.274700 -0.167400
vn 0.835500 -0.244100 -0.492300
vn 0.846500 -0.083600 -0.525700
vn 0.802300 -0.573000 -0.167400
vn 0.709200 -0.504600 -0.492300
vn 0.588800 -0.613600 -0.526100
vn 0.383000 -0.352200 -0.853900
vn 0.589900 -0.285900 -0.755200
vn 0.513800 -0.083300 -0.853800
vn -0.000000 1.000000 -0.000000
vn -0.000000 0.242500 -0.970100
vn -0.000000 0.261400 -0.965200
vn -0.934000 0.175100 -0.311300
vn 0.776100 0.242500 0.582100
vn 0.865700 0.500500 -0.000000
vn 0.861700 -0.113400 0.494500
vn 0.782600 -0.440400 0.439900
vn 0.861200 -0.495500 0.113300
vn 0.497000 -0.113500 0.860300
vn 0.441900 -0.440600 0.781400
vn 0.115200 -0.495600 0.860900
vn 0.115000 -0.860900 0.495700
vn 0.441400 -0.781800 0.440400
vn 0.495900 -0.860900 0.113400
vn -0.120200 -0.860400 0.495200
vn -0.447300 -0.774400 0.447400
vn -0.491500 -0.862300 0.121600
vn -0.120200 -0.495200 0.860400
vn -0.447300 -0.447300 0.774400
vn -0.491600 -0.121600 0.862300
vn -0.862300 -0.121600 0.491600
vn -0.774400 -0.447300 0.447400
vn -0.862300 -0.491500 0.121600
vn -0.121600 -0.862300 0.491600
vn -0.121600 -0.491600 0.862300
vn -0.447400 -0.447300 0.774400
vn -0.774400 -0.447300 0.447300
vn -0.861600 0.122500 0.492600
vn -0.770000 0.452200 0.450200
vn -0.858700 0.497600 0.122800
vn -0.489400 0.122200 0.863400
vn -0.439200 0.450100 0.777500
vn -0.110100 0.492300 0.863400
vn -0.101200 0.864300 0.492700
vn -0.433100 0.780900 0.450200
vn -0.476300 0.870700 0.122800
vn 0.846500 -0.083600 0.525700
vn 0.835500 -0.244100 0.492300
vn 0.946800 -0.274700 0.167400
vn 0.513800 -0.083300 0.853800
vn 0.589900 -0.285900 0.755200
vn 0.383000 -0.352200 0.853900
vn 0.588800 -0.613600 0.526100
vn 0.709200 -0.504600 0.492300
vn 0.802300 -0.573000 0.167400
vn -0.000000 -1.000000 -0.000000
vn 0.706900 0.022100 -0.706900
vn 0.964400 -0.180800 -0.192900
vn -0.468800 -0.534700 -0.703100
vn -0.498600 -0.709000 -0.498600
vn -0.000000 -0.764900 -0.644100
vn 0.060200 -0.995100 -0.077900
vn 0.040300 -0.914800 -0.401900
vn 0.056200 -0.949400 -0.309000
vn 0.030000 -0.669400 -0.742300
vn 0.044700 -0.801100 -0.596900
vn 0.036500 -0.690700 -0.722200
vn 0.019900 -0.868900 -0.494600
vn 0.016300 -0.712400 -0.701600
vn 0.006000 -0.262500 -0.964900
vn -0.001700 -0.869000 -0.494800
vn -0.001400 -0.711200 -0.703000
vn -0.000500 -0.261700 -0.965200
vn -0.014700 -0.867400 -0.497400
vn -0.012100 -0.710300 -0.703800
vn -0.004400 -0.261000 -0.965300
vn -0.038400 -0.867800 -0.495500
vn -0.031300 -0.708800 -0.704700
vn -0.011500 -0.260200 -0.965500
vn -0.069300 -0.900500 -0.429300
vn -0.054500 -0.707300 -0.704800
vn -0.142300 -0.131900 -0.981000
vn -0.832300 -0.000000 -0.554400
vn -0.903000 -0.000000 -0.429700
vn -0.709000 -0.000000 -0.705200
vn -0.132300 -0.132200 -0.982300
vn -0.000000 -0.832100 -0.554600
vn -0.000000 -0.708700 -0.705500
vn 0.132400 -0.132200 -0.982300
vn 0.832000 -0.000000 -0.554700
vn 0.708600 -0.000000 -0.705600
vn -0.966000 -0.000000 -0.258600
vn -0.707100 -0.000000 -0.707100
vn -0.131500 -0.131500 -0.982500
vn -0.000000 -0.966000 -0.258600
vn -0.000000 -0.707100 -0.707100
vn -0.022600 0.965600 -0.259000
vn -0.016500 0.706500 -0.707500
vn -0.011500 0.493500 -0.869700
vn -0.034400 0.965300 -0.259000
vn -0.025200 0.706400 -0.707300
vn -0.018000 0.503800 -0.863600
vn 0.039400 0.965100 -0.259000
vn 0.028800 0.706200 -0.707400
vn 0.020600 0.504300 -0.863300
vn 0.039900 0.863500 -0.502800
vn 0.022800 0.494900 -0.868700
vn 0.013600 0.866100 -0.499600
vn 0.007900 0.500600 -0.865700
vn -0.001900 0.865000 -0.501700
vn -0.001100 0.497100 -0.867700
vn -0.038200 0.864400 -0.501400
vn -0.022000 0.497100 -0.867400
vn -0.054700 0.864300 -0.500000
vn -0.031600 0.499000 -0.866000
vn -0.050000 0.864800 -0.499600
vn -0.028900 0.499800 -0.865600
vn -0.004600 0.867700 -0.497000
vn -0.003800 0.706700 -0.707500
vn -0.001400 0.258600 -0.966000
vn 0.036800 0.882400 -0.469000
vn 0.029500 0.706500 -0.707100
vn 0.297000 0.346200 -0.889900
vn 0.650200 0.598200 -0.468400
vn 0.649900 0.597900 -0.469100
vn 0.492800 0.172400 -0.852900
vn 0.869400 -0.055000 -0.491000
vn 0.594700 -0.618900 -0.513100
vn 0.345300 -0.359500 -0.866900
vn 0.690400 -0.593500 -0.413700
vn 0.503200 -0.418300 -0.756200
vn 0.728500 -0.561200 -0.392900
vn 0.590100 -0.443100 -0.674900
vn 0.543800 -0.404300 -0.735400
vn 0.036500 -0.690700 0.722200
vn 0.030000 -0.669400 0.742300
vn 0.044700 -0.801100 0.596900
vn 0.040300 -0.914800 0.401900
vn 0.056200 -0.949400 0.309000
vn 0.060200 -0.995100 0.077900
vn 0.006000 -0.262500 0.964900
vn 0.016300 -0.712400 0.701600
vn 0.019900 -0.868900 0.494600
vn -0.000500 -0.261700 0.965200
vn -0.001400 -0.711200 0.703000
vn -0.001700 -0.869000 0.494800
vn -0.004400 -0.261000 0.965300
vn -0.012100 -0.710300 0.703800
vn -0.014700 -0.867400 0.497400
vn -0.011500 -0.260200 0.965500
vn -0.031300 -0.708800 0.704700
vn -0.038400 -0.867800 0.495500
vn -0.142300 -0.131900 0.981000
vn -0.054500 -0.707300 0.704800
vn -0.069300 -0.900500 0.429300
vn -0.132300 -0.132200 0.982400
vn -0.709000 -0.000000 0.705200
vn -0.832300 -0.000000 0.554400
vn -0.903000 -0.000000 0.429700
vn 0.245400 -0.113200 0.962800
vn -0.000000 -0.708700 0.705500
vn -0.000000 -0.832100 0.554600
vn 0.828700 -0.000500 0.559700
vn -0.131500 -0.131500 0.982500
vn -0.707100 -0.000000 0.707100
vn -0.966000 -0.000000 0.258600
vn -0.000000 -0.707100 0.707100
vn -0.000000 -0.966000 0.258600
vn -0.011500 0.493500 0.869700
vn -0.016500 0.706500 0.707500
vn -0.022600 0.965600 0.259000
vn -0.018000 0.503800 0.863600
vn -0.025200 0.706400 0.707300
vn -0.034400 0.965300 0.259000
vn 0.020600 0.504300 0.863300
vn 0.028800 0.706200 0.707400
vn 0.039400 0.965100 0.259000
vn 0.022800 0.494900 0.868700
vn 0.039900 0.863500 0.502800
vn 0.004100 0.258800 0.965900
vn 0.011100 0.707000 0.707100
vn 0.013600 0.866100 0.499600
vn -0.000600 0.258800 0.965900
vn -0.001500 0.707000 0.707200
vn -0.001900 0.865000 0.501700
vn -0.022000 0.497100 0.867400
vn -0.038200 0.864400 0.501400
vn -0.031600 0.499000 0.866000
vn -0.054700 0.864300 0.500000
vn -0.028900 0.499800 0.865600
vn -0.050000 0.864800 0.499600
vn -0.001400 0.258500 0.966000
vn -0.003800 0.706700 0.707500
vn -0.004600 0.867700 0.497000
vn 0.297000 0.346200 0.889900
vn 0.029400 0.706500 0.707100
vn 0.036800 0.882400 0.469000
vn 0.492800 0.172400 0.852900
vn 0.650200 0.598200 0.468400
vn 0.650000 0.597900 0.469100
vn 0.869400 -0.055000 0.491000
vn 0.345300 -0.359500 0.866900
vn 0.594700 -0.618900 0.513100
vn 0.503200 -0.418300 0.756200
vn 0.690400 -0.593500 0.413600
vn 0.543800 -0.404300 0.735400
vn 0.590100 -0.443100 0.674900
vn 0.728500 -0.561200 0.392800
vn 0.788200 -0.615400 -0.000000
vn 0.788100 -0.615500 -0.000000
mtllib Door_Frame.mtl
usemtl Marco
f 1/1/1 2/2/2 3/3/3
f 1/1/1 3/3/3 4/4/4
f 5/5/5 6/6/6 7/7/7
f 5/5/5 7/7/7 8/8/8
f 9/9/9 10/10/10 11/11/11
f 9/9/9 11/11/11 12/12/12
f 13/13/13 5/5/5 8/8/8
f 13/13/13 8/8/8 14/14/14
f 15/15/15 16/16/16 17/17/17
f 15/15/15 17/17/17 18/18/18
f 19/19/19 13/13/13 14/14/14
f 19/19/19 14/14/14 20/20/20
f 21/21/21 22/22/22 23/23/23
f 21/21/21 23/23/23 24/24/24
f 21/21/21 24/24/24 25/25/25
f 21/21/21 25/25/25 26/26/26
f 21/21/21 26/26/26 27/27/27
f 21/21/21 27/27/27 28/28/28
f 21/21/21 28/28/28 29/29/29
f 21/21/21 29/29/29 30/30/30
f 21/21/21 30/30/30 31/31/31
f 21/21/21 31/31/31 32/32/32
f 21/21/21 32/32/32 33/33/33
f 21/21/21 33/33/33 34/34/34
f 21/21/21 34/34/34 35/35/35
f 21/21/21 35/35/35 36/36/36
f 21/21/21 36/36/36 37/37/37
f 38/38/38 39/39/39 40/40/40
f 38/38/38 40/40/40 41/41/41
f 38/38/38 41/41/41 42/42/42
f 38/38/38 42/42/42 43/43/43
f 38/38/38 43/43/43 44/44/44
f 38/38/38 44/44/44 45/45/45
f 38/38/38 45/45/45 46/46/46
f 38/38/38 46/46/46 47/47/47
f 38/38/38 47/47/47 48/48/48
f 38/38/38 48/48/48 49/49/49
f 38/38/38 49/49/49 50/50/50
f 38/38/38 50/50/50 51/51/51
f 38/38/38 51/51/51 52/52/52
f 38/38/38 52/52/52 53/53/53
f 38/38/38 53/53/53 54/54/54
f 55/55/55 56/56/56 57/57/57
f 55/55/55 57/57/57 58/58/58
f 59/59/59 60/60/60 61/61/61
f 59/59/59 61/61/61 62/62/62
f 60/60/60 63/63/63 64/64/64
f 60/60/60 64/64/64 61/61/61
f 65/65/65 66/66/66 67/67/67
f 65/65/65 67/67/67 68/68/68
f 69/69/69 59/59/59 62/62/62
f 69/69/69 62/62/62 70/70/70
f 71/71/71 72/72/72 73/73/73
f 71/71/71 73/73/73 74/74/74
f 75/75/75 69/69/69 70/70/70
f 75/75/75 70/70/70 76/76/76
f 77/77/77 78/78/78 79/79/79
f 77/77/77 79/79/79 80/80/80
f 6/6/6 75/75/75 76/76/76
f 6/6/6 76/76/76 7/7/7
f 81/81/81 82/82/82 83/83/83
f 81/81/81 83/83/83 84/84/84
f 85/85/85 86/86/86 87/87/87
f 85/85/85 87/87/87 88/88/88
f 86/89/86 89/90/89 90/91/90
f 86/89/86 90/91/90 87/92/87
f 37/37/37 91/93/91 90/91/90
f 37/37/37 90/91/90 89/90/89
f 91/93/91 92/94/92 93/95/93
f 91/93/91 93/95/93 90/91/90
f 1/1/1 94/96/94 93/97/93
f 1/1/1 93/97/93 92/98/92
f 94/99/94 88/88/88 87/87/87
f 94/99/94 87/87/87 93/100/93
f 87/87/87 90/101/90 93/100/93
f 19/19/19 95/102/95 96/103/96
f 19/19/19 96/103/96 97/104/97
f 95/105/95 98/106/98 99/107/99
f 95/105/95 99/107/99 96/108/96
f 56/56/56 100/109/100 99/107/99
f 56/56/56 99/107/99 98/106/98
f 100/110/100 101/111/101 102/112/102
f 100/110/100 102/112/102 99/113/99
f 29/29/29 103/114/103 102/112/102
f 29/29/29 102/112/102 101/111/101
f 103/114/103 97/115/97 96/116/96
f 103/114/103 96/116/96 102/112/102
f 96/108/96 99/107/99 102/117/102
f 55/55/55 104/118/104 105/119/105
f 55/55/55 105/119/105 106/120/106
f 104/121/104 107/122/107 108/123/108
f 104/121/104 108/123/108 105/124/105
f 66/66/66 109/125/109 108/123/108
f 66/66/66 108/123/108 107/122/107
f 109/125/109 110/126/110 111/127/111
f 109/125/109 111/127/111 108/123/108
f 30/30/30 112/128/112 111/129/111
f 30/30/30 111/129/111 110/130/110
f 112/128/112 106/131/106 105/132/105
f 112/128/112 105/132/105 111/129/111
f 105/124/105 108/123/108 111/127/111
f 65/65/65 113/133/113 114/134/114
f 65/65/65 114/134/114 115/135/115
f 113/133/113 116/136/116 117/137/117
f 113/133/113 117/137/117 114/134/114
f 72/72/72 118/138/118 117/139/117
f 72/72/72 117/139/117 116/140/116
f 118/141/119 119/142/120 120/143/121
f 118/141/119 120/143/121 117/144/117
f 31/31/31 121/145/122 120/143/121
f 31/31/31 120/143/121 119/142/120
f 121/145/122 115/146/123 114/147/114
f 121/145/122 114/147/114 120/143/121
f 114/147/114 117/144/117 120/143/121
f 71/71/71 122/148/124 123/149/125
f 71/71/71 123/149/125 124/150/126
f 122/151/124 125/152/127 126/153/128
f 122/151/124 126/153/128 123/154/125
f 78/78/78 127/155/129 126/156/128
f 78/78/78 126/156/128 125/157/127
f 127/158/130 128/159/131 129/160/132
f 127/158/130 129/160/132 126/153/128
f 32/32/32 130/161/133 129/160/132
f 32/32/32 129/160/132 128/159/131
f 130/161/133 124/162/134 123/154/125
f 130/161/133 123/154/125 129/160/132
f 123/154/125 126/153/128 129/160/132
f 77/77/77 131/163/135 132/164/136
f 77/77/77 132/164/136 133/165/137
f 131/166/135 134/167/138 135/168/139
f 131/166/135 135/168/139 132/169/136
f 82/82/82 136/170/140 135/168/139
f 82/82/82 135/168/139 134/167/138
f 136/171/140 137/172/141 138/173/142
f 136/171/140 138/173/142 135/174/139
f 33/33/33 139/175/143 138/173/142
f 33/33/33 138/173/142 137/172/141
f 139/175/143 133/176/137 132/177/136
f 139/175/143 132/177/136 138/173/142
f 132/177/136 135/174/139 138/173/142
f 81/81/81 140/178/104 141/179/105
f 81/81/81 141/179/105 142/180/144
f 140/181/104 143/182/107 144/183/145
f 140/181/104 144/183/145 141/184/105
f 10/10/10 145/185/146 144/183/145
f 10/10/10 144/183/145 143/182/107
f 145/185/146 146/186/147 147/187/148
f 145/185/146 147/187/148 144/183/145
f 34/34/34 148/188/149 147/189/148
f 34/34/34 147/189/148 146/190/147
f 148/188/149 142/191/144 141/192/105
f 148/188/149 141/192/105 147/189/148
f 141/184/105 144/183/145 147/187/148
f 9/9/9 149/193/150 150/194/151
f 9/9/9 150/194/151 151/195/152
f 149/193/150 152/196/153 153/197/154
f 149/193/150 153/197/154 150/194/151
f 16/16/16 154/198/155 153/197/154
f 16/16/16 153/197/154 152/196/153
f 154/198/155 155/199/156 156/200/157
f 154/198/155 156/200/157 153/197/154
f 35/35/35 157/201/158 156/202/157
f 35/35/35 156/202/157 155/203/156
f 157/204/158 151/195/152 150/194/151
f 157/204/158 150/194/151 156/200/157
f 150/194/151 153/197/154 156/200/157
f 15/15/15 158/205/159 159/206/160
f 15/15/15 159/206/160 160/207/161
f 158/208/159 161/209/162 162/210/163
f 158/208/159 162/210/163 159/211/160
f 2/2/2 163/212/164 162/210/163
f 2/2/2 162/210/163 161/209/162
f 163/212/164 164/213/165 165/214/166
f 163/212/164 165/214/166 162/210/163
f 36/36/36 166/215/167 165/216/166
f 36/36/36 165/216/166 164/217/165
f 166/215/167 160/218/161 159/219/160
f 166/215/167 159/219/160 165/216/166
f 159/211/160 162/210/163 165/214/166
f 167/220/168 168/221/169 169/222/170
f 167/220/168 169/222/170 170/223/171
f 168/221/169 171/224/172 172/225/173
f 168/221/169 172/225/173 169/222/170
f 4/4/4 173/226/174 172/227/173
f 4/4/4 172/227/173 171/228/172
f 173/229/174 174/230/175 175/231/176
f 173/229/174 175/231/176 172/232/173
f 39/39/39 176/233/177 175/231/176
f 39/39/39 175/231/176 174/230/175
f 176/233/177 170/234/171 169/235/170
f 176/233/177 169/235/170 175/231/176
f 169/222/170 172/225/173 175/236/176
f 20/20/20 177/237/178 178/238/179
f 20/20/20 178/238/179 179/239/180
f 177/240/178 180/241/181 181/242/182
f 177/240/178 181/242/182 178/243/179
f 47/47/47 182/244/183 181/242/182
f 47/47/47 181/242/182 180/241/181
f 182/244/183 183/245/184 184/246/185
f 182/244/183 184/246/185 181/242/182
f 57/57/57 185/247/186 184/248/185
f 57/57/57 184/248/185 183/249/184
f 185/247/186 179/250/180 178/251/179
f 185/247/186 178/251/179 184/248/185
f 178/251/179 181/252/182 184/248/185
f 58/58/58 186/253/187 187/254/188
f 58/58/58 187/254/188 188/255/189
f 186/256/187 189/257/190 190/258/191
f 186/256/187 190/258/191 187/259/188
f 46/46/46 191/260/192 190/258/191
f 46/46/46 190/258/191 189/257/190
f 191/261/192 192/262/193 193/263/194
f 191/261/192 193/263/194 190/264/191
f 67/67/67 194/265/195 193/263/194
f 67/67/67 193/263/194 192/262/193
f 194/265/195 188/266/189 187/267/188
f 194/265/195 187/267/188 193/263/194
f 187/267/188 190/264/191 193/263/194
f 68/68/68 195/268/196 196/269/197
f 68/68/68 196/269/197 197/270/198
f 195/271/199 198/272/200 199/273/201
f 195/271/199 199/273/201 196/274/197
f 45/45/45 200/275/202 199/273/201
f 45/45/45 199/273/201 198/272/200
f 200/275/202 201/276/203 202/277/204
f 200/275/202 202/277/204 199/273/201
f 73/73/73 203/278/205 202/279/204
f 73/73/73 202/279/204 201/280/206
f 203/281/205 197/270/198 196/269/197
f 203/281/205 196/269/197 202/282/204
f 196/274/197 199/273/201 202/277/204
f 74/74/74 204/283/207 205/284/208
f 74/74/74 205/284/208 206/285/209
f 204/286/210 207/287/211 208/288/212
f 204/286/210 208/288/212 205/289/208
f 44/44/44 209/290/213 208/288/212
f 44/44/44 208/288/212 207/287/211
f 209/290/213 210/291/214 211/292/215
f 209/290/213 211/292/215 208/288/212
f 79/79/79 212/293/216 211/294/215
f 79/79/79 211/294/215 210/295/217
f 212/296/216 206/297/209 205/289/208
f 212/296/216 205/289/208 211/292/215
f 205/289/208 208/288/212 211/292/215
f 80/80/80 213/298/218 214/299/219
f 80/80/80 214/299/219 215/300/220
f 213/301/218 216/302/221 217/303/222
f 213/301/218 217/303/222 214/304/219
f 43/43/43 218/305/223 217/303/222
f 43/43/43 217/303/222 216/302/221
f 218/305/223 219/306/224 220/307/225
f 218/305/223 220/307/225 217/303/222
f 83/83/83 221/308/226 220/309/225
f 83/83/83 220/309/225 219/310/224
f 221/308/226 215/311/220 214/312/219
f 221/308/226 214/312/219 220/309/225
f 214/304/219 217/303/222 220/307/225
f 84/84/84 222/313/227 223/314/188
f 84/84/84 223/314/188 224/315/189
f 222/316/227 225/317/228 226/318/229
f 222/316/227 226/318/229 223/319/188
f 42/42/42 227/320/230 226/318/229
f 42/42/42 226/318/229 225/317/228
f 227/321/230 228/322/231 229/323/232
f 227/321/230 229/323/232 226/324/229
f 11/11/11 230/325/195 229/323/232
f 11/11/11 229/323/232 228/322/231
f 230/325/195 224/326/189 223/327/188
f 230/325/195 223/327/188 229/323/232
f 223/327/188 226/324/229 229/323/232
f 12/12/12 231/328/233 232/329/234
f 12/12/12 232/329/234 233/330/235
f 231/328/233 234/331/236 235/332/237
f 231/328/233 235/332/237 232/329/234
f 41/41/41 236/333/238 235/334/237
f 41/41/41 235/334/237 234/335/236
f 236/336/238 237/337/239 238/338/240
f 236/336/238 238/338/240 235/332/237
f 17/17/17 239/339/241 238/338/240
f 17/17/17 238/338/240 237/337/239
f 239/339/241 233/330/235 232/329/234
f 239/339/241 232/329/234 238/338/240
f 232/329/234 235/332/237 238/338/240
f 18/18/18 240/340/242 241/341/243
f 18/18/18 241/341/243 242/342/244
f 240/343/242 243/344/245 244/345/246
f 240/343/242 244/345/246 241/346/243
f 40/40/40 245/347/247 244/345/246
f 40/40/40 244/345/246 243/344/245
f 245/348/247 246/349/248 247/350/249
f 245/348/247 247/350/249 244/351/246
f 3/3/3 248/352/250 247/350/249
f 3/3/3 247/350/249 246/349/248
f 248/352/250 242/353/244 241/354/243
f 248/352/250 241/354/243 247/350/249
f 241/354/243 244/351/246 247/350/249
f 85/85/85 63/63/63 249/355/251
f 85/85/85 249/355/251 86/86/86
f 86/89/86 249/356/251 250/357/252
f 86/89/86 250/357/252 89/90/89
f 89/90/89 250/357/253 21/21/21
f 89/90/89 21/21/21 37/37/37
f 63/63/63 60/60/60 251/358/254
f 63/63/63 251/358/254 249/355/251
f 249/356/251 251/359/254 252/360/255
f 249/356/251 252/360/255 250/357/252
f 250/357/253 252/360/256 22/22/22
f 250/357/253 22/22/22 21/21/21
f 60/60/60 59/59/59 253/361/257
f 60/60/60 253/361/257 251/358/254
f 251/359/254 253/362/257 254/363/258
f 251/359/254 254/363/258 252/360/255
f 252/360/256 254/363/259 23/23/23
f 252/360/256 23/23/23 22/22/22
f 59/59/59 69/69/69 255/364/260
f 59/59/59 255/364/260 253/361/257
f 253/362/257 255/365/260 256/366/261
f 253/362/257 256/366/261 254/363/258
f 254/363/259 256/366/262 24/24/24
f 254/363/259 24/24/24 23/23/23
f 69/69/69 75/75/75 257/367/263
f 69/69/69 257/367/263 255/364/260
f 255/365/260 257/368/263 258/369/264
f 255/365/260 258/369/264 256/366/261
f 256/366/262 258/369/265 25/25/25
f 256/366/262 25/25/25 24/24/24
f 75/75/75 6/6/6 259/370/266
f 75/75/75 259/370/266 257/367/263
f 257/368/263 259/371/266 260/372/267
f 257/368/263 260/372/267 258/369/264
f 258/369/265 260/372/268 26/26/26
f 258/369/265 26/26/26 25/25/25
f 6/6/6 5/5/5 261/373/269
f 6/6/6 261/373/269 259/370/266
f 259/371/266 261/374/269 262/375/270
f 259/371/266 262/375/270 260/372/267
f 260/372/268 262/375/271 27/27/27
f 260/372/268 27/27/27 26/26/26
f 5/5/5 13/13/13 263/376/272
f 5/5/5 263/376/272 261/373/269
f 261/374/269 263/377/272 264/378/273
f 261/374/269 264/378/273 262/375/270
f 262/375/271 264/378/274 28/28/28
f 262/375/271 28/28/28 27/27/27
f 13/13/13 19/19/19 97/104/97
f 13/13/13 97/104/97 263/376/272
f 263/377/272 97/115/97 103/114/103
f 263/377/272 103/114/103 264/378/273
f 264/378/274 103/114/103 29/29/29
f 264/378/274 29/29/29 28/28/28
f 56/56/56 55/55/55 106/120/106
f 56/56/56 106/120/106 100/109/100
f 100/110/100 106/131/106 112/128/112
f 100/110/100 112/128/112 101/111/101
f 101/111/101 112/128/112 30/30/30
f 101/111/101 30/30/30 29/29/29
f 66/66/66 65/65/65 115/135/115
f 66/66/66 115/135/115 109/125/109
f 109/125/109 115/135/115 121/379/122
f 109/125/109 121/379/122 110/126/110
f 110/130/110 121/145/122 31/31/31
f 110/130/110 31/31/31 30/30/30
f 72/72/72 71/71/71 124/150/126
f 72/72/72 124/150/126 118/138/118
f 118/141/118 124/162/126 130/161/133
f 118/141/118 130/161/133 119/142/120
f 119/142/120 130/161/133 32/32/32
f 119/142/120 32/32/32 31/31/31
f 78/78/78 77/77/77 133/165/137
f 78/78/78 133/165/137 127/155/129
f 127/158/129 133/176/137 139/175/143
f 127/158/129 139/175/143 128/159/131
f 128/159/131 139/175/143 33/33/33
f 128/159/131 33/33/33 32/32/32
f 82/82/82 81/81/81 142/180/144
f 82/82/82 142/180/144 136/170/140
f 136/171/140 142/191/144 148/188/149
f 136/171/140 148/188/149 137/172/141
f 137/172/141 148/188/149 34/34/34
f 137/172/141 34/34/34 33/33/33
f 10/10/10 9/9/9 151/195/152
f 10/10/10 151/195/152 145/185/146
f 145/185/146 151/195/152 157/204/158
f 145/185/146 157/204/158 146/186/147
f 146/190/147 157/201/158 35/35/35
f 146/190/147 35/35/35 34/34/34
f 16/16/16 15/15/15 160/207/161
f 16/16/16 160/207/161 154/198/155
f 154/380/155 160/218/161 166/215/167
f 154/380/155 166/215/167 155/203/156
f 155/203/156 166/215/167 36/36/36
f 155/203/156 36/36/36 35/35/35
f 37/37/37 36/36/36 164/217/165
f 37/37/37 164/217/165 91/93/91
f 91/381/91 164/213/165 163/212/164
f 91/381/91 163/212/164 92/98/92
f 92/98/92 163/212/164 2/2/2
f 92/98/92 2/2/2 1/1/1
f 39/39/39 38/38/38 265/382/275
f 39/39/39 265/382/275 176/233/177
f 176/233/177 265/382/276 266/383/277
f 176/233/177 266/383/277 170/234/171
f 170/223/171 266/384/277 64/64/64
f 170/223/171 64/64/64 167/220/168
f 38/38/38 54/54/54 267/385/278
f 38/38/38 267/385/278 265/382/275
f 265/382/276 267/385/278 268/386/279
f 265/382/276 268/386/279 266/383/277
f 266/384/277 268/387/279 61/61/61
f 266/384/277 61/61/61 64/64/64
f 54/54/54 53/53/53 269/388/280
f 54/54/54 269/388/280 267/385/278
f 267/385/278 269/388/280 270/389/281
f 267/385/278 270/389/281 268/386/279
f 268/387/279 270/390/282 62/62/62
f 268/387/279 62/62/62 61/61/61
f 53/53/53 52/52/52 271/391/283
f 53/53/53 271/391/283 269/388/280
f 269/388/280 271/391/284 272/392/285
f 269/388/280 272/392/285 270/389/281
f 270/390/282 272/393/285 70/70/70
f 270/390/282 70/70/70 62/62/62
f 52/52/52 51/51/51 273/394/286
f 52/52/52 273/394/286 271/391/283
f 271/391/284 273/394/287 274/395/288
f 271/391/284 274/395/288 272/392/285
f 272/393/285 274/396/288 76/76/76
f 272/393/285 76/76/76 70/70/70
f 51/51/51 50/50/50 275/397/289
f 51/51/51 275/397/289 273/394/286
f 273/394/287 275/397/289 276/398/290
f 273/394/287 276/398/290 274/395/288
f 274/396/288 276/399/290 7/7/7
f 274/396/288 7/7/7 76/76/76
f 50/50/50 49/49/49 277/400/291
f 50/50/50 277/400/291 275/397/289
f 275/397/289 277/400/291 278/401/292
f 275/397/289 278/401/292 276/398/290
f 276/399/290 278/402/292 8/8/8
f 276/399/290 8/8/8 7/7/7
f 49/49/49 48/48/48 279/403/293
f 49/49/49 279/403/293 277/400/291
f 277/400/291 279/403/294 280/404/295
f 277/400/291 280/404/295 278/401/292
f 278/402/292 280/405/295 14/14/14
f 278/402/292 14/14/14 8/8/8
f 48/48/48 47/47/47 180/241/181
f 48/48/48 180/241/181 279/403/293
f 279/403/294 180/241/181 177/240/178
f 279/403/294 177/240/178 280/404/295
f 280/405/295 177/237/178 20/20/20
f 280/405/295 20/20/20 14/14/14
f 47/47/47 46/46/46 189/257/190
f 47/47/47 189/257/190 182/244/183
f 182/244/183 189/257/190 186/256/187
f 182/244/183 186/256/187 183/245/184
f 183/249/184 186/253/187 58/58/58
f 183/249/184 58/58/58 57/57/57
f 46/46/46 45/45/45 198/272/200
f 46/46/46 198/272/200 191/260/192
f 191/261/192 198/406/200 195/268/196
f 191/261/192 195/268/196 192/262/193
f 192/262/193 195/268/196 68/68/68
f 192/262/193 68/68/68 67/67/67
f 45/45/45 44/44/44 207/287/211
f 45/45/45 207/287/211 200/275/202
f 200/275/202 207/287/211 204/286/207
f 200/275/202 204/286/207 201/276/206
f 201/280/206 204/283/207 74/74/74
f 201/280/206 74/74/74 73/73/73
f 44/44/44 43/43/43 216/302/221
f 44/44/44 216/302/221 209/290/213
f 209/290/213 216/302/221 213/301/218
f 209/290/213 213/301/218 210/291/217
f 210/295/217 213/298/218 80/80/80
f 210/295/217 80/80/80 79/79/79
f 43/43/43 42/42/42 225/317/228
f 43/43/43 225/317/228 218/305/223
f 218/305/223 225/317/228 222/316/227
f 218/305/223 222/316/227 219/306/224
f 219/310/224 222/313/227 84/84/84
f 219/310/224 84/84/84 83/83/83
f 42/42/42 41/41/41 234/335/236
f 42/42/42 234/335/236 227/320/230
f 227/321/230 234/331/236 231/328/233
f 227/321/230 231/328/233 228/322/231
f 228/322/231 231/328/233 12/12/12
f 228/322/231 12/12/12 11/11/11
f 41/41/41 40/40/40 243/344/245
f 41/41/41 243/344/245 236/333/238
f 236/333/238 243/344/245 240/343/242
f 236/333/238 240/343/242 237/407/239
f 237/337/239 240/340/242 18/18/18
f 237/337/239 18/18/18 17/17/17
f 4/4/4 3/3/3 246/349/248
f 4/4/4 246/349/248 173/226/174
f 173/226/174 246/349/248 245/348/247
f 173/226/174 245/348/247 174/408/175
f 174/230/175 245/347/247 40/40/40
f 174/230/175 40/40/40 39/39/39
f 77/77/77 80/80/80 215/300/220
f 77/77/77 215/300/220 131/163/135
f 131/166/135 215/311/220 221/308/226
f 131/166/135 221/308/226 134/167/138
f 134/167/138 221/308/226 83/83/83
f 134/167/138 83/83/83 82/82/82
f 11/11/11 10/10/10 143/182/107
f 11/11/11 143/182/107 230/325/195
f 230/325/195 143/182/107 140/181/104
f 230/325/195 140/181/104 224/326/189
f 224/315/189 140/178/104 81/81/81
f 224/315/189 81/81/81 84/84/84
f 17/17/17 16/16/16 152/196/153
f 17/17/17 152/196/153 239/339/241
f 239/339/241 152/196/153 149/193/150
f 239/339/241 149/193/150 233/330/235
f 233/330/235 149/193/150 9/9/9
f 233/330/235 9/9/9 12/12/12
f 1/1/1 4/4/4 171/228/172
f 1/1/1 171/228/172 94/96/94
f 94/99/94 171/224/172 168/221/169
f 94/99/94 168/221/169 88/88/88
f 88/88/88 168/221/169 167/220/168
f 88/88/88 167/220/168 85/85/85
f 3/3/3 2/2/2 161/209/162
f 3/3/3 161/209/162 248/352/250
f 248/352/250 161/209/162 158/208/159
f 248/352/250 158/208/159 242/353/244
f 242/342/244 158/205/159 15/15/15
f 242/342/244 15/15/15 18/18/18
f 57/57/57 56/56/56 98/106/98
f 57/57/57 98/106/98 185/247/186
f 185/247/186 98/106/98 95/105/95
f 185/247/186 95/105/95 179/250/180
f 179/239/180 95/102/95 19/19/19
f 179/239/180 19/19/19 20/20/20
f 67/67/67 66/66/66 107/122/107
f 67/67/67 107/122/107 194/265/195
f 194/265/195 107/122/107 104/121/104
f 194/265/195 104/121/104 188/266/189
f 188/255/189 104/118/104 55/55/55
f 188/255/189 55/55/55 58/58/58
f 73/73/73 72/72/72 116/140/296
f 73/73/73 116/140/296 203/278/296
f 203/281/296 116/136/296 113/133/297
f 203/281/296 113/133/297 197/270/297
f 197/270/297 113/133/297 65/65/65
f 197/270/297 65/65/65 68/68/68
f 79/79/79 78/78/78 125/157/298
f 79/79/79 125/157/298 212/293/298
f 212/409/298 125/410/298 122/148/299
f 212/409/298 122/148/299 206/285/299
f 206/285/299 122/148/299 71/71/71
f 206/285/299 71/71/71 74/74/74
f 63/63/63 85/85/85 167/220/168
f 63/63/63 167/220/168 64/64/64
f 281/411/300 282/412/301 283/413/302
f 281/411/300 283/413/302 284/414/303
f 285/415/304 286/416/305 287/417/306
f 285/415/304 287/417/306 288/418/307
f 289/419/308 290/420/309 291/421/310
f 289/419/308 291/421/310 292/422/311
f 293/423/312 294/424/313 295/425/314
f 293/423/312 295/425/314 296/426/315
f 290/420/309 297/427/316 298/428/317
f 290/420/309 298/428/317 291/421/310
f 294/424/313 299/429/318 300/430/319
f 294/424/313 300/430/319 295/425/314
f 297/427/316 301/431/320 302/432/321
f 297/427/316 302/432/321 298/428/317
f 299/433/322 281/434/323 284/435/324
f 299/433/322 284/435/324 300/436/325
f 301/431/320 303/437/326 304/438/327
f 301/431/320 304/438/327 302/432/321
f 305/439/328 306/440/329 307/441/330
f 305/439/328 307/441/330 308/442/331
f 305/439/328 308/442/331 309/443/332
f 305/439/328 309/443/332 310/444/333
f 305/439/328 310/444/333 311/445/334
f 305/439/328 311/445/334 312/446/335
f 305/439/328 312/446/335 313/447/336
f 305/439/328 313/447/336 314/448/337
f 305/439/328 314/448/337 315/449/338
f 305/439/328 315/449/338 316/450/339
f 305/439/328 316/450/339 317/451/340
f 305/439/328 317/451/340 318/452/341
f 303/437/326 319/453/342 320/454/343
f 303/437/326 320/454/343 304/438/327
f 321/455/344 289/419/308 292/422/311
f 321/455/344 292/422/311 322/456/345
f 323/457/346 324/458/347 325/459/348
f 323/457/346 325/459/348 326/460/349
f 324/461/347 285/415/304 288/418/307
f 324/461/347 288/418/307 325/462/348
f 327/463/350 328/464/351 329/465/352
f 327/463/350 329/465/352 330/466/353
f 327/463/350 330/466/353 331/467/354
f 327/463/350 331/467/354 332/468/355
f 327/463/350 332/468/355 333/469/356
f 327/463/350 333/469/356 334/470/357
f 327/463/350 334/470/357 335/471/358
f 327/463/350 335/471/358 336/472/359
f 327/463/350 336/472/359 337/473/360
f 327/463/350 337/473/360 338/474/361
f 327/463/350 338/474/361 339/475/362
f 327/463/350 339/475/362 340/476/363
f 341/477/364 342/478/365 343/479/366
f 341/477/364 343/479/366 344/480/367
f 342/481/365 345/482/368 346/483/369
f 342/481/365 346/483/369 343/484/366
f 282/412/301 347/485/370 346/483/369
f 282/412/301 346/483/369 345/482/368
f 347/486/370 348/487/371 349/488/372
f 347/486/370 349/488/372 346/489/369
f 328/464/351 350/490/373 349/488/372
f 328/464/351 349/488/372 348/487/371
f 350/490/373 344/491/367 343/492/366
f 350/490/373 343/492/366 349/488/372
f 343/484/366 346/483/369 349/493/372
f 351/494/374 352/495/375 353/496/376
f 351/494/374 353/496/376 354/497/377
f 352/495/375 355/498/378 356/499/379
f 352/495/375 356/499/379 353/496/376
f 327/463/350 357/500/380 356/501/379
f 327/463/350 356/501/379 355/502/378
f 357/500/380 358/503/381 359/504/382
f 357/500/380 359/504/382 356/501/379
f 321/455/344 360/505/383 359/506/382
f 321/455/344 359/506/382 358/507/381
f 360/508/383 354/497/377 353/496/376
f 360/508/383 353/496/376 359/509/382
f 353/496/376 356/499/379 359/509/382
f 319/453/342 361/510/384 362/511/385
f 319/453/342 362/511/385 363/512/386
f 361/513/384 364/514/387 365/515/388
f 361/513/384 365/515/388 362/516/385
f 335/471/358 366/517/389 365/515/390
f 335/471/358 365/515/390 364/514/387
f 366/517/389 367/518/391 368/519/392
f 366/517/389 368/519/392 365/515/393
f 323/457/346 369/520/394 368/521/392
f 323/457/346 368/521/392 367/522/391
f 369/520/395 363/523/395 362/524/396
f 369/520/395 362/524/396 368/521/396
f 362/516/396 365/515/397 368/519/396
f 286/416/305 370/525/398 371/526/399
f 286/416/305 371/526/399 372/527/400
f 370/528/398 373/529/401 374/530/402
f 370/528/398 374/530/402 371/531/399
f 332/468/355 375/532/403 374/530/402
f 332/468/355 374/530/402 373/529/401
f 375/533/403 376/534/404 377/535/405
f 375/533/403 377/535/405 374/536/402
f 293/423/312 378/537/406 377/535/405
f 293/423/312 377/535/405 376/534/404
f 378/537/406 372/527/400 371/526/399
f 378/537/406 371/526/399 377/535/405
f 371/526/399 374/536/402 377/535/405
f 379/538/407 380/539/408 381/540/409
f 379/538/407 381/540/409 382/541/410
f 380/542/408 383/543/411 384/544/412
f 380/542/408 384/544/412 381/545/409
f 318/452/341 385/546/413 384/544/412
f 318/452/341 384/544/412 383/543/411
f 385/546/413 386/547/414 387/548/415
f 385/546/413 387/548/415 384/544/412
f 283/413/302 388/549/416 387/550/415
f 283/413/302 387/550/415 386/551/414
f 388/549/416 382/552/410 381/553/409
f 388/549/416 381/553/409 387/550/415
f 381/553/409 384/554/412 387/550/415
f 389/555/417 390/556/418 391/557/419
f 389/555/417 391/557/419 392/558/420
f 390/556/418 393/559/421 394/560/422
f 390/556/418 394/560/422 391/557/419
f 322/456/345 395/561/423 394/562/422
f 322/456/345 394/562/422 393/563/421
f 395/564/423 396/565/424 397/566/425
f 395/564/423 397/566/425 394/567/422
f 305/439/328 398/568/426 397/566/425
f 305/439/328 397/566/425 396/565/424
f 398/569/426 392/558/420 391/557/419
f 398/569/426 391/557/419 397/570/425
f 391/557/419 394/560/422 397/570/425
f 320/454/343 399/571/427 400/572/428
f 320/454/343 400/572/428 401/573/429
f 399/574/430 402/575/430 403/576/431
f 399/574/430 403/576/431 400/577/431
f 326/460/349 404/578/432 403/576/433
f 326/460/349 403/576/433 402/575/434
f 404/579/432 405/580/435 406/581/436
f 404/579/432 406/581/436 403/582/433
f 311/445/334 407/583/437 406/581/438
f 311/445/334 406/581/438 405/580/435
f 407/583/437 401/584/429 400/585/428
f 407/583/437 400/585/428 406/581/439
f 400/585/431 403/582/431 406/581/440
f 287/417/306 408/586/441 409/587/442
f 287/417/306 409/587/442 410/588/443
f 408/586/441 411/589/444 412/590/445
f 408/586/441 412/590/445 409/587/442
f 296/426/315 413/591/446 412/590/445
f 296/426/315 412/590/445 411/589/444
f 413/591/446 414/592/447 415/593/448
f 413/591/446 415/593/448 412/590/445
f 314/448/337 416/594/449 415/595/448
f 314/448/337 415/595/448 414/596/447
f 416/594/449 410/597/443 409/598/442
f 416/594/449 409/598/442 415/595/448
f 409/587/442 412/590/445 415/593/448
f 328/464/351 327/463/350 355/502/378
f 328/464/351 355/502/378 350/490/373
f 350/599/373 355/498/378 352/495/375
f 350/599/373 352/495/375 344/480/367
f 344/480/367 352/495/375 351/494/374
f 344/480/367 351/494/374 341/477/364
f 327/463/350 340/476/363 417/600/450
f 327/463/350 417/600/450 357/500/380
f 357/601/380 417/602/450 418/603/451
f 357/601/380 418/603/451 358/507/381
f 358/507/381 418/603/451 289/419/308
f 358/507/381 289/419/308 321/455/344
f 340/476/363 339/475/362 419/604/452
f 340/476/363 419/604/452 417/600/450
f 417/602/450 419/605/452 420/606/453
f 417/602/450 420/606/453 418/603/451
f 418/603/451 420/606/453 290/420/309
f 418/603/451 290/420/309 289/419/308
f 339/475/362 338/474/361 421/607/454
f 339/475/362 421/607/454 419/604/452
f 419/605/452 421/608/454 422/609/455
f 419/605/452 422/609/455 420/606/453
f 420/606/453 422/609/456 297/427/316
f 420/606/453 297/427/316 290/420/309
f 338/474/361 337/473/360 423/610/457
f 338/474/361 423/610/457 421/607/454
f 421/608/454 423/611/457 424/612/458
f 421/608/454 424/612/458 422/609/455
f 422/609/456 424/612/458 301/431/320
f 422/609/456 301/431/320 297/427/316
f 337/473/360 336/472/359 425/613/459
f 337/473/360 425/613/459 423/610/457
f 423/611/457 425/614/459 426/615/460
f 423/611/457 426/615/460 424/612/458
f 424/612/458 426/615/460 303/437/326
f 424/612/458 303/437/326 301/431/320
f 336/472/359 335/471/358 364/514/387
f 336/472/359 364/514/387 425/613/459
f 425/614/459 364/616/387 361/510/384
f 425/614/459 361/510/384 426/615/460
f 426/615/460 361/510/384 319/453/342
f 426/615/460 319/453/342 303/437/326
f 335/471/358 334/470/357 427/617/461
f 335/471/358 427/617/461 366/517/389
f 366/517/389 427/617/461 428/618/462
f 366/517/389 428/618/462 367/518/391
f 367/522/391 428/619/462 324/458/347
f 367/522/391 324/458/347 323/457/346
f 334/470/357 333/469/356 429/620/463
f 334/470/357 429/620/463 427/617/461
f 427/617/461 429/620/463 430/621/464
f 427/617/461 430/621/464 428/618/462
f 428/622/462 430/623/464 285/415/304
f 428/622/462 285/415/304 324/461/347
f 333/469/356 332/468/355 373/529/401
f 333/469/356 373/529/401 429/620/463
f 429/620/463 373/529/401 370/528/398
f 429/620/463 370/528/398 430/621/464
f 430/623/464 370/525/398 286/416/305
f 430/623/464 286/416/305 285/415/304
f 332/468/355 331/467/354 431/624/465
f 332/468/355 431/624/465 375/532/403
f 375/532/403 431/624/465 432/625/466
f 375/532/403 432/625/466 376/626/404
f 376/534/404 432/627/466 294/424/313
f 376/534/404 294/424/313 293/423/312
f 331/467/354 330/466/353 433/628/467
f 331/467/354 433/628/467 431/624/465
f 431/624/465 433/628/467 434/629/468
f 431/624/465 434/629/468 432/625/466
f 432/627/466 434/630/468 299/429/318
f 432/627/466 299/429/318 294/424/313
f 330/466/353 329/465/352 435/631/469
f 330/466/353 435/631/469 433/628/467
f 433/628/467 435/631/469 436/632/470
f 433/628/467 436/632/470 434/629/468
f 434/633/471 436/634/471 281/434/323
f 434/633/471 281/434/323 299/433/322
f 282/412/301 281/411/300 436/635/472
f 282/412/301 436/635/472 347/485/370
f 347/486/370 436/632/473 435/631/473
f 347/486/370 435/631/473 348/487/371
f 348/487/371 435/631/469 329/465/352
f 348/487/371 329/465/352 328/464/351
f 379/538/407 389/555/417 392/558/420
f 379/538/407 392/558/420 380/539/408
f 380/539/408 392/558/420 398/569/426
f 380/539/408 398/569/426 383/636/411
f 383/543/411 398/568/426 305/439/328
f 383/543/411 305/439/328 318/452/341
f 322/456/345 292/422/311 437/637/474
f 322/456/345 437/637/474 395/561/423
f 395/561/423 437/637/474 438/638/475
f 395/561/423 438/638/475 396/639/424
f 396/565/424 438/640/475 306/440/329
f 396/565/424 306/440/329 305/439/328
f 292/422/311 291/421/310 439/641/476
f 292/422/311 439/641/476 437/637/474
f 437/637/474 439/641/476 440/642/477
f 437/637/474 440/642/477 438/638/475
f 438/640/475 440/643/477 307/441/330
f 438/640/475 307/441/330 306/440/329
f 291/421/310 298/428/317 441/644/478
f 291/421/310 441/644/478 439/641/476
f 439/641/476 441/644/478 442/645/479
f 439/641/476 442/645/479 440/642/477
f 440/643/477 442/646/479 308/442/331
f 440/643/477 308/442/331 307/441/330
f 298/428/317 302/432/321 443/647/480
f 298/428/317 443/647/480 441/644/478
f 441/644/478 443/647/480 444/648/481
f 441/644/478 444/648/481 442/645/479
f 442/646/479 444/649/481 309/443/332
f 442/646/479 309/443/332 308/442/331
f 302/432/321 304/438/327 445/650/482
f 302/432/321 445/650/482 443/647/480
f 443/647/480 445/650/482 446/651/483
f 443/647/480 446/651/483 444/648/481
f 444/649/481 446/652/483 310/444/333
f 444/649/481 310/444/333 309/443/332
f 304/438/327 320/454/343 401/573/429
f 304/438/327 401/573/429 445/650/482
f 445/650/482 401/573/429 407/653/437
f 445/650/482 407/653/437 446/651/483
f 446/652/483 407/583/437 311/445/334
f 446/652/483 311/445/334 310/444/333
f 326/460/349 325/459/348 447/654/484
f 326/460/349 447/654/484 404/578/432
f 404/579/432 447/655/484 448/656/485
f 404/579/432 448/656/485 405/580/435
f 405/580/435 448/656/485 312/446/335
f 405/580/435 312/446/335 311/445/334
f 325/462/348 288/418/307 449/657/486
f 325/462/348 449/657/486 447/658/484
f 447/655/484 449/659/486 450/660/487
f 447/655/484 450/660/487 448/656/485
f 448/656/485 450/660/487 313/447/336
f 448/656/485 313/447/336 312/446/335
f 288/418/307 287/417/306 410/588/443
f 288/418/307 410/588/443 449/657/486
f 449/659/486 410/597/443 416/594/449
f 449/659/486 416/594/449 450/660/487
f 450/660/487 416/594/449 314/448/337
f 450/660/487 314/448/337 313/447/336
f 296/426/315 295/425/314 451/661/488
f 296/426/315 451/661/488 413/591/446
f 413/662/446 451/663/488 452/664/489
f 413/662/446 452/664/489 414/596/447
f 414/596/447 452/664/489 315/449/338
f 414/596/447 315/449/338 314/448/337
f 295/425/314 300/430/319 453/665/490
f 295/425/314 453/665/490 451/661/488
f 451/663/488 453/666/491 454/667/492
f 451/663/488 454/667/492 452/664/489
f 452/664/489 454/667/492 316/450/339
f 452/664/489 316/450/339 315/449/338
f 300/436/325 284/435/324 455/668/493
f 300/436/325 455/668/493 453/669/493
f 453/666/491 455/670/494 456/671/495
f 453/666/491 456/671/495 454/667/492
f 454/667/492 456/671/495 317/451/340
f 454/667/492 317/451/340 316/450/339
f 318/452/341 317/451/340 456/671/495
f 318/452/341 456/671/495 385/546/413
f 385/546/413 456/671/496 455/670/496
f 385/546/413 455/670/496 386/547/414
f 386/551/414 455/672/497 284/414/303
f 386/551/414 284/414/303 283/413/302
f 389/555/417 351/494/374 354/497/377
f 389/555/417 354/497/377 390/556/418
f 390/556/418 354/497/377 360/508/383
f 390/556/418 360/508/383 393/559/421
f 393/563/421 360/505/383 321/455/344
f 393/563/421 321/455/344 322/456/345
f 293/423/312 296/426/315 411/589/444
f 293/423/312 411/589/444 378/537/406
f 378/537/406 411/589/444 408/586/441
f 378/537/406 408/586/441 372/527/400
f 372/527/400 408/586/441 287/417/306
f 372/527/400 287/417/306 286/416/305
f 341/477/364 379/538/407 382/541/410
f 341/477/364 382/541/410 342/478/365
f 342/481/365 382/552/410 388/549/416
f 342/481/365 388/549/416 345/482/368
f 345/482/368 388/549/416 283/413/302
f 345/482/368 283/413/302 282/412/301
f 323/457/346 326/460/349 402/575/434
f 323/457/346 402/575/434 369/520/394
f 369/520/498 402/575/498 399/574/498
f 369/520/498 399/574/498 363/523/498
f 363/512/386 399/571/427 320/454/343
f 363/512/386 320/454/343 319/453/342
f 341/477/364 351/494/374 389/555/417
f 341/477/364 389/555/417 379/538/407
f 457/673/499 458/673/499 459/673/499
f 457/673/499 459/673/499 460/673/499
f 461/674/500 462/675/501 463/676/502
f 461/674/500 463/676/502 464/677/503
f 465/678/504 466/679/505 467/680/506
f 465/678/504 467/680/506 468/681/507
f 469/682/508 461/674/500 464/677/503
f 469/682/508 464/677/503 470/683/509
f 471/684/510 465/678/504 468/681/507
f 471/684/510 468/681/507 472/685/511
f 473/686/512 469/682/508 470/683/509
f 473/686/512 470/683/509 474/687/513
f 475/688/514 471/689/515 472/690/516
f 475/688/514 472/690/516 476/691/517
f 477/692/518 473/686/512 474/687/513
f 477/692/518 474/687/513 478/693/519
f 479/694/520 475/695/520 476/696/521
f 479/694/520 476/696/521 480/697/521
f 481/698/522 477/692/518 478/693/519
f 481/698/522 478/693/519 482/699/523
f 483/700/524 479/701/525 480/702/526
f 483/700/524 480/702/526 484/703/527
f 485/704/528 481/698/522 482/699/523
f 485/704/528 482/699/523 486/705/529
f 487/706/530 488/707/531 489/708/532
f 487/706/530 489/708/532 490/709/533
f 491/710/534 485/704/528 486/705/529
f 491/710/534 486/705/529 492/711/535
f 493/712/536 494/713/537 495/714/538
f 493/712/536 495/714/538 496/715/539
f 497/716/540 491/717/541 492/718/542
f 497/716/540 492/718/542 498/719/543
f 499/720/544 493/721/545 496/722/546
f 499/720/544 496/722/546 500/723/547
f 501/724/548 497/716/549 498/719/550
f 501/724/548 498/719/550 502/725/551
f 503/726/552 504/727/537 505/728/538
f 503/726/552 505/728/538 506/729/553
f 507/730/554 508/731/555 509/732/556
f 507/730/554 509/732/556 510/733/557
f 511/734/558 512/735/559 513/736/560
f 511/734/558 513/736/560 514/737/561
f 515/738/562 507/730/554 510/733/557
f 515/738/562 510/733/557 516/739/563
f 517/740/564 511/734/558 514/737/561
f 517/740/564 514/737/561 518/741/565
f 519/742/566 520/743/567 521/744/568
f 519/742/566 521/744/568 522/745/569
f 519/742/566 522/745/569 523/746/570
f 519/742/566 523/746/570 524/747/571
f 519/742/566 524/747/571 525/748/572
f 519/742/566 525/748/572 526/749/573
f 519/742/566 526/749/573 527/750/574
f 519/742/566 527/750/574 528/751/575
f 519/742/566 528/751/575 529/752/576
f 519/742/566 529/752/576 530/753/577
f 519/742/566 530/753/577 531/754/578
f 519/742/566 531/754/578 532/755/579
f 519/742/566 532/755/579 533/756/580
f 519/742/566 533/756/580 534/757/581
f 519/742/566 534/757/581 535/758/582
f 519/742/566 535/758/582 536/759/583
f 519/742/566 536/759/583 537/760/584
f 519/742/566 537/760/584 538/761/585
f 519/742/566 538/761/585 539/762/586
f 519/742/566 539/762/586 540/763/587
f 519/742/566 540/763/587 541/764/588
f 519/742/566 541/764/588 542/765/589
f 519/742/566 542/765/589 543/766/590
f 519/742/566 543/766/590 544/767/591
f 519/742/566 544/767/591 545/768/592
f 519/742/566 545/768/592 546/769/593
f 519/742/566 546/769/593 547/770/594
f 519/742/566 547/770/594 548/770/594
f 549/771/595 515/738/562 516/739/563
f 549/771/595 516/739/563 550/772/596
f 551/773/597 517/740/564 518/741/565
f 551/773/597 518/741/565 552/774/598
f 553/775/599 554/776/600 555/777/601
f 553/775/599 555/777/601 556/778/602
f 557/779/603 558/780/604 559/780/604
f 557/779/603 559/780/604 560/781/605
f 557/779/603 560/781/605 561/782/606
f 557/779/603 561/782/606 562/783/607
f 557/779/603 562/783/607 563/784/608
f 557/779/603 563/784/608 564/785/609
f 557/779/603 564/785/609 565/786/610
f 557/779/603 565/786/610 566/787/611
f 557/779/603 566/787/611 567/788/612
f 557/779/603 567/788/612 568/789/613
f 557/779/603 568/789/613 569/790/614
f 557/779/603 569/790/614 570/791/615
f 557/779/603 570/791/615 571/792/616
f 557/779/603 571/792/616 572/793/617
f 557/779/603 572/793/617 573/794/618
f 557/779/603 573/794/618 574/795/619
f 557/779/603 574/795/619 575/796/620
f 557/779/603 575/796/620 576/797/621
f 557/779/603 576/797/621 577/798/622
f 557/779/603 577/798/622 578/799/623
f 557/779/603 578/799/623 579/800/624
f 557/779/603 579/800/624 580/801/625
f 557/779/603 580/801/625 581/802/626
f 557/779/603 581/802/626 582/803/627
f 557/779/603 582/803/627 583/804/628
f 557/779/603 583/804/628 584/805/629
f 557/779/603 584/805/629 585/806/630
f 557/779/603 585/806/630 586/807/631
f 462/675/501 551/773/597 552/774/598
f 462/675/501 552/774/598 463/676/502
f 466/679/505 553/775/599 556/778/602
f 466/679/505 556/778/602 467/680/506
f 554/776/600 587/808/632 588/809/633
f 554/776/600 588/809/633 555/777/601
f 483/700/524 589/810/634 590/811/635
f 483/700/524 590/811/635 591/812/636
f 589/813/634 592/814/637 593/815/638
f 589/813/634 593/815/638 590/816/635
f 488/707/531 594/817/639 593/815/638
f 488/707/531 593/815/638 592/814/637
f 594/817/639 595/818/640 596/819/641
f 594/817/639 596/819/641 593/815/638
f 527/750/574 597/820/642 596/821/641
f 527/750/574 596/821/641 595/822/640
f 597/820/642 591/823/636 590/824/635
f 597/820/642 590/824/635 596/821/641
f 590/816/635 593/815/638 596/819/641
f 487/706/530 598/825/643 599/826/644
f 487/706/530 599/826/644 600/827/645
f 598/828/643 601/829/646 602/830/647
f 598/828/643 602/830/647 599/831/644
f 494/713/537 603/832/648 602/830/647
f 494/713/537 602/830/647 601/829/646
f 603/833/648 604/834/649 605/835/650
f 603/833/648 605/835/650 602/836/647
f 528/751/575 606/837/651 605/835/650
f 528/751/575 605/835/650 604/834/649
f 606/837/651 600/838/645 599/839/644
f 606/837/651 599/839/644 605/835/650
f 599/831/644 602/830/647 605/840/650
f 499/720/544 607/841/643 608/842/644
f 499/720/544 608/842/644 609/843/652
f 607/844/643 610/845/646 611/846/653
f 607/844/643 611/846/653 608/847/644
f 504/727/537 612/848/648 611/846/653
f 504/727/537 611/846/653 610/845/646
f 612/849/648 613/850/649 614/851/650
f 612/849/648 614/851/650 611/852/653
f 530/753/577 615/853/654 614/851/650
f 530/753/577 614/851/650 613/850/649
f 615/853/654 609/854/652 608/855/644
f 615/853/654 608/855/644 614/851/650
f 608/847/644 611/846/653 614/856/650
f 503/726/552 616/857/655 617/858/656
f 503/726/552 617/858/656 618/859/657
f 616/860/655 619/861/658 620/862/659
f 616/860/655 620/862/659 617/863/656
f 512/735/559 621/864/660 620/862/659
f 512/735/559 620/862/659 619/861/658
f 621/865/660 622/866/661 623/867/662
f 621/865/660 623/867/662 620/868/659
f 531/754/578 624/869/663 623/867/662
f 531/754/578 623/867/662 622/866/661
f 624/869/663 618/870/657 617/871/656
f 624/869/663 617/871/656 623/867/662
f 617/871/656 620/868/659 623/867/662
f 501/724/548 625/872/664 626/873/665
f 501/724/548 626/873/665 627/874/666
f 625/872/664 628/875/667 629/876/668
f 625/872/664 629/876/668 626/873/665
f 508/731/555 630/877/669 629/878/668
f 508/731/555 629/878/668 628/879/667
f 630/880/669 631/881/670 632/882/671
f 630/880/669 632/882/671 629/883/668
f 544/767/591 633/884/672 632/882/671
f 544/767/591 632/882/671 631/881/670
f 633/885/672 627/874/666 626/873/665
f 633/885/672 626/873/665 632/886/671
f 626/873/665 629/876/668 632/886/671
f 549/887/673 634/888/673 635/889/673
f 549/887/673 635/889/673 636/888/673
f 634/890/674 637/891/674 638/892/675
f 634/890/674 638/892/675 635/893/674
f 458/894/676 639/894/676 638/895/676
f 458/894/676 638/895/676 637/896/676
f 639/897/677 640/897/677 641/898/677
f 639/897/677 641/898/677 638/899/677
f 547/900/673 642/900/673 641/900/673
f 547/900/673 641/900/673 640/900/673
f 642/901/678 636/902/678 635/903/678
f 642/901/678 635/903/678 641/901/678
f 635/904/674 638/899/675 641/898/675
f 484/703/527 643/905/679 644/906/680
f 484/703/527 644/906/680 645/907/681
f 643/908/679 646/909/682 647/910/683
f 643/908/679 647/910/683 644/911/680
f 579/800/624 648/912/684 647/910/683
f 579/800/624 647/910/683 646/909/682
f 648/913/684 649/914/685 650/915/686
f 648/913/684 650/915/686 647/916/683
f 489/708/532 651/917/687 650/915/686
f 489/708/532 650/915/686 649/914/685
f 651/917/687 645/918/681 644/919/680
f 651/917/687 644/919/680 650/915/686
f 644/919/680 647/916/683 650/915/686
f 490/709/533 652/920/688 653/921/689
f 490/709/533 653/921/689 654/922/690
f 652/923/688 655/924/691 656/925/692
f 652/923/688 656/925/692 653/926/689
f 578/799/623 657/927/693 656/925/692
f 578/799/623 656/925/692 655/924/691
f 657/927/693 658/928/694 659/929/695
f 657/927/693 659/929/695 656/925/692
f 495/714/538 660/930/696 659/931/695
f 495/714/538 659/931/695 658/932/694
f 660/930/696 654/933/690 653/934/689
f 660/930/696 653/934/689 659/931/695
f 653/934/689 656/935/692 659/931/695
f 500/723/547 661/936/697 662/937/689
f 500/723/547 662/937/689 663/938/690
f 661/939/697 664/940/698 665/941/699
f 661/939/697 665/941/699 662/942/689
f 576/797/621 666/943/693 665/941/699
f 576/797/621 665/941/699 664/940/698
f 666/943/693 667/944/694 668/945/700
f 666/943/693 668/945/700 665/941/699
f 505/728/538 669/946/696 668/947/700
f 505/728/538 668/947/700 667/948/694
f 669/946/696 663/949/690 662/950/689
f 669/946/696 662/950/689 668/947/700
f 662/950/689 665/951/699 668/947/700
f 506/729/553 670/952/701 671/953/702
f 506/729/553 671/953/702 672/954/703
f 670/955/701 673/956/704 674/957/705
f 670/955/701 674/957/705 671/958/702
f 575/796/620 675/959/706 674/957/705
f 575/796/620 674/957/705 673/956/704
f 675/959/706 676/960/707 677/961/708
f 675/959/706 677/961/708 674/957/705
f 513/736/560 678/962/709 677/963/708
f 513/736/560 677/963/708 676/964/707
f 678/962/709 672/965/703 671/966/702
f 678/962/709 671/966/702 677/963/708
f 671/958/702 674/957/705 677/961/708
f 502/725/551 679/967/710 680/968/711
f 502/725/551 680/968/711 681/969/712
f 679/967/710 682/970/713 683/971/714
f 679/967/710 683/971/714 680/968/711
f 562/783/607 684/972/715 683/973/714
f 562/783/607 683/973/714 682/974/713
f 684/972/715 685/975/716 686/976/717
f 684/972/715 686/976/717 683/973/714
f 509/732/556 687/977/718 686/978/717
f 509/732/556 686/978/717 685/979/716
f 687/980/718 681/969/712 680/968/711
f 687/980/718 680/968/711 686/981/717
f 680/968/711 683/971/714 686/981/717
f 550/772/719 688/982/719 689/983/719
f 550/772/719 689/983/719 690/982/719
f 688/984/720 691/985/720 692/986/720
f 688/984/720 692/986/720 689/987/720
f 559/988/721 693/988/721 692/986/721
f 559/988/721 692/986/721 691/985/721
f 693/989/722 694/989/722 695/990/722
f 693/989/722 695/990/722 692/991/722
f 459/673/673 696/673/673 695/673/673
f 459/673/673 695/673/673 694/673/673
f 696/992/723 690/982/723 689/983/723
f 696/992/723 689/983/723 695/992/723
f 689/983/724 692/993/724 695/992/724
f 457/994/725 587/808/632 697/995/726
f 457/994/725 697/995/726 698/996/727
f 698/996/727 697/995/726 699/997/728
f 698/996/727 699/997/728 700/998/729
f 700/999/729 699/1000/728 519/742/566
f 700/999/729 519/742/566 548/770/730
f 587/808/632 554/776/600 701/1001/731
f 587/808/632 701/1001/731 697/995/726
f 697/995/726 701/1001/731 702/1002/732
f 697/995/726 702/1002/732 699/997/728
f 699/1000/728 702/1003/733 520/743/567
f 699/1000/728 520/743/567 519/742/566
f 554/776/600 553/775/599 703/1004/734
f 554/776/600 703/1004/734 701/1001/731
f 701/1001/731 703/1004/734 704/1005/735
f 701/1001/731 704/1005/735 702/1002/732
f 702/1003/733 704/1006/736 521/744/568
f 702/1003/733 521/744/568 520/743/567
f 553/775/599 466/679/505 705/1007/737
f 553/775/599 705/1007/737 703/1004/734
f 703/1004/734 705/1007/737 706/1008/738
f 703/1004/734 706/1008/738 704/1005/735
f 704/1006/736 706/1009/739 522/745/569
f 704/1006/736 522/745/569 521/744/568
f 466/679/505 465/678/504 707/1010/740
f 466/679/505 707/1010/740 705/1007/737
f 705/1007/737 707/1010/740 708/1011/741
f 705/1007/737 708/1011/741 706/1008/738
f 706/1009/739 708/1012/742 523/746/570
f 706/1009/739 523/746/570 522/745/569
f 465/678/504 471/684/510 709/1013/743
f 465/678/504 709/1013/743 707/1010/740
f 707/1010/740 709/1013/743 710/1014/744
f 707/1010/740 710/1014/744 708/1011/741
f 708/1012/742 710/1015/745 524/747/571
f 708/1012/742 524/747/571 523/746/570
f 471/689/515 475/688/514 711/1016/746
f 471/689/515 711/1016/746 709/1017/747
f 709/1018/747 711/1019/746 712/1020/748
f 709/1018/747 712/1020/748 710/1015/748
f 710/1015/745 712/1020/749 525/748/572
f 710/1015/745 525/748/572 524/747/571
f 475/695/520 479/694/520 713/1021/750
f 475/695/520 713/1021/750 711/1022/750
f 711/1022/750 713/1021/750 714/1023/751
f 711/1022/750 714/1023/751 712/1024/751
f 712/1020/749 714/1025/752 526/749/573
f 712/1020/749 526/749/573 525/748/572
f 479/701/525 483/700/524 591/812/636
f 479/701/525 591/812/636 713/1026/753
f 713/1026/753 591/812/636 597/1027/642
f 713/1026/753 597/1027/642 714/1028/754
f 714/1025/752 597/820/642 527/750/574
f 714/1025/752 527/750/574 526/749/573
f 488/707/531 487/706/530 600/827/645
f 488/707/531 600/827/645 594/817/639
f 594/817/639 600/827/645 606/1029/651
f 594/817/639 606/1029/651 595/818/640
f 595/822/640 606/837/651 528/751/575
f 595/822/640 528/751/575 527/750/574
f 494/713/537 493/712/536 715/1030/755
f 494/713/537 715/1030/755 603/832/648
f 603/833/648 715/1031/756 716/1032/756
f 603/833/648 716/1032/756 604/834/649
f 604/834/649 716/1032/757 529/752/576
f 604/834/649 529/752/576 528/751/575
f 493/721/545 499/720/544 609/843/652
f 493/721/545 609/843/652 715/1033/758
f 715/1033/759 609/843/652 615/1034/654
f 715/1033/759 615/1034/654 716/1035/759
f 716/1032/757 615/853/654 530/753/577
f 716/1032/757 530/753/577 529/752/576
f 504/727/537 503/726/552 618/859/657
f 504/727/537 618/859/657 612/848/648
f 612/849/648 618/870/657 624/869/663
f 612/849/648 624/869/663 613/850/649
f 613/850/649 624/869/663 531/754/578
f 613/850/649 531/754/578 530/753/577
f 512/735/559 511/734/558 717/1036/760
f 512/735/559 717/1036/760 621/864/660
f 621/865/660 717/1037/761 718/1038/762
f 621/865/660 718/1038/762 622/866/661
f 622/866/661 718/1038/762 532/755/579
f 622/866/661 532/755/579 531/754/578
f 511/734/558 517/740/564 719/1039/763
f 511/734/558 719/1039/763 717/1036/760
f 717/1037/761 719/1040/764 720/1041/765
f 717/1037/761 720/1041/765 718/1038/762
f 718/1038/762 720/1041/765 533/756/580
f 718/1038/762 533/756/580 532/755/579
f 517/740/564 551/773/597 721/1042/766
f 517/740/564 721/1042/766 719/1039/763
f 719/1040/764 721/1043/767 722/1044/768
f 719/1040/764 722/1044/768 720/1041/765
f 720/1041/765 722/1044/768 534/757/581
f 720/1041/765 534/757/581 533/756/580
f 551/773/597 462/675/501 723/1045/769
f 551/773/597 723/1045/769 721/1042/766
f 721/1043/767 723/1046/769 724/1047/770
f 721/1043/767 724/1047/770 722/1044/768
f 722/1044/768 724/1047/770 535/758/582
f 722/1044/768 535/758/582 534/757/581
f 462/675/501 461/674/500 725/1048/771
f 462/675/501 725/1048/771 723/1045/769
f 723/1046/769 725/1049/771 726/1050/772
f 723/1046/769 726/1050/772 724/1047/770
f 724/1047/770 726/1050/772 536/759/583
f 724/1047/770 536/759/583 535/758/582
f 461/674/500 469/682/508 727/1051/773
f 461/674/500 727/1051/773 725/1048/771
f 725/1049/771 727/1052/773 728/1053/774
f 725/1049/771 728/1053/774 726/1050/772
f 726/1050/772 728/1053/774 537/760/584
f 726/1050/772 537/760/584 536/759/583
f 469/682/508 473/686/512 729/1054/775
f 469/682/508 729/1054/775 727/1051/773
f 727/1052/773 729/1055/775 730/1056/776
f 727/1052/773 730/1056/776 728/1053/774
f 728/1053/774 730/1056/776 538/761/585
f 728/1053/774 538/761/585 537/760/584
f 473/686/512 477/692/518 731/1057/777
f 473/686/512 731/1057/777 729/1054/775
f 729/1055/775 731/1058/777 732/1059/778
f 729/1055/775 732/1059/778 730/1056/776
f 730/1056/776 732/1059/778 539/762/586
f 730/1056/776 539/762/586 538/761/585
f 477/692/518 481/698/522 733/1060/779
f 477/692/518 733/1060/779 731/1057/777
f 731/1058/777 733/1061/779 734/1062/780
f 731/1058/777 734/1062/780 732/1059/778
f 732/1059/778 734/1062/780 540/763/587
f 732/1059/778 540/763/587 539/762/586
f 481/698/522 485/704/528 735/1063/781
f 481/698/522 735/1063/781 733/1060/779
f 733/1061/779 735/1064/781 736/1065/782
f 733/1061/779 736/1065/782 734/1062/780
f 734/1062/780 736/1065/783 541/764/588
f 734/1062/780 541/764/588 540/763/587
f 485/704/528 491/710/534 737/1066/784
f 485/704/528 737/1066/784 735/1063/781
f 735/1064/781 737/1067/784 738/1068/785
f 735/1064/781 738/1068/785 736/1065/782
f 736/1065/783 738/1068/786 542/765/589
f 736/1065/783 542/765/589 541/764/588
f 491/717/541 497/716/540 739/1069/787
f 491/717/541 739/1069/787 737/1070/788
f 737/1067/788 739/1071/787 740/1072/789
f 737/1067/788 740/1072/789 738/1068/786
f 738/1068/786 740/1072/789 543/766/590
f 738/1068/786 543/766/590 542/765/589
f 497/716/549 501/724/548 627/874/666
f 497/716/549 627/874/666 739/1069/790
f 739/1069/790 627/874/666 633/885/672
f 739/1069/790 633/885/672 740/1073/789
f 740/1072/789 633/884/672 544/767/591
f 740/1072/789 544/767/591 543/766/590
f 508/731/555 507/730/554 741/1074/791
f 508/731/555 741/1074/791 630/877/669
f 630/880/669 741/1075/791 742/1076/792
f 630/880/669 742/1076/792 631/881/670
f 631/881/670 742/1076/792 545/768/592
f 631/881/670 545/768/592 544/767/591
f 507/730/554 515/738/562 743/1077/793
f 507/730/554 743/1077/793 741/1074/791
f 741/1075/791 743/1078/793 744/1079/794
f 741/1075/791 744/1079/794 742/1076/792
f 742/1076/792 744/1079/794 546/769/593
f 742/1076/792 546/769/593 545/768/592
f 515/738/562 549/771/595 636/1080/795
f 515/738/562 636/1080/795 743/1077/793
f 743/1077/793 636/1080/795 642/1081/796
f 743/1077/793 642/1081/796 744/1082/794
f 744/1079/794 642/1083/796 547/770/797
f 744/1079/794 547/770/797 546/769/593
f 548/900/673 547/900/673 640/900/673
f 548/900/673 640/900/673 700/900/673
f 700/1084/673 640/897/673 639/897/673
f 700/1084/673 639/897/673 698/1085/673
f 698/673/673 639/673/673 458/673/673
f 698/673/673 458/673/673 457/673/673
f 558/780/798 557/779/603 745/1086/799
f 558/780/798 745/1086/799 746/1087/800
f 746/1088/800 745/1089/799 747/1090/801
f 746/1088/800 747/1090/801 748/1091/802
f 748/1091/802 747/1090/801 588/809/633
f 748/1091/802 588/809/633 460/1092/803
f 557/779/603 586/807/631 749/1093/804
f 557/779/603 749/1093/804 745/1086/799
f 745/1089/799 749/1094/805 750/1095/806
f 745/1089/799 750/1095/806 747/1090/801
f 747/1090/801 750/1095/806 555/777/601
f 747/1090/801 555/777/601 588/809/633
f 586/807/631 585/806/630 751/1096/807
f 586/807/631 751/1096/807 749/1093/804
f 749/1094/805 751/1097/808 752/1098/809
f 749/1094/805 752/1098/809 750/1095/806
f 750/1095/806 752/1098/809 556/778/602
f 750/1095/806 556/778/602 555/777/601
f 585/806/630 584/805/629 753/1099/810
f 585/806/630 753/1099/810 751/1096/807
f 751/1097/808 753/1100/811 754/1101/812
f 751/1097/808 754/1101/812 752/1098/809
f 752/1098/809 754/1101/812 467/680/506
f 752/1098/809 467/680/506 556/778/602
f 584/805/629 583/804/628 755/1102/813
f 584/805/629 755/1102/813 753/1099/810
f 753/1100/811 755/1103/814 756/1104/815
f 753/1100/811 756/1104/815 754/1101/812
f 754/1101/812 756/1104/815 468/681/507
f 754/1101/812 468/681/507 467/680/506
f 583/804/628 582/803/627 757/1105/816
f 583/804/628 757/1105/816 755/1102/813
f 755/1103/814 757/1106/817 758/1107/818
f 755/1103/814 758/1107/818 756/1104/815
f 756/1104/815 758/1107/818 472/685/511
f 756/1104/815 472/685/511 468/681/507
f 582/803/627 581/802/626 759/1108/819
f 582/803/627 759/1108/819 757/1105/816
f 757/1105/820 759/1108/820 760/1109/821
f 757/1105/820 760/1109/821 758/1110/822
f 758/1111/822 760/1112/821 476/691/517
f 758/1111/822 476/691/517 472/690/516
f 581/802/626 580/801/625 761/1113/823
f 581/802/626 761/1113/823 759/1108/819
f 759/1114/824 761/1115/824 762/1116/825
f 759/1114/824 762/1116/825 760/1117/825
f 760/1117/825 762/1116/825 480/697/521
f 760/1117/825 480/697/521 476/696/521
f 580/801/625 579/800/624 646/909/682
f 580/801/625 646/909/682 761/1113/823
f 761/1118/823 646/1119/682 643/905/679
f 761/1118/823 643/905/679 762/1120/826
f 762/1120/826 643/905/679 484/703/527
f 762/1120/826 484/703/527 480/702/526
f 579/800/624 578/799/623 655/924/691
f 579/800/624 655/924/691 648/912/684
f 648/913/684 655/1121/691 652/920/688
f 648/913/684 652/920/688 649/914/685
f 649/914/685 652/920/688 490/709/533
f 649/914/685 490/709/533 489/708/532
f 578/799/623 577/798/622 763/1122/827
f 578/799/623 763/1122/827 657/927/693
f 657/927/693 763/1122/828 764/1123/828
f 657/927/693 764/1123/828 658/928/694
f 658/932/694 764/1124/829 496/715/539
f 658/932/694 496/715/539 495/714/538
f 577/798/622 576/797/621 664/940/698
f 577/798/622 664/940/698 763/1122/827
f 763/1125/830 664/1126/698 661/936/697
f 763/1125/830 661/936/697 764/1127/830
f 764/1127/831 661/936/697 500/723/547
f 764/1127/831 500/723/547 496/722/546
f 576/797/621 575/796/620 673/956/704
f 576/797/621 673/956/704 666/943/693
f 666/943/693 673/956/704 670/955/701
f 666/943/693 670/955/701 667/944/694
f 667/948/694 670/952/701 506/729/553
f 667/948/694 506/729/553 505/728/538
f 575/796/620 574/795/619 765/1128/832
f 575/796/620 765/1128/832 675/959/706
f 675/959/706 765/1128/832 766/1129/833
f 675/959/706 766/1129/833 676/960/707
f 676/964/707 766/1130/834 514/737/561
f 676/964/707 514/737/561 513/736/560
f 574/795/619 573/794/618 767/1131/835
f 574/795/619 767/1131/835 765/1128/832
f 765/1128/832 767/1131/835 768/1132/836
f 765/1128/832 768/1132/836 766/1129/833
f 766/1130/834 768/1133/837 518/741/565
f 766/1130/834 518/741/565 514/737/561
f 573/794/618 572/793/617 769/1134/838
f 573/794/618 769/1134/838 767/1131/835
f 767/1131/835 769/1134/838 770/1135/839
f 767/1131/835 770/1135/839 768/1132/836
f 768/1133/837 770/1136/840 552/774/598
f 768/1133/837 552/774/598 518/741/565
f 572/793/617 571/792/616 771/1137/841
f 572/793/617 771/1137/841 769/1134/838
f 769/1134/838 771/1137/841 772/1138/842
f 769/1134/838 772/1138/842 770/1135/839
f 770/1136/840 772/1139/842 463/676/502
f 770/1136/840 463/676/502 552/774/598
f 571/792/616 570/791/615 773/1140/843
f 571/792/616 773/1140/843 771/1137/841
f 771/1137/841 773/1140/844 774/1141/845
f 771/1137/841 774/1141/845 772/1138/842
f 772/1139/842 774/1142/845 464/677/503
f 772/1139/842 464/677/503 463/676/502
f 570/791/615 569/790/614 775/1143/846
f 570/791/615 775/1143/846 773/1140/843
f 773/1140/844 775/1143/847 776/1144/848
f 773/1140/844 776/1144/848 774/1141/845
f 774/1142/845 776/1145/848 470/683/509
f 774/1142/845 470/683/509 464/677/503
f 569/790/614 568/789/613 777/1146/849
f 569/790/614 777/1146/849 775/1143/846
f 775/1143/847 777/1146/849 778/1147/850
f 775/1143/847 778/1147/850 776/1144/848
f 776/1145/848 778/1148/850 474/687/513
f 776/1145/848 474/687/513 470/683/509
f 568/789/613 567/788/612 779/1149/851
f 568/789/613 779/1149/851 777/1146/849
f 777/1146/849 779/1149/851 780/1150/852
f 777/1146/849 780/1150/852 778/1147/850
f 778/1148/850 780/1151/852 478/693/519
f 778/1148/850 478/693/519 474/687/513
f 567/788/612 566/787/611 781/1152/853
f 567/788/612 781/1152/853 779/1149/851
f 779/1149/851 781/1152/853 782/1153/854
f 779/1149/851 782/1153/854 780/1150/852
f 780/1151/852 782/1154/854 482/699/523
f 780/1151/852 482/699/523 478/693/519
f 566/787/611 565/786/610 783/1155/855
f 566/787/611 783/1155/855 781/1152/853
f 781/1152/853 783/1155/856 784/1156/857
f 781/1152/853 784/1156/857 782/1153/854
f 782/1154/854 784/1157/857 486/705/529
f 782/1154/854 486/705/529 482/699/523
f 565/786/610 564/785/609 785/1158/858
f 565/786/610 785/1158/858 783/1155/855
f 783/1155/856 785/1158/859 786/1159/860
f 783/1155/856 786/1159/860 784/1156/857
f 784/1157/857 786/1160/860 492/711/535
f 784/1157/857 492/711/535 486/705/529
f 564/785/609 563/784/608 787/1161/861
f 564/785/609 787/1161/861 785/1158/858
f 785/1158/858 787/1161/861 788/1162/862
f 785/1158/858 788/1162/862 786/1159/863
f 786/1163/863 788/1164/862 498/719/543
f 786/1163/863 498/719/543 492/718/542
f 563/784/608 562/783/607 682/974/713
f 563/784/608 682/974/713 787/1161/861
f 787/1165/861 682/970/713 679/967/710
f 787/1165/861 679/967/710 788/1164/864
f 788/1164/864 679/967/710 502/725/551
f 788/1164/864 502/725/551 498/719/550
f 562/783/607 561/782/606 789/1166/865
f 562/783/607 789/1166/865 684/972/715
f 684/972/715 789/1166/865 790/1167/866
f 684/972/715 790/1167/866 685/975/716
f 685/979/716 790/1168/866 510/733/557
f 685/979/716 510/733/557 509/732/556
f 561/782/606 560/781/605 791/1169/867
f 561/782/606 791/1169/867 789/1166/865
f 789/1166/865 791/1169/867 792/1170/868
f 789/1166/865 792/1170/868 790/1167/866
f 790/1168/866 792/1171/868 516/739/563
f 790/1168/866 516/739/563 510/733/557
f 560/781/605 559/780/869 691/1172/870
f 560/781/605 691/1172/870 791/1169/867
f 791/1173/867 691/992/870 688/982/871
f 791/1173/867 688/982/871 792/1171/868
f 792/1171/868 688/982/871 550/772/596
f 792/1171/868 550/772/596 516/739/563
f 460/673/673 459/673/673 694/673/673
f 460/673/673 694/673/673 748/673/673
f 748/1174/499 694/989/499 693/989/499
f 748/1174/499 693/989/499 746/1175/499
f 746/1176/673 693/1176/673 559/1176/673
f 746/1176/673 559/1176/673 558/1176/673
f 489/708/532 488/707/531 592/814/637
f 489/708/532 592/814/637 651/917/687
f 651/917/687 592/814/637 589/813/634
f 651/917/687 589/813/634 645/918/681
f 645/907/681 589/810/634 483/700/524
f 645/907/681 483/700/524 484/703/527
f 495/714/538 494/713/537 601/829/646
f 495/714/538 601/829/646 660/930/696
f 660/930/696 601/829/646 598/828/643
f 660/930/696 598/828/643 654/933/690
f 654/922/690 598/825/643 487/706/530
f 654/922/690 487/706/530 490/709/533
f 505/728/538 504/727/537 610/845/646
f 505/728/538 610/845/646 669/946/696
f 669/946/696 610/845/646 607/844/643
f 669/946/696 607/844/643 663/949/690
f 663/938/690 607/841/643 499/720/544
f 663/938/690 499/720/544 500/723/547
f 509/732/556 508/731/555 628/879/667
f 509/732/556 628/879/667 687/977/718
f 687/980/718 628/875/667 625/872/664
f 687/980/718 625/872/664 681/969/712
f 681/969/712 625/872/664 501/724/548
f 681/969/712 501/724/548 502/725/551
f 513/736/560 512/735/559 619/861/658
f 513/736/560 619/861/658 678/962/709
f 678/962/709 619/861/658 616/860/655
f 678/962/709 616/860/655 672/965/703
f 672/954/703 616/857/655 503/726/552
f 672/954/703 503/726/552 506/729/553
f 459/1177/872 458/1178/872 637/1179/872
f 459/1177/872 637/1179/872 696/992/872
f 696/992/872 637/1179/872 634/1080/873
f 696/992/872 634/1080/873 690/982/873
f 690/982/873 634/1080/873 549/771/595
f 690/982/873 549/771/595 550/772/596
f 587/808/632 457/994/725 460/1092/803
f 587/808/632 460/1092/803 588/809/633
